  0
SECTION
  2
HEADER
  0
ENDSEC
  0
SECTION
  2
TABLES
  0
TABLE
  2
LTYPE
 70
     3
  0
LTYPE
  2
CONTINUOUS
 70
     0
  3
SOLID LINE
 72
    64
 73
     0
 40
0.0
  0
LTYPE
  2
BORDER
 70
     0
  3
__ __ . __ __ . __ __ .
 72
    64
 73
     6
 40
1.75
 49
0.5
 49
-0.25
 49
0.5
 49
-0.25
 49
0.0
 49
-0.25
  0
LTYPE
  2
DOT
 70
     0
  3
. . . . . . . . . . . . .
 72
    64
 73
     2
 40
0.25
 49
0.0
 49
-0.25
  0
ENDTAB
  0
TABLE
  2
LAYER
 70
     6
  0
LAYER
  2
SCD_DRAW
 70
     0
 62
    11
  6
CONTINUOUS
  0
LAYER
  2
SCD_IOPT
 70
     0
 62
     4
  6
DOT
  0
LAYER
  2
SCD_CONN
 70
     0
 62
    15
  6
CONTINUOUS
  0
LAYER
  2
SCD_CONS
 70
     0
 62
    15
  6
CONTINUOUS
  0
LAYER
  2
0
 70
     0
 62
    15
  6
CONTINUOUS
  0
LAYER
  2
SCD_ANN
 70
     0
 62
    14
  6
CONTINUOUS
  0
ENDTAB
  0
TABLE
  2
STYLE
 70
     2
  0
STYLE
  2
STANDARD
 70
     0
 40
0.0
 41
1.0
 50
0.0
 71
     0
 42
1.0
  3
STANDARD
  4

  0
STYLE
  2
ROMANS
 70
     0
 40
0.0
 41
1.0
 50
0.0
 71
     0
 42
1.0
  3
ROMANS
  4

  0
ENDTAB
  0
ENDSEC
  0
SECTION
  2
BLOCKS
  0
BLOCK
  8
SCD_DRAW
  2
FD_FeederSink
 70
     0
 10
0.0
 20
0.0
 30
0.0
  0
POLYLINE
  8
SCD_DRAW
  6
CONTINUOUS
210
0.0
220
0.0
230
-1.0
 66
     1
 10
0.0
 20
0.0
 30
0.0
 70
     1
  0
VERTEX
  8
0
 10
15.0
 20
3.0
 30
0.0
  0
VERTEX
  8
0
 10
-12.0
 20
3.0
 30
0.0
  0
VERTEX
  8
0
 10
-15.0
 20
0.0
 30
0.0
  0
VERTEX
  8
0
 10
-12.0
 20
-3.0
 30
0.0
  0
VERTEX
  8
0
 10
15.0
 20
-3.0
 30
-0.0
  0
SEQEND
  0
ATTDEF
  8
SCD_DRAW
 10
0.0
 20
-6.5
 30
0.0
 40
3.0
  1
tag
  3

  2
Tag
 70
     0
 73
    50
  7
STANDARD
 71
     0
 72
     0
 11
0.0
 21
0.0
 31
0.0
  0
ENDBLK
  0
BLOCK
  8
SCD_DRAW
  2
CN_ChemAppModelCfg
 70
     0
 10
0.0
 20
0.0
 30
0.0
  0
POLYLINE
  8
SCD_DRAW
  6
CONTINUOUS
210
0.0
220
0.0
230
-1.0
 66
     1
 10
0.0
 20
0.0
 30
0.0
 70
     1
  0
VERTEX
  8
0
 10
3.2
 20
-3.2
 30
-0.0
  0
VERTEX
  8
0
 10
3.2
 20
3.2
 30
0.0
  0
VERTEX
  8
0
 10
-3.2
 20
3.2
 30
0.0
  0
VERTEX
  8
0
 10
-3.2
 20
-3.2
 30
0.0
  0
SEQEND
  0
POLYLINE
  8
SCD_DRAW
  6
CONTINUOUS
210
0.0
220
0.0
230
1.0
 66
     1
 10
0.0
 20
0.0
 30
0.0
 70
     1
  0
VERTEX
  8
0
 10
0.0
 20
3.2
 30
0.0
  0
VERTEX
  8
0
 10
-1.8
 20
-1.2
 30
0.0
  0
VERTEX
  8
0
 10
1.8
 20
-1.2
 30
0.0
  0
SEQEND
  0
ATTDEF
  8
SCD_DRAW
 10
0.0
 20
-6.7
 30
0.0
 40
3.0
  1
tag
  3

  2
Tag
 70
     0
 73
    50
  7
STANDARD
 71
     0
 72
     0
 11
0.0
 21
0.0
 31
0.0
  0
ENDBLK
  0
BLOCK
  8
SCD_DRAW
  2
TK_ChemAppReactor
 70
     0
 10
0.0
 20
0.0
 30
0.0
  0
POLYLINE
  8
SCD_DRAW
  6
CONTINUOUS
 66
     1
 10
0.0
 20
0.0
 30
0.0
 70
     8
  0
VERTEX
  8
0
 10
-5.05
 20
3.5
 30
0.0
 70
    32
  0
VERTEX
  8
0
 10
5.05
 20
3.5
 30
0.0
 70
    32
  0
SEQEND
  0
ARC
  8
SCD_DRAW
  6
CONTINUOUS
210
0.0
220
0.0
230
-1.0
 10
-1.666667
 20
0.0
 30
0.0
 40
4.833333
 50
133.602819
 51
226.397181
  0
POLYLINE
  8
SCD_DRAW
  6
CONTINUOUS
 66
     1
 10
0.0
 20
0.0
 30
0.0
 70
     8
  0
VERTEX
  8
0
 10
5.05
 20
-3.5
 30
0.0
 70
    32
  0
VERTEX
  8
0
 10
-5.05
 20
-3.5
 30
0.0
 70
    32
  0
SEQEND
  0
ARC
  8
SCD_DRAW
  6
CONTINUOUS
210
0.0
220
0.0
230
-1.0
 10
1.666667
 20
0.0
 30
0.0
 40
4.833333
 50
313.602819
 51
406.397181
  0
ATTDEF
  8
SCD_DRAW
 10
0.0
 20
-7.0
 30
0.0
 40
3.0
  1
tag
  3

  2
Tag
 70
     0
 73
    50
  7
STANDARD
 71
     0
 72
     0
 11
0.0
 21
0.0
 31
0.0
  0
ENDBLK
  0
BLOCK
  8
SCD_DRAW
  2
EX_A3Frame_SysCAD2
 70
     0
 10
0.0
 20
0.0
 30
0.0
  0
LINE
  8
0
  6
CONTINUOUS
 10
-0.226262
 20
296.396298
 30
0.0
 11
-0.226262
 21
291.396298
 31
0.0
  0
LINE
  8
0
  6
CONTINUOUS
 10
-0.226262
 20
4.396298
 30
0.0
 11
-0.226262
 21
-0.603703
 31
0.0
  0
LINE
  8
0
  6
CONTINUOUS
 10
420.273738
 20
296.396298
 30
0.0
 11
415.273738
 21
296.396298
 31
0.0
  0
LINE
  8
0
  6
CONTINUOUS
 10
4.773739
 20
296.396298
 30
0.0
 11
-0.226262
 21
296.396298
 31
0.0
  0
LINE
  8
0
  6
CONTINUOUS
 10
420.273738
 20
-0.603703
 30
0.0
 11
420.273738
 21
4.396298
 31
0.0
  0
LINE
  8
0
  6
CONTINUOUS
 10
420.273738
 20
291.396298
 30
0.0
 11
420.273738
 21
296.396298
 31
0.0
  0
LINE
  8
0
  6
CONTINUOUS
 10
-0.226262
 20
-0.603703
 30
0.0
 11
4.773739
 21
-0.603703
 31
0.0
  0
LINE
  8
0
  6
CONTINUOUS
 10
415.273738
 20
-0.603703
 30
0.0
 11
420.273738
 21
-0.603703
 31
0.0
  0
LINE
  8
0
  6
CONTINUOUS
 10
-0.226262
 20
-0.603703
 30
0.0
 11
-0.226262
 21
296.396298
 31
0.0
  0
LINE
  8
0
  6
CONTINUOUS
 10
-0.226262
 20
296.396298
 30
0.0
 11
420.273738
 21
296.396298
 31
0.0
  0
LINE
  8
0
  6
CONTINUOUS
 10
420.273738
 20
-0.603703
 30
0.0
 11
420.273738
 21
292.584060
 31
0.0
  0
LINE
  8
0
  6
CONTINUOUS
 10
420.273738
 20
291.396298
 30
0.0
 11
420.273738
 21
296.396298
 31
0.0
  0
LINE
  8
0
  6
CONTINUOUS
 10
-0.226262
 20
-0.603703
 30
0.0
 11
420.273738
 21
-0.603703
 31
0.0
  0
LINE
  8
0
  6
CONTINUOUS
 10
-0.226262
 20
15.804123
 30
0.0
 11
420.273738
 21
15.804123
 31
0.0
  0
LINE
  8
0
  6
CONTINUOUS
 10
180.031799
 20
-0.609834
 30
0.0
 11
179.992447
 21
15.804123
 31
0.0
  0
LINE
  8
0
  6
CONTINUOUS
 10
239.562748
 20
15.804123
 30
0.0
 11
239.562748
 21
-0.603703
 31
0.0
  0
LINE
  8
0
  6
CONTINUOUS
 10
231.676642
 20
4.951502
 30
0.0
 11
232.275756
 21
5.547842
 31
0.0
  0
LINE
  8
0
  6
CONTINUOUS
 10
231.676642
 20
4.951502
 30
0.0
 11
232.275756
 21
5.547842
 31
0.0
  0
LINE
  8
0
  6
CONTINUOUS
 10
231.640793
 20
6.819856
 30
0.0
 11
232.832892
 21
8.006435
 31
0.0
  0
LINE
  8
0
  6
CONTINUOUS
 10
231.678078
 20
6.983993
 30
0.0
 11
232.819716
 21
8.120346
 31
0.0
  0
LINE
  8
0
  6
CONTINUOUS
 10
231.678078
 20
6.983993
 30
0.0
 11
232.819716
 21
8.120346
 31
0.0
  0
LINE
  8
0
  6
CONTINUOUS
 10
231.724964
 20
7.792531
 30
0.0
 11
232.684174
 21
8.747299
 31
0.0
  0
LINE
  8
0
  6
CONTINUOUS
 10
231.715139
 20
7.909737
 30
0.0
 11
232.652789
 21
8.843046
 31
0.0
  0
LINE
  8
0
  6
CONTINUOUS
 10
231.730727
 20
7.671283
 30
0.0
 11
232.713139
 21
8.649145
 31
0.0
  0
LINE
  8
0
  6
CONTINUOUS
 10
231.724964
 20
7.792531
 30
0.0
 11
232.684174
 21
8.747299
 31
0.0
  0
LINE
  8
0
  6
CONTINUOUS
 10
231.719687
 20
7.279379
 30
0.0
 11
232.784989
 21
8.339749
 31
0.0
  0
LINE
  8
0
  6
CONTINUOUS
 10
231.703372
 20
7.136154
 30
0.0
 11
232.803720
 21
8.231408
 31
0.0
  0
LINE
  8
0
  6
CONTINUOUS
 10
231.719687
 20
7.279379
 30
0.0
 11
232.784989
 21
8.339749
 31
0.0
  0
LINE
  8
0
  6
CONTINUOUS
 10
231.703372
 20
7.136154
 30
0.0
 11
232.803720
 21
8.231408
 31
0.0
  0
LINE
  8
0
  6
CONTINUOUS
 10
231.730727
 20
7.671283
 30
0.0
 11
232.713139
 21
8.649145
 31
0.0
  0
LINE
  8
0
  6
CONTINUOUS
 10
231.728889
 20
7.415483
 30
0.0
 11
232.763609
 21
8.445411
 31
0.0
  0
LINE
  8
0
  6
CONTINUOUS
 10
231.732238
 20
7.545801
 30
0.0
 11
232.739635
 21
8.548534
 31
0.0
  0
LINE
  8
0
  6
CONTINUOUS
 10
231.730727
 20
7.671283
 30
0.0
 11
232.713139
 21
8.649145
 31
0.0
  0
LINE
  8
0
  6
CONTINUOUS
 10
231.728889
 20
7.415483
 30
0.0
 11
232.763609
 21
8.445411
 31
0.0
  0
LINE
  8
0
  6
CONTINUOUS
 10
231.732238
 20
7.545801
 30
0.0
 11
232.739635
 21
8.548534
 31
0.0
  0
LINE
  8
0
  6
CONTINUOUS
 10
231.683922
 20
8.132633
 30
0.0
 11
232.582927
 21
9.027476
 31
0.0
  0
LINE
  8
0
  6
CONTINUOUS
 10
231.715139
 20
7.909737
 30
0.0
 11
232.652789
 21
8.843046
 31
0.0
  0
LINE
  8
0
  6
CONTINUOUS
 10
231.701413
 20
8.023058
 30
0.0
 11
232.619028
 21
8.936425
 31
0.0
  0
LINE
  8
0
  6
CONTINUOUS
 10
231.683922
 20
8.132633
 30
0.0
 11
232.582927
 21
9.027476
 31
0.0
  0
LINE
  8
0
  6
CONTINUOUS
 10
231.715139
 20
7.909737
 30
0.0
 11
232.652789
 21
8.843046
 31
0.0
  0
LINE
  8
0
  6
CONTINUOUS
 10
231.701413
 20
8.023058
 30
0.0
 11
232.619028
 21
8.936425
 31
0.0
  0
LINE
  8
0
  6
CONTINUOUS
 10
231.609935
 20
8.439837
 30
0.0
 11
232.460915
 21
9.286877
 31
0.0
  0
LINE
  8
0
  6
CONTINUOUS
 10
231.662799
 20
8.238485
 30
0.0
 11
232.544551
 21
9.116156
 31
0.0
  0
LINE
  8
0
  6
CONTINUOUS
 10
231.638105
 20
8.340891
 30
0.0
 11
232.503863
 21
9.202641
 31
0.0
  0
LINE
  8
0
  6
CONTINUOUS
 10
231.609935
 20
8.439837
 30
0.0
 11
232.460915
 21
9.286877
 31
0.0
  0
LINE
  8
0
  6
CONTINUOUS
 10
231.662799
 20
8.238485
 30
0.0
 11
232.544551
 21
9.116156
 31
0.0
  0
LINE
  8
0
  6
CONTINUOUS
 10
231.638105
 20
8.340891
 30
0.0
 11
232.503863
 21
9.202641
 31
0.0
  0
LINE
  8
0
  6
CONTINUOUS
 10
231.578221
 20
8.535760
 30
0.0
 11
232.415541
 21
9.369203
 31
0.0
  0
LINE
  8
0
  6
CONTINUOUS
 10
231.578221
 20
8.535760
 30
0.0
 11
232.415541
 21
9.369203
 31
0.0
  0
LINE
  8
0
  6
CONTINUOUS
 10
231.504979
 20
8.716827
 30
0.0
 11
232.318464
 21
9.526545
 31
0.0
  0
LINE
  8
0
  6
CONTINUOUS
 10
231.543264
 20
8.627949
 30
0.0
 11
232.368113
 21
9.448979
 31
0.0
  0
LINE
  8
0
  6
CONTINUOUS
 10
231.504979
 20
8.716827
 30
0.0
 11
232.318464
 21
9.526545
 31
0.0
  0
LINE
  8
0
  6
CONTINUOUS
 10
231.543264
 20
8.627949
 30
0.0
 11
232.368113
 21
9.448979
 31
0.0
  0
LINE
  8
0
  6
CONTINUOUS
 10
231.463436
 20
8.802329
 30
0.0
 11
232.266654
 21
9.601828
 31
0.0
  0
LINE
  8
0
  6
CONTINUOUS
 10
231.463436
 20
8.802329
 30
0.0
 11
232.266654
 21
9.601828
 31
0.0
  0
LINE
  8
0
  6
CONTINUOUS
 10
231.501620
 20
6.427358
 30
0.0
 11
232.850353
 21
7.769846
 31
0.0
  0
LINE
  8
0
  6
CONTINUOUS
 10
231.586078
 20
6.638409
 30
0.0
 11
232.843140
 21
7.889651
 31
0.0
  0
LINE
  8
0
  6
CONTINUOUS
 10
231.640793
 20
6.819856
 30
0.0
 11
232.832892
 21
8.006435
 31
0.0
  0
LINE
  8
0
  6
CONTINUOUS
 10
231.501620
 20
6.427358
 30
0.0
 11
232.850353
 21
7.769846
 31
0.0
  0
LINE
  8
0
  6
CONTINUOUS
 10
231.586078
 20
6.638409
 30
0.0
 11
232.843140
 21
7.889651
 31
0.0
  0
LINE
  8
0
  6
CONTINUOUS
 10
192.428563
 20
0.979623
 30
0.0
 11
192.428563
 21
0.979623
 31
0.0
  0
LINE
  8
0
  6
CONTINUOUS
 10
193.698803
 20
1.024514
 30
0.0
 11
193.698803
 21
1.024514
 31
0.0
  0
LINE
  8
0
  6
CONTINUOUS
 10
187.755957
 20
3.840905
 30
0.0
 11
187.755957
 21
3.840905
 31
0.0
  0
LINE
  8
0
  6
CONTINUOUS
 10
189.004913
 20
3.898316
 30
0.0
 11
189.004913
 21
3.898316
 31
0.0
  0
LINE
  8
0
  6
CONTINUOUS
 10
187.642761
 20
11.144140
 30
0.0
 11
189.640635
 21
13.132764
 31
0.0
  0
LINE
  8
0
  6
CONTINUOUS
 10
187.940834
 20
11.567818
 30
0.0
 11
189.210415
 21
12.831522
 31
0.0
  0
LINE
  8
0
  6
CONTINUOUS
 10
187.642761
 20
11.144140
 30
0.0
 11
189.640635
 21
13.132764
 31
0.0
  0
LINE
  8
0
  6
CONTINUOUS
 10
187.940834
 20
11.567818
 30
0.0
 11
189.210415
 21
12.831522
 31
0.0
  0
LINE
  8
0
  6
CONTINUOUS
 10
187.090882
 20
10.087064
 30
0.0
 11
190.719004
 21
13.698389
 31
0.0
  0
LINE
  8
0
  6
CONTINUOUS
 10
187.090882
 20
10.087064
 30
0.0
 11
190.719004
 21
13.698389
 31
0.0
  0
LINE
  8
0
  6
CONTINUOUS
 10
186.833767
 20
9.324035
 30
0.0
 11
191.490914
 21
13.959620
 31
0.0
  0
LINE
  8
0
  6
CONTINUOUS
 10
186.833767
 20
9.324035
 30
0.0
 11
191.490914
 21
13.959620
 31
0.0
  0
LINE
  8
0
  6
CONTINUOUS
 10
186.688586
 20
8.670869
 30
0.0
 11
192.142354
 21
14.099387
 31
0.0
  0
LINE
  8
0
  6
CONTINUOUS
 10
186.688586
 20
8.670869
 30
0.0
 11
192.142354
 21
14.099387
 31
0.0
  0
LINE
  8
0
  6
CONTINUOUS
 10
186.626407
 20
8.100732
 30
0.0
 11
192.720559
 21
14.166672
 31
0.0
  0
LINE
  8
0
  6
CONTINUOUS
 10
186.626407
 20
8.100732
 30
0.0
 11
192.720559
 21
14.166672
 31
0.0
  0
LINE
  8
0
  6
CONTINUOUS
 10
186.615040
 20
7.583081
 30
0.0
 11
193.246161
 21
14.183502
 31
0.0
  0
LINE
  8
0
  6
CONTINUOUS
 10
186.615040
 20
7.583081
 30
0.0
 11
193.246161
 21
14.183502
 31
0.0
  0
LINE
  8
0
  6
CONTINUOUS
 10
186.627163
 20
7.086507
 30
0.0
 11
193.735393
 21
14.161828
 31
0.0
  0
LINE
  8
0
  6
CONTINUOUS
 10
186.627163
 20
7.086507
 30
0.0
 11
193.735393
 21
14.161828
 31
0.0
  0
LINE
  8
0
  6
CONTINUOUS
 10
186.669148
 20
6.620485
 30
0.0
 11
194.192381
 21
14.108888
 31
0.0
  0
LINE
  8
0
  6
CONTINUOUS
 10
186.669148
 20
6.620485
 30
0.0
 11
194.192381
 21
14.108888
 31
0.0
  0
LINE
  8
0
  6
CONTINUOUS
 10
186.743299
 20
6.188318
 30
0.0
 11
194.621270
 21
14.029818
 31
0.0
  0
LINE
  8
0
  6
CONTINUOUS
 10
186.743299
 20
6.188318
 30
0.0
 11
194.621270
 21
14.029818
 31
0.0
  0
LINE
  8
0
  6
CONTINUOUS
 10
186.845620
 20
5.782358
 30
0.0
 11
195.028534
 21
13.927388
 31
0.0
  0
LINE
  8
0
  6
CONTINUOUS
 10
186.845620
 20
5.782358
 30
0.0
 11
195.028534
 21
13.927388
 31
0.0
  0
LINE
  8
0
  6
CONTINUOUS
 10
186.968607
 20
5.396331
 30
0.0
 11
195.415480
 21
13.804098
 31
0.0
  0
LINE
  8
0
  6
CONTINUOUS
 10
186.968607
 20
5.396331
 30
0.0
 11
195.415480
 21
13.804098
 31
0.0
  0
LINE
  8
0
  6
CONTINUOUS
 10
187.269975
 20
4.680573
 30
0.0
 11
196.132850
 21
13.502416
 31
0.0
  0
LINE
  8
0
  6
CONTINUOUS
 10
187.269975
 20
4.680573
 30
0.0
 11
196.132850
 21
13.502416
 31
0.0
  0
LINE
  8
0
  6
CONTINUOUS
 10
187.439888
 20
4.341719
 30
0.0
 11
192.053151
 21
8.933624
 31
0.0
  0
LINE
  8
0
  6
CONTINUOUS
 10
187.439888
 20
4.341719
 30
0.0
 11
192.053151
 21
8.933624
 31
0.0
  0
LINE
  8
0
  6
CONTINUOUS
 10
187.625599
 20
4.018676
 30
0.0
 11
191.713382
 21
8.087534
 31
0.0
  0
LINE
  8
0
  6
CONTINUOUS
 10
187.625599
 20
4.018676
 30
0.0
 11
191.713382
 21
8.087534
 31
0.0
  0
LINE
  8
0
  6
CONTINUOUS
 10
187.882733
 20
3.766895
 30
0.0
 11
191.533121
 21
7.400384
 31
0.0
  0
LINE
  8
0
  6
CONTINUOUS
 10
187.882733
 20
3.766895
 30
0.0
 11
191.533121
 21
7.400384
 31
0.0
  0
LINE
  8
0
  6
CONTINUOUS
 10
188.044338
 20
3.419850
 30
0.0
 11
188.206081
 21
3.580846
 31
0.0
  0
LINE
  8
0
  6
CONTINUOUS
 10
188.100683
 20
3.348950
 30
0.0
 11
188.341330
 21
3.588483
 31
0.0
  0
LINE
  8
0
  6
CONTINUOUS
 10
187.990861
 20
3.493607
 30
0.0
 11
188.067425
 21
3.569816
 31
0.0
  0
LINE
  8
0
  6
CONTINUOUS
 10
188.044338
 20
3.419850
 30
0.0
 11
188.206081
 21
3.580846
 31
0.0
  0
LINE
  8
0
  6
CONTINUOUS
 10
188.100683
 20
3.348950
 30
0.0
 11
188.341330
 21
3.588483
 31
0.0
  0
LINE
  8
0
  6
CONTINUOUS
 10
187.990861
 20
3.493607
 30
0.0
 11
188.067425
 21
3.569816
 31
0.0
  0
LINE
  8
0
  6
CONTINUOUS
 10
188.217120
 20
3.211316
 30
0.0
 11
188.606998
 21
3.599389
 31
0.0
  0
LINE
  8
0
  6
CONTINUOUS
 10
188.276764
 20
3.143699
 30
0.0
 11
188.742163
 21
3.606944
 31
0.0
  0
LINE
  8
0
  6
CONTINUOUS
 10
188.158294
 20
3.279747
 30
0.0
 11
188.474035
 21
3.594028
 31
0.0
  0
LINE
  8
0
  6
CONTINUOUS
 10
188.217120
 20
3.211316
 30
0.0
 11
188.606998
 21
3.599389
 31
0.0
  0
LINE
  8
0
  6
CONTINUOUS
 10
188.276764
 20
3.143699
 30
0.0
 11
188.742163
 21
3.606944
 31
0.0
  0
LINE
  8
0
  6
CONTINUOUS
 10
188.158294
 20
3.279747
 30
0.0
 11
188.474035
 21
3.594028
 31
0.0
  0
LINE
  8
0
  6
CONTINUOUS
 10
188.398428
 20
3.010310
 30
0.0
 11
189.018792
 21
3.627801
 31
0.0
  0
LINE
  8
0
  6
CONTINUOUS
 10
188.460155
 20
2.944765
 30
0.0
 11
189.159373
 21
3.640747
 31
0.0
  0
LINE
  8
0
  6
CONTINUOUS
 10
188.337379
 20
3.076529
 30
0.0
 11
188.879865
 21
3.616503
 31
0.0
  0
LINE
  8
0
  6
CONTINUOUS
 10
188.398428
 20
3.010310
 30
0.0
 11
189.018792
 21
3.627801
 31
0.0
  0
LINE
  8
0
  6
CONTINUOUS
 10
188.460155
 20
2.944765
 30
0.0
 11
189.159373
 21
3.640747
 31
0.0
  0
LINE
  8
0
  6
CONTINUOUS
 10
188.337379
 20
3.076529
 30
0.0
 11
188.879865
 21
3.616503
 31
0.0
  0
LINE
  8
0
  6
CONTINUOUS
 10
188.585794
 20
2.815857
 30
0.0
 11
189.445206
 21
3.671291
 31
0.0
  0
LINE
  8
0
  6
CONTINUOUS
 10
188.649798
 20
2.752581
 30
0.0
 11
189.590412
 21
3.688839
 31
0.0
  0
LINE
  8
0
  6
CONTINUOUS
 10
188.522587
 20
2.879928
 30
0.0
 11
189.301522
 21
3.655258
 31
0.0
  0
LINE
  8
0
  6
CONTINUOUS
 10
188.585794
 20
2.815857
 30
0.0
 11
189.445206
 21
3.671291
 31
0.0
  0
LINE
  8
0
  6
CONTINUOUS
 10
188.649798
 20
2.752581
 30
0.0
 11
189.590412
 21
3.688839
 31
0.0
  0
LINE
  8
0
  6
CONTINUOUS
 10
188.522587
 20
2.879928
 30
0.0
 11
189.301522
 21
3.655258
 31
0.0
  0
LINE
  8
0
  6
CONTINUOUS
 10
188.780240
 20
2.628444
 30
0.0
 11
189.885546
 21
3.728633
 31
0.0
  0
LINE
  8
0
  6
CONTINUOUS
 10
188.846820
 20
2.567731
 30
0.0
 11
190.035654
 21
3.751062
 31
0.0
  0
LINE
  8
0
  6
CONTINUOUS
 10
188.714591
 20
2.690083
 30
0.0
 11
189.737173
 21
3.707932
 31
0.0
  0
LINE
  8
0
  6
CONTINUOUS
 10
188.780240
 20
2.628444
 30
0.0
 11
189.885546
 21
3.728633
 31
0.0
  0
LINE
  8
0
  6
CONTINUOUS
 10
188.846820
 20
2.567731
 30
0.0
 11
190.035654
 21
3.751062
 31
0.0
  0
LINE
  8
0
  6
CONTINUOUS
 10
188.714591
 20
2.690083
 30
0.0
 11
189.737173
 21
3.707932
 31
0.0
  0
LINE
  8
0
  6
CONTINUOUS
 10
188.983023
 20
2.449358
 30
0.0
 11
190.341882
 21
3.801925
 31
0.0
  0
LINE
  8
0
  6
CONTINUOUS
 10
189.052773
 20
2.391801
 30
0.0
 11
190.498756
 21
3.831089
 31
0.0
  0
LINE
  8
0
  6
CONTINUOUS
 10
188.914386
 20
2.508023
 30
0.0
 11
190.187653
 21
3.775396
 31
0.0
  0
LINE
  8
0
  6
CONTINUOUS
 10
188.983023
 20
2.449358
 30
0.0
 11
190.341882
 21
3.801925
 31
0.0
  0
LINE
  8
0
  6
CONTINUOUS
 10
189.052773
 20
2.391801
 30
0.0
 11
190.498756
 21
3.831089
 31
0.0
  0
LINE
  8
0
  6
CONTINUOUS
 10
188.914386
 20
2.508023
 30
0.0
 11
190.187653
 21
3.775396
 31
0.0
  0
LINE
  8
0
  6
CONTINUOUS
 10
189.195864
 20
2.280073
 30
0.0
 11
190.824233
 21
3.900903
 31
0.0
  0
LINE
  8
0
  6
CONTINUOUS
 10
189.269141
 20
2.226025
 30
0.0
 11
190.996648
 21
3.945535
 31
0.0
  0
LINE
  8
0
  6
CONTINUOUS
 10
189.123781
 20
2.335308
 30
0.0
 11
190.659247
 21
3.863665
 31
0.0
  0
LINE
  8
0
  6
CONTINUOUS
 10
189.195864
 20
2.280073
 30
0.0
 11
190.824233
 21
3.900903
 31
0.0
  0
LINE
  8
0
  6
CONTINUOUS
 10
189.269141
 20
2.226025
 30
0.0
 11
190.996648
 21
3.945535
 31
0.0
  0
LINE
  8
0
  6
CONTINUOUS
 10
189.123781
 20
2.335308
 30
0.0
 11
190.659247
 21
3.863665
 31
0.0
  0
LINE
  8
0
  6
CONTINUOUS
 10
189.419136
 20
2.121543
 30
0.0
 11
191.367823
 21
4.061209
 31
0.0
  0
LINE
  8
0
  6
CONTINUOUS
 10
189.343498
 20
2.173240
 30
0.0
 11
191.177798
 21
3.999050
 31
0.0
  0
LINE
  8
0
  6
CONTINUOUS
 10
189.419136
 20
2.121543
 30
0.0
 11
191.367823
 21
4.061209
 31
0.0
  0
LINE
  8
0
  6
CONTINUOUS
 10
189.343498
 20
2.173240
 30
0.0
 11
191.177798
 21
3.999050
 31
0.0
  0
LINE
  8
0
  6
CONTINUOUS
 10
189.581115
 20
2.016961
 30
0.0
 11
191.793440
 21
4.219044
 31
0.0
  0
LINE
  8
0
  6
CONTINUOUS
 10
189.660136
 20
1.968632
 30
0.0
 11
192.011212
 21
4.308823
 31
0.0
  0
LINE
  8
0
  6
CONTINUOUS
 10
189.503133
 20
2.066326
 30
0.0
 11
191.585299
 21
4.138851
 31
0.0
  0
LINE
  8
0
  6
CONTINUOUS
 10
189.581115
 20
2.016961
 30
0.0
 11
191.793440
 21
4.219044
 31
0.0
  0
LINE
  8
0
  6
CONTINUOUS
 10
189.660136
 20
1.968632
 30
0.0
 11
192.011212
 21
4.308823
 31
0.0
  0
LINE
  8
0
  6
CONTINUOUS
 10
189.503133
 20
2.066326
 30
0.0
 11
191.585299
 21
4.138851
 31
0.0
  0
LINE
  8
0
  6
CONTINUOUS
 10
189.820781
 20
1.874996
 30
0.0
 11
192.482765
 21
4.524657
 31
0.0
  0
LINE
  8
0
  6
CONTINUOUS
 10
189.902544
 20
1.829396
 30
0.0
 11
192.747382
 21
4.661063
 31
0.0
  0
LINE
  8
0
  6
CONTINUOUS
 10
189.739866
 20
1.921440
 30
0.0
 11
192.239424
 21
4.409426
 31
0.0
  0
LINE
  8
0
  6
CONTINUOUS
 10
189.820781
 20
1.874996
 30
0.0
 11
192.482765
 21
4.524657
 31
0.0
  0
LINE
  8
0
  6
CONTINUOUS
 10
189.902544
 20
1.829396
 30
0.0
 11
192.747382
 21
4.661063
 31
0.0
  0
LINE
  8
0
  6
CONTINUOUS
 10
189.739866
 20
1.921440
 30
0.0
 11
192.239424
 21
4.409426
 31
0.0
  0
LINE
  8
0
  6
CONTINUOUS
 10
190.068811
 20
1.740206
 30
0.0
 11
199.042282
 21
10.672133
 31
0.0
  0
LINE
  8
0
  6
CONTINUOUS
 10
190.152714
 20
1.696735
 30
0.0
 11
199.085625
 21
10.588291
 31
0.0
  0
LINE
  8
0
  6
CONTINUOUS
 10
189.985554
 20
1.784320
 30
0.0
 11
193.056906
 21
4.841452
 31
0.0
  0
LINE
  8
0
  6
CONTINUOUS
 10
190.068811
 20
1.740206
 30
0.0
 11
199.042282
 21
10.672133
 31
0.0
  0
LINE
  8
0
  6
CONTINUOUS
 10
190.152714
 20
1.696735
 30
0.0
 11
199.085625
 21
10.588291
 31
0.0
  0
LINE
  8
0
  6
CONTINUOUS
 10
189.985554
 20
1.784320
 30
0.0
 11
193.056906
 21
4.841452
 31
0.0
  0
LINE
  8
0
  6
CONTINUOUS
 10
190.322531
 20
1.611491
 30
0.0
 11
199.170037
 21
10.418037
 31
0.0
  0
LINE
  8
0
  6
CONTINUOUS
 10
190.408588
 20
1.570165
 30
0.0
 11
199.210954
 21
10.331779
 31
0.0
  0
LINE
  8
0
  6
CONTINUOUS
 10
190.237403
 20
1.653742
 30
0.0
 11
199.128284
 21
10.503462
 31
0.0
  0
LINE
  8
0
  6
CONTINUOUS
 10
190.322531
 20
1.611491
 30
0.0
 11
199.170037
 21
10.418037
 31
0.0
  0
LINE
  8
0
  6
CONTINUOUS
 10
190.408588
 20
1.570165
 30
0.0
 11
199.210954
 21
10.331779
 31
0.0
  0
LINE
  8
0
  6
CONTINUOUS
 10
190.237403
 20
1.653742
 30
0.0
 11
199.128284
 21
10.503462
 31
0.0
  0
LINE
  8
0
  6
CONTINUOUS
 10
190.583642
 20
1.490431
 30
0.0
 11
199.290050
 21
10.156531
 31
0.0
  0
LINE
  8
0
  6
CONTINUOUS
 10
190.672689
 20
1.452080
 30
0.0
 11
199.328042
 21
10.067363
 31
0.0
  0
LINE
  8
0
  6
CONTINUOUS
 10
190.495620
 20
1.529801
 30
0.0
 11
199.250986
 21
10.244633
 31
0.0
  0
LINE
  8
0
  6
CONTINUOUS
 10
190.583642
 20
1.490431
 30
0.0
 11
199.290050
 21
10.156531
 31
0.0
  0
LINE
  8
0
  6
CONTINUOUS
 10
190.672689
 20
1.452080
 30
0.0
 11
199.328042
 21
10.067363
 31
0.0
  0
LINE
  8
0
  6
CONTINUOUS
 10
190.495620
 20
1.529801
 30
0.0
 11
199.250986
 21
10.244633
 31
0.0
  0
LINE
  8
0
  6
CONTINUOUS
 10
190.852806
 20
1.379004
 30
0.0
 11
199.399697
 21
9.886326
 31
0.0
  0
LINE
  8
0
  6
CONTINUOUS
 10
190.945085
 20
1.343870
 30
0.0
 11
199.433252
 21
9.792740
 31
0.0
  0
LINE
  8
0
  6
CONTINUOUS
 10
190.761638
 20
1.415243
 30
0.0
 11
199.364352
 21
9.978129
 31
0.0
  0
LINE
  8
0
  6
CONTINUOUS
 10
190.852806
 20
1.379004
 30
0.0
 11
199.399697
 21
9.886326
 31
0.0
  0
LINE
  8
0
  6
CONTINUOUS
 10
190.945085
 20
1.343870
 30
0.0
 11
199.433252
 21
9.792740
 31
0.0
  0
LINE
  8
0
  6
CONTINUOUS
 10
190.761638
 20
1.415243
 30
0.0
 11
199.364352
 21
9.978129
 31
0.0
  0
LINE
  8
0
  6
CONTINUOUS
 10
191.133629
 20
1.276871
 30
0.0
 11
199.495669
 21
9.600197
 31
0.0
  0
LINE
  8
0
  6
CONTINUOUS
 10
191.229440
 20
1.245252
 30
0.0
 11
199.524854
 21
9.502262
 31
0.0
  0
LINE
  8
0
  6
CONTINUOUS
 10
191.039026
 20
1.309690
 30
0.0
 11
199.465258
 21
9.696913
 31
0.0
  0
LINE
  8
0
  6
CONTINUOUS
 10
191.133629
 20
1.276871
 30
0.0
 11
199.495669
 21
9.600197
 31
0.0
  0
LINE
  8
0
  6
CONTINUOUS
 10
191.229440
 20
1.245252
 30
0.0
 11
199.524854
 21
9.502262
 31
0.0
  0
LINE
  8
0
  6
CONTINUOUS
 10
191.039026
 20
1.309690
 30
0.0
 11
199.465258
 21
9.696913
 31
0.0
  0
LINE
  8
0
  6
CONTINUOUS
 10
191.424718
 20
1.185785
 30
0.0
 11
199.579960
 21
9.303271
 31
0.0
  0
LINE
  8
0
  6
CONTINUOUS
 10
191.524353
 20
1.157974
 30
0.0
 11
199.606023
 21
9.202229
 31
0.0
  0
LINE
  8
0
  6
CONTINUOUS
 10
191.326393
 20
1.214900
 30
0.0
 11
199.552907
 21
9.403328
 31
0.0
  0
LINE
  8
0
  6
CONTINUOUS
 10
191.424718
 20
1.185785
 30
0.0
 11
199.579960
 21
9.303271
 31
0.0
  0
LINE
  8
0
  6
CONTINUOUS
 10
191.524353
 20
1.157974
 30
0.0
 11
199.606023
 21
9.202229
 31
0.0
  0
LINE
  8
0
  6
CONTINUOUS
 10
191.326393
 20
1.214900
 30
0.0
 11
199.552907
 21
9.403328
 31
0.0
  0
LINE
  8
0
  6
CONTINUOUS
 10
191.726428
 20
1.106711
 30
0.0
 11
199.654900
 21
8.998477
 31
0.0
  0
LINE
  8
0
  6
CONTINUOUS
 10
191.830195
 20
1.083013
 30
0.0
 11
199.677950
 21
8.894436
 31
0.0
  0
LINE
  8
0
  6
CONTINUOUS
 10
191.624080
 20
1.131821
 30
0.0
 11
199.630803
 21
9.101476
 31
0.0
  0
LINE
  8
0
  6
CONTINUOUS
 10
191.726428
 20
1.106711
 30
0.0
 11
199.654900
 21
8.998477
 31
0.0
  0
LINE
  8
0
  6
CONTINUOUS
 10
191.830195
 20
1.083013
 30
0.0
 11
199.677950
 21
8.894436
 31
0.0
  0
LINE
  8
0
  6
CONTINUOUS
 10
191.624080
 20
1.131821
 30
0.0
 11
199.630803
 21
9.101476
 31
0.0
  0
LINE
  8
0
  6
CONTINUOUS
 10
192.041808
 20
1.040074
 30
0.0
 11
199.720444
 21
8.683161
 31
0.0
  0
LINE
  8
0
  6
CONTINUOUS
 10
192.150065
 20
1.020844
 30
0.0
 11
199.739599
 21
8.575242
 31
0.0
  0
LINE
  8
0
  6
CONTINUOUS
 10
191.935090
 20
1.060834
 30
0.0
 11
199.699798
 21
8.789596
 31
0.0
  0
LINE
  8
0
  6
CONTINUOUS
 10
192.041808
 20
1.040074
 30
0.0
 11
199.720444
 21
8.683161
 31
0.0
  0
LINE
  8
0
  6
CONTINUOUS
 10
192.150065
 20
1.020844
 30
0.0
 11
199.739599
 21
8.575242
 31
0.0
  0
LINE
  8
0
  6
CONTINUOUS
 10
191.935090
 20
1.060834
 30
0.0
 11
199.699798
 21
8.789596
 31
0.0
  0
LINE
  8
0
  6
CONTINUOUS
 10
192.371236
 20
0.987155
 30
0.0
 11
199.770139
 21
8.351802
 31
0.0
  0
LINE
  8
0
  6
CONTINUOUS
 10
192.484811
 20
0.973218
 30
0.0
 11
199.780617
 21
8.235247
 31
0.0
  0
LINE
  8
0
  6
CONTINUOUS
 10
192.259784
 20
1.003203
 30
0.0
 11
199.756687
 21
8.465399
 31
0.0
  0
LINE
  8
0
  6
CONTINUOUS
 10
192.371236
 20
0.987155
 30
0.0
 11
199.770139
 21
8.351802
 31
0.0
  0
LINE
  8
0
  6
CONTINUOUS
 10
192.484811
 20
0.973218
 30
0.0
 11
199.780617
 21
8.235247
 31
0.0
  0
LINE
  8
0
  6
CONTINUOUS
 10
192.259784
 20
1.003203
 30
0.0
 11
199.756687
 21
8.465399
 31
0.0
  0
LINE
  8
0
  6
CONTINUOUS
 10
192.723669
 20
0.956495
 30
0.0
 11
199.795081
 21
7.995169
 31
0.0
  0
LINE
  8
0
  6
CONTINUOUS
 10
192.846640
 20
0.951913
 30
0.0
 11
199.799661
 21
7.872743
 31
0.0
  0
LINE
  8
0
  6
CONTINUOUS
 10
192.602951
 20
0.963322
 30
0.0
 11
199.788823
 21
8.115925
 31
0.0
  0
LINE
  8
0
  6
CONTINUOUS
 10
192.723669
 20
0.956495
 30
0.0
 11
199.795081
 21
7.995169
 31
0.0
  0
LINE
  8
0
  6
CONTINUOUS
 10
192.846640
 20
0.951913
 30
0.0
 11
199.799661
 21
7.872743
 31
0.0
  0
LINE
  8
0
  6
CONTINUOUS
 10
192.602951
 20
0.963322
 30
0.0
 11
199.788823
 21
8.115925
 31
0.0
  0
LINE
  8
0
  6
CONTINUOUS
 10
193.097763
 20
0.948010
 30
0.0
 11
199.804248
 21
7.623447
 31
0.0
  0
LINE
  8
0
  6
CONTINUOUS
 10
193.225675
 20
0.948345
 30
0.0
 11
199.804321
 21
7.496534
 31
0.0
  0
LINE
  8
0
  6
CONTINUOUS
 10
192.971345
 20
0.949162
 30
0.0
 11
199.802694
 21
7.748884
 31
0.0
  0
LINE
  8
0
  6
CONTINUOUS
 10
193.097763
 20
0.948010
 30
0.0
 11
199.804248
 21
7.623447
 31
0.0
  0
LINE
  8
0
  6
CONTINUOUS
 10
193.225675
 20
0.948345
 30
0.0
 11
199.804321
 21
7.496534
 31
0.0
  0
LINE
  8
0
  6
CONTINUOUS
 10
192.971345
 20
0.949162
 30
0.0
 11
199.802694
 21
7.748884
 31
0.0
  0
LINE
  8
0
  6
CONTINUOUS
 10
187.112118
 20
5.031344
 30
0.0
 11
195.782960
 21
13.662044
 31
0.0
  0
LINE
  8
0
  6
CONTINUOUS
 10
187.112118
 20
5.031344
 30
0.0
 11
195.782960
 21
13.662044
 31
0.0
  0
LINE
  8
0
  6
CONTINUOUS
 10
193.618496
 20
0.958392
 30
0.0
 11
199.794612
 21
7.105914
 31
0.0
  0
LINE
  8
0
  6
CONTINUOUS
 10
193.753003
 20
0.965293
 30
0.0
 11
199.787152
 21
6.971506
 31
0.0
  0
LINE
  8
0
  6
CONTINUOUS
 10
193.485943
 20
0.953437
 30
0.0
 11
199.799698
 21
7.237962
 31
0.0
  0
LINE
  8
0
  6
CONTINUOUS
 10
193.618496
 20
0.958392
 30
0.0
 11
199.794612
 21
7.105914
 31
0.0
  0
LINE
  8
0
  6
CONTINUOUS
 10
193.753003
 20
0.965293
 30
0.0
 11
199.787152
 21
6.971506
 31
0.0
  0
LINE
  8
0
  6
CONTINUOUS
 10
193.485943
 20
0.953437
 30
0.0
 11
199.799698
 21
7.237962
 31
0.0
  0
LINE
  8
0
  6
CONTINUOUS
 10
194.030697
 20
0.987770
 30
0.0
 11
199.760889
 21
6.691434
 31
0.0
  0
LINE
  8
0
  6
CONTINUOUS
 10
194.178499
 20
1.007904
 30
0.0
 11
199.737034
 21
6.540704
 31
0.0
  0
LINE
  8
0
  6
CONTINUOUS
 10
193.889979
 20
0.974690
 30
0.0
 11
199.776507
 21
6.833966
 31
0.0
  0
LINE
  8
0
  6
CONTINUOUS
 10
194.030697
 20
0.987770
 30
0.0
 11
199.760889
 21
6.691434
 31
0.0
  0
LINE
  8
0
  6
CONTINUOUS
 10
194.178499
 20
1.007904
 30
0.0
 11
199.737034
 21
6.540704
 31
0.0
  0
LINE
  8
0
  6
CONTINUOUS
 10
193.889979
 20
0.974690
 30
0.0
 11
199.776507
 21
6.833966
 31
0.0
  0
LINE
  8
0
  6
CONTINUOUS
 10
194.495540
 20
1.069468
 30
0.0
 11
199.675402
 21
6.225349
 31
0.0
  0
LINE
  8
0
  6
CONTINUOUS
 10
194.662120
 20
1.108292
 30
0.0
 11
199.637600
 21
6.060737
 31
0.0
  0
LINE
  8
0
  6
CONTINUOUS
 10
194.334638
 20
1.036296
 30
0.0
 11
199.708370
 21
6.385148
 31
0.0
  0
LINE
  8
0
  6
CONTINUOUS
 10
194.495540
 20
1.069468
 30
0.0
 11
199.675402
 21
6.225349
 31
0.0
  0
LINE
  8
0
  6
CONTINUOUS
 10
194.662120
 20
1.108292
 30
0.0
 11
199.637600
 21
6.060737
 31
0.0
  0
LINE
  8
0
  6
CONTINUOUS
 10
194.334638
 20
1.036296
 30
0.0
 11
199.708370
 21
6.385148
 31
0.0
  0
LINE
  8
0
  6
CONTINUOUS
 10
195.016530
 20
1.207136
 30
0.0
 11
199.544773
 21
5.714415
 31
0.0
  0
LINE
  8
0
  6
CONTINUOUS
 10
195.207006
 20
1.269746
 30
0.0
 11
199.487892
 21
5.530812
 31
0.0
  0
LINE
  8
0
  6
CONTINUOUS
 10
194.835342
 20
1.153772
 30
0.0
 11
199.594336
 21
5.890733
 31
0.0
  0
LINE
  8
0
  6
CONTINUOUS
 10
195.016530
 20
1.207136
 30
0.0
 11
199.544773
 21
5.714415
 31
0.0
  0
LINE
  8
0
  6
CONTINUOUS
 10
195.207006
 20
1.269746
 30
0.0
 11
199.487892
 21
5.530812
 31
0.0
  0
LINE
  8
0
  6
CONTINUOUS
 10
194.835342
 20
1.153772
 30
0.0
 11
199.594336
 21
5.890733
 31
0.0
  0
LINE
  8
0
  6
CONTINUOUS
 10
195.621337
 20
1.428656
 30
0.0
 11
199.346520
 21
5.136592
 31
0.0
  0
LINE
  8
0
  6
CONTINUOUS
 10
195.849313
 20
1.528592
 30
0.0
 11
199.257249
 21
4.920749
 31
0.0
  0
LINE
  8
0
  6
CONTINUOUS
 10
195.407559
 20
1.342853
 30
0.0
 11
199.422588
 21
5.339293
 31
0.0
  0
LINE
  8
0
  6
CONTINUOUS
 10
195.621337
 20
1.428656
 30
0.0
 11
199.346520
 21
5.136592
 31
0.0
  0
LINE
  8
0
  6
CONTINUOUS
 10
195.849313
 20
1.528592
 30
0.0
 11
199.257249
 21
4.920749
 31
0.0
  0
LINE
  8
0
  6
CONTINUOUS
 10
195.407559
 20
1.342853
 30
0.0
 11
199.422588
 21
5.339293
 31
0.0
  0
LINE
  8
0
  6
CONTINUOUS
 10
196.359171
 20
1.781869
 30
0.0
 11
199.019884
 21
4.430263
 31
0.0
  0
LINE
  8
0
  6
CONTINUOUS
 10
196.661781
 20
1.956093
 30
0.0
 11
198.852287
 21
4.136458
 31
0.0
  0
LINE
  8
0
  6
CONTINUOUS
 10
196.093533
 20
1.644444
 30
0.0
 11
199.150486
 21
4.687245
 31
0.0
  0
LINE
  8
0
  6
CONTINUOUS
 10
196.359171
 20
1.781869
 30
0.0
 11
199.019884
 21
4.430263
 31
0.0
  0
LINE
  8
0
  6
CONTINUOUS
 10
196.661781
 20
1.956093
 30
0.0
 11
198.852287
 21
4.136458
 31
0.0
  0
LINE
  8
0
  6
CONTINUOUS
 10
196.093533
 20
1.644444
 30
0.0
 11
199.150486
 21
4.687245
 31
0.0
  0
LINE
  8
0
  6
CONTINUOUS
 10
197.673927
 20
2.709620
 30
0.0
 11
198.110057
 21
3.143732
 31
0.0
  0
LINE
  8
0
  6
CONTINUOUS
 10
197.033562
 20
2.199204
 30
0.0
 11
198.615457
 21
3.773776
 31
0.0
  0
LINE
  8
0
  6
CONTINUOUS
 10
197.673927
 20
2.709620
 30
0.0
 11
198.110057
 21
3.143732
 31
0.0
  0
LINE
  8
0
  6
CONTINUOUS
 10
197.033562
 20
2.199204
 30
0.0
 11
198.615457
 21
3.773776
 31
0.0
  0
LINE
  8
0
  6
CONTINUOUS
 10
193.355051
 20
0.950137
 30
0.0
 11
199.802850
 21
7.368085
 31
0.0
  0
LINE
  8
0
  6
CONTINUOUS
 10
193.485943
 20
0.953437
 30
0.0
 11
199.799698
 21
7.237962
 31
0.0
  0
LINE
  8
0
  6
CONTINUOUS
 10
193.225675
 20
0.948345
 30
0.0
 11
199.804321
 21
7.496534
 31
0.0
  0
LINE
  8
0
  6
CONTINUOUS
 10
193.355051
 20
0.950137
 30
0.0
 11
199.802850
 21
7.368085
 31
0.0
  0
LINE
  8
0
  6
CONTINUOUS
 10
193.225675
 20
0.948345
 30
0.0
 11
199.804321
 21
7.496534
 31
0.0
  0
LINE
  8
0
  6
CONTINUOUS
 10
195.832816
 20
11.680173
 30
0.0
 11
197.085645
 21
12.927203
 31
0.0
  0
LINE
  8
0
  6
CONTINUOUS
 10
195.832816
 20
11.680173
 30
0.0
 11
197.085645
 21
12.927203
 31
0.0
  0
LINE
  8
0
  6
CONTINUOUS
 10
195.090177
 20
7.893314
 30
0.0
 11
198.601932
 21
11.388812
 31
0.0
  0
LINE
  8
0
  6
CONTINUOUS
 10
195.090177
 20
7.893314
 30
0.0
 11
198.601932
 21
11.388812
 31
0.0
  0
LINE
  8
0
  6
CONTINUOUS
 10
195.253194
 20
8.436344
 30
0.0
 11
198.358524
 21
11.527298
 31
0.0
  0
LINE
  8
0
  6
CONTINUOUS
 10
195.143793
 20
8.073480
 30
0.0
 11
198.542557
 21
11.456509
 31
0.0
  0
LINE
  8
0
  6
CONTINUOUS
 10
195.196320
 20
8.252748
 30
0.0
 11
198.469636
 21
11.510910
 31
0.0
  0
LINE
  8
0
  6
CONTINUOUS
 10
195.253194
 20
8.436344
 30
0.0
 11
198.358524
 21
11.527298
 31
0.0
  0
LINE
  8
0
  6
CONTINUOUS
 10
195.143793
 20
8.073480
 30
0.0
 11
198.542557
 21
11.456509
 31
0.0
  0
LINE
  8
0
  6
CONTINUOUS
 10
195.196320
 20
8.252748
 30
0.0
 11
198.469636
 21
11.510910
 31
0.0
  0
LINE
  8
0
  6
CONTINUOUS
 10
195.473386
 20
9.036658
 30
0.0
 11
197.961653
 21
11.513404
 31
0.0
  0
LINE
  8
0
  6
CONTINUOUS
 10
195.317493
 20
8.627516
 30
0.0
 11
198.233002
 21
11.529528
 31
0.0
  0
LINE
  8
0
  6
CONTINUOUS
 10
195.390287
 20
8.826959
 30
0.0
 11
198.100553
 21
11.524678
 31
0.0
  0
LINE
  8
0
  6
CONTINUOUS
 10
195.473386
 20
9.036658
 30
0.0
 11
197.961653
 21
11.513404
 31
0.0
  0
LINE
  8
0
  6
CONTINUOUS
 10
195.317493
 20
8.627516
 30
0.0
 11
198.233002
 21
11.529528
 31
0.0
  0
LINE
  8
0
  6
CONTINUOUS
 10
195.390287
 20
8.826959
 30
0.0
 11
198.100553
 21
11.524678
 31
0.0
  0
LINE
  8
0
  6
CONTINUOUS
 10
195.816953
 20
9.759565
 30
0.0
 11
197.480124
 21
11.415035
 31
0.0
  0
LINE
  8
0
  6
CONTINUOUS
 10
195.569239
 20
9.259028
 30
0.0
 11
197.814347
 21
11.493742
 31
0.0
  0
LINE
  8
0
  6
CONTINUOUS
 10
195.681658
 20
9.497910
 30
0.0
 11
197.655584
 21
11.462698
 31
0.0
  0
LINE
  8
0
  6
CONTINUOUS
 10
195.816953
 20
9.759565
 30
0.0
 11
197.480124
 21
11.415035
 31
0.0
  0
LINE
  8
0
  6
CONTINUOUS
 10
195.569239
 20
9.259028
 30
0.0
 11
197.814347
 21
11.493742
 31
0.0
  0
LINE
  8
0
  6
CONTINUOUS
 10
195.681658
 20
9.497910
 30
0.0
 11
197.655584
 21
11.462698
 31
0.0
  0
LINE
  8
0
  6
CONTINUOUS
 10
197.506028
 20
11.821779
 30
0.0
 11
197.905425
 21
12.219328
 31
0.0
  0
LINE
  8
0
  6
CONTINUOUS
 10
195.987438
 20
10.056250
 30
0.0
 11
197.276909
 21
11.339752
 31
0.0
  0
LINE
  8
0
  6
CONTINUOUS
 10
196.224806
 20
10.419504
 30
0.0
 11
197.012185
 21
11.203238
 31
0.0
  0
LINE
  8
0
  6
CONTINUOUS
 10
197.506028
 20
11.821779
 30
0.0
 11
197.905425
 21
12.219328
 31
0.0
  0
LINE
  8
0
  6
CONTINUOUS
 10
195.987438
 20
10.056250
 30
0.0
 11
197.276909
 21
11.339752
 31
0.0
  0
LINE
  8
0
  6
CONTINUOUS
 10
196.224806
 20
10.419504
 30
0.0
 11
197.012185
 21
11.203238
 31
0.0
  0
LINE
  8
0
  6
CONTINUOUS
 10
196.984608
 20
11.811230
 30
0.0
 11
197.644135
 21
12.467703
 31
0.0
  0
LINE
  8
0
  6
CONTINUOUS
 10
196.984608
 20
11.811230
 30
0.0
 11
197.644135
 21
12.467703
 31
0.0
  0
LINE
  8
0
  6
CONTINUOUS
 10
196.438534
 20
11.775185
 30
0.0
 11
197.372825
 21
12.705151
 31
0.0
  0
LINE
  8
0
  6
CONTINUOUS
 10
196.438534
 20
11.775185
 30
0.0
 11
197.372825
 21
12.705151
 31
0.0
  0
LINE
  8
0
  6
CONTINUOUS
 10
194.751988
 20
6.910359
 30
0.0
 11
198.860481
 21
10.999830
 31
0.0
  0
LINE
  8
0
  6
CONTINUOUS
 10
194.498767
 20
6.404340
 30
0.0
 11
198.952958
 21
10.837909
 31
0.0
  0
LINE
  8
0
  6
CONTINUOUS
 10
194.645690
 20
6.677568
 30
0.0
 11
198.907173
 21
10.919321
 31
0.0
  0
LINE
  8
0
  6
CONTINUOUS
 10
194.751988
 20
6.910359
 30
0.0
 11
198.860481
 21
10.999830
 31
0.0
  0
LINE
  8
0
  6
CONTINUOUS
 10
194.498767
 20
6.404340
 30
0.0
 11
198.952958
 21
10.837909
 31
0.0
  0
LINE
  8
0
  6
CONTINUOUS
 10
194.645690
 20
6.677568
 30
0.0
 11
198.907173
 21
10.919321
 31
0.0
  0
LINE
  8
0
  6
CONTINUOUS
 10
194.970174
 20
7.508057
 30
0.0
 11
198.713844
 21
11.234394
 31
0.0
  0
LINE
  8
0
  6
CONTINUOUS
 10
194.835410
 20
7.119946
 30
0.0
 11
198.812947
 21
11.079069
 31
0.0
  0
LINE
  8
0
  6
CONTINUOUS
 10
194.906524
 20
7.317715
 30
0.0
 11
198.764094
 21
11.157426
 31
0.0
  0
LINE
  8
0
  6
CONTINUOUS
 10
194.970174
 20
7.508057
 30
0.0
 11
198.713844
 21
11.234394
 31
0.0
  0
LINE
  8
0
  6
CONTINUOUS
 10
194.835410
 20
7.119946
 30
0.0
 11
198.812947
 21
11.079069
 31
0.0
  0
LINE
  8
0
  6
CONTINUOUS
 10
194.906524
 20
7.317715
 30
0.0
 11
198.764094
 21
11.157426
 31
0.0
  0
LINE
  8
0
  6
CONTINUOUS
 10
195.034482
 20
7.710893
 30
0.0
 11
198.656829
 21
11.316470
 31
0.0
  0
LINE
  8
0
  6
CONTINUOUS
 10
195.034482
 20
7.710893
 30
0.0
 11
198.656829
 21
11.316470
 31
0.0
  0
LINE
  8
0
  6
CONTINUOUS
 10
194.270010
 20
6.048940
 30
0.0
 11
198.998150
 21
10.755191
 31
0.0
  0
LINE
  8
0
  6
CONTINUOUS
 10
194.270010
 20
6.048940
 30
0.0
 11
198.998150
 21
10.755191
 31
0.0
  0
LINE
  8
0
  6
CONTINUOUS
 10
195.106098
 20
11.464543
 30
0.0
 11
196.783599
 21
13.134277
 31
0.0
  0
LINE
  8
0
  6
CONTINUOUS
 10
195.106098
 20
11.464543
 30
0.0
 11
196.783599
 21
13.134277
 31
0.0
  0
LINE
  8
0
  6
CONTINUOUS
 10
194.186100
 20
11.056698
 30
0.0
 11
196.466176
 21
13.326218
 31
0.0
  0
LINE
  8
0
  6
CONTINUOUS
 10
194.186100
 20
11.056698
 30
0.0
 11
196.466176
 21
13.326218
 31
0.0
  0
LINE
  8
0
  6
CONTINUOUS
 10
189.750578
 20
4.102235
 30
0.0
 11
190.869278
 21
5.215756
 31
0.0
  0
LINE
  8
0
  6
CONTINUOUS
 10
190.117621
 20
4.340593
 30
0.0
 11
190.684802
 21
4.905148
 31
0.0
  0
LINE
  8
0
  6
CONTINUOUS
 10
189.750578
 20
4.102235
 30
0.0
 11
190.869278
 21
5.215756
 31
0.0
  0
LINE
  8
0
  6
CONTINUOUS
 10
190.117621
 20
4.340593
 30
0.0
 11
190.684802
 21
4.905148
 31
0.0
  0
LINE
  8
0
  6
CONTINUOUS
 10
188.959711
 20
3.823485
 30
0.0
 11
191.179561
 21
6.033058
 31
0.0
  0
LINE
  8
0
  6
CONTINUOUS
 10
188.959711
 20
3.823485
 30
0.0
 11
191.179561
 21
6.033058
 31
0.0
  0
LINE
  8
0
  6
CONTINUOUS
 10
188.388864
 20
3.762782
 30
0.0
 11
191.369834
 21
6.729951
 31
0.0
  0
LINE
  8
0
  6
CONTINUOUS
 10
188.388864
 20
3.762782
 30
0.0
 11
191.369834
 21
6.729951
 31
0.0
  0
LINE
  8
0
  6
CONTINUOUS
 10
198.019794
 20
11.825222
 30
0.0
 11
198.152875
 21
11.957687
 31
0.0
  0
LINE
  8
0
  6
CONTINUOUS
 10
198.157338
 20
11.835145
 30
0.0
 11
198.204910
 21
11.882497
 31
0.0
  0
LINE
  8
0
  6
CONTINUOUS
 10
198.019794
 20
11.825222
 30
0.0
 11
198.152875
 21
11.957687
 31
0.0
  0
LINE
  8
0
  6
CONTINUOUS
 10
198.157338
 20
11.835145
 30
0.0
 11
198.204910
 21
11.882497
 31
0.0
  0
LINE
  8
0
  6
CONTINUOUS
 10
207.166009
 20
2.528665
 30
0.0
 11
207.166009
 21
2.528665
 31
0.0
  0
LINE
  8
0
  6
CONTINUOUS
 10
203.724409
 20
4.287554
 30
0.0
 11
203.724409
 21
4.287554
 31
0.0
  0
LINE
  8
0
  6
CONTINUOUS
 10
204.991609
 20
4.373047
 30
0.0
 11
204.991609
 21
4.373047
 31
0.0
  0
LINE
  8
0
  6
CONTINUOUS
 10
212.148409
 20
4.291573
 30
0.0
 11
212.148409
 21
4.291573
 31
0.0
  0
LINE
  8
0
  6
CONTINUOUS
 10
213.236823
 20
4.348324
 30
0.0
 11
213.236823
 21
4.348324
 31
0.0
  0
LINE
  8
0
  6
CONTINUOUS
 10
217.836400
 20
4.276736
 30
0.0
 11
217.836409
 21
4.276736
 31
0.0
  0
LINE
  8
0
  6
CONTINUOUS
 10
219.076468
 20
4.346595
 30
0.0
 11
219.076468
 21
4.346596
 31
0.0
  0
LINE
  8
0
  6
CONTINUOUS
 10
220.829265
 20
4.429378
 30
0.0
 11
220.829265
 21
4.429378
 31
0.0
  0
LINE
  8
0
  6
CONTINUOUS
 10
223.006009
 20
6.918388
 30
0.0
 11
223.006009
 21
6.918388
 31
0.0
  0
LINE
  8
0
  6
CONTINUOUS
 10
224.696295
 20
6.960855
 30
0.0
 11
224.696295
 21
6.960855
 31
0.0
  0
LINE
  8
0
  6
CONTINUOUS
 10
230.515776
 20
4.543325
 30
0.0
 11
230.515776
 21
4.543325
 31
0.0
  0
LINE
  8
0
  6
CONTINUOUS
 10
228.491260
 20
5.348055
 30
0.0
 11
228.491260
 21
5.348055
 31
0.0
  0
LINE
  8
0
  6
CONTINUOUS
 10
229.817209
 20
5.398308
 30
0.0
 11
229.817209
 21
5.398308
 31
0.0
  0
LINE
  8
0
  6
CONTINUOUS
 10
203.098312
 20
7.861967
 30
0.0
 11
203.885851
 21
8.645861
 31
0.0
  0
LINE
  8
0
  6
CONTINUOUS
 10
203.098312
 20
7.861967
 30
0.0
 11
203.885851
 21
8.645861
 31
0.0
  0
LINE
  8
0
  6
CONTINUOUS
 10
203.242503
 20
7.751959
 30
0.0
 11
204.025181
 21
8.531013
 31
0.0
  0
LINE
  8
0
  6
CONTINUOUS
 10
203.317421
 20
7.699545
 30
0.0
 11
204.099592
 21
8.478094
 31
0.0
  0
LINE
  8
0
  6
CONTINUOUS
 10
203.169309
 20
7.806089
 30
0.0
 11
203.953621
 21
8.586771
 31
0.0
  0
LINE
  8
0
  6
CONTINUOUS
 10
203.242503
 20
7.751959
 30
0.0
 11
204.025181
 21
8.531013
 31
0.0
  0
LINE
  8
0
  6
CONTINUOUS
 10
203.317421
 20
7.699545
 30
0.0
 11
204.099592
 21
8.478094
 31
0.0
  0
LINE
  8
0
  6
CONTINUOUS
 10
203.169309
 20
7.806089
 30
0.0
 11
203.953621
 21
8.586771
 31
0.0
  0
LINE
  8
0
  6
CONTINUOUS
 10
203.471976
 20
7.598894
 30
0.0
 11
204.255222
 21
8.378515
 31
0.0
  0
LINE
  8
0
  6
CONTINUOUS
 10
203.550961
 20
7.550530
 30
0.0
 11
204.335365
 21
8.331301
 31
0.0
  0
LINE
  8
0
  6
CONTINUOUS
 10
203.394181
 20
7.648444
 30
0.0
 11
204.176623
 21
8.427265
 31
0.0
  0
LINE
  8
0
  6
CONTINUOUS
 10
203.471976
 20
7.598894
 30
0.0
 11
204.255222
 21
8.378515
 31
0.0
  0
LINE
  8
0
  6
CONTINUOUS
 10
203.550961
 20
7.550530
 30
0.0
 11
204.335365
 21
8.331301
 31
0.0
  0
LINE
  8
0
  6
CONTINUOUS
 10
203.394181
 20
7.648444
 30
0.0
 11
204.176623
 21
8.427265
 31
0.0
  0
LINE
  8
0
  6
CONTINUOUS
 10
203.711980
 20
7.456836
 30
0.0
 11
204.499271
 21
8.240482
 31
0.0
  0
LINE
  8
0
  6
CONTINUOUS
 10
203.793790
 20
7.411283
 30
0.0
 11
204.582653
 21
8.196495
 31
0.0
  0
LINE
  8
0
  6
CONTINUOUS
 10
203.631000
 20
7.503218
 30
0.0
 11
204.416783
 21
8.285362
 31
0.0
  0
LINE
  8
0
  6
CONTINUOUS
 10
203.711980
 20
7.456836
 30
0.0
 11
204.499271
 21
8.240482
 31
0.0
  0
LINE
  8
0
  6
CONTINUOUS
 10
203.793790
 20
7.411283
 30
0.0
 11
204.582653
 21
8.196495
 31
0.0
  0
LINE
  8
0
  6
CONTINUOUS
 10
203.631000
 20
7.503218
 30
0.0
 11
204.416783
 21
8.285362
 31
0.0
  0
LINE
  8
0
  6
CONTINUOUS
 10
202.313199
 20
5.683571
 30
0.0
 11
202.334089
 21
5.704365
 31
0.0
  0
LINE
  8
0
  6
CONTINUOUS
 10
202.330651
 20
5.573958
 30
0.0
 11
202.605258
 21
5.847294
 31
0.0
  0
LINE
  8
0
  6
CONTINUOUS
 10
203.876345
 20
7.366466
 30
0.0
 11
204.666795
 21
8.153257
 31
0.0
  0
LINE
  8
0
  6
CONTINUOUS
 10
202.313199
 20
5.683571
 30
0.0
 11
202.334089
 21
5.704365
 31
0.0
  0
LINE
  8
0
  6
CONTINUOUS
 10
202.330651
 20
5.573958
 30
0.0
 11
202.605258
 21
5.847294
 31
0.0
  0
LINE
  8
0
  6
CONTINUOUS
 10
203.876345
 20
7.366466
 30
0.0
 11
204.666795
 21
8.153257
 31
0.0
  0
LINE
  8
0
  6
CONTINUOUS
 10
202.394577
 20
5.383643
 30
0.0
 11
203.081220
 21
6.067107
 31
0.0
  0
LINE
  8
0
  6
CONTINUOUS
 10
202.431298
 20
5.293209
 30
0.0
 11
203.175382
 21
6.033848
 31
0.0
  0
LINE
  8
0
  6
CONTINUOUS
 10
202.360714
 20
5.476922
 30
0.0
 11
202.852699
 21
5.966629
 31
0.0
  0
LINE
  8
0
  6
CONTINUOUS
 10
202.394577
 20
5.383643
 30
0.0
 11
203.081220
 21
6.067107
 31
0.0
  0
LINE
  8
0
  6
CONTINUOUS
 10
202.431298
 20
5.293209
 30
0.0
 11
203.175382
 21
6.033848
 31
0.0
  0
LINE
  8
0
  6
CONTINUOUS
 10
202.360714
 20
5.476922
 30
0.0
 11
202.852699
 21
5.966629
 31
0.0
  0
LINE
  8
0
  6
CONTINUOUS
 10
202.514782
 20
5.122151
 30
0.0
 11
203.263187
 21
5.867090
 31
0.0
  0
LINE
  8
0
  6
CONTINUOUS
 10
202.563593
 20
5.043750
 30
0.0
 11
203.307239
 21
5.783953
 31
0.0
  0
LINE
  8
0
  6
CONTINUOUS
 10
202.471045
 20
5.205601
 30
0.0
 11
203.221372
 21
5.952455
 31
0.0
  0
LINE
  8
0
  6
CONTINUOUS
 10
202.514782
 20
5.122151
 30
0.0
 11
203.263187
 21
5.867090
 31
0.0
  0
LINE
  8
0
  6
CONTINUOUS
 10
202.563593
 20
5.043750
 30
0.0
 11
203.307239
 21
5.783953
 31
0.0
  0
LINE
  8
0
  6
CONTINUOUS
 10
202.471045
 20
5.205601
 30
0.0
 11
203.221372
 21
5.952455
 31
0.0
  0
LINE
  8
0
  6
CONTINUOUS
 10
202.672812
 20
4.898681
 30
0.0
 11
203.409802
 21
5.632260
 31
0.0
  0
LINE
  8
0
  6
CONTINUOUS
 10
202.732953
 20
4.831559
 30
0.0
 11
203.469412
 21
5.564609
 31
0.0
  0
LINE
  8
0
  6
CONTINUOUS
 10
202.616283
 20
4.969399
 30
0.0
 11
203.355884
 21
5.705576
 31
0.0
  0
LINE
  8
0
  6
CONTINUOUS
 10
202.672812
 20
4.898681
 30
0.0
 11
203.409802
 21
5.632260
 31
0.0
  0
LINE
  8
0
  6
CONTINUOUS
 10
202.732953
 20
4.831559
 30
0.0
 11
203.469412
 21
5.564609
 31
0.0
  0
LINE
  8
0
  6
CONTINUOUS
 10
202.616283
 20
4.969399
 30
0.0
 11
203.355884
 21
5.705576
 31
0.0
  0
LINE
  8
0
  6
CONTINUOUS
 10
202.863407
 20
4.707841
 30
0.0
 11
203.606949
 21
5.447941
 31
0.0
  0
LINE
  8
0
  6
CONTINUOUS
 10
202.933772
 20
4.650895
 30
0.0
 11
203.685488
 21
5.399131
 31
0.0
  0
LINE
  8
0
  6
CONTINUOUS
 10
202.796381
 20
4.768110
 30
0.0
 11
203.534897
 21
5.503208
 31
0.0
  0
LINE
  8
0
  6
CONTINUOUS
 10
202.863407
 20
4.707841
 30
0.0
 11
203.606949
 21
5.447941
 31
0.0
  0
LINE
  8
0
  6
CONTINUOUS
 10
202.933772
 20
4.650895
 30
0.0
 11
203.685488
 21
5.399131
 31
0.0
  0
LINE
  8
0
  6
CONTINUOUS
 10
202.796381
 20
4.768110
 30
0.0
 11
203.534897
 21
5.503208
 31
0.0
  0
LINE
  8
0
  6
CONTINUOUS
 10
203.084113
 20
4.547003
 30
0.0
 11
203.861337
 21
5.320629
 31
0.0
  0
LINE
  8
0
  6
CONTINUOUS
 10
203.164333
 20
4.499867
 30
0.0
 11
203.958368
 21
5.290226
 31
0.0
  0
LINE
  8
0
  6
CONTINUOUS
 10
203.007179
 20
4.597410
 30
0.0
 11
203.770164
 21
5.356862
 31
0.0
  0
LINE
  8
0
  6
CONTINUOUS
 10
203.084113
 20
4.547003
 30
0.0
 11
203.861337
 21
5.320629
 31
0.0
  0
LINE
  8
0
  6
CONTINUOUS
 10
203.164333
 20
4.499867
 30
0.0
 11
203.958368
 21
5.290226
 31
0.0
  0
LINE
  8
0
  6
CONTINUOUS
 10
203.007179
 20
4.597410
 30
0.0
 11
203.770164
 21
5.356862
 31
0.0
  0
LINE
  8
0
  6
CONTINUOUS
 10
203.335270
 20
4.415326
 30
0.0
 11
204.170004
 21
5.246196
 31
0.0
  0
LINE
  8
0
  6
CONTINUOUS
 10
203.425632
 20
4.378285
 30
0.0
 11
204.287196
 21
5.235860
 31
0.0
  0
LINE
  8
0
  6
CONTINUOUS
 10
203.248350
 20
4.455793
 30
0.0
 11
204.061375
 21
5.265054
 31
0.0
  0
LINE
  8
0
  6
CONTINUOUS
 10
203.335270
 20
4.415326
 30
0.0
 11
204.170004
 21
5.246196
 31
0.0
  0
LINE
  8
0
  6
CONTINUOUS
 10
203.425632
 20
4.378285
 30
0.0
 11
204.287196
 21
5.235860
 31
0.0
  0
LINE
  8
0
  6
CONTINUOUS
 10
203.248350
 20
4.455793
 30
0.0
 11
204.061375
 21
5.265054
 31
0.0
  0
LINE
  8
0
  6
CONTINUOUS
 10
203.617366
 20
4.314856
 30
0.0
 11
204.558971
 21
5.252102
 31
0.0
  0
LINE
  8
0
  6
CONTINUOUS
 10
203.718811
 20
4.288846
 30
0.0
 11
204.728887
 21
5.294246
 31
0.0
  0
LINE
  8
0
  6
CONTINUOUS
 10
203.519770
 20
4.344696
 30
0.0
 11
204.415573
 21
5.236352
 31
0.0
  0
LINE
  8
0
  6
CONTINUOUS
 10
203.617366
 20
4.314856
 30
0.0
 11
204.558971
 21
5.252102
 31
0.0
  0
LINE
  8
0
  6
CONTINUOUS
 10
203.718811
 20
4.288846
 30
0.0
 11
204.728887
 21
5.294246
 31
0.0
  0
LINE
  8
0
  6
CONTINUOUS
 10
203.519770
 20
4.344696
 30
0.0
 11
204.415573
 21
5.236352
 31
0.0
  0
LINE
  8
0
  6
CONTINUOUS
 10
203.945816
 20
4.260822
 30
0.0
 11
206.366352
 21
6.670152
 31
0.0
  0
LINE
  8
0
  6
CONTINUOUS
 10
204.068952
 20
4.256404
 30
0.0
 11
206.387246
 21
6.563965
 31
0.0
  0
LINE
  8
0
  6
CONTINUOUS
 10
203.827925
 20
4.270463
 30
0.0
 11
206.339282
 21
6.770193
 31
0.0
  0
LINE
  8
0
  6
CONTINUOUS
 10
203.945816
 20
4.260822
 30
0.0
 11
206.366352
 21
6.670152
 31
0.0
  0
LINE
  8
0
  6
CONTINUOUS
 10
204.068952
 20
4.256404
 30
0.0
 11
206.387246
 21
6.563965
 31
0.0
  0
LINE
  8
0
  6
CONTINUOUS
 10
203.827925
 20
4.270463
 30
0.0
 11
206.339282
 21
6.770193
 31
0.0
  0
LINE
  8
0
  6
CONTINUOUS
 10
204.322364
 20
4.256282
 30
0.0
 11
206.410398
 21
6.334649
 31
0.0
  0
LINE
  8
0
  6
CONTINUOUS
 10
204.452413
 20
4.258744
 30
0.0
 11
206.413162
 21
6.210415
 31
0.0
  0
LINE
  8
0
  6
CONTINUOUS
 10
204.193770
 20
4.255269
 30
0.0
 11
206.401770
 21
6.453046
 31
0.0
  0
LINE
  8
0
  6
CONTINUOUS
 10
204.322364
 20
4.256282
 30
0.0
 11
206.410398
 21
6.334649
 31
0.0
  0
LINE
  8
0
  6
CONTINUOUS
 10
204.452413
 20
4.258744
 30
0.0
 11
206.413162
 21
6.210415
 31
0.0
  0
LINE
  8
0
  6
CONTINUOUS
 10
204.193770
 20
4.255269
 30
0.0
 11
206.401770
 21
6.453046
 31
0.0
  0
LINE
  8
0
  6
CONTINUOUS
 10
204.718092
 20
4.268521
 30
0.0
 11
206.404085
 21
5.946709
 31
0.0
  0
LINE
  8
0
  6
CONTINUOUS
 10
204.858520
 20
4.281315
 30
0.0
 11
206.392072
 21
5.807767
 31
0.0
  0
LINE
  8
0
  6
CONTINUOUS
 10
204.584351
 20
4.262385
 30
0.0
 11
206.410438
 21
6.080018
 31
0.0
  0
LINE
  8
0
  6
CONTINUOUS
 10
204.718092
 20
4.268521
 30
0.0
 11
206.404085
 21
5.946709
 31
0.0
  0
LINE
  8
0
  6
CONTINUOUS
 10
204.858520
 20
4.281315
 30
0.0
 11
206.392072
 21
5.807767
 31
0.0
  0
LINE
  8
0
  6
CONTINUOUS
 10
204.584351
 20
4.262385
 30
0.0
 11
206.410438
 21
6.080018
 31
0.0
  0
LINE
  8
0
  6
CONTINUOUS
 10
205.210724
 20
4.378047
 30
0.0
 11
206.306855
 21
5.469102
 31
0.0
  0
LINE
  8
0
  6
CONTINUOUS
 10
205.442045
 20
4.481312
 30
0.0
 11
206.212811
 21
5.248510
 31
0.0
  0
LINE
  8
0
  6
CONTINUOUS
 10
205.018384
 20
4.313582
 30
0.0
 11
206.363866
 21
5.652836
 31
0.0
  0
LINE
  8
0
  6
CONTINUOUS
 10
205.210724
 20
4.378047
 30
0.0
 11
206.306855
 21
5.469102
 31
0.0
  0
LINE
  8
0
  6
CONTINUOUS
 10
205.442045
 20
4.481312
 30
0.0
 11
206.212811
 21
5.248510
 31
0.0
  0
LINE
  8
0
  6
CONTINUOUS
 10
205.018384
 20
4.313582
 30
0.0
 11
206.363866
 21
5.652836
 31
0.0
  0
LINE
  8
0
  6
CONTINUOUS
 10
207.611483
 20
6.388304
 30
0.0
 11
208.347988
 21
7.121399
 31
0.0
  0
LINE
  8
0
  6
CONTINUOUS
 10
207.647833
 20
6.297500
 30
0.0
 11
208.380623
 21
7.026898
 31
0.0
  0
LINE
  8
0
  6
CONTINUOUS
 10
207.575106
 20
6.479080
 30
0.0
 11
208.315270
 21
7.215817
 31
0.0
  0
LINE
  8
0
  6
CONTINUOUS
 10
207.611483
 20
6.388304
 30
0.0
 11
208.347988
 21
7.121399
 31
0.0
  0
LINE
  8
0
  6
CONTINUOUS
 10
207.647833
 20
6.297500
 30
0.0
 11
208.380623
 21
7.026898
 31
0.0
  0
LINE
  8
0
  6
CONTINUOUS
 10
207.575106
 20
6.479080
 30
0.0
 11
208.315270
 21
7.215817
 31
0.0
  0
LINE
  8
0
  6
CONTINUOUS
 10
207.720331
 20
6.116091
 30
0.0
 11
208.445527
 21
6.837929
 31
0.0
  0
LINE
  8
0
  6
CONTINUOUS
 10
207.756593
 20
6.025200
 30
0.0
 11
208.477880
 21
6.743148
 31
0.0
  0
LINE
  8
0
  6
CONTINUOUS
 10
207.684040
 20
6.206952
 30
0.0
 11
208.413070
 21
6.932608
 31
0.0
  0
LINE
  8
0
  6
CONTINUOUS
 10
207.720331
 20
6.116091
 30
0.0
 11
208.445527
 21
6.837929
 31
0.0
  0
LINE
  8
0
  6
CONTINUOUS
 10
207.756593
 20
6.025200
 30
0.0
 11
208.477880
 21
6.743148
 31
0.0
  0
LINE
  8
0
  6
CONTINUOUS
 10
207.684040
 20
6.206952
 30
0.0
 11
208.413070
 21
6.932608
 31
0.0
  0
LINE
  8
0
  6
CONTINUOUS
 10
207.828980
 20
5.843414
 30
0.0
 11
208.542183
 21
6.553316
 31
0.0
  0
LINE
  8
0
  6
CONTINUOUS
 10
207.865139
 20
5.752421
 30
0.0
 11
208.574114
 21
6.458114
 31
0.0
  0
LINE
  8
0
  6
CONTINUOUS
 10
207.792785
 20
5.934371
 30
0.0
 11
208.510084
 21
6.648350
 31
0.0
  0
LINE
  8
0
  6
CONTINUOUS
 10
207.828980
 20
5.843414
 30
0.0
 11
208.542183
 21
6.553316
 31
0.0
  0
LINE
  8
0
  6
CONTINUOUS
 10
207.865139
 20
5.752421
 30
0.0
 11
208.574114
 21
6.458114
 31
0.0
  0
LINE
  8
0
  6
CONTINUOUS
 10
207.792785
 20
5.934371
 30
0.0
 11
208.510084
 21
6.648350
 31
0.0
  0
LINE
  8
0
  6
CONTINUOUS
 10
207.937479
 20
5.569951
 30
0.0
 11
208.637345
 21
6.266577
 31
0.0
  0
LINE
  8
0
  6
CONTINUOUS
 10
207.973507
 20
5.478827
 30
0.0
 11
208.668211
 21
6.170315
 31
0.0
  0
LINE
  8
0
  6
CONTINUOUS
 10
207.901403
 20
5.661026
 30
0.0
 11
208.605951
 21
6.362313
 31
0.0
  0
LINE
  8
0
  6
CONTINUOUS
 10
207.937479
 20
5.569951
 30
0.0
 11
208.637345
 21
6.266577
 31
0.0
  0
LINE
  8
0
  6
CONTINUOUS
 10
207.973507
 20
5.478827
 30
0.0
 11
208.668211
 21
6.170315
 31
0.0
  0
LINE
  8
0
  6
CONTINUOUS
 10
207.901403
 20
5.661026
 30
0.0
 11
208.605951
 21
6.362313
 31
0.0
  0
LINE
  8
0
  6
CONTINUOUS
 10
208.045354
 20
5.296478
 30
0.0
 11
208.723086
 21
5.971073
 31
0.0
  0
LINE
  8
0
  6
CONTINUOUS
 10
208.081177
 20
5.205151
 30
0.0
 11
208.748828
 21
5.869710
 31
0.0
  0
LINE
  8
0
  6
CONTINUOUS
 10
208.009448
 20
5.387723
 30
0.0
 11
208.697748
 21
6.072838
 31
0.0
  0
LINE
  8
0
  6
CONTINUOUS
 10
208.045354
 20
5.296478
 30
0.0
 11
208.723086
 21
5.971073
 31
0.0
  0
LINE
  8
0
  6
CONTINUOUS
 10
208.081177
 20
5.205151
 30
0.0
 11
208.748828
 21
5.869710
 31
0.0
  0
LINE
  8
0
  6
CONTINUOUS
 10
208.009448
 20
5.387723
 30
0.0
 11
208.697748
 21
6.072838
 31
0.0
  0
LINE
  8
0
  6
CONTINUOUS
 10
208.187780
 20
4.930307
 30
0.0
 11
210.442735
 21
7.174820
 31
0.0
  0
LINE
  8
0
  6
CONTINUOUS
 10
208.222511
 20
4.837891
 30
0.0
 11
210.325208
 21
6.930854
 31
0.0
  0
LINE
  8
0
  6
CONTINUOUS
 10
208.152462
 20
5.022135
 30
0.0
 11
210.559826
 21
7.418355
 31
0.0
  0
LINE
  8
0
  6
CONTINUOUS
 10
208.187780
 20
4.930307
 30
0.0
 11
210.442735
 21
7.174820
 31
0.0
  0
LINE
  8
0
  6
CONTINUOUS
 10
208.222511
 20
4.837891
 30
0.0
 11
210.325208
 21
6.930854
 31
0.0
  0
LINE
  8
0
  6
CONTINUOUS
 10
208.152462
 20
5.022135
 30
0.0
 11
210.559826
 21
7.418355
 31
0.0
  0
LINE
  8
0
  6
CONTINUOUS
 10
208.082346
 20
4.444446
 30
0.0
 11
210.089164
 21
6.441973
 31
0.0
  0
LINE
  8
0
  6
CONTINUOUS
 10
207.967589
 20
4.203235
 30
0.0
 11
209.970688
 21
6.197060
 31
0.0
  0
LINE
  8
0
  6
CONTINUOUS
 10
208.191002
 20
4.679585
 30
0.0
 11
210.207361
 21
6.686607
 31
0.0
  0
LINE
  8
0
  6
CONTINUOUS
 10
208.082346
 20
4.444446
 30
0.0
 11
210.089164
 21
6.441973
 31
0.0
  0
LINE
  8
0
  6
CONTINUOUS
 10
207.967589
 20
4.203235
 30
0.0
 11
209.970688
 21
6.197060
 31
0.0
  0
LINE
  8
0
  6
CONTINUOUS
 10
208.191002
 20
4.679585
 30
0.0
 11
210.207361
 21
6.686607
 31
0.0
  0
LINE
  8
0
  6
CONTINUOUS
 10
207.728745
 20
3.711488
 30
0.0
 11
209.732935
 21
5.706399
 31
0.0
  0
LINE
  8
0
  6
CONTINUOUS
 10
207.606965
 20
3.463287
 30
0.0
 11
209.613714
 21
5.460745
 31
0.0
  0
LINE
  8
0
  6
CONTINUOUS
 10
207.849457
 20
3.958626
 30
0.0
 11
209.851915
 21
5.951814
 31
0.0
  0
LINE
  8
0
  6
CONTINUOUS
 10
207.728745
 20
3.711488
 30
0.0
 11
209.732935
 21
5.706399
 31
0.0
  0
LINE
  8
0
  6
CONTINUOUS
 10
207.606965
 20
3.463287
 30
0.0
 11
209.613714
 21
5.460745
 31
0.0
  0
LINE
  8
0
  6
CONTINUOUS
 10
207.849457
 20
3.958626
 30
0.0
 11
209.851915
 21
5.951814
 31
0.0
  0
LINE
  8
0
  6
CONTINUOUS
 10
207.369699
 20
2.973194
 30
0.0
 11
209.374588
 21
4.968801
 31
0.0
  0
LINE
  8
0
  6
CONTINUOUS
 10
207.255926
 20
2.732963
 30
0.0
 11
209.254621
 21
4.722406
 31
0.0
  0
LINE
  8
0
  6
CONTINUOUS
 10
207.487154
 20
3.217091
 30
0.0
 11
209.494296
 21
5.214940
 31
0.0
  0
LINE
  8
0
  6
CONTINUOUS
 10
207.369699
 20
2.973194
 30
0.0
 11
209.374588
 21
4.968801
 31
0.0
  0
LINE
  8
0
  6
CONTINUOUS
 10
207.255926
 20
2.732963
 30
0.0
 11
209.254621
 21
4.722406
 31
0.0
  0
LINE
  8
0
  6
CONTINUOUS
 10
207.487154
 20
3.217091
 30
0.0
 11
209.494296
 21
5.214940
 31
0.0
  0
LINE
  8
0
  6
CONTINUOUS
 10
207.273263
 20
2.496717
 30
0.0
 11
209.014261
 21
4.229656
 31
0.0
  0
LINE
  8
0
  6
CONTINUOUS
 10
207.395822
 20
2.491724
 30
0.0
 11
208.893345
 21
3.982315
 31
0.0
  0
LINE
  8
0
  6
CONTINUOUS
 10
207.169090
 20
2.520012
 30
0.0
 11
209.134819
 21
4.476640
 31
0.0
  0
LINE
  8
0
  6
CONTINUOUS
 10
207.273263
 20
2.496717
 30
0.0
 11
209.014261
 21
4.229656
 31
0.0
  0
LINE
  8
0
  6
CONTINUOUS
 10
207.395822
 20
2.491724
 30
0.0
 11
208.893345
 21
3.982315
 31
0.0
  0
LINE
  8
0
  6
CONTINUOUS
 10
207.169090
 20
2.520012
 30
0.0
 11
209.134819
 21
4.476640
 31
0.0
  0
LINE
  8
0
  6
CONTINUOUS
 10
207.649147
 20
2.489656
 30
0.0
 11
208.649855
 21
3.485730
 31
0.0
  0
LINE
  8
0
  6
CONTINUOUS
 10
207.776722
 20
2.489655
 30
0.0
 11
208.527191
 21
3.236650
 31
0.0
  0
LINE
  8
0
  6
CONTINUOUS
 10
207.521971
 20
2.490054
 30
0.0
 11
208.771755
 21
3.734052
 31
0.0
  0
LINE
  8
0
  6
CONTINUOUS
 10
207.649147
 20
2.489656
 30
0.0
 11
208.649855
 21
3.485730
 31
0.0
  0
LINE
  8
0
  6
CONTINUOUS
 10
207.776722
 20
2.489655
 30
0.0
 11
208.527191
 21
3.236650
 31
0.0
  0
LINE
  8
0
  6
CONTINUOUS
 10
207.521971
 20
2.490054
 30
0.0
 11
208.771755
 21
3.734052
 31
0.0
  0
LINE
  8
0
  6
CONTINUOUS
 10
208.031836
 20
2.489655
 30
0.0
 11
208.276959
 21
2.733643
 31
0.0
  0
LINE
  8
0
  6
CONTINUOUS
 10
212.056034
 20
6.368238
 30
0.0
 11
212.732319
 21
7.041392
 31
0.0
  0
LINE
  8
0
  6
CONTINUOUS
 10
207.904260
 20
2.489655
 30
0.0
 11
208.403361
 21
2.986446
 31
0.0
  0
LINE
  8
0
  6
CONTINUOUS
 10
208.031836
 20
2.489655
 30
0.0
 11
208.276959
 21
2.733643
 31
0.0
  0
LINE
  8
0
  6
CONTINUOUS
 10
212.056034
 20
6.368238
 30
0.0
 11
212.732319
 21
7.041392
 31
0.0
  0
LINE
  8
0
  6
CONTINUOUS
 10
207.904260
 20
2.489655
 30
0.0
 11
208.403361
 21
2.986446
 31
0.0
  0
LINE
  8
0
  6
CONTINUOUS
 10
211.084406
 20
5.147576
 30
0.0
 11
211.148535
 21
5.211408
 31
0.0
  0
LINE
  8
0
  6
CONTINUOUS
 10
211.125381
 20
5.061377
 30
0.0
 11
211.471644
 21
5.406037
 31
0.0
  0
LINE
  8
0
  6
CONTINUOUS
 10
212.139596
 20
6.324866
 30
0.0
 11
212.819512
 21
7.001634
 31
0.0
  0
LINE
  8
0
  6
CONTINUOUS
 10
211.084406
 20
5.147576
 30
0.0
 11
211.148535
 21
5.211408
 31
0.0
  0
LINE
  8
0
  6
CONTINUOUS
 10
211.125381
 20
5.061377
 30
0.0
 11
211.471644
 21
5.406037
 31
0.0
  0
LINE
  8
0
  6
CONTINUOUS
 10
212.139596
 20
6.324866
 30
0.0
 11
212.819512
 21
7.001634
 31
0.0
  0
LINE
  8
0
  6
CONTINUOUS
 10
211.223200
 20
4.904252
 30
0.0
 11
211.899266
 21
5.577189
 31
0.0
  0
LINE
  8
0
  6
CONTINUOUS
 10
211.277706
 20
4.831522
 30
0.0
 11
211.944385
 21
5.495114
 31
0.0
  0
LINE
  8
0
  6
CONTINUOUS
 10
211.172729
 20
4.981001
 30
0.0
 11
211.746708
 21
5.552323
 31
0.0
  0
LINE
  8
0
  6
CONTINUOUS
 10
211.223200
 20
4.904252
 30
0.0
 11
211.899266
 21
5.577189
 31
0.0
  0
LINE
  8
0
  6
CONTINUOUS
 10
211.277706
 20
4.831522
 30
0.0
 11
211.944385
 21
5.495114
 31
0.0
  0
LINE
  8
0
  6
CONTINUOUS
 10
211.172729
 20
4.981001
 30
0.0
 11
211.746708
 21
5.552323
 31
0.0
  0
LINE
  8
0
  6
CONTINUOUS
 10
211.398499
 20
4.697790
 30
0.0
 11
212.038702
 21
5.335029
 31
0.0
  0
LINE
  8
0
  6
CONTINUOUS
 10
211.464598
 20
4.636598
 30
0.0
 11
212.098219
 21
5.267285
 31
0.0
  0
LINE
  8
0
  6
CONTINUOUS
 10
211.336178
 20
4.762743
 30
0.0
 11
211.986236
 21
5.409791
 31
0.0
  0
LINE
  8
0
  6
CONTINUOUS
 10
211.398499
 20
4.697790
 30
0.0
 11
212.038702
 21
5.335029
 31
0.0
  0
LINE
  8
0
  6
CONTINUOUS
 10
211.464598
 20
4.636598
 30
0.0
 11
212.098219
 21
5.267285
 31
0.0
  0
LINE
  8
0
  6
CONTINUOUS
 10
211.336178
 20
4.762743
 30
0.0
 11
211.986236
 21
5.409791
 31
0.0
  0
LINE
  8
0
  6
CONTINUOUS
 10
211.608128
 20
4.525488
 30
0.0
 11
212.235328
 21
5.149785
 31
0.0
  0
LINE
  8
0
  6
CONTINUOUS
 10
211.685685
 20
4.475702
 30
0.0
 11
212.314359
 21
5.101465
 31
0.0
  0
LINE
  8
0
  6
CONTINUOUS
 10
211.534464
 20
4.579150
 30
0.0
 11
212.163727
 21
5.205500
 31
0.0
  0
LINE
  8
0
  6
CONTINUOUS
 10
211.608128
 20
4.525488
 30
0.0
 11
212.235328
 21
5.149785
 31
0.0
  0
LINE
  8
0
  6
CONTINUOUS
 10
211.685685
 20
4.475702
 30
0.0
 11
212.314359
 21
5.101465
 31
0.0
  0
LINE
  8
0
  6
CONTINUOUS
 10
211.534464
 20
4.579150
 30
0.0
 11
212.163727
 21
5.205500
 31
0.0
  0
LINE
  8
0
  6
CONTINUOUS
 10
211.853154
 20
4.388450
 30
0.0
 11
212.499838
 21
5.032140
 31
0.0
  0
LINE
  8
0
  6
CONTINUOUS
 10
211.943632
 20
4.351524
 30
0.0
 11
212.604638
 21
5.009471
 31
0.0
  0
LINE
  8
0
  6
CONTINUOUS
 10
211.767274
 20
4.429952
 30
0.0
 11
212.403280
 21
5.063014
 31
0.0
  0
LINE
  8
0
  6
CONTINUOUS
 10
211.853154
 20
4.388450
 30
0.0
 11
212.499838
 21
5.032140
 31
0.0
  0
LINE
  8
0
  6
CONTINUOUS
 10
211.943632
 20
4.351524
 30
0.0
 11
212.604638
 21
5.009471
 31
0.0
  0
LINE
  8
0
  6
CONTINUOUS
 10
211.767274
 20
4.429952
 30
0.0
 11
212.403280
 21
5.063014
 31
0.0
  0
LINE
  8
0
  6
CONTINUOUS
 10
212.140487
 20
4.293312
 30
0.0
 11
212.849464
 21
4.999007
 31
0.0
  0
LINE
  8
0
  6
CONTINUOUS
 10
212.249515
 20
4.274849
 30
0.0
 11
213.003490
 21
5.025335
 31
0.0
  0
LINE
  8
0
  6
CONTINUOUS
 10
212.039297
 20
4.319575
 30
0.0
 11
212.719951
 21
4.997078
 31
0.0
  0
LINE
  8
0
  6
CONTINUOUS
 10
212.140487
 20
4.293312
 30
0.0
 11
212.849464
 21
4.999007
 31
0.0
  0
LINE
  8
0
  6
CONTINUOUS
 10
212.249515
 20
4.274849
 30
0.0
 11
213.003490
 21
5.025335
 31
0.0
  0
LINE
  8
0
  6
CONTINUOUS
 10
212.039297
 20
4.319575
 30
0.0
 11
212.719951
 21
4.997078
 31
0.0
  0
LINE
  8
0
  6
CONTINUOUS
 10
212.485122
 20
4.255584
 30
0.0
 11
214.292072
 21
6.054168
 31
0.0
  0
LINE
  8
0
  6
CONTINUOUS
 10
212.608462
 20
4.251367
 30
0.0
 11
214.332447
 21
5.967371
 31
0.0
  0
LINE
  8
0
  6
CONTINUOUS
 10
212.365104
 20
4.263107
 30
0.0
 11
214.248027
 21
6.137312
 31
0.0
  0
LINE
  8
0
  6
CONTINUOUS
 10
212.485122
 20
4.255584
 30
0.0
 11
214.292072
 21
6.054168
 31
0.0
  0
LINE
  8
0
  6
CONTINUOUS
 10
212.608462
 20
4.251367
 30
0.0
 11
214.332447
 21
5.967371
 31
0.0
  0
LINE
  8
0
  6
CONTINUOUS
 10
212.365104
 20
4.263107
 30
0.0
 11
214.248027
 21
6.137312
 31
0.0
  0
LINE
  8
0
  6
CONTINUOUS
 10
212.863792
 20
4.251948
 30
0.0
 11
214.377200
 21
5.758350
 31
0.0
  0
LINE
  8
0
  6
CONTINUOUS
 10
212.996816
 20
4.257371
 30
0.0
 11
214.380169
 21
5.634319
 31
0.0
  0
LINE
  8
0
  6
CONTINUOUS
 10
212.734392
 20
4.250132
 30
0.0
 11
214.363620
 21
5.871817
 31
0.0
  0
LINE
  8
0
  6
CONTINUOUS
 10
212.863792
 20
4.251948
 30
0.0
 11
214.377200
 21
5.758350
 31
0.0
  0
LINE
  8
0
  6
CONTINUOUS
 10
212.996816
 20
4.257371
 30
0.0
 11
214.380169
 21
5.634319
 31
0.0
  0
LINE
  8
0
  6
CONTINUOUS
 10
212.734392
 20
4.250132
 30
0.0
 11
214.363620
 21
5.871817
 31
0.0
  0
LINE
  8
0
  6
CONTINUOUS
 10
213.283587
 20
4.289277
 30
0.0
 11
214.379038
 21
5.379657
 31
0.0
  0
LINE
  8
0
  6
CONTINUOUS
 10
213.460228
 20
4.338116
 30
0.0
 11
214.368843
 21
5.242525
 31
0.0
  0
LINE
  8
0
  6
CONTINUOUS
 10
213.134539
 20
4.267905
 30
0.0
 11
214.380382
 21
5.507980
 31
0.0
  0
LINE
  8
0
  6
CONTINUOUS
 10
213.283587
 20
4.289277
 30
0.0
 11
214.379038
 21
5.379657
 31
0.0
  0
LINE
  8
0
  6
CONTINUOUS
 10
213.460228
 20
4.338116
 30
0.0
 11
214.368843
 21
5.242525
 31
0.0
  0
LINE
  8
0
  6
CONTINUOUS
 10
213.134539
 20
4.267905
 30
0.0
 11
214.380382
 21
5.507980
 31
0.0
  0
LINE
  8
0
  6
CONTINUOUS
 10
215.425014
 20
6.039119
 30
0.0
 11
216.289921
 21
6.900022
 31
0.0
  0
LINE
  8
0
  6
CONTINUOUS
 10
215.468009
 20
5.954930
 30
0.0
 11
216.317299
 21
6.800287
 31
0.0
  0
LINE
  8
0
  6
CONTINUOUS
 10
213.679575
 20
4.428746
 30
0.0
 11
214.304029
 21
5.050309
 31
0.0
  0
LINE
  8
0
  6
CONTINUOUS
 10
215.425014
 20
6.039119
 30
0.0
 11
216.289921
 21
6.900022
 31
0.0
  0
LINE
  8
0
  6
CONTINUOUS
 10
215.468009
 20
5.954930
 30
0.0
 11
216.317299
 21
6.800287
 31
0.0
  0
LINE
  8
0
  6
CONTINUOUS
 10
213.679575
 20
4.428746
 30
0.0
 11
214.304029
 21
5.050309
 31
0.0
  0
LINE
  8
0
  6
CONTINUOUS
 10
215.560056
 20
5.792274
 30
0.0
 11
216.382218
 21
6.610632
 31
0.0
  0
LINE
  8
0
  6
CONTINUOUS
 10
215.608922
 20
5.713930
 30
0.0
 11
216.419410
 21
6.520666
 31
0.0
  0
LINE
  8
0
  6
CONTINUOUS
 10
215.513108
 20
5.872530
 30
0.0
 11
216.348163
 21
6.703719
 31
0.0
  0
LINE
  8
0
  6
CONTINUOUS
 10
215.560056
 20
5.792274
 30
0.0
 11
216.382218
 21
6.610632
 31
0.0
  0
LINE
  8
0
  6
CONTINUOUS
 10
215.608922
 20
5.713930
 30
0.0
 11
216.419410
 21
6.520666
 31
0.0
  0
LINE
  8
0
  6
CONTINUOUS
 10
215.513108
 20
5.872530
 30
0.0
 11
216.348163
 21
6.703719
 31
0.0
  0
LINE
  8
0
  6
CONTINUOUS
 10
215.712300
 20
5.562852
 30
0.0
 11
216.502810
 21
6.349702
 31
0.0
  0
LINE
  8
0
  6
CONTINUOUS
 10
215.766762
 20
5.490077
 30
0.0
 11
216.548863
 21
6.268556
 31
0.0
  0
LINE
  8
0
  6
CONTINUOUS
 10
215.659680
 20
5.637461
 30
0.0
 11
216.459638
 21
6.433714
 31
0.0
  0
LINE
  8
0
  6
CONTINUOUS
 10
215.712300
 20
5.562852
 30
0.0
 11
216.502810
 21
6.349702
 31
0.0
  0
LINE
  8
0
  6
CONTINUOUS
 10
215.766762
 20
5.490077
 30
0.0
 11
216.548863
 21
6.268556
 31
0.0
  0
LINE
  8
0
  6
CONTINUOUS
 10
215.659680
 20
5.637461
 30
0.0
 11
216.459638
 21
6.433714
 31
0.0
  0
LINE
  8
0
  6
CONTINUOUS
 10
215.880406
 20
5.350834
 30
0.0
 11
216.648732
 21
6.115604
 31
0.0
  0
LINE
  8
0
  6
CONTINUOUS
 10
215.940290
 20
5.283458
 30
0.0
 11
216.703120
 21
6.042754
 31
0.0
  0
LINE
  8
0
  6
CONTINUOUS
 10
215.822326
 20
5.420008
 30
0.0
 11
216.597103
 21
6.191198
 31
0.0
  0
LINE
  8
0
  6
CONTINUOUS
 10
215.880406
 20
5.350834
 30
0.0
 11
216.648732
 21
6.115604
 31
0.0
  0
LINE
  8
0
  6
CONTINUOUS
 10
215.940290
 20
5.283458
 30
0.0
 11
216.703120
 21
6.042754
 31
0.0
  0
LINE
  8
0
  6
CONTINUOUS
 10
215.822326
 20
5.420008
 30
0.0
 11
216.597103
 21
6.191198
 31
0.0
  0
LINE
  8
0
  6
CONTINUOUS
 10
216.065814
 20
5.153729
 30
0.0
 11
216.820463
 21
5.904883
 31
0.0
  0
LINE
  8
0
  6
CONTINUOUS
 10
216.131109
 20
5.091736
 30
0.0
 11
216.883102
 21
5.840248
 31
0.0
  0
LINE
  8
0
  6
CONTINUOUS
 10
216.002321
 20
5.217514
 30
0.0
 11
216.760575
 21
5.972257
 31
0.0
  0
LINE
  8
0
  6
CONTINUOUS
 10
216.065814
 20
5.153729
 30
0.0
 11
216.820463
 21
5.904883
 31
0.0
  0
LINE
  8
0
  6
CONTINUOUS
 10
216.131109
 20
5.091736
 30
0.0
 11
216.883102
 21
5.840248
 31
0.0
  0
LINE
  8
0
  6
CONTINUOUS
 10
216.002321
 20
5.217514
 30
0.0
 11
216.760575
 21
5.972257
 31
0.0
  0
LINE
  8
0
  6
CONTINUOUS
 10
216.267062
 20
4.973218
 30
0.0
 11
217.016661
 21
5.719346
 31
0.0
  0
LINE
  8
0
  6
CONTINUOUS
 10
216.337813
 20
4.916656
 30
0.0
 11
217.087727
 21
5.663098
 31
0.0
  0
LINE
  8
0
  6
CONTINUOUS
 10
216.198143
 20
5.031602
 30
0.0
 11
216.948447
 21
5.778432
 31
0.0
  0
LINE
  8
0
  6
CONTINUOUS
 10
216.267062
 20
4.973218
 30
0.0
 11
217.016661
 21
5.719346
 31
0.0
  0
LINE
  8
0
  6
CONTINUOUS
 10
216.337813
 20
4.916656
 30
0.0
 11
217.087727
 21
5.663098
 31
0.0
  0
LINE
  8
0
  6
CONTINUOUS
 10
216.198143
 20
5.031602
 30
0.0
 11
216.948447
 21
5.778432
 31
0.0
  0
LINE
  8
0
  6
CONTINUOUS
 10
216.483959
 20
4.809723
 30
0.0
 11
217.237705
 21
5.559980
 31
0.0
  0
LINE
  8
0
  6
CONTINUOUS
 10
216.560311
 20
4.758737
 30
0.0
 11
217.317714
 21
5.512634
 31
0.0
  0
LINE
  8
0
  6
CONTINUOUS
 10
216.409507
 20
4.862600
 30
0.0
 11
217.160775
 21
5.610391
 31
0.0
  0
LINE
  8
0
  6
CONTINUOUS
 10
216.483959
 20
4.809723
 30
0.0
 11
217.237705
 21
5.559980
 31
0.0
  0
LINE
  8
0
  6
CONTINUOUS
 10
216.560311
 20
4.758737
 30
0.0
 11
217.317714
 21
5.512634
 31
0.0
  0
LINE
  8
0
  6
CONTINUOUS
 10
216.409507
 20
4.862600
 30
0.0
 11
217.160775
 21
5.610391
 31
0.0
  0
LINE
  8
0
  6
CONTINUOUS
 10
216.718594
 20
4.662715
 30
0.0
 11
217.487162
 21
5.427724
 31
0.0
  0
LINE
  8
0
  6
CONTINUOUS
 10
216.800854
 20
4.617609
 30
0.0
 11
217.577153
 21
5.390314
 31
0.0
  0
LINE
  8
0
  6
CONTINUOUS
 10
216.638347
 20
4.709824
 30
0.0
 11
217.400649
 21
5.468597
 31
0.0
  0
LINE
  8
0
  6
CONTINUOUS
 10
216.718594
 20
4.662715
 30
0.0
 11
217.487162
 21
5.427724
 31
0.0
  0
LINE
  8
0
  6
CONTINUOUS
 10
216.800854
 20
4.617609
 30
0.0
 11
217.577153
 21
5.390314
 31
0.0
  0
LINE
  8
0
  6
CONTINUOUS
 10
216.638347
 20
4.709824
 30
0.0
 11
217.400649
 21
5.468597
 31
0.0
  0
LINE
  8
0
  6
CONTINUOUS
 10
216.971520
 20
4.533648
 30
0.0
 11
217.768245
 21
5.326685
 31
0.0
  0
LINE
  8
0
  6
CONTINUOUS
 10
217.060134
 20
4.494867
 30
0.0
 11
217.869927
 21
5.300910
 31
0.0
  0
LINE
  8
0
  6
CONTINUOUS
 10
216.885085
 20
4.574598
 30
0.0
 11
217.670710
 21
5.356584
 31
0.0
  0
LINE
  8
0
  6
CONTINUOUS
 10
216.971520
 20
4.533648
 30
0.0
 11
217.768245
 21
5.326685
 31
0.0
  0
LINE
  8
0
  6
CONTINUOUS
 10
217.060134
 20
4.494867
 30
0.0
 11
217.869927
 21
5.300910
 31
0.0
  0
LINE
  8
0
  6
CONTINUOUS
 10
216.885085
 20
4.574598
 30
0.0
 11
217.670710
 21
5.356584
 31
0.0
  0
LINE
  8
0
  6
CONTINUOUS
 10
217.244569
 20
4.423971
 30
0.0
 11
218.092333
 21
5.267811
 31
0.0
  0
LINE
  8
0
  6
CONTINUOUS
 10
217.340193
 20
4.392169
 30
0.0
 11
218.212258
 21
5.260197
 31
0.0
  0
LINE
  8
0
  6
CONTINUOUS
 10
217.151365
 20
4.458184
 30
0.0
 11
217.977817
 21
5.280811
 31
0.0
  0
LINE
  8
0
  6
CONTINUOUS
 10
217.244569
 20
4.423971
 30
0.0
 11
218.092333
 21
5.267811
 31
0.0
  0
LINE
  8
0
  6
CONTINUOUS
 10
217.340193
 20
4.392169
 30
0.0
 11
218.212258
 21
5.260197
 31
0.0
  0
LINE
  8
0
  6
CONTINUOUS
 10
217.151365
 20
4.458184
 30
0.0
 11
217.977817
 21
5.280811
 31
0.0
  0
LINE
  8
0
  6
CONTINUOUS
 10
217.539043
 20
4.336235
 30
0.0
 11
218.465475
 21
5.258378
 31
0.0
  0
LINE
  8
0
  6
CONTINUOUS
 10
217.642598
 20
4.312326
 30
0.0
 11
218.598637
 21
5.263938
 31
0.0
  0
LINE
  8
0
  6
CONTINUOUS
 10
217.438258
 20
4.362902
 30
0.0
 11
218.336674
 21
5.257158
 31
0.0
  0
LINE
  8
0
  6
CONTINUOUS
 10
217.539043
 20
4.336235
 30
0.0
 11
218.465475
 21
5.258378
 31
0.0
  0
LINE
  8
0
  6
CONTINUOUS
 10
217.642598
 20
4.312326
 30
0.0
 11
218.598637
 21
5.263938
 31
0.0
  0
LINE
  8
0
  6
CONTINUOUS
 10
217.438258
 20
4.362902
 30
0.0
 11
218.336674
 21
5.257158
 31
0.0
  0
LINE
  8
0
  6
CONTINUOUS
 10
208.116895
 20
5.113718
 30
0.0
 11
210.676360
 21
7.661334
 31
0.0
  0
LINE
  8
0
  6
CONTINUOUS
 10
208.152462
 20
5.022135
 30
0.0
 11
210.559826
 21
7.418355
 31
0.0
  0
LINE
  8
0
  6
CONTINUOUS
 10
208.081177
 20
5.205151
 30
0.0
 11
208.748828
 21
5.869710
 31
0.0
  0
LINE
  8
0
  6
CONTINUOUS
 10
208.116895
 20
5.113718
 30
0.0
 11
210.676360
 21
7.661334
 31
0.0
  0
LINE
  8
0
  6
CONTINUOUS
 10
217.978337
 20
4.265556
 30
0.0
 11
219.034405
 21
5.316734
 31
0.0
  0
LINE
  8
0
  6
CONTINUOUS
 10
218.101536
 20
4.261200
 30
0.0
 11
219.207006
 21
5.361551
 31
0.0
  0
LINE
  8
0
  6
CONTINUOUS
 10
217.859079
 20
4.273834
 30
0.0
 11
218.880877
 21
5.290902
 31
0.0
  0
LINE
  8
0
  6
CONTINUOUS
 10
217.978337
 20
4.265556
 30
0.0
 11
219.034405
 21
5.316734
 31
0.0
  0
LINE
  8
0
  6
CONTINUOUS
 10
218.101536
 20
4.261200
 30
0.0
 11
219.207006
 21
5.361551
 31
0.0
  0
LINE
  8
0
  6
CONTINUOUS
 10
217.859079
 20
4.273834
 30
0.0
 11
218.880877
 21
5.290902
 31
0.0
  0
LINE
  8
0
  6
CONTINUOUS
 10
218.353446
 20
4.258015
 30
0.0
 11
219.636728
 21
5.535355
 31
0.0
  0
LINE
  8
0
  6
CONTINUOUS
 10
218.481616
 20
4.258605
 30
0.0
 11
219.919216
 21
5.689551
 31
0.0
  0
LINE
  8
0
  6
CONTINUOUS
 10
218.226704
 20
4.258844
 30
0.0
 11
219.405943
 21
5.432624
 31
0.0
  0
LINE
  8
0
  6
CONTINUOUS
 10
218.353446
 20
4.258015
 30
0.0
 11
219.636728
 21
5.535355
 31
0.0
  0
LINE
  8
0
  6
CONTINUOUS
 10
218.481616
 20
4.258605
 30
0.0
 11
219.919216
 21
5.689551
 31
0.0
  0
LINE
  8
0
  6
CONTINUOUS
 10
218.226704
 20
4.258844
 30
0.0
 11
219.405943
 21
5.432624
 31
0.0
  0
LINE
  8
0
  6
CONTINUOUS
 10
218.741953
 20
4.263727
 30
0.0
 11
220.430029
 21
5.943988
 31
0.0
  0
LINE
  8
0
  6
CONTINUOUS
 10
218.874305
 20
4.268483
 30
0.0
 11
220.436830
 21
5.823773
 31
0.0
  0
LINE
  8
0
  6
CONTINUOUS
 10
218.611275
 20
4.260640
 30
0.0
 11
220.309080
 21
5.950585
 31
0.0
  0
LINE
  8
0
  6
CONTINUOUS
 10
218.741953
 20
4.263727
 30
0.0
 11
220.430029
 21
5.943988
 31
0.0
  0
LINE
  8
0
  6
CONTINUOUS
 10
218.874305
 20
4.268483
 30
0.0
 11
220.436830
 21
5.823773
 31
0.0
  0
LINE
  8
0
  6
CONTINUOUS
 10
218.611275
 20
4.260640
 30
0.0
 11
220.309080
 21
5.950585
 31
0.0
  0
LINE
  8
0
  6
CONTINUOUS
 10
219.152904
 20
4.291867
 30
0.0
 11
220.437888
 21
5.570902
 31
0.0
  0
LINE
  8
0
  6
CONTINUOUS
 10
219.310536
 20
4.321784
 30
0.0
 11
220.436600
 21
5.442636
 31
0.0
  0
LINE
  8
0
  6
CONTINUOUS
 10
219.009970
 20
4.276580
 30
0.0
 11
220.438287
 21
5.698285
 31
0.0
  0
LINE
  8
0
  6
CONTINUOUS
 10
219.152904
 20
4.291867
 30
0.0
 11
220.437888
 21
5.570902
 31
0.0
  0
LINE
  8
0
  6
CONTINUOUS
 10
219.310536
 20
4.321784
 30
0.0
 11
220.436600
 21
5.442636
 31
0.0
  0
LINE
  8
0
  6
CONTINUOUS
 10
219.009970
 20
4.276580
 30
0.0
 11
220.438287
 21
5.698285
 31
0.0
  0
LINE
  8
0
  6
CONTINUOUS
 10
219.674923
 20
4.430983
 30
0.0
 11
220.433245
 21
5.185793
 31
0.0
  0
LINE
  8
0
  6
CONTINUOUS
 10
219.888607
 20
4.516693
 30
0.0
 11
220.431557
 21
5.057128
 31
0.0
  0
LINE
  8
0
  6
CONTINUOUS
 10
219.484689
 20
4.368615
 30
0.0
 11
220.434933
 21
5.314459
 31
0.0
  0
LINE
  8
0
  6
CONTINUOUS
 10
219.674923
 20
4.430983
 30
0.0
 11
220.433245
 21
5.185793
 31
0.0
  0
LINE
  8
0
  6
CONTINUOUS
 10
219.888607
 20
4.516693
 30
0.0
 11
220.431557
 21
5.057128
 31
0.0
  0
LINE
  8
0
  6
CONTINUOUS
 10
219.484689
 20
4.368615
 30
0.0
 11
220.434933
 21
5.314459
 31
0.0
  0
LINE
  8
0
  6
CONTINUOUS
 10
221.443409
 20
5.810075
 30
0.0
 11
223.460397
 21
7.817725
 31
0.0
  0
LINE
  8
0
  6
CONTINUOUS
 10
221.336365
 20
5.576543
 30
0.0
 11
223.356949
 21
7.587772
 31
0.0
  0
LINE
  8
0
  6
CONTINUOUS
 10
220.147239
 20
4.646890
 30
0.0
 11
220.429866
 21
4.928209
 31
0.0
  0
LINE
  8
0
  6
CONTINUOUS
 10
221.443409
 20
5.810075
 30
0.0
 11
223.460397
 21
7.817725
 31
0.0
  0
LINE
  8
0
  6
CONTINUOUS
 10
221.336365
 20
5.576543
 30
0.0
 11
223.356949
 21
7.587772
 31
0.0
  0
LINE
  8
0
  6
CONTINUOUS
 10
220.147239
 20
4.646890
 30
0.0
 11
220.429866
 21
4.928209
 31
0.0
  0
LINE
  8
0
  6
CONTINUOUS
 10
221.124920
 20
5.112143
 30
0.0
 11
223.151835
 21
7.129674
 31
0.0
  0
LINE
  8
0
  6
CONTINUOUS
 10
221.021278
 20
4.881996
 30
0.0
 11
223.073639
 21
6.924855
 31
0.0
  0
LINE
  8
0
  6
CONTINUOUS
 10
221.230134
 20
5.343855
 30
0.0
 11
223.253980
 21
7.358331
 31
0.0
  0
LINE
  8
0
  6
CONTINUOUS
 10
221.124920
 20
5.112143
 30
0.0
 11
223.151835
 21
7.129674
 31
0.0
  0
LINE
  8
0
  6
CONTINUOUS
 10
221.021278
 20
4.881996
 30
0.0
 11
223.073639
 21
6.924855
 31
0.0
  0
LINE
  8
0
  6
CONTINUOUS
 10
221.230134
 20
5.343855
 30
0.0
 11
223.253980
 21
7.358331
 31
0.0
  0
LINE
  8
0
  6
CONTINUOUS
 10
220.831228
 20
4.439294
 30
0.0
 11
223.328350
 21
6.924855
 31
0.0
  0
LINE
  8
0
  6
CONTINUOUS
 10
220.924809
 20
4.405456
 30
0.0
 11
223.455926
 21
6.924855
 31
0.0
  0
LINE
  8
0
  6
CONTINUOUS
 10
220.920860
 20
4.655495
 30
0.0
 11
223.200774
 21
6.924855
 31
0.0
  0
LINE
  8
0
  6
CONTINUOUS
 10
220.831228
 20
4.439294
 30
0.0
 11
223.328350
 21
6.924855
 31
0.0
  0
LINE
  8
0
  6
CONTINUOUS
 10
220.924809
 20
4.405456
 30
0.0
 11
223.455926
 21
6.924855
 31
0.0
  0
LINE
  8
0
  6
CONTINUOUS
 10
220.920860
 20
4.655495
 30
0.0
 11
223.200774
 21
6.924855
 31
0.0
  0
LINE
  8
0
  6
CONTINUOUS
 10
221.165597
 20
4.390640
 30
0.0
 11
222.539476
 21
5.758158
 31
0.0
  0
LINE
  8
0
  6
CONTINUOUS
 10
221.290390
 20
4.387870
 30
0.0
 11
222.435167
 21
5.527349
 31
0.0
  0
LINE
  8
0
  6
CONTINUOUS
 10
221.043361
 20
4.395955
 30
0.0
 11
223.584024
 21
6.924855
 31
0.0
  0
LINE
  8
0
  6
CONTINUOUS
 10
221.165597
 20
4.390640
 30
0.0
 11
222.539476
 21
5.758158
 31
0.0
  0
LINE
  8
0
  6
CONTINUOUS
 10
221.290390
 20
4.387870
 30
0.0
 11
222.435167
 21
5.527349
 31
0.0
  0
LINE
  8
0
  6
CONTINUOUS
 10
221.043361
 20
4.395955
 30
0.0
 11
223.584024
 21
6.924855
 31
0.0
  0
LINE
  8
0
  6
CONTINUOUS
 10
221.546297
 20
4.388627
 30
0.0
 11
222.226252
 21
5.065434
 31
0.0
  0
LINE
  8
0
  6
CONTINUOUS
 10
221.677989
 20
4.392725
 30
0.0
 11
222.120516
 21
4.833202
 31
0.0
  0
LINE
  8
0
  6
CONTINUOUS
 10
221.417279
 20
4.387191
 30
0.0
 11
222.330863
 21
5.296546
 31
0.0
  0
LINE
  8
0
  6
CONTINUOUS
 10
221.546297
 20
4.388627
 30
0.0
 11
222.226252
 21
5.065434
 31
0.0
  0
LINE
  8
0
  6
CONTINUOUS
 10
221.677989
 20
4.392725
 30
0.0
 11
222.120516
 21
4.833202
 31
0.0
  0
LINE
  8
0
  6
CONTINUOUS
 10
221.417279
 20
4.387191
 30
0.0
 11
222.330863
 21
5.296546
 31
0.0
  0
LINE
  8
0
  6
CONTINUOUS
 10
223.565634
 20
6.017655
 30
0.0
 11
224.482359
 21
6.930136
 31
0.0
  0
LINE
  8
0
  6
CONTINUOUS
 10
223.693209
 20
6.017655
 30
0.0
 11
224.616896
 21
6.937066
 31
0.0
  0
LINE
  8
0
  6
CONTINUOUS
 10
221.814438
 20
4.401552
 30
0.0
 11
222.013042
 21
4.599236
 31
0.0
  0
LINE
  8
0
  6
CONTINUOUS
 10
223.565634
 20
6.017655
 30
0.0
 11
224.482359
 21
6.930136
 31
0.0
  0
LINE
  8
0
  6
CONTINUOUS
 10
223.693209
 20
6.017655
 30
0.0
 11
224.616896
 21
6.937066
 31
0.0
  0
LINE
  8
0
  6
CONTINUOUS
 10
221.814438
 20
4.401552
 30
0.0
 11
222.013042
 21
4.599236
 31
0.0
  0
LINE
  8
0
  6
CONTINUOUS
 10
223.948336
 20
6.017655
 30
0.0
 11
225.492654
 21
7.554824
 31
0.0
  0
LINE
  8
0
  6
CONTINUOUS
 10
224.075911
 20
6.017655
 30
0.0
 11
225.532937
 21
7.467935
 31
0.0
  0
LINE
  8
0
  6
CONTINUOUS
 10
223.820760
 20
6.017655
 30
0.0
 11
225.452355
 21
7.641696
 31
0.0
  0
LINE
  8
0
  6
CONTINUOUS
 10
223.948336
 20
6.017655
 30
0.0
 11
225.492654
 21
7.554824
 31
0.0
  0
LINE
  8
0
  6
CONTINUOUS
 10
224.075911
 20
6.017655
 30
0.0
 11
225.532937
 21
7.467935
 31
0.0
  0
LINE
  8
0
  6
CONTINUOUS
 10
223.820760
 20
6.017655
 30
0.0
 11
225.452355
 21
7.641696
 31
0.0
  0
LINE
  8
0
  6
CONTINUOUS
 10
224.331250
 20
6.017655
 30
0.0
 11
225.613511
 21
7.293980
 31
0.0
  0
LINE
  8
0
  6
CONTINUOUS
 10
224.458825
 20
6.017655
 30
0.0
 11
225.653744
 21
7.207041
 31
0.0
  0
LINE
  8
0
  6
CONTINUOUS
 10
224.203674
 20
6.017655
 30
0.0
 11
225.573262
 21
7.380902
 31
0.0
  0
LINE
  8
0
  6
CONTINUOUS
 10
224.331250
 20
6.017655
 30
0.0
 11
225.613511
 21
7.293980
 31
0.0
  0
LINE
  8
0
  6
CONTINUOUS
 10
224.458825
 20
6.017655
 30
0.0
 11
225.653744
 21
7.207041
 31
0.0
  0
LINE
  8
0
  6
CONTINUOUS
 10
224.203674
 20
6.017655
 30
0.0
 11
225.573262
 21
7.380902
 31
0.0
  0
LINE
  8
0
  6
CONTINUOUS
 10
224.713788
 20
6.017655
 30
0.0
 11
225.734097
 21
7.033241
 31
0.0
  0
LINE
  8
0
  6
CONTINUOUS
 10
224.841363
 20
6.017655
 30
0.0
 11
225.774277
 21
6.946250
 31
0.0
  0
LINE
  8
0
  6
CONTINUOUS
 10
224.586212
 20
6.017655
 30
0.0
 11
225.693899
 21
7.120214
 31
0.0
  0
LINE
  8
0
  6
CONTINUOUS
 10
224.713788
 20
6.017655
 30
0.0
 11
225.734097
 21
7.033241
 31
0.0
  0
LINE
  8
0
  6
CONTINUOUS
 10
224.841363
 20
6.017655
 30
0.0
 11
225.774277
 21
6.946250
 31
0.0
  0
LINE
  8
0
  6
CONTINUOUS
 10
224.586212
 20
6.017655
 30
0.0
 11
225.693899
 21
7.120214
 31
0.0
  0
LINE
  8
0
  6
CONTINUOUS
 10
225.094649
 20
6.016201
 30
0.0
 11
225.854455
 21
6.772490
 31
0.0
  0
LINE
  8
0
  6
CONTINUOUS
 10
225.133514
 20
5.927901
 30
0.0
 11
225.894580
 21
6.685443
 31
0.0
  0
LINE
  8
0
  6
CONTINUOUS
 10
224.968535
 20
6.017655
 30
0.0
 11
225.814312
 21
6.859517
 31
0.0
  0
LINE
  8
0
  6
CONTINUOUS
 10
225.094649
 20
6.016201
 30
0.0
 11
225.854455
 21
6.772490
 31
0.0
  0
LINE
  8
0
  6
CONTINUOUS
 10
225.133514
 20
5.927901
 30
0.0
 11
225.894580
 21
6.685443
 31
0.0
  0
LINE
  8
0
  6
CONTINUOUS
 10
224.968535
 20
6.017655
 30
0.0
 11
225.814312
 21
6.859517
 31
0.0
  0
LINE
  8
0
  6
CONTINUOUS
 10
225.211112
 20
5.751602
 30
0.0
 11
225.974634
 21
6.511590
 31
0.0
  0
LINE
  8
0
  6
CONTINUOUS
 10
225.249977
 20
5.663303
 30
0.0
 11
226.014700
 21
6.424485
 31
0.0
  0
LINE
  8
0
  6
CONTINUOUS
 10
225.172246
 20
5.839902
 30
0.0
 11
225.934549
 21
6.598675
 31
0.0
  0
LINE
  8
0
  6
CONTINUOUS
 10
225.211112
 20
5.751602
 30
0.0
 11
225.974634
 21
6.511590
 31
0.0
  0
LINE
  8
0
  6
CONTINUOUS
 10
225.249977
 20
5.663303
 30
0.0
 11
226.014700
 21
6.424485
 31
0.0
  0
LINE
  8
0
  6
CONTINUOUS
 10
225.172246
 20
5.839902
 30
0.0
 11
225.934549
 21
6.598675
 31
0.0
  0
LINE
  8
0
  6
CONTINUOUS
 10
225.327927
 20
5.486204
 30
0.0
 11
226.094990
 21
6.249717
 31
0.0
  0
LINE
  8
0
  6
CONTINUOUS
 10
225.366791
 20
5.397904
 30
0.0
 11
226.134989
 21
6.162545
 31
0.0
  0
LINE
  8
0
  6
CONTINUOUS
 10
225.289061
 20
5.574504
 30
0.0
 11
226.054969
 21
6.336866
 31
0.0
  0
LINE
  8
0
  6
CONTINUOUS
 10
225.327927
 20
5.486204
 30
0.0
 11
226.094990
 21
6.249717
 31
0.0
  0
LINE
  8
0
  6
CONTINUOUS
 10
225.366791
 20
5.397904
 30
0.0
 11
226.134989
 21
6.162545
 31
0.0
  0
LINE
  8
0
  6
CONTINUOUS
 10
225.289061
 20
5.574504
 30
0.0
 11
226.054969
 21
6.336866
 31
0.0
  0
LINE
  8
0
  6
CONTINUOUS
 10
225.444631
 20
5.221107
 30
0.0
 11
226.215009
 21
5.987919
 31
0.0
  0
LINE
  8
0
  6
CONTINUOUS
 10
225.483569
 20
5.132881
 30
0.0
 11
226.254931
 21
5.900672
 31
0.0
  0
LINE
  8
0
  6
CONTINUOUS
 10
225.405751
 20
5.309392
 30
0.0
 11
226.175060
 21
6.075140
 31
0.0
  0
LINE
  8
0
  6
CONTINUOUS
 10
225.444631
 20
5.221107
 30
0.0
 11
226.215009
 21
5.987919
 31
0.0
  0
LINE
  8
0
  6
CONTINUOUS
 10
225.483569
 20
5.132881
 30
0.0
 11
226.254931
 21
5.900672
 31
0.0
  0
LINE
  8
0
  6
CONTINUOUS
 10
225.405751
 20
5.309392
 30
0.0
 11
226.175060
 21
6.075140
 31
0.0
  0
LINE
  8
0
  6
CONTINUOUS
 10
225.561640
 20
4.956614
 30
0.0
 11
226.334692
 21
5.726085
 31
0.0
  0
LINE
  8
0
  6
CONTINUOUS
 10
225.600782
 20
4.868589
 30
0.0
 11
226.374523
 21
5.638747
 31
0.0
  0
LINE
  8
0
  6
CONTINUOUS
 10
225.522573
 20
5.044711
 30
0.0
 11
226.294828
 21
5.813391
 31
0.0
  0
LINE
  8
0
  6
CONTINUOUS
 10
225.561640
 20
4.956614
 30
0.0
 11
226.334692
 21
5.726085
 31
0.0
  0
LINE
  8
0
  6
CONTINUOUS
 10
225.600782
 20
4.868589
 30
0.0
 11
226.374523
 21
5.638747
 31
0.0
  0
LINE
  8
0
  6
CONTINUOUS
 10
225.522573
 20
5.044711
 30
0.0
 11
226.294828
 21
5.813391
 31
0.0
  0
LINE
  8
0
  6
CONTINUOUS
 10
225.678854
 20
4.693939
 30
0.0
 11
226.453573
 21
5.465071
 31
0.0
  0
LINE
  8
0
  6
CONTINUOUS
 10
225.718364
 20
4.606281
 30
0.0
 11
226.493289
 21
5.377619
 31
0.0
  0
LINE
  8
0
  6
CONTINUOUS
 10
225.639513
 20
4.781765
 30
0.0
 11
226.413814
 21
5.552482
 31
0.0
  0
LINE
  8
0
  6
CONTINUOUS
 10
225.678854
 20
4.693939
 30
0.0
 11
226.453573
 21
5.465071
 31
0.0
  0
LINE
  8
0
  6
CONTINUOUS
 10
225.718364
 20
4.606281
 30
0.0
 11
226.493289
 21
5.377619
 31
0.0
  0
LINE
  8
0
  6
CONTINUOUS
 10
225.639513
 20
4.781765
 30
0.0
 11
226.413814
 21
5.552482
 31
0.0
  0
LINE
  8
0
  6
CONTINUOUS
 10
225.800947
 20
4.433811
 30
0.0
 11
226.572792
 21
5.202082
 31
0.0
  0
LINE
  8
0
  6
CONTINUOUS
 10
225.898235
 20
4.403663
 30
0.0
 11
226.612346
 21
5.114468
 31
0.0
  0
LINE
  8
0
  6
CONTINUOUS
 10
225.758459
 20
4.518503
 30
0.0
 11
226.533177
 21
5.289636
 31
0.0
  0
LINE
  8
0
  6
CONTINUOUS
 10
225.800947
 20
4.433811
 30
0.0
 11
226.572792
 21
5.202082
 31
0.0
  0
LINE
  8
0
  6
CONTINUOUS
 10
225.898235
 20
4.403663
 30
0.0
 11
226.612346
 21
5.114468
 31
0.0
  0
LINE
  8
0
  6
CONTINUOUS
 10
225.758459
 20
4.518503
 30
0.0
 11
226.533177
 21
5.289636
 31
0.0
  0
LINE
  8
0
  6
CONTINUOUS
 10
226.149589
 20
4.400012
 30
0.0
 11
226.691184
 21
4.939099
 31
0.0
  0
LINE
  8
0
  6
CONTINUOUS
 10
226.275330
 20
4.398185
 30
0.0
 11
226.730470
 21
4.851219
 31
0.0
  0
LINE
  8
0
  6
CONTINUOUS
 10
226.023849
 20
4.401838
 30
0.0
 11
226.651789
 21
5.026871
 31
0.0
  0
LINE
  8
0
  6
CONTINUOUS
 10
226.149589
 20
4.400012
 30
0.0
 11
226.691184
 21
4.939099
 31
0.0
  0
LINE
  8
0
  6
CONTINUOUS
 10
226.275330
 20
4.398185
 30
0.0
 11
226.730470
 21
4.851219
 31
0.0
  0
LINE
  8
0
  6
CONTINUOUS
 10
226.023849
 20
4.401838
 30
0.0
 11
226.651789
 21
5.026871
 31
0.0
  0
LINE
  8
0
  6
CONTINUOUS
 10
226.525789
 20
4.395083
 30
0.0
 11
226.808080
 21
4.676067
 31
0.0
  0
LINE
  8
0
  6
CONTINUOUS
 10
226.653214
 20
4.394933
 30
0.0
 11
226.846709
 21
4.587532
 31
0.0
  0
LINE
  8
0
  6
CONTINUOUS
 10
226.399545
 20
4.396409
 30
0.0
 11
226.769133
 21
4.764285
 31
0.0
  0
LINE
  8
0
  6
CONTINUOUS
 10
226.525789
 20
4.395083
 30
0.0
 11
226.808080
 21
4.676067
 31
0.0
  0
LINE
  8
0
  6
CONTINUOUS
 10
226.653214
 20
4.394933
 30
0.0
 11
226.846709
 21
4.587532
 31
0.0
  0
LINE
  8
0
  6
CONTINUOUS
 10
226.399545
 20
4.396409
 30
0.0
 11
226.769133
 21
4.764285
 31
0.0
  0
LINE
  8
0
  6
CONTINUOUS
 10
227.479505
 20
4.963826
 30
0.0
 11
228.541473
 21
6.020878
 31
0.0
  0
LINE
  8
0
  6
CONTINUOUS
 10
227.480860
 20
4.838190
 30
0.0
 11
228.541958
 21
5.894376
 31
0.0
  0
LINE
  8
0
  6
CONTINUOUS
 10
226.783515
 20
4.398043
 30
0.0
 11
226.884559
 21
4.498619
 31
0.0
  0
LINE
  8
0
  6
CONTINUOUS
 10
227.479505
 20
4.963826
 30
0.0
 11
228.541473
 21
6.020878
 31
0.0
  0
LINE
  8
0
  6
CONTINUOUS
 10
227.480860
 20
4.838190
 30
0.0
 11
228.541958
 21
5.894376
 31
0.0
  0
LINE
  8
0
  6
CONTINUOUS
 10
226.783515
 20
4.398043
 30
0.0
 11
226.884559
 21
4.498619
 31
0.0
  0
LINE
  8
0
  6
CONTINUOUS
 10
227.484538
 20
4.588013
 30
0.0
 11
228.543583
 21
5.642155
 31
0.0
  0
LINE
  8
0
  6
CONTINUOUS
 10
227.487635
 20
4.464111
 30
0.0
 11
228.545072
 21
5.516653
 31
0.0
  0
LINE
  8
0
  6
CONTINUOUS
 10
227.482478
 20
4.712948
 30
0.0
 11
228.542629
 21
5.768191
 31
0.0
  0
LINE
  8
0
  6
CONTINUOUS
 10
227.484538
 20
4.588013
 30
0.0
 11
228.543583
 21
5.642155
 31
0.0
  0
LINE
  8
0
  6
CONTINUOUS
 10
227.487635
 20
4.464111
 30
0.0
 11
228.545072
 21
5.516653
 31
0.0
  0
LINE
  8
0
  6
CONTINUOUS
 10
227.482478
 20
4.712948
 30
0.0
 11
228.542629
 21
5.768191
 31
0.0
  0
LINE
  8
0
  6
CONTINUOUS
 10
227.675782
 20
4.396912
 30
0.0
 11
228.663886
 21
5.380442
 31
0.0
  0
LINE
  8
0
  6
CONTINUOUS
 10
227.801834
 20
4.395396
 30
0.0
 11
228.784438
 21
5.373450
 31
0.0
  0
LINE
  8
0
  6
CONTINUOUS
 10
227.551558
 20
4.400249
 30
0.0
 11
228.555529
 21
5.399571
 31
0.0
  0
LINE
  8
0
  6
CONTINUOUS
 10
227.675782
 20
4.396912
 30
0.0
 11
228.663886
 21
5.380442
 31
0.0
  0
LINE
  8
0
  6
CONTINUOUS
 10
227.801834
 20
4.395396
 30
0.0
 11
228.784438
 21
5.373450
 31
0.0
  0
LINE
  8
0
  6
CONTINUOUS
 10
227.551558
 20
4.400249
 30
0.0
 11
228.555529
 21
5.399571
 31
0.0
  0
LINE
  8
0
  6
CONTINUOUS
 10
228.056056
 20
4.394578
 30
0.0
 11
229.035736
 21
5.369723
 31
0.0
  0
LINE
  8
0
  6
CONTINUOUS
 10
228.183905
 20
4.394850
 30
0.0
 11
229.164488
 21
5.370893
 31
0.0
  0
LINE
  8
0
  6
CONTINUOUS
 10
227.928619
 20
4.394716
 30
0.0
 11
228.908822
 21
5.370381
 31
0.0
  0
LINE
  8
0
  6
CONTINUOUS
 10
228.056056
 20
4.394578
 30
0.0
 11
229.035736
 21
5.369723
 31
0.0
  0
LINE
  8
0
  6
CONTINUOUS
 10
228.183905
 20
4.394850
 30
0.0
 11
229.164488
 21
5.370893
 31
0.0
  0
LINE
  8
0
  6
CONTINUOUS
 10
227.928619
 20
4.394716
 30
0.0
 11
228.908822
 21
5.370381
 31
0.0
  0
LINE
  8
0
  6
CONTINUOUS
 10
217.749073
 20
4.291323
 30
0.0
 11
218.736678
 21
5.274356
 31
0.0
  0
LINE
  8
0
  6
CONTINUOUS
 10
217.859079
 20
4.273834
 30
0.0
 11
218.880877
 21
5.290902
 31
0.0
  0
LINE
  8
0
  6
CONTINUOUS
 10
217.642598
 20
4.312326
 30
0.0
 11
218.598637
 21
5.263938
 31
0.0
  0
LINE
  8
0
  6
CONTINUOUS
 10
217.749073
 20
4.291323
 30
0.0
 11
218.736678
 21
5.274356
 31
0.0
  0
LINE
  8
0
  6
CONTINUOUS
 10
217.642598
 20
4.312326
 30
0.0
 11
218.598637
 21
5.263938
 31
0.0
  0
LINE
  8
0
  6
CONTINUOUS
 10
228.569327
 20
4.397534
 30
0.0
 11
229.559795
 21
5.383415
 31
0.0
  0
LINE
  8
0
  6
CONTINUOUS
 10
228.698333
 20
4.398956
 30
0.0
 11
229.694504
 21
5.390517
 31
0.0
  0
LINE
  8
0
  6
CONTINUOUS
 10
228.440575
 20
4.396362
 30
0.0
 11
229.426583
 21
5.377806
 31
0.0
  0
LINE
  8
0
  6
CONTINUOUS
 10
228.569327
 20
4.397534
 30
0.0
 11
229.559795
 21
5.383415
 31
0.0
  0
LINE
  8
0
  6
CONTINUOUS
 10
228.698333
 20
4.398956
 30
0.0
 11
229.694504
 21
5.390517
 31
0.0
  0
LINE
  8
0
  6
CONTINUOUS
 10
228.440575
 20
4.396362
 30
0.0
 11
229.426583
 21
5.377806
 31
0.0
  0
LINE
  8
0
  6
CONTINUOUS
 10
228.956978
 20
4.402475
 30
0.0
 11
229.969411
 21
5.410222
 31
0.0
  0
LINE
  8
0
  6
CONTINUOUS
 10
229.086645
 20
4.404557
 30
0.0
 11
230.111787
 21
5.424953
 31
0.0
  0
LINE
  8
0
  6
CONTINUOUS
 10
228.827537
 20
4.400619
 30
0.0
 11
229.830819
 21
5.399256
 31
0.0
  0
LINE
  8
0
  6
CONTINUOUS
 10
228.956978
 20
4.402475
 30
0.0
 11
229.969411
 21
5.410222
 31
0.0
  0
LINE
  8
0
  6
CONTINUOUS
 10
229.086645
 20
4.404557
 30
0.0
 11
230.111787
 21
5.424953
 31
0.0
  0
LINE
  8
0
  6
CONTINUOUS
 10
228.827537
 20
4.400619
 30
0.0
 11
229.830819
 21
5.399256
 31
0.0
  0
LINE
  8
0
  6
CONTINUOUS
 10
229.346960
 20
4.409658
 30
0.0
 11
230.423349
 21
5.481063
 31
0.0
  0
LINE
  8
0
  6
CONTINUOUS
 10
229.477750
 20
4.412857
 30
0.0
 11
230.614900
 21
5.544743
 31
0.0
  0
LINE
  8
0
  6
CONTINUOUS
 10
229.216639
 20
4.406926
 30
0.0
 11
230.260969
 21
5.446420
 31
0.0
  0
LINE
  8
0
  6
CONTINUOUS
 10
229.346960
 20
4.409658
 30
0.0
 11
230.423349
 21
5.481063
 31
0.0
  0
LINE
  8
0
  6
CONTINUOUS
 10
229.477750
 20
4.412857
 30
0.0
 11
230.614900
 21
5.544743
 31
0.0
  0
LINE
  8
0
  6
CONTINUOUS
 10
229.216639
 20
4.406926
 30
0.0
 11
230.260969
 21
5.446420
 31
0.0
  0
LINE
  8
0
  6
CONTINUOUS
 10
229.609094
 20
4.416654
 30
0.0
 11
230.881021
 21
5.682692
 31
0.0
  0
LINE
  8
0
  6
CONTINUOUS
 10
229.609094
 20
4.416654
 30
0.0
 11
230.881021
 21
5.682692
 31
0.0
  0
LINE
  8
0
  6
CONTINUOUS
 10
228.312092
 20
4.395459
 30
0.0
 11
229.294809
 21
5.373626
 31
0.0
  0
LINE
  8
0
  6
CONTINUOUS
 10
228.440575
 20
4.396362
 30
0.0
 11
229.426583
 21
5.377806
 31
0.0
  0
LINE
  8
0
  6
CONTINUOUS
 10
228.183905
 20
4.394850
 30
0.0
 11
229.164488
 21
5.370893
 31
0.0
  0
LINE
  8
0
  6
CONTINUOUS
 10
228.312092
 20
4.395459
 30
0.0
 11
229.294809
 21
5.373626
 31
0.0
  0
LINE
  8
0
  6
CONTINUOUS
 10
202.694818
 20
9.999740
 30
0.0
 11
203.319515
 21
10.621544
 31
0.0
  0
LINE
  8
0
  6
CONTINUOUS
 10
202.962748
 20
7.981001
 30
0.0
 11
203.764500
 21
8.779041
 31
0.0
  0
LINE
  8
0
  6
CONTINUOUS
 10
203.029278
 20
7.920238
 30
0.0
 11
203.822326
 21
8.709614
 31
0.0
  0
LINE
  8
0
  6
CONTINUOUS
 10
202.962748
 20
7.981001
 30
0.0
 11
203.764500
 21
8.779041
 31
0.0
  0
LINE
  8
0
  6
CONTINUOUS
 10
203.029278
 20
7.920238
 30
0.0
 11
203.822326
 21
8.709614
 31
0.0
  0
LINE
  8
0
  6
CONTINUOUS
 10
202.781567
 20
8.181575
 30
0.0
 11
203.642900
 21
9.038922
 31
0.0
  0
LINE
  8
0
  6
CONTINUOUS
 10
202.899061
 20
8.044556
 30
0.0
 11
203.713960
 21
8.855682
 31
0.0
  0
LINE
  8
0
  6
CONTINUOUS
 10
202.838535
 20
8.111295
 30
0.0
 11
203.672649
 21
8.941547
 31
0.0
  0
LINE
  8
0
  6
CONTINUOUS
 10
202.781567
 20
8.181575
 30
0.0
 11
203.642900
 21
9.038922
 31
0.0
  0
LINE
  8
0
  6
CONTINUOUS
 10
202.899061
 20
8.044556
 30
0.0
 11
203.713960
 21
8.855682
 31
0.0
  0
LINE
  8
0
  6
CONTINUOUS
 10
202.838535
 20
8.111295
 30
0.0
 11
203.672649
 21
8.941547
 31
0.0
  0
LINE
  8
0
  6
CONTINUOUS
 10
202.635842
 20
8.417732
 30
0.0
 11
203.655935
 21
9.433102
 31
0.0
  0
LINE
  8
0
  6
CONTINUOUS
 10
202.728451
 20
8.255942
 30
0.0
 11
203.627028
 21
9.150358
 31
0.0
  0
LINE
  8
0
  6
CONTINUOUS
 10
202.679790
 20
8.334491
 30
0.0
 11
203.627213
 21
9.277528
 31
0.0
  0
LINE
  8
0
  6
CONTINUOUS
 10
202.635842
 20
8.417732
 30
0.0
 11
203.655935
 21
9.433102
 31
0.0
  0
LINE
  8
0
  6
CONTINUOUS
 10
202.728451
 20
8.255942
 30
0.0
 11
203.627028
 21
9.150358
 31
0.0
  0
LINE
  8
0
  6
CONTINUOUS
 10
202.679790
 20
8.334491
 30
0.0
 11
203.627213
 21
9.277528
 31
0.0
  0
LINE
  8
0
  6
CONTINUOUS
 10
202.534990
 20
8.697833
 30
0.0
 11
204.700081
 21
10.852901
 31
0.0
  0
LINE
  8
0
  6
CONTINUOUS
 10
202.597052
 20
8.505639
 30
0.0
 11
204.937450
 21
10.835201
 31
0.0
  0
LINE
  8
0
  6
CONTINUOUS
 10
202.563354
 20
8.599081
 30
0.0
 11
204.822149
 21
10.847420
 31
0.0
  0
LINE
  8
0
  6
CONTINUOUS
 10
202.534990
 20
8.697833
 30
0.0
 11
204.700081
 21
10.852901
 31
0.0
  0
LINE
  8
0
  6
CONTINUOUS
 10
202.597052
 20
8.505639
 30
0.0
 11
204.937450
 21
10.835201
 31
0.0
  0
LINE
  8
0
  6
CONTINUOUS
 10
202.563354
 20
8.599081
 30
0.0
 11
204.822149
 21
10.847420
 31
0.0
  0
LINE
  8
0
  6
CONTINUOUS
 10
202.481957
 20
9.025955
 30
0.0
 11
204.319642
 21
10.855133
 31
0.0
  0
LINE
  8
0
  6
CONTINUOUS
 10
202.511905
 20
8.801795
 30
0.0
 11
204.574572
 21
10.854912
 31
0.0
  0
LINE
  8
0
  6
CONTINUOUS
 10
202.493992
 20
8.910949
 30
0.0
 11
204.447442
 21
10.855357
 31
0.0
  0
LINE
  8
0
  6
CONTINUOUS
 10
202.481957
 20
9.025955
 30
0.0
 11
204.319642
 21
10.855133
 31
0.0
  0
LINE
  8
0
  6
CONTINUOUS
 10
202.511905
 20
8.801795
 30
0.0
 11
204.574572
 21
10.854912
 31
0.0
  0
LINE
  8
0
  6
CONTINUOUS
 10
202.493992
 20
8.910949
 30
0.0
 11
204.447442
 21
10.855357
 31
0.0
  0
LINE
  8
0
  6
CONTINUOUS
 10
202.495810
 20
9.420739
 30
0.0
 11
203.922991
 21
10.841312
 31
0.0
  0
LINE
  8
0
  6
CONTINUOUS
 10
202.476960
 20
9.148006
 30
0.0
 11
204.191118
 21
10.854228
 31
0.0
  0
LINE
  8
0
  6
CONTINUOUS
 10
202.480698
 20
9.278711
 30
0.0
 11
204.060542
 21
10.851242
 31
0.0
  0
LINE
  8
0
  6
CONTINUOUS
 10
202.495810
 20
9.420739
 30
0.0
 11
203.922991
 21
10.841312
 31
0.0
  0
LINE
  8
0
  6
CONTINUOUS
 10
202.476960
 20
9.148006
 30
0.0
 11
204.191118
 21
10.854228
 31
0.0
  0
LINE
  8
0
  6
CONTINUOUS
 10
202.480698
 20
9.278711
 30
0.0
 11
204.060542
 21
10.851242
 31
0.0
  0
LINE
  8
0
  6
CONTINUOUS
 10
202.694818
 20
9.999740
 30
0.0
 11
203.319515
 21
10.621544
 31
0.0
  0
LINE
  8
0
  6
CONTINUOUS
 10
202.526885
 20
9.578614
 30
0.0
 11
203.761431
 21
10.807444
 31
0.0
  0
LINE
  8
0
  6
CONTINUOUS
 10
202.583506
 20
9.761958
 30
0.0
 11
203.566834
 21
10.740733
 31
0.0
  0
LINE
  8
0
  6
CONTINUOUS
 10
202.694818
 20
9.999740
 30
0.0
 11
203.319515
 21
10.621544
 31
0.0
  0
LINE
  8
0
  6
CONTINUOUS
 10
202.526885
 20
9.578614
 30
0.0
 11
203.761431
 21
10.807444
 31
0.0
  0
LINE
  8
0
  6
CONTINUOUS
 10
202.583506
 20
9.761958
 30
0.0
 11
203.566834
 21
10.740733
 31
0.0
  0
LINE
  8
0
  6
CONTINUOUS
 10
223.441711
 20
10.084591
 30
0.0
 11
224.027137
 21
10.667307
 31
0.0
  0
LINE
  8
0
  6
CONTINUOUS
 10
223.326554
 20
9.842983
 30
0.0
 11
224.069242
 21
10.582232
 31
0.0
  0
LINE
  8
0
  6
CONTINUOUS
 10
223.441711
 20
10.084591
 30
0.0
 11
224.027137
 21
10.667307
 31
0.0
  0
LINE
  8
0
  6
CONTINUOUS
 10
223.212299
 20
9.602271
 30
0.0
 11
224.111035
 21
10.496846
 31
0.0
  0
LINE
  8
0
  6
CONTINUOUS
 10
223.326554
 20
9.842983
 30
0.0
 11
224.069242
 21
10.582232
 31
0.0
  0
LINE
  8
0
  6
CONTINUOUS
 10
221.551072
 20
6.044225
 30
0.0
 11
223.562687
 21
8.046526
 31
0.0
  0
LINE
  8
0
  6
CONTINUOUS
 10
221.551072
 20
6.044225
 30
0.0
 11
223.562687
 21
8.046526
 31
0.0
  0
LINE
  8
0
  6
CONTINUOUS
 10
221.877129
 20
6.749977
 30
0.0
 11
223.807126
 21
8.671040
 31
0.0
  0
LINE
  8
0
  6
CONTINUOUS
 10
221.659468
 20
6.279354
 30
0.0
 11
223.660340
 21
8.270963
 31
0.0
  0
LINE
  8
0
  6
CONTINUOUS
 10
221.768098
 20
6.514467
 30
0.0
 11
223.743451
 21
8.480673
 31
0.0
  0
LINE
  8
0
  6
CONTINUOUS
 10
221.877129
 20
6.749977
 30
0.0
 11
223.807126
 21
8.671040
 31
0.0
  0
LINE
  8
0
  6
CONTINUOUS
 10
221.659468
 20
6.279354
 30
0.0
 11
223.660340
 21
8.270963
 31
0.0
  0
LINE
  8
0
  6
CONTINUOUS
 10
221.768098
 20
6.514467
 30
0.0
 11
223.743451
 21
8.480673
 31
0.0
  0
LINE
  8
0
  6
CONTINUOUS
 10
222.205931
 20
7.457745
 30
0.0
 11
224.480960
 21
9.722241
 31
0.0
  0
LINE
  8
0
  6
CONTINUOUS
 10
221.986122
 20
6.984984
 30
0.0
 11
223.869770
 21
8.859911
 31
0.0
  0
LINE
  8
0
  6
CONTINUOUS
 10
222.095862
 20
7.221201
 30
0.0
 11
224.521709
 21
9.635817
 31
0.0
  0
LINE
  8
0
  6
CONTINUOUS
 10
222.205931
 20
7.457745
 30
0.0
 11
224.480960
 21
9.722241
 31
0.0
  0
LINE
  8
0
  6
CONTINUOUS
 10
221.986122
 20
6.984984
 30
0.0
 11
223.869770
 21
8.859911
 31
0.0
  0
LINE
  8
0
  6
CONTINUOUS
 10
222.095862
 20
7.221201
 30
0.0
 11
224.521709
 21
9.635817
 31
0.0
  0
LINE
  8
0
  6
CONTINUOUS
 10
222.538024
 20
8.169209
 30
0.0
 11
224.358425
 21
9.981183
 31
0.0
  0
LINE
  8
0
  6
CONTINUOUS
 10
222.316282
 20
7.694524
 30
0.0
 11
224.440178
 21
9.808588
 31
0.0
  0
LINE
  8
0
  6
CONTINUOUS
 10
222.426991
 20
7.931706
 30
0.0
 11
224.399331
 21
9.894915
 31
0.0
  0
LINE
  8
0
  6
CONTINUOUS
 10
222.538024
 20
8.169209
 30
0.0
 11
224.358425
 21
9.981183
 31
0.0
  0
LINE
  8
0
  6
CONTINUOUS
 10
222.316282
 20
7.694524
 30
0.0
 11
224.440178
 21
9.808588
 31
0.0
  0
LINE
  8
0
  6
CONTINUOUS
 10
222.426991
 20
7.931706
 30
0.0
 11
224.399331
 21
9.894915
 31
0.0
  0
LINE
  8
0
  6
CONTINUOUS
 10
222.873250
 20
8.883878
 30
0.0
 11
224.235239
 21
10.239562
 31
0.0
  0
LINE
  8
0
  6
CONTINUOUS
 10
222.649427
 20
8.407121
 30
0.0
 11
224.317438
 21
10.067410
 31
0.0
  0
LINE
  8
0
  6
CONTINUOUS
 10
222.761147
 20
8.645309
 30
0.0
 11
224.276386
 21
10.153532
 31
0.0
  0
LINE
  8
0
  6
CONTINUOUS
 10
222.873250
 20
8.883878
 30
0.0
 11
224.235239
 21
10.239562
 31
0.0
  0
LINE
  8
0
  6
CONTINUOUS
 10
222.649427
 20
8.407121
 30
0.0
 11
224.317438
 21
10.067410
 31
0.0
  0
LINE
  8
0
  6
CONTINUOUS
 10
222.761147
 20
8.645309
 30
0.0
 11
224.276386
 21
10.153532
 31
0.0
  0
LINE
  8
0
  6
CONTINUOUS
 10
223.212299
 20
9.602271
 30
0.0
 11
224.111035
 21
10.496846
 31
0.0
  0
LINE
  8
0
  6
CONTINUOUS
 10
222.985735
 20
9.122786
 30
0.0
 11
224.193996
 21
10.325453
 31
0.0
  0
LINE
  8
0
  6
CONTINUOUS
 10
223.098736
 20
9.362249
 30
0.0
 11
224.152601
 21
10.411235
 31
0.0
  0
LINE
  8
0
  6
CONTINUOUS
 10
223.212299
 20
9.602271
 30
0.0
 11
224.111035
 21
10.496846
 31
0.0
  0
LINE
  8
0
  6
CONTINUOUS
 10
222.985735
 20
9.122786
 30
0.0
 11
224.193996
 21
10.325453
 31
0.0
  0
LINE
  8
0
  6
CONTINUOUS
 10
223.098736
 20
9.362249
 30
0.0
 11
224.152601
 21
10.411235
 31
0.0
  0
LINE
  8
0
  6
CONTINUOUS
 10
223.676734
 20
10.572497
 30
0.0
 11
223.941163
 21
10.835701
 31
0.0
  0
LINE
  8
0
  6
CONTINUOUS
 10
223.441711
 20
10.084591
 30
0.0
 11
224.027137
 21
10.667307
 31
0.0
  0
LINE
  8
0
  6
CONTINUOUS
 10
223.558155
 20
10.327481
 30
0.0
 11
223.984561
 21
10.751912
 31
0.0
  0
LINE
  8
0
  6
CONTINUOUS
 10
223.676734
 20
10.572497
 30
0.0
 11
223.941163
 21
10.835701
 31
0.0
  0
LINE
  8
0
  6
CONTINUOUS
 10
223.441711
 20
10.084591
 30
0.0
 11
224.027137
 21
10.667307
 31
0.0
  0
LINE
  8
0
  6
CONTINUOUS
 10
223.558155
 20
10.327481
 30
0.0
 11
223.984561
 21
10.751912
 31
0.0
  0
LINE
  8
0
  6
CONTINUOUS
 10
223.800380
 20
10.822447
 30
0.0
 11
223.895718
 21
10.917343
 31
0.0
  0
LINE
  8
0
  6
CONTINUOUS
 10
223.800380
 20
10.822447
 30
0.0
 11
223.895718
 21
10.917343
 31
0.0
  0
LINE
  8
0
  6
CONTINUOUS
 10
227.478336
 20
5.089648
 30
0.0
 11
228.541127
 21
6.147519
 31
0.0
  0
LINE
  8
0
  6
CONTINUOUS
 10
227.470400
 20
6.983521
 30
0.0
 11
228.544114
 21
8.052264
 31
0.0
  0
LINE
  8
0
  6
CONTINUOUS
 10
227.470811
 20
6.729960
 30
0.0
 11
228.543236
 21
7.797420
 31
0.0
  0
LINE
  8
0
  6
CONTINUOUS
 10
227.470586
 20
6.856721
 30
0.0
 11
228.543675
 21
7.924842
 31
0.0
  0
LINE
  8
0
  6
CONTINUOUS
 10
227.470400
 20
6.983521
 30
0.0
 11
228.544114
 21
8.052264
 31
0.0
  0
LINE
  8
0
  6
CONTINUOUS
 10
227.470586
 20
6.856721
 30
0.0
 11
228.543675
 21
7.924842
 31
0.0
  0
LINE
  8
0
  6
CONTINUOUS
 10
227.470060
 20
7.364145
 30
0.0
 11
228.545433
 21
8.434539
 31
0.0
  0
LINE
  8
0
  6
CONTINUOUS
 10
227.470250
 20
7.110365
 30
0.0
 11
228.544555
 21
8.179695
 31
0.0
  0
LINE
  8
0
  6
CONTINUOUS
 10
227.470137
 20
7.237237
 30
0.0
 11
228.544994
 21
8.307117
 31
0.0
  0
LINE
  8
0
  6
CONTINUOUS
 10
227.470060
 20
7.364145
 30
0.0
 11
228.545433
 21
8.434539
 31
0.0
  0
LINE
  8
0
  6
CONTINUOUS
 10
227.470250
 20
7.110365
 30
0.0
 11
228.544555
 21
8.179695
 31
0.0
  0
LINE
  8
0
  6
CONTINUOUS
 10
227.470137
 20
7.237237
 30
0.0
 11
228.544994
 21
8.307117
 31
0.0
  0
LINE
  8
0
  6
CONTINUOUS
 10
227.470009
 20
7.745354
 30
0.0
 11
228.546752
 21
8.817113
 31
0.0
  0
LINE
  8
0
  6
CONTINUOUS
 10
227.470018
 20
7.491393
 30
0.0
 11
228.545873
 21
8.562268
 31
0.0
  0
LINE
  8
0
  6
CONTINUOUS
 10
227.470009
 20
7.618370
 30
0.0
 11
228.546313
 21
8.689690
 31
0.0
  0
LINE
  8
0
  6
CONTINUOUS
 10
227.470018
 20
7.491393
 30
0.0
 11
228.545873
 21
8.562268
 31
0.0
  0
LINE
  8
0
  6
CONTINUOUS
 10
227.470009
 20
7.618370
 30
0.0
 11
228.546313
 21
8.689690
 31
0.0
  0
LINE
  8
0
  6
CONTINUOUS
 10
227.478336
 20
5.089648
 30
0.0
 11
228.541127
 21
6.147519
 31
0.0
  0
LINE
  8
0
  6
CONTINUOUS
 10
227.475581
 20
5.467463
 30
0.0
 11
228.540688
 21
6.527638
 31
0.0
  0
LINE
  8
0
  6
CONTINUOUS
 10
227.477313
 20
5.215216
 30
0.0
 11
228.540893
 21
6.273873
 31
0.0
  0
LINE
  8
0
  6
CONTINUOUS
 10
227.476399
 20
5.341292
 30
0.0
 11
228.540750
 21
6.400716
 31
0.0
  0
LINE
  8
0
  6
CONTINUOUS
 10
227.475581
 20
5.467463
 30
0.0
 11
228.540688
 21
6.527638
 31
0.0
  0
LINE
  8
0
  6
CONTINUOUS
 10
227.477313
 20
5.215216
 30
0.0
 11
228.540893
 21
6.273873
 31
0.0
  0
LINE
  8
0
  6
CONTINUOUS
 10
227.476399
 20
5.341292
 30
0.0
 11
228.540750
 21
6.400716
 31
0.0
  0
LINE
  8
0
  6
CONTINUOUS
 10
227.473586
 20
5.844864
 30
0.0
 11
228.540902
 21
6.907238
 31
0.0
  0
LINE
  8
0
  6
CONTINUOUS
 10
227.474853
 20
5.592155
 30
0.0
 11
228.540696
 21
6.653064
 31
0.0
  0
LINE
  8
0
  6
CONTINUOUS
 10
227.474187
 20
5.718478
 30
0.0
 11
228.540769
 21
6.780122
 31
0.0
  0
LINE
  8
0
  6
CONTINUOUS
 10
227.473586
 20
5.844864
 30
0.0
 11
228.540902
 21
6.907238
 31
0.0
  0
LINE
  8
0
  6
CONTINUOUS
 10
227.474853
 20
5.592155
 30
0.0
 11
228.540696
 21
6.653064
 31
0.0
  0
LINE
  8
0
  6
CONTINUOUS
 10
227.474187
 20
5.718478
 30
0.0
 11
228.540769
 21
6.780122
 31
0.0
  0
LINE
  8
0
  6
CONTINUOUS
 10
227.472117
 20
6.224228
 30
0.0
 11
228.541629
 21
7.288788
 31
0.0
  0
LINE
  8
0
  6
CONTINUOUS
 10
227.473044
 20
5.971182
 30
0.0
 11
228.541091
 21
7.034284
 31
0.0
  0
LINE
  8
0
  6
CONTINUOUS
 10
227.472556
 20
6.097680
 30
0.0
 11
228.541334
 21
7.161510
 31
0.0
  0
LINE
  8
0
  6
CONTINUOUS
 10
227.472117
 20
6.224228
 30
0.0
 11
228.541629
 21
7.288788
 31
0.0
  0
LINE
  8
0
  6
CONTINUOUS
 10
227.473044
 20
5.971182
 30
0.0
 11
228.541091
 21
7.034284
 31
0.0
  0
LINE
  8
0
  6
CONTINUOUS
 10
227.472556
 20
6.097680
 30
0.0
 11
228.541334
 21
7.161510
 31
0.0
  0
LINE
  8
0
  6
CONTINUOUS
 10
227.471071
 20
6.604845
 30
0.0
 11
228.542802
 21
7.671613
 31
0.0
  0
LINE
  8
0
  6
CONTINUOUS
 10
227.471723
 20
6.351523
 30
0.0
 11
228.541974
 21
7.416819
 31
0.0
  0
LINE
  8
0
  6
CONTINUOUS
 10
227.471377
 20
6.478163
 30
0.0
 11
228.542368
 21
7.544196
 31
0.0
  0
LINE
  8
0
  6
CONTINUOUS
 10
227.471071
 20
6.604845
 30
0.0
 11
228.542802
 21
7.671613
 31
0.0
  0
LINE
  8
0
  6
CONTINUOUS
 10
227.471723
 20
6.351523
 30
0.0
 11
228.541974
 21
7.416819
 31
0.0
  0
LINE
  8
0
  6
CONTINUOUS
 10
227.471377
 20
6.478163
 30
0.0
 11
228.542368
 21
7.544196
 31
0.0
  0
LINE
  8
0
  6
CONTINUOUS
 10
227.470811
 20
6.729960
 30
0.0
 11
228.543236
 21
7.797420
 31
0.0
  0
LINE
  8
0
  6
CONTINUOUS
 10
227.470009
 20
7.745354
 30
0.0
 11
228.546752
 21
8.817113
 31
0.0
  0
LINE
  8
0
  6
CONTINUOUS
 10
227.470009
 20
8.127026
 30
0.0
 11
228.548073
 21
9.200099
 31
0.0
  0
LINE
  8
0
  6
CONTINUOUS
 10
227.470009
 20
7.873056
 30
0.0
 11
228.547194
 21
8.945254
 31
0.0
  0
LINE
  8
0
  6
CONTINUOUS
 10
227.470009
 20
8.000041
 30
0.0
 11
228.547633
 21
9.072677
 31
0.0
  0
LINE
  8
0
  6
CONTINUOUS
 10
227.470009
 20
8.127026
 30
0.0
 11
228.548073
 21
9.200099
 31
0.0
  0
LINE
  8
0
  6
CONTINUOUS
 10
227.470009
 20
7.873056
 30
0.0
 11
228.547194
 21
8.945254
 31
0.0
  0
LINE
  8
0
  6
CONTINUOUS
 10
227.470009
 20
8.000041
 30
0.0
 11
228.547633
 21
9.072677
 31
0.0
  0
LINE
  8
0
  6
CONTINUOUS
 10
227.470009
 20
8.507548
 30
0.0
 11
228.549389
 21
9.581931
 31
0.0
  0
LINE
  8
0
  6
CONTINUOUS
 10
227.470009
 20
8.253578
 30
0.0
 11
228.548510
 21
9.327086
 31
0.0
  0
LINE
  8
0
  6
CONTINUOUS
 10
227.470009
 20
8.380563
 30
0.0
 11
228.548950
 21
9.454508
 31
0.0
  0
LINE
  8
0
  6
CONTINUOUS
 10
227.470009
 20
8.507548
 30
0.0
 11
228.549389
 21
9.581931
 31
0.0
  0
LINE
  8
0
  6
CONTINUOUS
 10
227.470009
 20
8.253578
 30
0.0
 11
228.548510
 21
9.327086
 31
0.0
  0
LINE
  8
0
  6
CONTINUOUS
 10
227.470009
 20
8.380563
 30
0.0
 11
228.548950
 21
9.454508
 31
0.0
  0
LINE
  8
0
  6
CONTINUOUS
 10
227.470009
 20
8.888101
 30
0.0
 11
229.303614
 21
10.713217
 31
0.0
  0
LINE
  8
0
  6
CONTINUOUS
 10
227.470009
 20
8.634131
 30
0.0
 11
228.549827
 21
9.708950
 31
0.0
  0
LINE
  8
0
  6
CONTINUOUS
 10
227.470009
 20
8.761116
 30
0.0
 11
229.429371
 21
10.711407
 31
0.0
  0
LINE
  8
0
  6
CONTINUOUS
 10
227.470009
 20
8.888101
 30
0.0
 11
229.303614
 21
10.713217
 31
0.0
  0
LINE
  8
0
  6
CONTINUOUS
 10
227.470009
 20
8.634131
 30
0.0
 11
228.549827
 21
9.708950
 31
0.0
  0
LINE
  8
0
  6
CONTINUOUS
 10
227.470009
 20
8.761116
 30
0.0
 11
229.429371
 21
10.711407
 31
0.0
  0
LINE
  8
0
  6
CONTINUOUS
 10
227.470009
 20
9.268868
 30
0.0
 11
228.925485
 21
10.717605
 31
0.0
  0
LINE
  8
0
  6
CONTINUOUS
 10
227.470009
 20
9.014898
 30
0.0
 11
229.177834
 21
10.714816
 31
0.0
  0
LINE
  8
0
  6
CONTINUOUS
 10
227.470009
 20
9.141883
 30
0.0
 11
229.051714
 21
10.716266
 31
0.0
  0
LINE
  8
0
  6
CONTINUOUS
 10
227.470009
 20
9.268868
 30
0.0
 11
228.925485
 21
10.717605
 31
0.0
  0
LINE
  8
0
  6
CONTINUOUS
 10
227.470009
 20
9.014898
 30
0.0
 11
229.177834
 21
10.714816
 31
0.0
  0
LINE
  8
0
  6
CONTINUOUS
 10
227.470009
 20
9.141883
 30
0.0
 11
229.051714
 21
10.716266
 31
0.0
  0
LINE
  8
0
  6
CONTINUOUS
 10
227.470009
 20
9.650009
 30
0.0
 11
228.546355
 21
10.721373
 31
0.0
  0
LINE
  8
0
  6
CONTINUOUS
 10
227.470009
 20
9.396039
 30
0.0
 11
228.798994
 21
10.718872
 31
0.0
  0
LINE
  8
0
  6
CONTINUOUS
 10
227.470009
 20
9.523025
 30
0.0
 11
228.672675
 21
10.720123
 31
0.0
  0
LINE
  8
0
  6
CONTINUOUS
 10
227.470009
 20
9.650009
 30
0.0
 11
228.546355
 21
10.721373
 31
0.0
  0
LINE
  8
0
  6
CONTINUOUS
 10
227.470009
 20
9.396039
 30
0.0
 11
228.798994
 21
10.718872
 31
0.0
  0
LINE
  8
0
  6
CONTINUOUS
 10
227.470009
 20
9.523025
 30
0.0
 11
228.672675
 21
10.720123
 31
0.0
  0
LINE
  8
0
  6
CONTINUOUS
 10
227.470009
 20
10.030940
 30
0.0
 11
228.167422
 21
10.725124
 31
0.0
  0
LINE
  8
0
  6
CONTINUOUS
 10
227.470009
 20
9.776969
 30
0.0
 11
228.420060
 21
10.722623
 31
0.0
  0
LINE
  8
0
  6
CONTINUOUS
 10
227.470009
 20
9.903955
 30
0.0
 11
228.293742
 21
10.723874
 31
0.0
  0
LINE
  8
0
  6
CONTINUOUS
 10
227.470009
 20
10.030940
 30
0.0
 11
228.167422
 21
10.725124
 31
0.0
  0
LINE
  8
0
  6
CONTINUOUS
 10
227.470009
 20
9.776969
 30
0.0
 11
228.420060
 21
10.722623
 31
0.0
  0
LINE
  8
0
  6
CONTINUOUS
 10
227.470009
 20
9.903955
 30
0.0
 11
228.293742
 21
10.723874
 31
0.0
  0
LINE
  8
0
  6
CONTINUOUS
 10
227.470009
 20
10.411900
 30
0.0
 11
227.788459
 21
10.728875
 31
0.0
  0
LINE
  8
0
  6
CONTINUOUS
 10
227.470009
 20
10.157930
 30
0.0
 11
228.041098
 21
10.726375
 31
0.0
  0
LINE
  8
0
  6
CONTINUOUS
 10
227.470009
 20
10.284914
 30
0.0
 11
227.914779
 21
10.727625
 31
0.0
  0
LINE
  8
0
  6
CONTINUOUS
 10
227.470009
 20
10.411900
 30
0.0
 11
227.788459
 21
10.728875
 31
0.0
  0
LINE
  8
0
  6
CONTINUOUS
 10
227.470009
 20
10.157930
 30
0.0
 11
228.041098
 21
10.726375
 31
0.0
  0
LINE
  8
0
  6
CONTINUOUS
 10
227.470009
 20
10.284914
 30
0.0
 11
227.914779
 21
10.727625
 31
0.0
  0
LINE
  8
0
  6
CONTINUOUS
 10
227.470009
 20
10.538880
 30
0.0
 11
227.662144
 21
10.730126
 31
0.0
  0
LINE
  8
0
  6
CONTINUOUS
 10
227.470009
 20
10.665864
 30
0.0
 11
227.535826
 21
10.731376
 31
0.0
  0
LINE
  8
0
  6
CONTINUOUS
 10
227.470009
 20
10.538880
 30
0.0
 11
227.662144
 21
10.730126
 31
0.0
  0
LINE
  8
0
  6
CONTINUOUS
 10
227.470009
 20
10.665864
 30
0.0
 11
227.535826
 21
10.731376
 31
0.0
  0
LINE
  8
0
  6
CONTINUOUS
 10
220.375660
 20
9.189779
 30
0.0
 11
220.449561
 21
9.263338
 31
0.0
  0
LINE
  8
0
  6
CONTINUOUS
 10
220.375660
 20
9.189779
 30
0.0
 11
220.449561
 21
9.263338
 31
0.0
  0
LINE
  8
0
  6
CONTINUOUS
 10
220.151296
 20
9.347281
 30
0.0
 11
220.482035
 21
9.676488
 31
0.0
  0
LINE
  8
0
  6
CONTINUOUS
 10
220.298965
 20
9.240296
 30
0.0
 11
220.465186
 21
9.405748
 31
0.0
  0
LINE
  8
0
  6
CONTINUOUS
 10
220.224701
 20
9.293360
 30
0.0
 11
220.474678
 21
9.542179
 31
0.0
  0
LINE
  8
0
  6
CONTINUOUS
 10
220.151296
 20
9.347281
 30
0.0
 11
220.482035
 21
9.676488
 31
0.0
  0
LINE
  8
0
  6
CONTINUOUS
 10
220.298965
 20
9.240296
 30
0.0
 11
220.465186
 21
9.405748
 31
0.0
  0
LINE
  8
0
  6
CONTINUOUS
 10
220.224701
 20
9.293360
 30
0.0
 11
220.474678
 21
9.542179
 31
0.0
  0
LINE
  8
0
  6
CONTINUOUS
 10
219.918597
 20
9.497316
 30
0.0
 11
220.500189
 21
10.076214
 31
0.0
  0
LINE
  8
0
  6
CONTINUOUS
 10
220.075591
 20
9.399612
 30
0.0
 11
220.488351
 21
9.810462
 31
0.0
  0
LINE
  8
0
  6
CONTINUOUS
 10
219.998174
 20
9.449539
 30
0.0
 11
220.494270
 21
9.943338
 31
0.0
  0
LINE
  8
0
  6
CONTINUOUS
 10
219.918597
 20
9.497316
 30
0.0
 11
220.500189
 21
10.076214
 31
0.0
  0
LINE
  8
0
  6
CONTINUOUS
 10
220.075591
 20
9.399612
 30
0.0
 11
220.488351
 21
9.810462
 31
0.0
  0
LINE
  8
0
  6
CONTINUOUS
 10
219.998174
 20
9.449539
 30
0.0
 11
220.494270
 21
9.943338
 31
0.0
  0
LINE
  8
0
  6
CONTINUOUS
 10
219.667501
 20
9.626726
 30
0.0
 11
220.366872
 21
10.322860
 31
0.0
  0
LINE
  8
0
  6
CONTINUOUS
 10
219.837865
 20
9.542332
 30
0.0
 11
220.506033
 21
10.207405
 31
0.0
  0
LINE
  8
0
  6
CONTINUOUS
 10
219.753848
 20
9.585689
 30
0.0
 11
220.444579
 21
10.273222
 31
0.0
  0
LINE
  8
0
  6
CONTINUOUS
 10
219.667501
 20
9.626726
 30
0.0
 11
220.366872
 21
10.322860
 31
0.0
  0
LINE
  8
0
  6
CONTINUOUS
 10
219.837865
 20
9.542332
 30
0.0
 11
220.506033
 21
10.207405
 31
0.0
  0
LINE
  8
0
  6
CONTINUOUS
 10
219.753848
 20
9.585689
 30
0.0
 11
220.444579
 21
10.273222
 31
0.0
  0
LINE
  8
0
  6
CONTINUOUS
 10
219.393607
 20
9.735063
 30
0.0
 11
220.126762
 21
10.464823
 31
0.0
  0
LINE
  8
0
  6
CONTINUOUS
 10
219.578740
 20
9.665369
 30
0.0
 11
220.288583
 21
10.371925
 31
0.0
  0
LINE
  8
0
  6
CONTINUOUS
 10
219.487480
 20
9.701517
 30
0.0
 11
220.208571
 21
10.419269
 31
0.0
  0
LINE
  8
0
  6
CONTINUOUS
 10
219.393607
 20
9.735063
 30
0.0
 11
220.126762
 21
10.464823
 31
0.0
  0
LINE
  8
0
  6
CONTINUOUS
 10
219.578740
 20
9.665369
 30
0.0
 11
220.288583
 21
10.371925
 31
0.0
  0
LINE
  8
0
  6
CONTINUOUS
 10
219.487480
 20
9.701517
 30
0.0
 11
220.208571
 21
10.419269
 31
0.0
  0
LINE
  8
0
  6
CONTINUOUS
 10
219.094573
 20
9.818674
 30
0.0
 11
219.869839
 21
10.590351
 31
0.0
  0
LINE
  8
0
  6
CONTINUOUS
 10
219.296748
 20
9.765943
 30
0.0
 11
220.042904
 21
10.508645
 31
0.0
  0
LINE
  8
0
  6
CONTINUOUS
 10
219.197209
 20
9.793851
 30
0.0
 11
219.957349
 21
10.550471
 31
0.0
  0
LINE
  8
0
  6
CONTINUOUS
 10
219.094573
 20
9.818674
 30
0.0
 11
219.869839
 21
10.590351
 31
0.0
  0
LINE
  8
0
  6
CONTINUOUS
 10
219.296748
 20
9.765943
 30
0.0
 11
220.042904
 21
10.508645
 31
0.0
  0
LINE
  8
0
  6
CONTINUOUS
 10
219.197209
 20
9.793851
 30
0.0
 11
219.957349
 21
10.550471
 31
0.0
  0
LINE
  8
0
  6
CONTINUOUS
 10
218.764813
 20
9.872114
 30
0.0
 11
219.594355
 21
10.697814
 31
0.0
  0
LINE
  8
0
  6
CONTINUOUS
 10
218.987996
 20
9.840293
 30
0.0
 11
219.779798
 21
10.628429
 31
0.0
  0
LINE
  8
0
  6
CONTINUOUS
 10
218.878391
 20
9.858180
 30
0.0
 11
219.688164
 21
10.664204
 31
0.0
  0
LINE
  8
0
  6
CONTINUOUS
 10
218.764813
 20
9.872114
 30
0.0
 11
219.594355
 21
10.697814
 31
0.0
  0
LINE
  8
0
  6
CONTINUOUS
 10
218.987996
 20
9.840293
 30
0.0
 11
219.779798
 21
10.628429
 31
0.0
  0
LINE
  8
0
  6
CONTINUOUS
 10
218.878391
 20
9.858180
 30
0.0
 11
219.688164
 21
10.664204
 31
0.0
  0
LINE
  8
0
  6
CONTINUOUS
 10
218.395519
 20
9.885050
 30
0.0
 11
219.299264
 21
10.784611
 31
0.0
  0
LINE
  8
0
  6
CONTINUOUS
 10
218.647228
 20
9.881624
 30
0.0
 11
219.498614
 21
10.729068
 31
0.0
  0
LINE
  8
0
  6
CONTINUOUS
 10
218.524253
 20
9.886203
 30
0.0
 11
219.400181
 21
10.758076
 31
0.0
  0
LINE
  8
0
  6
CONTINUOUS
 10
218.395519
 20
9.885050
 30
0.0
 11
219.299264
 21
10.784611
 31
0.0
  0
LINE
  8
0
  6
CONTINUOUS
 10
218.647228
 20
9.881624
 30
0.0
 11
219.498614
 21
10.729068
 31
0.0
  0
LINE
  8
0
  6
CONTINUOUS
 10
218.524253
 20
9.886203
 30
0.0
 11
219.400181
 21
10.758076
 31
0.0
  0
LINE
  8
0
  6
CONTINUOUS
 10
217.962145
 20
9.834236
 30
0.0
 11
218.980549
 21
10.847924
 31
0.0
  0
LINE
  8
0
  6
CONTINUOUS
 10
218.260416
 20
9.877155
 30
0.0
 11
219.196064
 21
10.808471
 31
0.0
  0
LINE
  8
0
  6
CONTINUOUS
 10
218.116584
 20
9.860975
 30
0.0
 11
219.089776
 21
10.829660
 31
0.0
  0
LINE
  8
0
  6
CONTINUOUS
 10
217.962145
 20
9.834236
 30
0.0
 11
218.980549
 21
10.847924
 31
0.0
  0
LINE
  8
0
  6
CONTINUOUS
 10
218.260416
 20
9.877155
 30
0.0
 11
219.196064
 21
10.808471
 31
0.0
  0
LINE
  8
0
  6
CONTINUOUS
 10
218.116584
 20
9.860975
 30
0.0
 11
219.089776
 21
10.829660
 31
0.0
  0
LINE
  8
0
  6
CONTINUOUS
 10
223.438058
 20
6.017655
 30
0.0
 11
224.351942
 21
6.927309
 31
0.0
  0
LINE
  8
0
  6
CONTINUOUS
 10
223.438058
 20
6.017655
 30
0.0
 11
224.351942
 21
6.927309
 31
0.0
  0
LINE
  8
0
  6
CONTINUOUS
 10
223.055327
 20
6.017655
 30
0.0
 11
223.966788
 21
6.924897
 31
0.0
  0
LINE
  8
0
  6
CONTINUOUS
 10
223.310478
 20
6.017655
 30
0.0
 11
224.222940
 21
6.925894
 31
0.0
  0
LINE
  8
0
  6
CONTINUOUS
 10
223.182902
 20
6.017655
 30
0.0
 11
224.094656
 21
6.925188
 31
0.0
  0
LINE
  8
0
  6
CONTINUOUS
 10
223.055327
 20
6.017655
 30
0.0
 11
223.966788
 21
6.924897
 31
0.0
  0
LINE
  8
0
  6
CONTINUOUS
 10
223.310478
 20
6.017655
 30
0.0
 11
224.222940
 21
6.925894
 31
0.0
  0
LINE
  8
0
  6
CONTINUOUS
 10
223.182902
 20
6.017655
 30
0.0
 11
224.094656
 21
6.925188
 31
0.0
  0
LINE
  8
0
  6
CONTINUOUS
 10
222.927755
 20
6.017655
 30
0.0
 11
223.839175
 21
6.924855
 31
0.0
  0
LINE
  8
0
  6
CONTINUOUS
 10
222.800179
 20
6.017655
 30
0.0
 11
223.711600
 21
6.924855
 31
0.0
  0
LINE
  8
0
  6
CONTINUOUS
 10
222.927755
 20
6.017655
 30
0.0
 11
223.839175
 21
6.924855
 31
0.0
  0
LINE
  8
0
  6
CONTINUOUS
 10
222.800179
 20
6.017655
 30
0.0
 11
223.711600
 21
6.924855
 31
0.0
  0
LINE
  8
0
  6
CONTINUOUS
 10
224.402212
 20
7.612271
 30
0.0
 11
225.129562
 21
8.336254
 31
0.0
  0
LINE
  8
0
  6
CONTINUOUS
 10
224.441868
 20
7.524758
 30
0.0
 11
225.169949
 21
8.249468
 31
0.0
  0
LINE
  8
0
  6
CONTINUOUS
 10
224.402212
 20
7.612271
 30
0.0
 11
225.129562
 21
8.336254
 31
0.0
  0
LINE
  8
0
  6
CONTINUOUS
 10
224.441868
 20
7.524758
 30
0.0
 11
225.169949
 21
8.249468
 31
0.0
  0
LINE
  8
0
  6
CONTINUOUS
 10
224.521127
 20
7.349685
 30
0.0
 11
225.250686
 21
8.075867
 31
0.0
  0
LINE
  8
0
  6
CONTINUOUS
 10
224.560728
 20
7.262117
 30
0.0
 11
225.291040
 21
7.989048
 31
0.0
  0
LINE
  8
0
  6
CONTINUOUS
 10
224.481505
 20
7.437231
 30
0.0
 11
225.210323
 21
8.162675
 31
0.0
  0
LINE
  8
0
  6
CONTINUOUS
 10
224.521127
 20
7.349685
 30
0.0
 11
225.250686
 21
8.075867
 31
0.0
  0
LINE
  8
0
  6
CONTINUOUS
 10
224.560728
 20
7.262117
 30
0.0
 11
225.291040
 21
7.989048
 31
0.0
  0
LINE
  8
0
  6
CONTINUOUS
 10
224.481505
 20
7.437231
 30
0.0
 11
225.210323
 21
8.162675
 31
0.0
  0
LINE
  8
0
  6
CONTINUOUS
 10
224.600304
 20
7.174520
 30
0.0
 11
225.331386
 21
7.902218
 31
0.0
  0
LINE
  8
0
  6
CONTINUOUS
 10
224.600304
 20
7.174520
 30
0.0
 11
225.331386
 21
7.902218
 31
0.0
  0
LINE
  8
0
  6
CONTINUOUS
 10
224.362597
 20
7.699824
 30
0.0
 11
225.089164
 21
8.423027
 31
0.0
  0
LINE
  8
0
  6
CONTINUOUS
 10
224.362597
 20
7.699824
 30
0.0
 11
225.089164
 21
8.423027
 31
0.0
  0
LINE
  8
0
  6
CONTINUOUS
 10
224.245261
 20
7.964506
 30
0.0
 11
224.967721
 21
8.683621
 31
0.0
  0
LINE
  8
0
  6
CONTINUOUS
 10
224.323078
 20
7.787994
 30
0.0
 11
225.048586
 21
8.510143
 31
0.0
  0
LINE
  8
0
  6
CONTINUOUS
 10
224.284013
 20
7.876094
 30
0.0
 11
225.008161
 21
8.596889
 31
0.0
  0
LINE
  8
0
  6
CONTINUOUS
 10
224.245261
 20
7.964506
 30
0.0
 11
224.967721
 21
8.683621
 31
0.0
  0
LINE
  8
0
  6
CONTINUOUS
 10
224.323078
 20
7.787994
 30
0.0
 11
225.048586
 21
8.510143
 31
0.0
  0
LINE
  8
0
  6
CONTINUOUS
 10
224.284013
 20
7.876094
 30
0.0
 11
225.008161
 21
8.596889
 31
0.0
  0
LINE
  8
0
  6
CONTINUOUS
 10
224.206979
 20
8.052949
 30
0.0
 11
224.927403
 21
8.770038
 31
0.0
  0
LINE
  8
0
  6
CONTINUOUS
 10
224.168938
 20
8.142069
 30
0.0
 11
224.886930
 21
8.856737
 31
0.0
  0
LINE
  8
0
  6
CONTINUOUS
 10
224.206979
 20
8.052949
 30
0.0
 11
224.927403
 21
8.770038
 31
0.0
  0
LINE
  8
0
  6
CONTINUOUS
 10
224.168938
 20
8.142069
 30
0.0
 11
224.886930
 21
8.856737
 31
0.0
  0
LINE
  8
0
  6
CONTINUOUS
 10
224.639839
 20
7.086887
 30
0.0
 11
225.371721
 21
7.815381
 31
0.0
  0
LINE
  8
0
  6
CONTINUOUS
 10
224.639839
 20
7.086887
 30
0.0
 11
225.371721
 21
7.815381
 31
0.0
  0
LINE
  8
0
  6
CONTINUOUS
 10
224.679287
 20
6.999168
 30
0.0
 11
225.412047
 21
7.728536
 31
0.0
  0
LINE
  8
0
  6
CONTINUOUS
 10
224.679287
 20
6.999168
 30
0.0
 11
225.412047
 21
7.728536
 31
0.0
  0
LINE
  8
0
  6
CONTINUOUS
 10
223.986785
 20
8.595898
 30
0.0
 11
224.684189
 21
9.290072
 31
0.0
  0
LINE
  8
0
  6
CONTINUOUS
 10
223.986785
 20
8.595898
 30
0.0
 11
224.684189
 21
9.290072
 31
0.0
  0
LINE
  8
0
  6
CONTINUOUS
 10
224.021770
 20
8.503484
 30
0.0
 11
224.724850
 21
9.203309
 31
0.0
  0
LINE
  8
0
  6
CONTINUOUS
 10
224.021770
 20
8.503484
 30
0.0
 11
224.724850
 21
9.203309
 31
0.0
  0
LINE
  8
0
  6
CONTINUOUS
 10
224.131316
 20
8.231606
 30
0.0
 11
224.846438
 21
8.943417
 31
0.0
  0
LINE
  8
0
  6
CONTINUOUS
 10
224.131316
 20
8.231606
 30
0.0
 11
224.846438
 21
8.943417
 31
0.0
  0
LINE
  8
0
  6
CONTINUOUS
 10
224.094189
 20
8.321598
 30
0.0
 11
224.805939
 21
9.030053
 31
0.0
  0
LINE
  8
0
  6
CONTINUOUS
 10
224.057624
 20
8.412187
 30
0.0
 11
224.765406
 21
9.116693
 31
0.0
  0
LINE
  8
0
  6
CONTINUOUS
 10
224.094189
 20
8.321598
 30
0.0
 11
224.805939
 21
9.030053
 31
0.0
  0
LINE
  8
0
  6
CONTINUOUS
 10
224.057624
 20
8.412187
 30
0.0
 11
224.765406
 21
9.116693
 31
0.0
  0
LINE
  8
0
  6
CONTINUOUS
 10
223.953231
 20
8.689482
 30
0.0
 11
224.643580
 21
9.376636
 31
0.0
  0
LINE
  8
0
  6
CONTINUOUS
 10
223.953231
 20
8.689482
 30
0.0
 11
224.643580
 21
9.376636
 31
0.0
  0
LINE
  8
0
  6
CONTINUOUS
 10
223.922035
 20
8.785417
 30
0.0
 11
224.602941
 21
9.463170
 31
0.0
  0
LINE
  8
0
  6
CONTINUOUS
 10
223.922035
 20
8.785417
 30
0.0
 11
224.602941
 21
9.463170
 31
0.0
  0
LINE
  8
0
  6
CONTINUOUS
 10
223.897892
 20
8.887903
 30
0.0
 11
224.562418
 21
9.549353
 31
0.0
  0
LINE
  8
0
  6
CONTINUOUS
 10
223.897892
 20
8.887903
 30
0.0
 11
224.562418
 21
9.549353
 31
0.0
  0
LINE
  8
0
  6
CONTINUOUS
 10
217.793529
 20
9.793197
 30
0.0
 11
218.868355
 21
10.863046
 31
0.0
  0
LINE
  8
0
  6
CONTINUOUS
 10
217.602881
 20
9.730417
 30
0.0
 11
218.752629
 21
10.874842
 31
0.0
  0
LINE
  8
0
  6
CONTINUOUS
 10
217.371946
 20
9.627535
 30
0.0
 11
218.633265
 21
10.883015
 31
0.0
  0
LINE
  8
0
  6
CONTINUOUS
 10
217.371946
 20
9.627535
 30
0.0
 11
218.633265
 21
10.883015
 31
0.0
  0
LINE
  8
0
  6
CONTINUOUS
 10
217.793529
 20
9.793197
 30
0.0
 11
218.868355
 21
10.863046
 31
0.0
  0
LINE
  8
0
  6
CONTINUOUS
 10
217.602881
 20
9.730417
 30
0.0
 11
218.752629
 21
10.874842
 31
0.0
  0
LINE
  8
0
  6
CONTINUOUS
 10
215.103623
 20
7.369715
 30
0.0
 11
216.492517
 21
8.752178
 31
0.0
  0
LINE
  8
0
  6
CONTINUOUS
 10
215.103623
 20
7.369715
 30
0.0
 11
216.492517
 21
8.752178
 31
0.0
  0
LINE
  8
0
  6
CONTINUOUS
 10
215.113835
 20
7.125909
 30
0.0
 11
216.318057
 21
8.324557
 31
0.0
  0
LINE
  8
0
  6
CONTINUOUS
 10
215.107600
 20
7.246687
 30
0.0
 11
216.384693
 21
8.517869
 31
0.0
  0
LINE
  8
0
  6
CONTINUOUS
 10
215.107600
 20
7.246687
 30
0.0
 11
216.384693
 21
8.517869
 31
0.0
  0
LINE
  8
0
  6
CONTINUOUS
 10
215.113835
 20
7.125909
 30
0.0
 11
216.318057
 21
8.324557
 31
0.0
  0
LINE
  8
0
  6
CONTINUOUS
 10
215.384059
 20
6.125338
 30
0.0
 11
216.266132
 21
7.003328
 31
0.0
  0
LINE
  8
0
  6
CONTINUOUS
 10
215.384059
 20
6.125338
 30
0.0
 11
216.266132
 21
7.003328
 31
0.0
  0
LINE
  8
0
  6
CONTINUOUS
 10
215.273794
 20
6.397256
 30
0.0
 11
216.218564
 21
7.337652
 31
0.0
  0
LINE
  8
0
  6
CONTINUOUS
 10
215.344982
 20
6.214144
 30
0.0
 11
216.246039
 21
7.111030
 31
0.0
  0
LINE
  8
0
  6
CONTINUOUS
 10
215.308280
 20
6.304597
 30
0.0
 11
216.230124
 21
7.222173
 31
0.0
  0
LINE
  8
0
  6
CONTINUOUS
 10
215.273794
 20
6.397256
 30
0.0
 11
216.218564
 21
7.337652
 31
0.0
  0
LINE
  8
0
  6
CONTINUOUS
 10
215.344982
 20
6.214144
 30
0.0
 11
216.246039
 21
7.111030
 31
0.0
  0
LINE
  8
0
  6
CONTINUOUS
 10
215.308280
 20
6.304597
 30
0.0
 11
216.230124
 21
7.222173
 31
0.0
  0
LINE
  8
0
  6
CONTINUOUS
 10
215.184519
 20
6.688916
 30
0.0
 11
216.214094
 21
7.713724
 31
0.0
  0
LINE
  8
0
  6
CONTINUOUS
 10
215.241706
 20
6.491868
 30
0.0
 11
216.211743
 21
7.457414
 31
0.0
  0
LINE
  8
0
  6
CONTINUOUS
 10
215.211878
 20
6.589163
 30
0.0
 11
216.210057
 21
7.582722
 31
0.0
  0
LINE
  8
0
  6
CONTINUOUS
 10
215.184519
 20
6.688916
 30
0.0
 11
216.214094
 21
7.713724
 31
0.0
  0
LINE
  8
0
  6
CONTINUOUS
 10
215.241706
 20
6.491868
 30
0.0
 11
216.211743
 21
7.457414
 31
0.0
  0
LINE
  8
0
  6
CONTINUOUS
 10
215.211878
 20
6.589163
 30
0.0
 11
216.210057
 21
7.582722
 31
0.0
  0
LINE
  8
0
  6
CONTINUOUS
 10
215.123143
 20
7.008378
 30
0.0
 11
216.273701
 21
8.153608
 31
0.0
  0
LINE
  8
0
  6
CONTINUOUS
 10
215.159809
 20
6.790904
 30
0.0
 11
216.224837
 21
7.851001
 31
0.0
  0
LINE
  8
0
  6
CONTINUOUS
 10
215.137817
 20
6.895998
 30
0.0
 11
216.243920
 21
7.996980
 31
0.0
  0
LINE
  8
0
  6
CONTINUOUS
 10
215.123143
 20
7.008378
 30
0.0
 11
216.273701
 21
8.153608
 31
0.0
  0
LINE
  8
0
  6
CONTINUOUS
 10
215.159809
 20
6.790904
 30
0.0
 11
216.224837
 21
7.851001
 31
0.0
  0
LINE
  8
0
  6
CONTINUOUS
 10
215.137817
 20
6.895998
 30
0.0
 11
216.243920
 21
7.996980
 31
0.0
  0
LINE
  8
0
  6
CONTINUOUS
 10
215.102884
 20
7.750119
 30
0.0
 11
218.249588
 21
10.882256
 31
0.0
  0
LINE
  8
0
  6
CONTINUOUS
 10
215.101551
 20
7.494823
 30
0.0
 11
218.509756
 21
10.887250
 31
0.0
  0
LINE
  8
0
  6
CONTINUOUS
 10
215.101277
 20
7.621535
 30
0.0
 11
218.382079
 21
10.887148
 31
0.0
  0
LINE
  8
0
  6
CONTINUOUS
 10
215.102884
 20
7.750119
 30
0.0
 11
218.249588
 21
10.882256
 31
0.0
  0
LINE
  8
0
  6
CONTINUOUS
 10
215.101551
 20
7.494823
 30
0.0
 11
218.509756
 21
10.887250
 31
0.0
  0
LINE
  8
0
  6
CONTINUOUS
 10
215.101277
 20
7.621535
 30
0.0
 11
218.382079
 21
10.887148
 31
0.0
  0
LINE
  8
0
  6
CONTINUOUS
 10
215.126027
 20
8.154086
 30
0.0
 11
217.819312
 21
10.834902
 31
0.0
  0
LINE
  8
0
  6
CONTINUOUS
 10
215.106704
 20
7.880883
 30
0.0
 11
218.111733
 21
10.871999
 31
0.0
  0
LINE
  8
0
  6
CONTINUOUS
 10
215.113578
 20
8.014710
 30
0.0
 11
217.968340
 21
10.856255
 31
0.0
  0
LINE
  8
0
  6
CONTINUOUS
 10
215.126027
 20
8.154086
 30
0.0
 11
217.819312
 21
10.834902
 31
0.0
  0
LINE
  8
0
  6
CONTINUOUS
 10
215.106704
 20
7.880883
 30
0.0
 11
218.111733
 21
10.871999
 31
0.0
  0
LINE
  8
0
  6
CONTINUOUS
 10
215.113578
 20
8.014710
 30
0.0
 11
217.968340
 21
10.856255
 31
0.0
  0
LINE
  8
0
  6
CONTINUOUS
 10
215.258698
 20
8.667102
 30
0.0
 11
217.317426
 21
10.716299
 31
0.0
  0
LINE
  8
0
  6
CONTINUOUS
 10
215.156031
 20
8.310941
 30
0.0
 11
217.663010
 21
10.806314
 31
0.0
  0
LINE
  8
0
  6
CONTINUOUS
 10
215.200714
 20
8.482403
 30
0.0
 11
217.497001
 21
10.768059
 31
0.0
  0
LINE
  8
0
  6
CONTINUOUS
 10
215.258698
 20
8.667102
 30
0.0
 11
217.317426
 21
10.716299
 31
0.0
  0
LINE
  8
0
  6
CONTINUOUS
 10
215.156031
 20
8.310941
 30
0.0
 11
217.663010
 21
10.806314
 31
0.0
  0
LINE
  8
0
  6
CONTINUOUS
 10
215.200714
 20
8.482403
 30
0.0
 11
217.497001
 21
10.768059
 31
0.0
  0
LINE
  8
0
  6
CONTINUOUS
 10
215.610910
 20
9.398635
 30
0.0
 11
216.583334
 21
10.366557
 31
0.0
  0
LINE
  8
0
  6
CONTINUOUS
 10
215.335544
 20
8.870574
 30
0.0
 11
217.117627
 21
10.644407
 31
0.0
  0
LINE
  8
0
  6
CONTINUOUS
 10
215.442490
 20
9.104009
 30
0.0
 11
216.884336
 21
10.539180
 31
0.0
  0
LINE
  8
0
  6
CONTINUOUS
 10
215.610910
 20
9.398635
 30
0.0
 11
216.583334
 21
10.366557
 31
0.0
  0
LINE
  8
0
  6
CONTINUOUS
 10
215.335544
 20
8.870574
 30
0.0
 11
217.117627
 21
10.644407
 31
0.0
  0
LINE
  8
0
  6
CONTINUOUS
 10
215.442490
 20
9.104009
 30
0.0
 11
216.884336
 21
10.539180
 31
0.0
  0
LINE
  8
0
  6
CONTINUOUS
 10
213.374945
 20
5.649039
 30
0.0
 11
214.080675
 21
6.351502
 31
0.0
  0
LINE
  8
0
  6
CONTINUOUS
 10
213.413155
 20
5.433103
 30
0.0
 11
214.198114
 21
6.214427
 31
0.0
  0
LINE
  8
0
  6
CONTINUOUS
 10
213.408434
 20
5.555388
 30
0.0
 11
214.142195
 21
6.285752
 31
0.0
  0
LINE
  8
0
  6
CONTINUOUS
 10
213.374945
 20
5.649039
 30
0.0
 11
214.080675
 21
6.351502
 31
0.0
  0
LINE
  8
0
  6
CONTINUOUS
 10
213.413155
 20
5.433103
 30
0.0
 11
214.198114
 21
6.214427
 31
0.0
  0
LINE
  8
0
  6
CONTINUOUS
 10
213.408434
 20
5.555388
 30
0.0
 11
214.142195
 21
6.285752
 31
0.0
  0
LINE
  8
0
  6
CONTINUOUS
 10
213.184939
 20
5.841053
 30
0.0
 11
213.867843
 21
6.520797
 31
0.0
  0
LINE
  8
0
  6
CONTINUOUS
 10
213.322495
 20
5.724004
 30
0.0
 11
214.013964
 21
6.412271
 31
0.0
  0
LINE
  8
0
  6
CONTINUOUS
 10
213.257820
 20
5.786613
 30
0.0
 11
213.942850
 21
6.468471
 31
0.0
  0
LINE
  8
0
  6
CONTINUOUS
 10
213.184939
 20
5.841053
 30
0.0
 11
213.867843
 21
6.520797
 31
0.0
  0
LINE
  8
0
  6
CONTINUOUS
 10
213.322495
 20
5.724004
 30
0.0
 11
214.013964
 21
6.412271
 31
0.0
  0
LINE
  8
0
  6
CONTINUOUS
 10
213.257820
 20
5.786613
 30
0.0
 11
213.942850
 21
6.468471
 31
0.0
  0
LINE
  8
0
  6
CONTINUOUS
 10
212.938308
 20
5.976495
 30
0.0
 11
213.624862
 21
6.659872
 31
0.0
  0
LINE
  8
0
  6
CONTINUOUS
 10
213.106410
 20
5.889849
 30
0.0
 11
213.789528
 21
6.569804
 31
0.0
  0
LINE
  8
0
  6
CONTINUOUS
 10
213.023833
 20
5.934640
 30
0.0
 11
213.708382
 21
6.616019
 31
0.0
  0
LINE
  8
0
  6
CONTINUOUS
 10
212.938308
 20
5.976495
 30
0.0
 11
213.624862
 21
6.659872
 31
0.0
  0
LINE
  8
0
  6
CONTINUOUS
 10
213.106410
 20
5.889849
 30
0.0
 11
213.789528
 21
6.569804
 31
0.0
  0
LINE
  8
0
  6
CONTINUOUS
 10
213.023833
 20
5.934640
 30
0.0
 11
213.708382
 21
6.616019
 31
0.0
  0
LINE
  8
0
  6
CONTINUOUS
 10
212.850571
 20
6.016155
 30
0.0
 11
213.539342
 21
6.701737
 31
0.0
  0
LINE
  8
0
  6
CONTINUOUS
 10
212.850571
 20
6.016155
 30
0.0
 11
213.539342
 21
6.701737
 31
0.0
  0
LINE
  8
0
  6
CONTINUOUS
 10
212.670441
 20
6.090828
 30
0.0
 11
213.363535
 21
6.780714
 31
0.0
  0
LINE
  8
0
  6
CONTINUOUS
 10
212.761156
 20
6.054137
 30
0.0
 11
213.452146
 21
6.741929
 31
0.0
  0
LINE
  8
0
  6
CONTINUOUS
 10
212.670441
 20
6.090828
 30
0.0
 11
213.363535
 21
6.780714
 31
0.0
  0
LINE
  8
0
  6
CONTINUOUS
 10
212.761156
 20
6.054137
 30
0.0
 11
213.452146
 21
6.741929
 31
0.0
  0
LINE
  8
0
  6
CONTINUOUS
 10
212.400446
 20
6.203034
 30
0.0
 11
213.091278
 21
6.890668
 31
0.0
  0
LINE
  8
0
  6
CONTINUOUS
 10
212.579632
 20
6.127420
 30
0.0
 11
213.273734
 21
6.818309
 31
0.0
  0
LINE
  8
0
  6
CONTINUOUS
 10
212.489591
 20
6.164782
 30
0.0
 11
213.182922
 21
6.854902
 31
0.0
  0
LINE
  8
0
  6
CONTINUOUS
 10
212.400446
 20
6.203034
 30
0.0
 11
213.091278
 21
6.890668
 31
0.0
  0
LINE
  8
0
  6
CONTINUOUS
 10
212.579632
 20
6.127420
 30
0.0
 11
213.273734
 21
6.818309
 31
0.0
  0
LINE
  8
0
  6
CONTINUOUS
 10
212.489591
 20
6.164782
 30
0.0
 11
213.182922
 21
6.854902
 31
0.0
  0
LINE
  8
0
  6
CONTINUOUS
 10
212.311981
 20
6.242483
 30
0.0
 11
212.999442
 21
6.926762
 31
0.0
  0
LINE
  8
0
  6
CONTINUOUS
 10
212.225085
 20
6.282975
 30
0.0
 11
212.908848
 21
6.963572
 31
0.0
  0
LINE
  8
0
  6
CONTINUOUS
 10
212.311981
 20
6.242483
 30
0.0
 11
212.999442
 21
6.926762
 31
0.0
  0
LINE
  8
0
  6
CONTINUOUS
 10
212.225085
 20
6.282975
 30
0.0
 11
212.908848
 21
6.963572
 31
0.0
  0
LINE
  8
0
  6
CONTINUOUS
 10
213.490156
 20
7.542188
 30
0.0
 11
214.104811
 21
8.153999
 31
0.0
  0
LINE
  8
0
  6
CONTINUOUS
 10
213.657413
 20
7.581687
 30
0.0
 11
214.158232
 21
8.080187
 31
0.0
  0
LINE
  8
0
  6
CONTINUOUS
 10
213.490156
 20
7.542188
 30
0.0
 11
214.104811
 21
8.153999
 31
0.0
  0
LINE
  8
0
  6
CONTINUOUS
 10
213.657413
 20
7.581687
 30
0.0
 11
214.158232
 21
8.080187
 31
0.0
  0
LINE
  8
0
  6
CONTINUOUS
 10
213.432275
 20
7.611560
 30
0.0
 11
214.046023
 21
8.222468
 31
0.0
  0
LINE
  8
0
  6
CONTINUOUS
 10
213.432275
 20
7.611560
 30
0.0
 11
214.046023
 21
8.222468
 31
0.0
  0
LINE
  8
0
  6
CONTINUOUS
 10
213.238094
 20
7.798796
 30
0.0
 11
213.847397
 21
8.405279
 31
0.0
  0
LINE
  8
0
  6
CONTINUOUS
 10
213.377547
 20
7.683632
 30
0.0
 11
213.983716
 21
8.286995
 31
0.0
  0
LINE
  8
0
  6
CONTINUOUS
 10
213.312688
 20
7.746059
 30
0.0
 11
213.917665
 21
8.348236
 31
0.0
  0
LINE
  8
0
  6
CONTINUOUS
 10
213.238094
 20
7.798796
 30
0.0
 11
213.847397
 21
8.405279
 31
0.0
  0
LINE
  8
0
  6
CONTINUOUS
 10
213.377547
 20
7.683632
 30
0.0
 11
213.983716
 21
8.286995
 31
0.0
  0
LINE
  8
0
  6
CONTINUOUS
 10
213.312688
 20
7.746059
 30
0.0
 11
213.917665
 21
8.348236
 31
0.0
  0
LINE
  8
0
  6
CONTINUOUS
 10
213.153903
 20
7.841942
 30
0.0
 11
213.770677
 21
8.455860
 31
0.0
  0
LINE
  8
0
  6
CONTINUOUS
 10
213.059509
 20
7.874970
 30
0.0
 11
213.688768
 21
8.501315
 31
0.0
  0
LINE
  8
0
  6
CONTINUOUS
 10
213.153903
 20
7.841942
 30
0.0
 11
213.770677
 21
8.455860
 31
0.0
  0
LINE
  8
0
  6
CONTINUOUS
 10
213.059509
 20
7.874970
 30
0.0
 11
213.688768
 21
8.501315
 31
0.0
  0
LINE
  8
0
  6
CONTINUOUS
 10
212.953491
 20
7.896427
 30
0.0
 11
213.602692
 21
8.542623
 31
0.0
  0
LINE
  8
0
  6
CONTINUOUS
 10
212.953491
 20
7.896427
 30
0.0
 11
213.602692
 21
8.542623
 31
0.0
  0
LINE
  8
0
  6
CONTINUOUS
 10
212.832600
 20
7.903332
 30
0.0
 11
213.511268
 21
8.578858
 31
0.0
  0
LINE
  8
0
  6
CONTINUOUS
 10
212.693231
 20
7.891594
 30
0.0
 11
213.413957
 21
8.608982
 31
0.0
  0
LINE
  8
0
  6
CONTINUOUS
 10
212.832600
 20
7.903332
 30
0.0
 11
213.511268
 21
8.578858
 31
0.0
  0
LINE
  8
0
  6
CONTINUOUS
 10
212.693231
 20
7.891594
 30
0.0
 11
213.413957
 21
8.608982
 31
0.0
  0
LINE
  8
0
  6
CONTINUOUS
 10
212.507244
 20
7.833452
 30
0.0
 11
213.309999
 21
8.632491
 31
0.0
  0
LINE
  8
0
  6
CONTINUOUS
 10
212.507244
 20
7.833452
 30
0.0
 11
213.309999
 21
8.632491
 31
0.0
  0
LINE
  8
0
  6
CONTINUOUS
 10
211.487629
 20
6.818558
 30
0.0
 11
212.325622
 21
7.652672
 31
0.0
  0
LINE
  8
0
  6
CONTINUOUS
 10
211.487629
 20
6.818558
 30
0.0
 11
212.325622
 21
7.652672
 31
0.0
  0
LINE
  8
0
  6
CONTINUOUS
 10
211.672797
 20
6.621662
 30
0.0
 11
212.363252
 21
7.308921
 31
0.0
  0
LINE
  8
0
  6
CONTINUOUS
 10
211.672797
 20
6.621662
 30
0.0
 11
212.363252
 21
7.308921
 31
0.0
  0
LINE
  8
0
  6
CONTINUOUS
 10
211.606217
 20
6.682626
 30
0.0
 11
212.313153
 21
7.386290
 31
0.0
  0
LINE
  8
0
  6
CONTINUOUS
 10
211.544368
 20
6.748049
 30
0.0
 11
212.292517
 21
7.492734
 31
0.0
  0
LINE
  8
0
  6
CONTINUOUS
 10
211.606217
 20
6.682626
 30
0.0
 11
212.313153
 21
7.386290
 31
0.0
  0
LINE
  8
0
  6
CONTINUOUS
 10
211.544368
 20
6.748049
 30
0.0
 11
212.292517
 21
7.492734
 31
0.0
  0
LINE
  8
0
  6
CONTINUOUS
 10
211.894399
 20
6.461322
 30
0.0
 11
212.566814
 21
7.130624
 31
0.0
  0
LINE
  8
0
  6
CONTINUOUS
 10
211.974097
 20
6.413665
 30
0.0
 11
212.647553
 21
7.084004
 31
0.0
  0
LINE
  8
0
  6
CONTINUOUS
 10
211.894399
 20
6.461322
 30
0.0
 11
212.566814
 21
7.130624
 31
0.0
  0
LINE
  8
0
  6
CONTINUOUS
 10
211.974097
 20
6.413665
 30
0.0
 11
212.647553
 21
7.084004
 31
0.0
  0
LINE
  8
0
  6
CONTINUOUS
 10
211.817340
 20
6.511566
 30
0.0
 11
212.491778
 21
7.182882
 31
0.0
  0
LINE
  8
0
  6
CONTINUOUS
 10
211.743304
 20
6.564858
 30
0.0
 11
212.423877
 21
7.242281
 31
0.0
  0
LINE
  8
0
  6
CONTINUOUS
 10
211.817340
 20
6.511566
 30
0.0
 11
212.491778
 21
7.182882
 31
0.0
  0
LINE
  8
0
  6
CONTINUOUS
 10
211.743304
 20
6.564858
 30
0.0
 11
212.423877
 21
7.242281
 31
0.0
  0
LINE
  8
0
  6
CONTINUOUS
 10
211.351456
 20
7.063502
 30
0.0
 11
212.960256
 21
8.664854
 31
0.0
  0
LINE
  8
0
  6
CONTINUOUS
 10
211.436607
 20
6.894289
 30
0.0
 11
213.199717
 21
8.649237
 31
0.0
  0
LINE
  8
0
  6
CONTINUOUS
 10
211.391193
 20
6.976070
 30
0.0
 11
213.082727
 21
8.659773
 31
0.0
  0
LINE
  8
0
  6
CONTINUOUS
 10
211.351456
 20
7.063502
 30
0.0
 11
212.960256
 21
8.664854
 31
0.0
  0
LINE
  8
0
  6
CONTINUOUS
 10
211.436607
 20
6.894289
 30
0.0
 11
213.199717
 21
8.649237
 31
0.0
  0
LINE
  8
0
  6
CONTINUOUS
 10
211.391193
 20
6.976070
 30
0.0
 11
213.082727
 21
8.659773
 31
0.0
  0
LINE
  8
0
  6
CONTINUOUS
 10
211.302534
 20
7.395715
 30
0.0
 11
212.564699
 21
8.652038
 31
0.0
  0
LINE
  8
0
  6
CONTINUOUS
 10
211.320505
 20
7.159634
 30
0.0
 11
212.833360
 21
8.665485
 31
0.0
  0
LINE
  8
0
  6
CONTINUOUS
 10
211.305599
 20
7.271783
 30
0.0
 11
212.702081
 21
8.661799
 31
0.0
  0
LINE
  8
0
  6
CONTINUOUS
 10
211.302534
 20
7.395715
 30
0.0
 11
212.564699
 21
8.652038
 31
0.0
  0
LINE
  8
0
  6
CONTINUOUS
 10
211.320505
 20
7.159634
 30
0.0
 11
212.833360
 21
8.665485
 31
0.0
  0
LINE
  8
0
  6
CONTINUOUS
 10
211.305599
 20
7.271783
 30
0.0
 11
212.702081
 21
8.661799
 31
0.0
  0
LINE
  8
0
  6
CONTINUOUS
 10
211.305078
 20
7.525272
 30
0.0
 11
212.417842
 21
8.632885
 31
0.0
  0
LINE
  8
0
  6
CONTINUOUS
 10
211.305078
 20
7.525272
 30
0.0
 11
212.417842
 21
8.632885
 31
0.0
  0
LINE
  8
0
  6
CONTINUOUS
 10
211.357743
 20
7.831664
 30
0.0
 11
212.056714
 21
8.527399
 31
0.0
  0
LINE
  8
0
  6
CONTINUOUS
 10
211.318066
 20
7.665186
 30
0.0
 11
212.254780
 21
8.597563
 31
0.0
  0
LINE
  8
0
  6
CONTINUOUS
 10
211.357743
 20
7.831664
 30
0.0
 11
212.056714
 21
8.527399
 31
0.0
  0
LINE
  8
0
  6
CONTINUOUS
 10
211.318066
 20
7.665186
 30
0.0
 11
212.254780
 21
8.597563
 31
0.0
  0
LINE
  8
0
  6
CONTINUOUS
 10
209.081269
 20
6.454583
 30
0.0
 11
211.018185
 21
8.382532
 31
0.0
  0
LINE
  8
0
  6
CONTINUOUS
 10
209.081269
 20
6.454583
 30
0.0
 11
211.018185
 21
8.382532
 31
0.0
  0
LINE
  8
0
  6
CONTINUOUS
 10
209.399876
 20
7.152562
 30
0.0
 11
210.786978
 21
8.533242
 31
0.0
  0
LINE
  8
0
  6
CONTINUOUS
 10
209.186253
 20
6.685958
 30
0.0
 11
211.030132
 21
8.521301
 31
0.0
  0
LINE
  8
0
  6
CONTINUOUS
 10
209.292547
 20
6.918746
 30
0.0
 11
210.912691
 21
8.531389
 31
0.0
  0
LINE
  8
0
  6
CONTINUOUS
 10
209.399876
 20
7.152562
 30
0.0
 11
210.786978
 21
8.533242
 31
0.0
  0
LINE
  8
0
  6
CONTINUOUS
 10
209.186253
 20
6.685958
 30
0.0
 11
211.030132
 21
8.521301
 31
0.0
  0
LINE
  8
0
  6
CONTINUOUS
 10
209.292547
 20
6.918746
 30
0.0
 11
210.912691
 21
8.531389
 31
0.0
  0
LINE
  8
0
  6
CONTINUOUS
 10
209.726000
 20
7.858637
 30
0.0
 11
210.399373
 21
8.528893
 31
0.0
  0
LINE
  8
0
  6
CONTINUOUS
 10
209.508619
 20
7.388291
 30
0.0
 11
210.658258
 21
8.532608
 31
0.0
  0
LINE
  8
0
  6
CONTINUOUS
 10
209.617310
 20
7.623464
 30
0.0
 11
210.528953
 21
8.530887
 31
0.0
  0
LINE
  8
0
  6
CONTINUOUS
 10
209.726000
 20
7.858637
 30
0.0
 11
210.399373
 21
8.528893
 31
0.0
  0
LINE
  8
0
  6
CONTINUOUS
 10
209.508619
 20
7.388291
 30
0.0
 11
210.658258
 21
8.532608
 31
0.0
  0
LINE
  8
0
  6
CONTINUOUS
 10
209.617310
 20
7.623464
 30
0.0
 11
210.528953
 21
8.530887
 31
0.0
  0
LINE
  8
0
  6
CONTINUOUS
 10
209.834578
 20
8.093564
 30
0.0
 11
210.269929
 21
8.526900
 31
0.0
  0
LINE
  8
0
  6
CONTINUOUS
 10
209.943269
 20
8.328737
 30
0.0
 11
210.140349
 21
8.524905
 31
0.0
  0
LINE
  8
0
  6
CONTINUOUS
 10
209.834578
 20
8.093564
 30
0.0
 11
210.269929
 21
8.526900
 31
0.0
  0
LINE
  8
0
  6
CONTINUOUS
 10
209.943269
 20
8.328737
 30
0.0
 11
210.140349
 21
8.524905
 31
0.0
  0
LINE
  8
0
  6
CONTINUOUS
 10
208.977979
 20
6.224786
 30
0.0
 11
210.906598
 21
8.144476
 31
0.0
  0
LINE
  8
0
  6
CONTINUOUS
 10
208.977979
 20
6.224786
 30
0.0
 11
210.906598
 21
8.144476
 31
0.0
  0
LINE
  8
0
  6
CONTINUOUS
 10
208.879217
 20
5.999497
 30
0.0
 11
210.792112
 21
7.903535
 31
0.0
  0
LINE
  8
0
  6
CONTINUOUS
 10
208.879217
 20
5.999497
 30
0.0
 11
210.792112
 21
7.903535
 31
0.0
  0
LINE
  8
0
  6
CONTINUOUS
 10
208.879217
 20
5.999497
 30
0.0
 11
210.792112
 21
7.903535
 31
0.0
  0
LINE
  8
0
  6
CONTINUOUS
 10
207.466318
 20
6.750182
 30
0.0
 11
208.217043
 21
7.497432
 31
0.0
  0
LINE
  8
0
  6
CONTINUOUS
 10
207.539151
 20
6.568709
 30
0.0
 11
208.282877
 21
7.308991
 31
0.0
  0
LINE
  8
0
  6
CONTINUOUS
 10
207.502724
 20
6.659434
 30
0.0
 11
208.250000
 21
7.403252
 31
0.0
  0
LINE
  8
0
  6
CONTINUOUS
 10
207.466318
 20
6.750182
 30
0.0
 11
208.217043
 21
7.497432
 31
0.0
  0
LINE
  8
0
  6
CONTINUOUS
 10
207.539151
 20
6.568709
 30
0.0
 11
208.282877
 21
7.308991
 31
0.0
  0
LINE
  8
0
  6
CONTINUOUS
 10
207.502724
 20
6.659434
 30
0.0
 11
208.250000
 21
7.403252
 31
0.0
  0
LINE
  8
0
  6
CONTINUOUS
 10
207.357378
 20
7.022573
 30
0.0
 11
208.117681
 21
7.779356
 31
0.0
  0
LINE
  8
0
  6
CONTINUOUS
 10
207.429988
 20
6.840878
 30
0.0
 11
208.184035
 21
7.591435
 31
0.0
  0
LINE
  8
0
  6
CONTINUOUS
 10
207.393663
 20
6.931706
 30
0.0
 11
208.150906
 21
7.685443
 31
0.0
  0
LINE
  8
0
  6
CONTINUOUS
 10
207.357378
 20
7.022573
 30
0.0
 11
208.117681
 21
7.779356
 31
0.0
  0
LINE
  8
0
  6
CONTINUOUS
 10
207.429988
 20
6.840878
 30
0.0
 11
208.184035
 21
7.591435
 31
0.0
  0
LINE
  8
0
  6
CONTINUOUS
 10
207.393663
 20
6.931706
 30
0.0
 11
208.150906
 21
7.685443
 31
0.0
  0
LINE
  8
0
  6
CONTINUOUS
 10
207.248584
 20
7.295940
 30
0.0
 11
208.017101
 21
8.060899
 31
0.0
  0
LINE
  8
0
  6
CONTINUOUS
 10
207.320935
 20
7.113986
 30
0.0
 11
208.084163
 21
7.873681
 31
0.0
  0
LINE
  8
0
  6
CONTINUOUS
 10
207.284737
 20
7.204940
 30
0.0
 11
208.050707
 21
7.967364
 31
0.0
  0
LINE
  8
0
  6
CONTINUOUS
 10
207.248584
 20
7.295940
 30
0.0
 11
208.017101
 21
8.060899
 31
0.0
  0
LINE
  8
0
  6
CONTINUOUS
 10
207.320935
 20
7.113986
 30
0.0
 11
208.084163
 21
7.873681
 31
0.0
  0
LINE
  8
0
  6
CONTINUOUS
 10
207.284737
 20
7.204940
 30
0.0
 11
208.050707
 21
7.967364
 31
0.0
  0
LINE
  8
0
  6
CONTINUOUS
 10
207.140886
 20
7.568085
 30
0.0
 11
207.915240
 21
8.338854
 31
0.0
  0
LINE
  8
0
  6
CONTINUOUS
 10
207.212938
 20
7.385833
 30
0.0
 11
207.983736
 21
8.153063
 31
0.0
  0
LINE
  8
0
  6
CONTINUOUS
 10
207.176884
 20
7.476932
 30
0.0
 11
207.949686
 21
8.246157
 31
0.0
  0
LINE
  8
0
  6
CONTINUOUS
 10
207.140886
 20
7.568085
 30
0.0
 11
207.915240
 21
8.338854
 31
0.0
  0
LINE
  8
0
  6
CONTINUOUS
 10
207.212938
 20
7.385833
 30
0.0
 11
207.983736
 21
8.153063
 31
0.0
  0
LINE
  8
0
  6
CONTINUOUS
 10
207.176884
 20
7.476932
 30
0.0
 11
207.949686
 21
8.246157
 31
0.0
  0
LINE
  8
0
  6
CONTINUOUS
 10
207.033282
 20
7.841942
 30
0.0
 11
207.723301
 21
8.528768
 31
0.0
  0
LINE
  8
0
  6
CONTINUOUS
 10
207.104946
 20
7.659305
 30
0.0
 11
207.880000
 21
8.430771
 31
0.0
  0
LINE
  8
0
  6
CONTINUOUS
 10
207.069076
 20
7.750585
 30
0.0
 11
207.833557
 21
8.511528
 31
0.0
  0
LINE
  8
0
  6
CONTINUOUS
 10
207.033282
 20
7.841942
 30
0.0
 11
207.723301
 21
8.528768
 31
0.0
  0
LINE
  8
0
  6
CONTINUOUS
 10
207.104946
 20
7.659305
 30
0.0
 11
207.880000
 21
8.430771
 31
0.0
  0
LINE
  8
0
  6
CONTINUOUS
 10
207.069076
 20
7.750585
 30
0.0
 11
207.833557
 21
8.511528
 31
0.0
  0
LINE
  8
0
  6
CONTINUOUS
 10
206.926433
 20
8.116848
 30
0.0
 11
207.349154
 21
8.537612
 31
0.0
  0
LINE
  8
0
  6
CONTINUOUS
 10
206.997492
 20
7.933607
 30
0.0
 11
207.601153
 21
8.534474
 31
0.0
  0
LINE
  8
0
  6
CONTINUOUS
 10
206.961894
 20
8.025161
 30
0.0
 11
207.475943
 21
8.536830
 31
0.0
  0
LINE
  8
0
  6
CONTINUOUS
 10
206.926433
 20
8.116848
 30
0.0
 11
207.349154
 21
8.537612
 31
0.0
  0
LINE
  8
0
  6
CONTINUOUS
 10
206.997492
 20
7.933607
 30
0.0
 11
207.601153
 21
8.534474
 31
0.0
  0
LINE
  8
0
  6
CONTINUOUS
 10
206.961894
 20
8.025161
 30
0.0
 11
207.475943
 21
8.536830
 31
0.0
  0
LINE
  8
0
  6
CONTINUOUS
 10
206.821494
 20
8.394066
 30
0.0
 11
206.963176
 21
8.535093
 31
0.0
  0
LINE
  8
0
  6
CONTINUOUS
 10
206.890958
 20
8.209240
 30
0.0
 11
207.220852
 21
8.537606
 31
0.0
  0
LINE
  8
0
  6
CONTINUOUS
 10
206.855961
 20
8.301391
 30
0.0
 11
207.092795
 21
8.537127
 31
0.0
  0
LINE
  8
0
  6
CONTINUOUS
 10
206.821494
 20
8.394066
 30
0.0
 11
206.963176
 21
8.535093
 31
0.0
  0
LINE
  8
0
  6
CONTINUOUS
 10
206.890958
 20
8.209240
 30
0.0
 11
207.220852
 21
8.537606
 31
0.0
  0
LINE
  8
0
  6
CONTINUOUS
 10
206.855961
 20
8.301391
 30
0.0
 11
207.092795
 21
8.537127
 31
0.0
  0
LINE
  8
0
  6
CONTINUOUS
 10
206.791907
 20
8.491169
 30
0.0
 11
206.822816
 21
8.521935
 31
0.0
  0
LINE
  8
0
  6
CONTINUOUS
 10
206.791907
 20
8.491169
 30
0.0
 11
206.822816
 21
8.521935
 31
0.0
  0
LINE
  8
0
  6
CONTINUOUS
 10
204.275947
 20
9.923259
 30
0.0
 11
205.143696
 21
10.786990
 31
0.0
  0
LINE
  8
0
  6
CONTINUOUS
 10
204.412145
 20
9.931841
 30
0.0
 11
205.240228
 21
10.756090
 31
0.0
  0
LINE
  8
0
  6
CONTINUOUS
 10
204.275947
 20
9.923259
 30
0.0
 11
205.143696
 21
10.786990
 31
0.0
  0
LINE
  8
0
  6
CONTINUOUS
 10
204.412145
 20
9.931841
 30
0.0
 11
205.240228
 21
10.756090
 31
0.0
  0
LINE
  8
0
  6
CONTINUOUS
 10
204.660688
 20
9.925011
 30
0.0
 11
205.422133
 21
10.682932
 31
0.0
  0
LINE
  8
0
  6
CONTINUOUS
 10
204.762769
 20
9.899636
 30
0.0
 11
205.507463
 21
10.640882
 31
0.0
  0
LINE
  8
0
  6
CONTINUOUS
 10
204.540626
 20
9.932490
 30
0.0
 11
205.333135
 21
10.721331
 31
0.0
  0
LINE
  8
0
  6
CONTINUOUS
 10
204.660688
 20
9.925011
 30
0.0
 11
205.422133
 21
10.682932
 31
0.0
  0
LINE
  8
0
  6
CONTINUOUS
 10
204.762769
 20
9.899636
 30
0.0
 11
205.507463
 21
10.640882
 31
0.0
  0
LINE
  8
0
  6
CONTINUOUS
 10
204.540626
 20
9.932490
 30
0.0
 11
205.333135
 21
10.721331
 31
0.0
  0
LINE
  8
0
  6
CONTINUOUS
 10
204.937366
 20
9.819492
 30
0.0
 11
205.667190
 21
10.545937
 31
0.0
  0
LINE
  8
0
  6
CONTINUOUS
 10
204.852055
 20
9.861561
 30
0.0
 11
205.589131
 21
10.595225
 31
0.0
  0
LINE
  8
0
  6
CONTINUOUS
 10
204.937366
 20
9.819492
 30
0.0
 11
205.667190
 21
10.545937
 31
0.0
  0
LINE
  8
0
  6
CONTINUOUS
 10
204.852055
 20
9.861561
 30
0.0
 11
205.589131
 21
10.595225
 31
0.0
  0
LINE
  8
0
  6
CONTINUOUS
 10
205.610006
 20
9.473060
 30
0.0
 11
206.153089
 21
10.013630
 31
0.0
  0
LINE
  8
0
  6
CONTINUOUS
 10
205.866894
 20
9.601775
 30
0.0
 11
206.195989
 21
9.929346
 31
0.0
  0
LINE
  8
0
  6
CONTINUOUS
 10
205.610006
 20
9.473060
 30
0.0
 11
206.153089
 21
10.013630
 31
0.0
  0
LINE
  8
0
  6
CONTINUOUS
 10
205.866894
 20
9.601775
 30
0.0
 11
206.195989
 21
9.929346
 31
0.0
  0
LINE
  8
0
  6
CONTINUOUS
 10
205.275379
 20
9.520933
 30
0.0
 11
206.001328
 21
10.243521
 31
0.0
  0
LINE
  8
0
  6
CONTINUOUS
 10
205.387851
 20
9.378914
 30
0.0
 11
206.106557
 21
10.094293
 31
0.0
  0
LINE
  8
0
  6
CONTINUOUS
 10
205.331856
 20
9.450164
 30
0.0
 11
206.056154
 21
10.171108
 31
0.0
  0
LINE
  8
0
  6
CONTINUOUS
 10
205.275379
 20
9.520933
 30
0.0
 11
206.001328
 21
10.243521
 31
0.0
  0
LINE
  8
0
  6
CONTINUOUS
 10
205.387851
 20
9.378914
 30
0.0
 11
206.106557
 21
10.094293
 31
0.0
  0
LINE
  8
0
  6
CONTINUOUS
 10
205.331856
 20
9.450164
 30
0.0
 11
206.056154
 21
10.171108
 31
0.0
  0
LINE
  8
0
  6
CONTINUOUS
 10
205.091498
 20
9.719378
 30
0.0
 11
205.812058
 21
10.436602
 31
0.0
  0
LINE
  8
0
  6
CONTINUOUS
 10
205.217380
 20
9.590707
 30
0.0
 11
205.942055
 21
10.312028
 31
0.0
  0
LINE
  8
0
  6
CONTINUOUS
 10
205.156977
 20
9.657569
 30
0.0
 11
205.878996
 21
10.376246
 31
0.0
  0
LINE
  8
0
  6
CONTINUOUS
 10
205.091498
 20
9.719378
 30
0.0
 11
205.812058
 21
10.436602
 31
0.0
  0
LINE
  8
0
  6
CONTINUOUS
 10
205.217380
 20
9.590707
 30
0.0
 11
205.942055
 21
10.312028
 31
0.0
  0
LINE
  8
0
  6
CONTINUOUS
 10
205.156977
 20
9.657569
 30
0.0
 11
205.878996
 21
10.376246
 31
0.0
  0
LINE
  8
0
  6
CONTINUOUS
 10
205.018422
 20
9.773188
 30
0.0
 11
205.741593
 21
10.493011
 31
0.0
  0
LINE
  8
0
  6
CONTINUOUS
 10
205.018422
 20
9.773188
 30
0.0
 11
205.741593
 21
10.493011
 31
0.0
  0
LINE
  8
0
  6
CONTINUOUS
 10
204.106559
 20
9.881639
 30
0.0
 11
205.043468
 21
10.814211
 31
0.0
  0
LINE
  8
0
  6
CONTINUOUS
 10
204.106559
 20
9.881639
 30
0.0
 11
205.043468
 21
10.814211
 31
0.0
  0
LINE
  8
0
  6
CONTINUOUS
 10
205.274749
 20
5.837580
 30
0.0
 11
206.306216
 21
6.864272
 31
0.0
  0
LINE
  8
0
  6
CONTINUOUS
 10
205.071160
 20
6.651836
 30
0.0
 11
205.869298
 21
7.446278
 31
0.0
  0
LINE
  8
0
  6
CONTINUOUS
 10
205.189050
 20
6.515211
 30
0.0
 11
206.001350
 21
7.323750
 31
0.0
  0
LINE
  8
0
  6
CONTINUOUS
 10
205.132463
 20
6.585871
 30
0.0
 11
205.936780
 21
7.386464
 31
0.0
  0
LINE
  8
0
  6
CONTINUOUS
 10
205.071160
 20
6.651836
 30
0.0
 11
205.869298
 21
7.446278
 31
0.0
  0
LINE
  8
0
  6
CONTINUOUS
 10
205.189050
 20
6.515211
 30
0.0
 11
206.001350
 21
7.323750
 31
0.0
  0
LINE
  8
0
  6
CONTINUOUS
 10
205.132463
 20
6.585871
 30
0.0
 11
205.936780
 21
7.386464
 31
0.0
  0
LINE
  8
0
  6
CONTINUOUS
 10
205.006906
 20
6.714431
 30
0.0
 11
205.799470
 21
7.503326
 31
0.0
  0
LINE
  8
0
  6
CONTINUOUS
 10
205.006906
 20
6.714431
 30
0.0
 11
205.799470
 21
7.503326
 31
0.0
  0
LINE
  8
0
  6
CONTINUOUS
 10
205.238214
 20
6.436445
 30
0.0
 11
206.062989
 21
7.257401
 31
0.0
  0
LINE
  8
0
  6
CONTINUOUS
 10
205.297945
 20
6.241930
 30
0.0
 11
206.174167
 21
7.114095
 31
0.0
  0
LINE
  8
0
  6
CONTINUOUS
 10
205.275491
 20
6.346565
 30
0.0
 11
206.120614
 21
7.187775
 31
0.0
  0
LINE
  8
0
  6
CONTINUOUS
 10
205.238214
 20
6.436445
 30
0.0
 11
206.062989
 21
7.257401
 31
0.0
  0
LINE
  8
0
  6
CONTINUOUS
 10
205.297945
 20
6.241930
 30
0.0
 11
206.174167
 21
7.114095
 31
0.0
  0
LINE
  8
0
  6
CONTINUOUS
 10
205.275491
 20
6.346565
 30
0.0
 11
206.120614
 21
7.187775
 31
0.0
  0
LINE
  8
0
  6
CONTINUOUS
 10
204.865884
 20
6.828033
 30
0.0
 11
205.652716
 21
7.611222
 31
0.0
  0
LINE
  8
0
  6
CONTINUOUS
 10
204.938543
 20
6.773370
 30
0.0
 11
205.727111
 21
7.558288
 31
0.0
  0
LINE
  8
0
  6
CONTINUOUS
 10
204.865884
 20
6.828033
 30
0.0
 11
205.652716
 21
7.611222
 31
0.0
  0
LINE
  8
0
  6
CONTINUOUS
 10
204.938543
 20
6.773370
 30
0.0
 11
205.727111
 21
7.558288
 31
0.0
  0
LINE
  8
0
  6
CONTINUOUS
 10
204.629779
 20
6.973574
 30
0.0
 11
205.419748
 21
7.759886
 31
0.0
  0
LINE
  8
0
  6
CONTINUOUS
 10
204.789784
 20
6.878868
 30
0.0
 11
205.576760
 21
7.662200
 31
0.0
  0
LINE
  8
0
  6
CONTINUOUS
 10
204.710722
 20
6.927156
 30
0.0
 11
205.498964
 21
7.711749
 31
0.0
  0
LINE
  8
0
  6
CONTINUOUS
 10
204.629779
 20
6.973574
 30
0.0
 11
205.419748
 21
7.759886
 31
0.0
  0
LINE
  8
0
  6
CONTINUOUS
 10
204.789784
 20
6.878868
 30
0.0
 11
205.576760
 21
7.662200
 31
0.0
  0
LINE
  8
0
  6
CONTINUOUS
 10
204.710722
 20
6.927156
 30
0.0
 11
205.498964
 21
7.711749
 31
0.0
  0
LINE
  8
0
  6
CONTINUOUS
 10
204.380907
 20
7.106621
 30
0.0
 11
205.175218
 21
7.897255
 31
0.0
  0
LINE
  8
0
  6
CONTINUOUS
 10
204.547683
 20
7.018654
 30
0.0
 11
205.339394
 21
7.806700
 31
0.0
  0
LINE
  8
0
  6
CONTINUOUS
 10
204.464596
 20
7.062937
 30
0.0
 11
205.257803
 21
7.852472
 31
0.0
  0
LINE
  8
0
  6
CONTINUOUS
 10
204.380907
 20
7.106621
 30
0.0
 11
205.175218
 21
7.897255
 31
0.0
  0
LINE
  8
0
  6
CONTINUOUS
 10
204.547683
 20
7.018654
 30
0.0
 11
205.339394
 21
7.806700
 31
0.0
  0
LINE
  8
0
  6
CONTINUOUS
 10
204.464596
 20
7.062937
 30
0.0
 11
205.257803
 21
7.852472
 31
0.0
  0
LINE
  8
0
  6
CONTINUOUS
 10
204.127668
 20
7.235695
 30
0.0
 11
204.922416
 21
8.026764
 31
0.0
  0
LINE
  8
0
  6
CONTINUOUS
 10
204.296675
 20
7.149950
 30
0.0
 11
205.091626
 21
7.941221
 31
0.0
  0
LINE
  8
0
  6
CONTINUOUS
 10
204.212271
 20
7.192921
 30
0.0
 11
205.007371
 21
7.984341
 31
0.0
  0
LINE
  8
0
  6
CONTINUOUS
 10
204.127668
 20
7.235695
 30
0.0
 11
204.922416
 21
8.026764
 31
0.0
  0
LINE
  8
0
  6
CONTINUOUS
 10
204.296675
 20
7.149950
 30
0.0
 11
205.091626
 21
7.941221
 31
0.0
  0
LINE
  8
0
  6
CONTINUOUS
 10
204.212271
 20
7.192921
 30
0.0
 11
205.007371
 21
7.984341
 31
0.0
  0
LINE
  8
0
  6
CONTINUOUS
 10
204.043358
 20
7.278736
 30
0.0
 11
204.836898
 21
8.068602
 31
0.0
  0
LINE
  8
0
  6
CONTINUOUS
 10
204.043358
 20
7.278736
 30
0.0
 11
204.836898
 21
8.068602
 31
0.0
  0
LINE
  8
0
  6
CONTINUOUS
 10
203.959557
 20
7.322308
 30
0.0
 11
204.751574
 21
8.110658
 31
0.0
  0
LINE
  8
0
  6
CONTINUOUS
 10
203.959557
 20
7.322308
 30
0.0
 11
204.751574
 21
8.110658
 31
0.0
  0
LINE
  8
0
  6
CONTINUOUS
 10
205.305788
 20
6.122446
 30
0.0
 11
206.223333
 21
7.035743
 31
0.0
  0
LINE
  8
0
  6
CONTINUOUS
 10
205.301481
 20
5.991174
 30
0.0
 11
206.267445
 21
6.952666
 31
0.0
  0
LINE
  8
0
  6
CONTINUOUS
 10
205.305788
 20
6.122446
 30
0.0
 11
206.223333
 21
7.035743
 31
0.0
  0
LINE
  8
0
  6
CONTINUOUS
 10
205.274749
 20
5.837580
 30
0.0
 11
206.306216
 21
6.864272
 31
0.0
  0
LINE
  8
0
  6
CONTINUOUS
 10
205.301481
 20
5.991174
 30
0.0
 11
206.267445
 21
6.952666
 31
0.0
  0
LINE
  8
0
  6
CONTINUOUS
 10
228.994648
 20
9.771159
 30
0.0
 11
229.927810
 21
10.700000
 31
0.0
  0
LINE
  8
0
  6
CONTINUOUS
 10
228.994648
 20
9.771159
 30
0.0
 11
229.927810
 21
10.700000
 31
0.0
  0
LINE
  8
0
  6
CONTINUOUS
 10
229.248716
 20
9.770514
 30
0.0
 11
230.171208
 21
10.688735
 31
0.0
  0
LINE
  8
0
  6
CONTINUOUS
 10
229.373237
 20
9.767473
 30
0.0
 11
230.290164
 21
10.680155
 31
0.0
  0
LINE
  8
0
  6
CONTINUOUS
 10
229.122497
 20
9.771865
 30
0.0
 11
230.050070
 21
10.695143
 31
0.0
  0
LINE
  8
0
  6
CONTINUOUS
 10
229.248716
 20
9.770514
 30
0.0
 11
230.171208
 21
10.688735
 31
0.0
  0
LINE
  8
0
  6
CONTINUOUS
 10
229.373237
 20
9.767473
 30
0.0
 11
230.290164
 21
10.680155
 31
0.0
  0
LINE
  8
0
  6
CONTINUOUS
 10
229.122497
 20
9.771865
 30
0.0
 11
230.050070
 21
10.695143
 31
0.0
  0
LINE
  8
0
  6
CONTINUOUS
 10
229.496959
 20
9.762920
 30
0.0
 11
230.406780
 21
10.668529
 31
0.0
  0
LINE
  8
0
  6
CONTINUOUS
 10
230.418346
 20
9.663849
 30
0.0
 11
231.214160
 21
10.455978
 31
0.0
  0
LINE
  8
0
  6
CONTINUOUS
 10
230.608856
 20
9.601117
 30
0.0
 11
231.385641
 21
10.374306
 31
0.0
  0
LINE
  8
0
  6
CONTINUOUS
 10
230.515425
 20
9.635103
 30
0.0
 11
231.300701
 21
10.416743
 31
0.0
  0
LINE
  8
0
  6
CONTINUOUS
 10
230.608856
 20
9.601117
 30
0.0
 11
231.385641
 21
10.374306
 31
0.0
  0
LINE
  8
0
  6
CONTINUOUS
 10
230.515425
 20
9.635103
 30
0.0
 11
231.300701
 21
10.416743
 31
0.0
  0
LINE
  8
0
  6
CONTINUOUS
 10
229.618600
 20
9.757014
 30
0.0
 11
230.518975
 21
10.653220
 31
0.0
  0
LINE
  8
0
  6
CONTINUOUS
 10
229.738891
 20
9.749763
 30
0.0
 11
230.627131
 21
10.633891
 31
0.0
  0
LINE
  8
0
  6
CONTINUOUS
 10
229.618600
 20
9.757014
 30
0.0
 11
230.518975
 21
10.653220
 31
0.0
  0
LINE
  8
0
  6
CONTINUOUS
 10
229.738891
 20
9.749763
 30
0.0
 11
230.627131
 21
10.633891
 31
0.0
  0
LINE
  8
0
  6
CONTINUOUS
 10
229.496959
 20
9.762920
 30
0.0
 11
230.406780
 21
10.668529
 31
0.0
  0
LINE
  8
0
  6
CONTINUOUS
 10
229.975441
 20
9.730943
 30
0.0
 11
230.834412
 21
10.585936
 31
0.0
  0
LINE
  8
0
  6
CONTINUOUS
 10
230.091025
 20
9.719006
 30
0.0
 11
230.933947
 21
10.558026
 31
0.0
  0
LINE
  8
0
  6
CONTINUOUS
 10
229.858072
 20
9.741102
 30
0.0
 11
230.732069
 21
10.611053
 31
0.0
  0
LINE
  8
0
  6
CONTINUOUS
 10
229.975441
 20
9.730943
 30
0.0
 11
230.834412
 21
10.585936
 31
0.0
  0
LINE
  8
0
  6
CONTINUOUS
 10
230.091025
 20
9.719006
 30
0.0
 11
230.933947
 21
10.558026
 31
0.0
  0
LINE
  8
0
  6
CONTINUOUS
 10
229.858072
 20
9.741102
 30
0.0
 11
230.732069
 21
10.611053
 31
0.0
  0
LINE
  8
0
  6
CONTINUOUS
 10
230.314271
 20
9.687240
 30
0.0
 11
231.123709
 21
10.492930
 31
0.0
  0
LINE
  8
0
  6
CONTINUOUS
 10
230.204329
 20
9.704793
 30
0.0
 11
231.030343
 21
10.526983
 31
0.0
  0
LINE
  8
0
  6
CONTINUOUS
 10
230.314271
 20
9.687240
 30
0.0
 11
231.123709
 21
10.492930
 31
0.0
  0
LINE
  8
0
  6
CONTINUOUS
 10
230.418346
 20
9.663849
 30
0.0
 11
231.214160
 21
10.455978
 31
0.0
  0
LINE
  8
0
  6
CONTINUOUS
 10
230.204329
 20
9.704793
 30
0.0
 11
231.030343
 21
10.526983
 31
0.0
  0
LINE
  8
0
  6
CONTINUOUS
 10
228.864378
 20
9.768476
 30
0.0
 11
229.804049
 21
10.703797
 31
0.0
  0
LINE
  8
0
  6
CONTINUOUS
 10
228.864378
 20
9.768476
 30
0.0
 11
229.804049
 21
10.703797
 31
0.0
  0
LINE
  8
0
  6
CONTINUOUS
 10
228.733959
 20
9.765647
 30
0.0
 11
229.679520
 21
10.706830
 31
0.0
  0
LINE
  8
0
  6
CONTINUOUS
 10
228.733959
 20
9.765647
 30
0.0
 11
229.679520
 21
10.706830
 31
0.0
  0
LINE
  8
0
  6
CONTINUOUS
 10
228.603954
 20
9.762826
 30
0.0
 11
229.554841
 21
10.709311
 31
0.0
  0
LINE
  8
0
  6
CONTINUOUS
 10
228.603954
 20
9.762826
 30
0.0
 11
229.554841
 21
10.709311
 31
0.0
  0
LINE
  8
0
  6
CONTINUOUS
 10
229.741269
 20
4.421232
 30
0.0
 11
232.855163
 21
7.520709
 31
0.0
  0
LINE
  8
0
  6
CONTINUOUS
 10
229.874475
 20
4.426836
 30
0.0
 11
232.852384
 21
7.390959
 31
0.0
  0
LINE
  8
0
  6
CONTINUOUS
 10
229.741269
 20
4.421232
 30
0.0
 11
232.855163
 21
7.520709
 31
0.0
  0
LINE
  8
0
  6
CONTINUOUS
 10
229.874475
 20
4.426836
 30
0.0
 11
232.852384
 21
7.390959
 31
0.0
  0
LINE
  8
0
  6
CONTINUOUS
 10
230.145025
 20
4.442631
 30
0.0
 11
232.834270
 21
7.119426
 31
0.0
  0
LINE
  8
0
  6
CONTINUOUS
 10
230.284139
 20
4.454117
 30
0.0
 11
232.817491
 21
6.975739
 31
0.0
  0
LINE
  8
0
  6
CONTINUOUS
 10
230.008560
 20
4.433784
 30
0.0
 11
232.845640
 21
7.257728
 31
0.0
  0
LINE
  8
0
  6
CONTINUOUS
 10
230.145025
 20
4.442631
 30
0.0
 11
232.834270
 21
7.119426
 31
0.0
  0
LINE
  8
0
  6
CONTINUOUS
 10
230.284139
 20
4.454117
 30
0.0
 11
232.817491
 21
6.975739
 31
0.0
  0
LINE
  8
0
  6
CONTINUOUS
 10
230.008560
 20
4.433784
 30
0.0
 11
232.845640
 21
7.257728
 31
0.0
  0
LINE
  8
0
  6
CONTINUOUS
 10
230.576269
 20
4.490674
 30
0.0
 11
232.762880
 21
6.667161
 31
0.0
  0
LINE
  8
0
  6
CONTINUOUS
 10
230.734583
 20
4.521268
 30
0.0
 11
232.721318
 21
6.498806
 31
0.0
  0
LINE
  8
0
  6
CONTINUOUS
 10
230.427402
 20
4.469480
 30
0.0
 11
232.794170
 21
6.825291
 31
0.0
  0
LINE
  8
0
  6
CONTINUOUS
 10
230.576269
 20
4.490674
 30
0.0
 11
232.762880
 21
6.667161
 31
0.0
  0
LINE
  8
0
  6
CONTINUOUS
 10
230.734583
 20
4.521268
 30
0.0
 11
232.721318
 21
6.498806
 31
0.0
  0
LINE
  8
0
  6
CONTINUOUS
 10
230.427402
 20
4.469480
 30
0.0
 11
232.794170
 21
6.825291
 31
0.0
  0
LINE
  8
0
  6
CONTINUOUS
 10
231.110198
 20
4.641213
 30
0.0
 11
232.589823
 21
6.113987
 31
0.0
  0
LINE
  8
0
  6
CONTINUOUS
 10
231.349670
 20
4.752591
 30
0.0
 11
232.478310
 21
5.876006
 31
0.0
  0
LINE
  8
0
  6
CONTINUOUS
 10
230.908824
 20
4.567757
 30
0.0
 11
232.665854
 21
6.316652
 31
0.0
  0
LINE
  8
0
  6
CONTINUOUS
 10
231.110198
 20
4.641213
 30
0.0
 11
232.589823
 21
6.113987
 31
0.0
  0
LINE
  8
0
  6
CONTINUOUS
 10
231.349670
 20
4.752591
 30
0.0
 11
232.478310
 21
5.876006
 31
0.0
  0
LINE
  8
0
  6
CONTINUOUS
 10
230.908824
 20
4.567757
 30
0.0
 11
232.665854
 21
6.316652
 31
0.0
  0
LINE
  8
0
  6
CONTINUOUS
 10
230.697658
 20
9.562523
 30
0.0
 11
231.467930
 21
10.329228
 31
0.0
  0
LINE
  8
0
  6
CONTINUOUS
 10
230.697658
 20
9.562523
 30
0.0
 11
231.467930
 21
10.329228
 31
0.0
  0
LINE
  8
0
  6
CONTINUOUS
 10
230.862768
 20
9.472197
 30
0.0
 11
231.625242
 21
10.231141
 31
0.0
  0
LINE
  8
0
  6
CONTINUOUS
 10
230.939014
 20
9.421106
 30
0.0
 11
231.699949
 21
10.178518
 31
0.0
  0
LINE
  8
0
  6
CONTINUOUS
 10
230.782535
 20
9.519321
 30
0.0
 11
231.548070
 21
10.281311
 31
0.0
  0
LINE
  8
0
  6
CONTINUOUS
 10
230.862768
 20
9.472197
 30
0.0
 11
231.625242
 21
10.231141
 31
0.0
  0
LINE
  8
0
  6
CONTINUOUS
 10
230.939014
 20
9.421106
 30
0.0
 11
231.699949
 21
10.178518
 31
0.0
  0
LINE
  8
0
  6
CONTINUOUS
 10
230.782535
 20
9.519321
 30
0.0
 11
231.548070
 21
10.281311
 31
0.0
  0
LINE
  8
0
  6
CONTINUOUS
 10
231.080065
 20
9.307661
 30
0.0
 11
231.842086
 21
10.066155
 31
0.0
  0
LINE
  8
0
  6
CONTINUOUS
 10
231.145175
 20
9.245485
 30
0.0
 11
231.909666
 21
10.006437
 31
0.0
  0
LINE
  8
0
  6
CONTINUOUS
 10
231.011356
 20
9.366254
 30
0.0
 11
231.772168
 21
10.123545
 31
0.0
  0
LINE
  8
0
  6
CONTINUOUS
 10
231.080065
 20
9.307661
 30
0.0
 11
231.842086
 21
10.066155
 31
0.0
  0
LINE
  8
0
  6
CONTINUOUS
 10
231.145175
 20
9.245485
 30
0.0
 11
231.909666
 21
10.006437
 31
0.0
  0
LINE
  8
0
  6
CONTINUOUS
 10
231.011356
 20
9.366254
 30
0.0
 11
231.772168
 21
10.123545
 31
0.0
  0
LINE
  8
0
  6
CONTINUOUS
 10
231.264238
 20
9.111595
 30
0.0
 11
232.037170
 21
9.880948
 31
0.0
  0
LINE
  8
0
  6
CONTINUOUS
 10
231.319058
 20
9.039176
 30
0.0
 11
232.097934
 21
9.814445
 31
0.0
  0
LINE
  8
0
  6
CONTINUOUS
 10
231.206035
 20
9.180647
 30
0.0
 11
231.974149
 21
9.945204
 31
0.0
  0
LINE
  8
0
  6
CONTINUOUS
 10
231.264238
 20
9.111595
 30
0.0
 11
232.037170
 21
9.880948
 31
0.0
  0
LINE
  8
0
  6
CONTINUOUS
 10
231.319058
 20
9.039176
 30
0.0
 11
232.097934
 21
9.814445
 31
0.0
  0
LINE
  8
0
  6
CONTINUOUS
 10
231.206035
 20
9.180647
 30
0.0
 11
231.974149
 21
9.945204
 31
0.0
  0
LINE
  8
0
  6
CONTINUOUS
 10
231.370381
 20
8.963674
 30
0.0
 11
232.156275
 21
9.745929
 31
0.0
  0
LINE
  8
0
  6
CONTINUOUS
 10
231.370381
 20
8.963674
 30
0.0
 11
232.156275
 21
9.745929
 31
0.0
  0
LINE
  8
0
  6
CONTINUOUS
 10
231.418558
 20
8.884642
 30
0.0
 11
232.212575
 21
9.674984
 31
0.0
  0
LINE
  8
0
  6
CONTINUOUS
 10
231.418558
 20
8.884642
 30
0.0
 11
232.212575
 21
9.674984
 31
0.0
  0
LINE
  8
0
  6
CONTINUOUS
 10
231.339898
 20
6.139445
 30
0.0
 11
232.854407
 21
7.646942
 31
0.0
  0
LINE
  8
0
  6
CONTINUOUS
 10
231.339898
 20
6.139445
 30
0.0
 11
232.854407
 21
7.646942
 31
0.0
  0
LINE
  8
0
  6
CONTINUOUS
 10
197.556647
 20
11.880467
 30
0.0
 11
197.766845
 21
11.885661
 31
0.0
  0
LINE
  8
0
  6
CONTINUOUS
 10
197.766845
 20
11.885661
 30
0.0
 11
197.881564
 21
11.885661
 31
0.0
  0
LINE
  8
0
  6
CONTINUOUS
 10
197.881564
 20
11.885661
 30
0.0
 11
197.993415
 21
11.888530
 31
0.0
  0
LINE
  8
0
  6
CONTINUOUS
 10
197.993415
 20
11.888530
 30
0.0
 11
198.056510
 21
11.891398
 31
0.0
  0
LINE
  8
0
  6
CONTINUOUS
 10
198.056510
 20
11.891398
 30
0.0
 11
198.102397
 21
11.897134
 31
0.0
  0
LINE
  8
0
  6
CONTINUOUS
 10
198.102397
 20
11.897134
 30
0.0
 11
198.116281
 21
11.900139
 31
0.0
  0
LINE
  8
0
  6
CONTINUOUS
 10
198.046247
 20
11.999094
 30
0.0
 11
198.124159
 21
11.927271
 31
0.0
  0
LINE
  8
0
  6
CONTINUOUS
 10
198.124159
 20
11.927271
 30
0.0
 11
198.132035
 21
11.917205
 31
0.0
  0
LINE
  8
0
  6
CONTINUOUS
 10
198.132035
 20
11.917205
 30
0.0
 11
198.133786
 21
11.911954
 31
0.0
  0
LINE
  8
0
  6
CONTINUOUS
 10
198.133786
 20
11.911954
 30
0.0
 11
198.132473
 21
11.905828
 31
0.0
  0
LINE
  8
0
  6
CONTINUOUS
 10
198.132473
 20
11.905828
 30
0.0
 11
198.125033
 21
11.901889
 31
0.0
  0
LINE
  8
0
  6
CONTINUOUS
 10
198.125033
 20
11.901889
 30
0.0
 11
198.116281
 21
11.900139
 31
0.0
  0
LINE
  8
0
  6
CONTINUOUS
 10
187.803554
 20
3.881816
 30
0.0
 11
187.841451
 21
3.836638
 31
0.0
  0
LINE
  8
0
  6
CONTINUOUS
 10
187.841451
 20
3.836638
 30
0.0
 11
187.892718
 21
3.808441
 31
0.0
  0
LINE
  8
0
  6
CONTINUOUS
 10
187.892718
 20
3.808441
 30
0.0
 11
187.985002
 21
3.805877
 31
0.0
  0
LINE
  8
0
  6
CONTINUOUS
 10
187.985002
 20
3.805877
 30
0.0
 11
188.120862
 21
3.811004
 31
0.0
  0
LINE
  8
0
  6
CONTINUOUS
 10
188.120862
 20
3.811004
 30
0.0
 11
188.308561
 21
3.825689
 31
0.0
  0
LINE
  8
0
  6
CONTINUOUS
 10
205.776798
 20
9.628641
 30
0.0
 11
205.344157
 21
9.434534
 31
0.0
  0
LINE
  8
0
  6
CONTINUOUS
 10
205.806561
 20
9.571526
 30
0.0
 11
205.387851
 21
9.378914
 31
0.0
  0
LINE
  8
0
  6
CONTINUOUS
 10
205.387851
 20
9.378914
 30
0.0
 11
205.344157
 21
9.434534
 31
0.0
  0
LINE
  8
0
  6
CONTINUOUS
 10
204.926080
 20
9.897258
 30
0.0
 11
205.029166
 21
9.847935
 31
0.0
  0
LINE
  8
0
  6
CONTINUOUS
 10
205.029166
 20
9.847935
 30
0.0
 11
205.100587
 21
9.796921
 31
0.0
  0
LINE
  8
0
  6
CONTINUOUS
 10
205.100587
 20
9.796921
 30
0.0
 11
205.204657
 21
9.717337
 31
0.0
  0
LINE
  8
0
  6
CONTINUOUS
 10
205.204657
 20
9.717337
 30
0.0
 11
205.298526
 21
9.611225
 31
0.0
  0
LINE
  8
0
  6
CONTINUOUS
 10
205.298526
 20
9.611225
 30
0.0
 11
205.418921
 21
9.472464
 31
0.0
  0
LINE
  8
0
  6
CONTINUOUS
 10
210.544238
 20
8.531123
 30
0.0
 11
210.037256
 21
8.531123
 31
0.0
  0
LINE
  8
0
  6
CONTINUOUS
 10
209.494089
 20
7.356855
 30
0.0
 11
210.037256
 21
8.531123
 31
0.0
  0
LINE
  8
0
  6
CONTINUOUS
 10
209.551785
 20
7.328055
 30
0.0
 11
210.083518
 21
8.444769
 31
0.0
  0
LINE
  8
0
  6
CONTINUOUS
 10
210.531166
 20
8.444769
 30
0.0
 11
210.083518
 21
8.444769
 31
0.0
  0
LINE
  8
0
  6
CONTINUOUS
 10
207.774589
 20
3.660740
 30
0.0
 11
207.256264
 21
2.568782
 31
0.0
  0
LINE
  8
0
  6
CONTINUOUS
 10
208.191759
 20
2.568855
 30
0.0
 11
208.155618
 21
2.489075
 31
0.0
  0
LINE
  8
0
  6
CONTINUOUS
 10
207.656949
 20
2.489655
 30
0.0
 11
208.155618
 21
2.489075
 31
0.0
  0
LINE
  8
0
  6
CONTINUOUS
 10
210.986914
 20
8.444231
 30
0.0
 11
208.120321
 21
2.568850
 31
0.0
  0
LINE
  8
0
  6
CONTINUOUS
 10
208.120321
 20
2.568850
 30
0.0
 11
207.256264
 21
2.568782
 31
0.0
  0
LINE
  8
0
  6
CONTINUOUS
 10
211.933283
 20
5.374562
 30
0.0
 11
211.824362
 21
5.534266
 31
0.0
  0
LINE
  8
0
  6
CONTINUOUS
 10
211.824362
 20
5.534266
 30
0.0
 11
211.514842
 21
5.356515
 31
0.0
  0
LINE
  8
0
  6
CONTINUOUS
 10
228.780409
 20
4.399988
 30
0.0
 11
227.470009
 21
4.399988
 31
0.0
  0
LINE
  8
0
  6
CONTINUOUS
 10
227.470009
 20
4.399988
 30
0.0
 11
227.470009
 21
10.729356
 31
0.0
  0
LINE
  8
0
  6
CONTINUOUS
 10
228.902809
 20
4.485613
 30
0.0
 11
227.551558
 21
4.485613
 31
0.0
  0
LINE
  8
0
  6
CONTINUOUS
 10
227.551558
 20
4.485613
 30
0.0
 11
227.551558
 21
6.794539
 31
0.0
  0
LINE
  8
0
  6
CONTINUOUS
 10
227.551558
 20
6.794539
 30
0.0
 11
227.551558
 21
10.640896
 31
0.0
  0
LINE
  8
0
  6
CONTINUOUS
 10
227.470009
 20
10.729356
 30
0.0
 11
228.546355
 21
10.721373
 31
0.0
  0
LINE
  8
0
  6
CONTINUOUS
 10
228.996409
 20
9.827761
 30
0.0
 11
228.497885
 21
9.827761
 31
0.0
  0
LINE
  8
0
  6
CONTINUOUS
 10
230.377286
 20
9.674129
 30
0.0
 11
230.314271
 21
9.687240
 31
0.0
  0
LINE
  8
0
  6
CONTINUOUS
 10
230.314271
 20
9.687240
 30
0.0
 11
230.204329
 21
9.704793
 31
0.0
  0
LINE
  8
0
  6
CONTINUOUS
 10
230.204329
 20
9.704793
 30
0.0
 11
230.091025
 21
9.719006
 31
0.0
  0
LINE
  8
0
  6
CONTINUOUS
 10
230.091025
 20
9.719006
 30
0.0
 11
229.975441
 21
9.730943
 31
0.0
  0
LINE
  8
0
  6
CONTINUOUS
 10
229.975441
 20
9.730943
 30
0.0
 11
229.858072
 21
9.741102
 31
0.0
  0
LINE
  8
0
  6
CONTINUOUS
 10
229.858072
 20
9.741102
 30
0.0
 11
229.738891
 21
9.749763
 31
0.0
  0
LINE
  8
0
  6
CONTINUOUS
 10
229.738891
 20
9.749763
 30
0.0
 11
229.618600
 21
9.757014
 31
0.0
  0
LINE
  8
0
  6
CONTINUOUS
 10
229.618600
 20
9.757014
 30
0.0
 11
229.496959
 21
9.762920
 31
0.0
  0
LINE
  8
0
  6
CONTINUOUS
 10
229.496959
 20
9.762920
 30
0.0
 11
229.373237
 21
9.767473
 31
0.0
  0
LINE
  8
0
  6
CONTINUOUS
 10
229.373237
 20
9.767473
 30
0.0
 11
229.248716
 21
9.770514
 31
0.0
  0
LINE
  8
0
  6
CONTINUOUS
 10
229.248716
 20
9.770514
 30
0.0
 11
229.122497
 21
9.771865
 31
0.0
  0
LINE
  8
0
  6
CONTINUOUS
 10
229.122497
 20
9.771865
 30
0.0
 11
228.994648
 21
9.771159
 31
0.0
  0
LINE
  8
0
  6
CONTINUOUS
 10
228.994648
 20
9.771159
 30
0.0
 11
228.864378
 21
9.768476
 31
0.0
  0
LINE
  8
0
  6
CONTINUOUS
 10
228.864378
 20
9.768476
 30
0.0
 11
228.603954
 21
9.762826
 31
0.0
  0
LINE
  8
0
  6
CONTINUOUS
 10
228.603954
 20
9.762826
 30
0.0
 11
228.549824
 21
9.762826
 31
0.0
  0
LINE
  8
0
  6
CONTINUOUS
 10
228.546355
 20
10.721373
 30
0.0
 11
228.672675
 21
10.720123
 31
0.0
  0
LINE
  8
0
  6
CONTINUOUS
 10
228.672675
 20
10.720123
 30
0.0
 11
228.798994
 21
10.718872
 31
0.0
  0
LINE
  8
0
  6
CONTINUOUS
 10
228.798994
 20
10.718872
 30
0.0
 11
228.925485
 21
10.717605
 31
0.0
  0
LINE
  8
0
  6
CONTINUOUS
 10
228.925485
 20
10.717605
 30
0.0
 11
229.051714
 21
10.716266
 31
0.0
  0
LINE
  8
0
  6
CONTINUOUS
 10
229.051714
 20
10.716266
 30
0.0
 11
229.177834
 21
10.714816
 31
0.0
  0
LINE
  8
0
  6
CONTINUOUS
 10
229.177834
 20
10.714816
 30
0.0
 11
229.303614
 21
10.713217
 31
0.0
  0
LINE
  8
0
  6
CONTINUOUS
 10
229.303614
 20
10.713217
 30
0.0
 11
229.429371
 21
10.711407
 31
0.0
  0
LINE
  8
0
  6
CONTINUOUS
 10
229.429371
 20
10.711407
 30
0.0
 11
229.554841
 21
10.709311
 31
0.0
  0
LINE
  8
0
  6
CONTINUOUS
 10
229.554841
 20
10.709311
 30
0.0
 11
229.679520
 21
10.706830
 31
0.0
  0
LINE
  8
0
  6
CONTINUOUS
 10
229.679520
 20
10.706830
 30
0.0
 11
229.804049
 21
10.703797
 31
0.0
  0
LINE
  8
0
  6
CONTINUOUS
 10
229.804049
 20
10.703797
 30
0.0
 11
229.927810
 21
10.700000
 31
0.0
  0
LINE
  8
0
  6
CONTINUOUS
 10
229.927810
 20
10.700000
 30
0.0
 11
230.050070
 21
10.695143
 31
0.0
  0
LINE
  8
0
  6
CONTINUOUS
 10
230.050070
 20
10.695143
 30
0.0
 11
230.171208
 21
10.688735
 31
0.0
  0
LINE
  8
0
  6
CONTINUOUS
 10
230.171208
 20
10.688735
 30
0.0
 11
230.290164
 21
10.680155
 31
0.0
  0
LINE
  8
0
  6
CONTINUOUS
 10
230.290164
 20
10.680155
 30
0.0
 11
230.406780
 21
10.668529
 31
0.0
  0
LINE
  8
0
  6
CONTINUOUS
 10
230.406780
 20
10.668529
 30
0.0
 11
230.518975
 21
10.653220
 31
0.0
  0
LINE
  8
0
  6
CONTINUOUS
 10
230.518975
 20
10.653220
 30
0.0
 11
230.627131
 21
10.633891
 31
0.0
  0
LINE
  8
0
  6
CONTINUOUS
 10
230.627131
 20
10.633891
 30
0.0
 11
230.732069
 21
10.611053
 31
0.0
  0
LINE
  8
0
  6
CONTINUOUS
 10
230.732069
 20
10.611053
 30
0.0
 11
230.808375
 21
10.592569
 31
0.0
  0
LINE
  8
0
  6
CONTINUOUS
 10
230.926009
 20
10.491037
 30
0.0
 11
230.722248
 21
10.534777
 31
0.0
  0
LINE
  8
0
  6
CONTINUOUS
 10
230.722248
 20
10.534777
 30
0.0
 11
230.495029
 21
10.581147
 31
0.0
  0
LINE
  8
0
  6
CONTINUOUS
 10
230.495029
 20
10.581147
 30
0.0
 11
230.364392
 21
10.602218
 31
0.0
  0
LINE
  8
0
  6
CONTINUOUS
 10
230.364392
 20
10.603350
 30
0.0
 11
230.211558
 21
10.619200
 31
0.0
  0
LINE
  8
0
  6
CONTINUOUS
 10
230.211558
 20
10.619200
 30
0.0
 11
230.037213
 21
10.628257
 31
0.0
  0
LINE
  8
0
  6
CONTINUOUS
 10
230.037213
 20
10.628257
 30
0.0
 11
229.688523
 21
10.642975
 31
0.0
  0
LINE
  8
0
  6
CONTINUOUS
 10
229.688523
 20
10.642975
 30
0.0
 11
227.547475
 21
10.640891
 31
0.0
  0
LINE
  8
0
  6
CONTINUOUS
 10
228.548857
 20
5.405655
 30
0.0
 11
228.549824
 21
9.762826
 31
0.0
  0
LINE
  8
0
  6
CONTINUOUS
 10
228.497885
 20
5.342560
 30
0.0
 11
228.497885
 21
9.827761
 31
0.0
  0
LINE
  8
0
  6
CONTINUOUS
 10
223.408543
 20
7.702455
 30
0.0
 11
223.151835
 21
7.129674
 31
0.0
  0
LINE
  8
0
  6
CONTINUOUS
 10
223.151835
 20
7.129674
 30
0.0
 11
223.073639
 21
6.924855
 31
0.0
  0
LINE
  8
0
  6
CONTINUOUS
 10
223.073639
 20
6.924855
 30
0.0
 11
223.887105
 21
6.924855
 31
0.0
  0
LINE
  8
0
  6
CONTINUOUS
 10
222.232951
 20
5.240055
 30
0.0
 11
221.883537
 21
4.483361
 31
0.0
  0
LINE
  8
0
  6
CONTINUOUS
 10
221.396333
 20
4.483361
 30
0.0
 11
221.883537
 21
4.483361
 31
0.0
  0
LINE
  8
0
  6
CONTINUOUS
 10
222.305333
 20
5.240055
 30
0.0
 11
222.660488
 21
6.016201
 31
0.0
  0
LINE
  8
0
  6
CONTINUOUS
 10
226.355743
 20
4.397017
 30
0.0
 11
225.814773
 21
4.397017
 31
0.0
  0
LINE
  8
0
  6
CONTINUOUS
 10
225.775002
 20
4.483468
 30
0.0
 11
225.814773
 21
4.397017
 31
0.0
  0
LINE
  8
0
  6
CONTINUOUS
 10
225.499968
 20
5.262145
 30
0.0
 11
225.853019
 21
4.478858
 31
0.0
  0
LINE
  8
0
  6
CONTINUOUS
 10
226.342690
 20
4.477346
 30
0.0
 11
225.846225
 21
4.478878
 31
0.0
  0
LINE
  8
0
  6
CONTINUOUS
 10
225.417254
 20
5.283255
 30
0.0
 11
225.094649
 21
6.016201
 31
0.0
  0
LINE
  8
0
  6
CONTINUOUS
 10
225.094649
 20
6.016201
 30
0.0
 11
222.660488
 21
6.016201
 31
0.0
  0
LINE
  8
0
  6
CONTINUOUS
 10
225.125568
 20
6.067614
 30
0.0
 11
222.614314
 21
6.067614
 31
0.0
  0
LINE
  8
0
  6
CONTINUOUS
 10
222.601047
 20
6.041081
 30
0.0
 11
222.614385
 21
6.067757
 31
0.0
  0
LINE
  8
0
  6
CONTINUOUS
 10
222.684015
 20
6.067614
 30
0.0
 11
222.684373
 21
6.068399
 31
0.0
  0
LINE
  8
0
  6
CONTINUOUS
 10
225.777206
 20
4.479092
 30
0.0
 11
225.777015
 21
4.479092
 31
0.0
  0
LINE
  8
0
  6
CONTINUOUS
 10
220.352593
 20
10.331981
 30
0.0
 11
220.444579
 21
10.273222
 31
0.0
  0
LINE
  8
0
  6
CONTINUOUS
 10
220.444579
 20
10.273222
 30
0.0
 11
220.506033
 21
10.207405
 31
0.0
  0
LINE
  8
0
  6
CONTINUOUS
 10
220.183609
 20
10.356629
 30
0.0
 11
220.436290
 21
10.180441
 31
0.0
  0
LINE
  8
0
  6
CONTINUOUS
 10
220.420561
 20
9.859148
 30
0.0
 11
220.436290
 21
10.180441
 31
0.0
  0
LINE
  8
0
  6
CONTINUOUS
 10
220.488341
 20
9.810243
 30
0.0
 11
220.502213
 21
10.203604
 31
0.0
  0
LINE
  8
0
  6
CONTINUOUS
 10
220.385105
 20
5.391255
 30
0.0
 11
220.385105
 21
4.883656
 31
0.0
  0
LINE
  8
0
  6
CONTINUOUS
 10
220.436185
 20
5.409892
 30
0.0
 11
220.436185
 21
4.837957
 31
0.0
  0
LINE
  8
0
  6
CONTINUOUS
 10
220.217342
 20
4.688117
 30
0.0
 11
220.436185
 21
4.837957
 31
0.0
  0
LINE
  8
0
  6
CONTINUOUS
 10
220.262757
 20
4.789462
 30
0.0
 11
220.385105
 21
4.883656
 31
0.0
  0
LINE
  8
0
  6
CONTINUOUS
 10
232.440100
 20
5.960055
 30
0.0
 11
232.502616
 21
6.094376
 31
0.0
  0
LINE
  8
0
  6
CONTINUOUS
 10
232.502616
 20
6.094376
 30
0.0
 11
232.558934
 21
6.233453
 31
0.0
  0
LINE
  8
0
  6
CONTINUOUS
 10
232.558934
 20
6.233453
 30
0.0
 11
232.609081
 21
6.376783
 31
0.0
  0
LINE
  8
0
  6
CONTINUOUS
 10
232.609081
 20
6.376783
 30
0.0
 11
232.653076
 21
6.523864
 31
0.0
  0
LINE
  8
0
  6
CONTINUOUS
 10
232.653076
 20
6.523864
 30
0.0
 11
232.690945
 21
6.674192
 31
0.0
  0
LINE
  8
0
  6
CONTINUOUS
 10
232.690945
 20
6.674192
 30
0.0
 11
232.722709
 21
6.827264
 31
0.0
  0
LINE
  8
0
  6
CONTINUOUS
 10
232.722709
 20
6.827264
 30
0.0
 11
232.748394
 21
6.982579
 31
0.0
  0
LINE
  8
0
  6
CONTINUOUS
 10
232.748394
 20
6.982579
 30
0.0
 11
232.768021
 21
7.139633
 31
0.0
  0
LINE
  8
0
  6
CONTINUOUS
 10
232.768021
 20
7.139633
 30
0.0
 11
232.781615
 21
7.297923
 31
0.0
  0
LINE
  8
0
  6
CONTINUOUS
 10
232.781615
 20
7.297923
 30
0.0
 11
232.789198
 21
7.456946
 31
0.0
  0
LINE
  8
0
  6
CONTINUOUS
 10
232.789198
 20
7.456946
 30
0.0
 11
232.790794
 21
7.616199
 31
0.0
  0
LINE
  8
0
  6
CONTINUOUS
 10
232.790794
 20
7.616199
 30
0.0
 11
232.786426
 21
7.775180
 31
0.0
  0
LINE
  8
0
  6
CONTINUOUS
 10
232.786426
 20
7.775180
 30
0.0
 11
232.776117
 21
7.933386
 31
0.0
  0
LINE
  8
0
  6
CONTINUOUS
 10
232.776117
 20
7.933386
 30
0.0
 11
232.759891
 21
8.090313
 31
0.0
  0
LINE
  8
0
  6
CONTINUOUS
 10
232.759891
 20
8.090313
 30
0.0
 11
232.737771
 21
8.245459
 31
0.0
  0
LINE
  8
0
  6
CONTINUOUS
 10
232.737771
 20
8.245459
 30
0.0
 11
232.709779
 21
8.398321
 31
0.0
  0
LINE
  8
0
  6
CONTINUOUS
 10
232.709779
 20
8.398321
 30
0.0
 11
232.675940
 21
8.548396
 31
0.0
  0
LINE
  8
0
  6
CONTINUOUS
 10
232.675940
 20
8.548396
 30
0.0
 11
232.636276
 21
8.695181
 31
0.0
  0
LINE
  8
0
  6
CONTINUOUS
 10
232.636276
 20
8.695181
 30
0.0
 11
232.590811
 21
8.838174
 31
0.0
  0
LINE
  8
0
  6
CONTINUOUS
 10
232.590811
 20
8.838174
 30
0.0
 11
232.539569
 21
8.976871
 31
0.0
  0
LINE
  8
0
  6
CONTINUOUS
 10
232.539569
 20
8.976871
 30
0.0
 11
232.482571
 21
9.110770
 31
0.0
  0
LINE
  8
0
  6
CONTINUOUS
 10
232.482571
 20
9.110770
 30
0.0
 11
232.419843
 21
9.239367
 31
0.0
  0
LINE
  8
0
  6
CONTINUOUS
 10
232.419843
 20
9.239367
 30
0.0
 11
232.351406
 21
9.362160
 31
0.0
  0
LINE
  8
0
  6
CONTINUOUS
 10
232.351406
 20
9.362160
 30
0.0
 11
232.277285
 21
9.478646
 31
0.0
  0
LINE
  8
0
  6
CONTINUOUS
 10
192.428563
 20
0.979623
 30
0.0
 11
192.333938
 21
0.992317
 31
0.0
  0
LINE
  8
0
  6
CONTINUOUS
 10
192.333938
 20
0.992317
 30
0.0
 11
192.239767
 21
1.006284
 31
0.0
  0
LINE
  8
0
  6
CONTINUOUS
 10
192.239767
 20
1.006284
 30
0.0
 11
192.146036
 21
1.021527
 31
0.0
  0
LINE
  8
0
  6
CONTINUOUS
 10
192.146036
 20
1.021527
 30
0.0
 11
192.052736
 21
1.038050
 31
0.0
  0
LINE
  8
0
  6
CONTINUOUS
 10
192.052736
 20
1.038050
 30
0.0
 11
191.959855
 21
1.055855
 31
0.0
  0
LINE
  8
0
  6
CONTINUOUS
 10
191.959855
 20
1.055855
 30
0.0
 11
191.867382
 21
1.074947
 31
0.0
  0
LINE
  8
0
  6
CONTINUOUS
 10
191.867382
 20
1.074947
 30
0.0
 11
191.775305
 21
1.095328
 31
0.0
  0
LINE
  8
0
  6
CONTINUOUS
 10
191.775305
 20
1.095328
 30
0.0
 11
191.683614
 21
1.117004
 31
0.0
  0
LINE
  8
0
  6
CONTINUOUS
 10
191.683614
 20
1.117004
 30
0.0
 11
191.592297
 21
1.139975
 31
0.0
  0
LINE
  8
0
  6
CONTINUOUS
 10
191.592297
 20
1.139975
 30
0.0
 11
191.501343
 21
1.164247
 31
0.0
  0
LINE
  8
0
  6
CONTINUOUS
 10
191.501343
 20
1.164247
 30
0.0
 11
191.410742
 21
1.189822
 31
0.0
  0
LINE
  8
0
  6
CONTINUOUS
 10
191.410742
 20
1.189822
 30
0.0
 11
191.320482
 21
1.216703
 31
0.0
  0
LINE
  8
0
  6
CONTINUOUS
 10
191.320482
 20
1.216703
 30
0.0
 11
191.230551
 21
1.244896
 31
0.0
  0
LINE
  8
0
  6
CONTINUOUS
 10
191.230551
 20
1.244896
 30
0.0
 11
191.140940
 21
1.274401
 31
0.0
  0
LINE
  8
0
  6
CONTINUOUS
 10
191.140940
 20
1.274401
 30
0.0
 11
191.051635
 21
1.305224
 31
0.0
  0
LINE
  8
0
  6
CONTINUOUS
 10
191.051635
 20
1.305224
 30
0.0
 11
190.962628
 21
1.337366
 31
0.0
  0
LINE
  8
0
  6
CONTINUOUS
 10
190.962628
 20
1.337366
 30
0.0
 11
190.873906
 21
1.370834
 31
0.0
  0
LINE
  8
0
  6
CONTINUOUS
 10
190.873906
 20
1.370834
 30
0.0
 11
190.785458
 21
1.405628
 31
0.0
  0
LINE
  8
0
  6
CONTINUOUS
 10
190.785458
 20
1.405628
 30
0.0
 11
190.697273
 21
1.441752
 31
0.0
  0
LINE
  8
0
  6
CONTINUOUS
 10
190.697273
 20
1.441752
 30
0.0
 11
190.609340
 21
1.479211
 31
0.0
  0
LINE
  8
0
  6
CONTINUOUS
 10
190.609340
 20
1.479211
 30
0.0
 11
190.521649
 21
1.518007
 31
0.0
  0
LINE
  8
0
  6
CONTINUOUS
 10
190.521649
 20
1.518007
 30
0.0
 11
190.434187
 21
1.558143
 31
0.0
  0
LINE
  8
0
  6
CONTINUOUS
 10
190.434187
 20
1.558143
 30
0.0
 11
190.346943
 21
1.599625
 31
0.0
  0
LINE
  8
0
  6
CONTINUOUS
 10
190.346943
 20
1.599625
 30
0.0
 11
190.259906
 21
1.642454
 31
0.0
  0
LINE
  8
0
  6
CONTINUOUS
 10
190.259906
 20
1.642454
 30
0.0
 11
190.168956
 21
1.688424
 31
0.0
  0
LINE
  8
0
  6
CONTINUOUS
 10
190.168956
 20
1.688424
 30
0.0
 11
190.081030
 21
1.733817
 31
0.0
  0
LINE
  8
0
  6
CONTINUOUS
 10
190.081030
 20
1.733817
 30
0.0
 11
189.995966
 21
1.778746
 31
0.0
  0
LINE
  8
0
  6
CONTINUOUS
 10
189.995966
 20
1.778746
 30
0.0
 11
189.913608
 21
1.823320
 31
0.0
  0
LINE
  8
0
  6
CONTINUOUS
 10
189.913608
 20
1.823320
 30
0.0
 11
189.833797
 21
1.867652
 31
0.0
  0
LINE
  8
0
  6
CONTINUOUS
 10
189.833797
 20
1.867652
 30
0.0
 11
189.756373
 21
1.911851
 31
0.0
  0
LINE
  8
0
  6
CONTINUOUS
 10
189.756373
 20
1.911851
 30
0.0
 11
189.681178
 21
1.956032
 31
0.0
  0
LINE
  8
0
  6
CONTINUOUS
 10
189.681178
 20
1.956032
 30
0.0
 11
189.608052
 21
2.000303
 31
0.0
  0
LINE
  8
0
  6
CONTINUOUS
 10
189.608052
 20
2.000303
 30
0.0
 11
189.536836
 21
2.044777
 31
0.0
  0
LINE
  8
0
  6
CONTINUOUS
 10
189.536836
 20
2.044777
 30
0.0
 11
189.467373
 21
2.089565
 31
0.0
  0
LINE
  8
0
  6
CONTINUOUS
 10
189.467373
 20
2.089565
 30
0.0
 11
189.399501
 21
2.134777
 31
0.0
  0
LINE
  8
0
  6
CONTINUOUS
 10
189.399501
 20
2.134777
 30
0.0
 11
189.333064
 21
2.180526
 31
0.0
  0
LINE
  8
0
  6
CONTINUOUS
 10
189.333064
 20
2.180526
 30
0.0
 11
189.267902
 21
2.226922
 31
0.0
  0
LINE
  8
0
  6
CONTINUOUS
 10
189.267902
 20
2.226922
 30
0.0
 11
189.203855
 21
2.274077
 31
0.0
  0
LINE
  8
0
  6
CONTINUOUS
 10
189.203855
 20
2.274077
 30
0.0
 11
189.140766
 21
2.322103
 31
0.0
  0
LINE
  8
0
  6
CONTINUOUS
 10
189.140766
 20
2.322103
 30
0.0
 11
189.078475
 21
2.371110
 31
0.0
  0
LINE
  8
0
  6
CONTINUOUS
 10
189.078475
 20
2.371110
 30
0.0
 11
189.016823
 21
2.421209
 31
0.0
  0
LINE
  8
0
  6
CONTINUOUS
 10
189.016823
 20
2.421209
 30
0.0
 11
188.955651
 21
2.472513
 31
0.0
  0
LINE
  8
0
  6
CONTINUOUS
 10
188.955651
 20
2.472513
 30
0.0
 11
188.894800
 21
2.525132
 31
0.0
  0
LINE
  8
0
  6
CONTINUOUS
 10
188.894800
 20
2.525132
 30
0.0
 11
188.834111
 21
2.579177
 31
0.0
  0
LINE
  8
0
  6
CONTINUOUS
 10
188.834111
 20
2.579177
 30
0.0
 11
188.773427
 21
2.634760
 31
0.0
  0
LINE
  8
0
  6
CONTINUOUS
 10
188.773427
 20
2.634760
 30
0.0
 11
188.712586
 21
2.691993
 31
0.0
  0
LINE
  8
0
  6
CONTINUOUS
 10
188.712586
 20
2.691993
 30
0.0
 11
188.651431
 21
2.750986
 31
0.0
  0
LINE
  8
0
  6
CONTINUOUS
 10
188.651431
 20
2.750986
 30
0.0
 11
188.589802
 21
2.811851
 31
0.0
  0
LINE
  8
0
  6
CONTINUOUS
 10
188.589802
 20
2.811851
 30
0.0
 11
188.551105
 21
2.850817
 31
0.0
  0
LINE
  8
0
  6
CONTINUOUS
 10
188.551105
 20
2.850817
 30
0.0
 11
188.512277
 21
2.890530
 31
0.0
  0
LINE
  8
0
  6
CONTINUOUS
 10
188.512277
 20
2.890530
 30
0.0
 11
188.473487
 21
2.930795
 31
0.0
  0
LINE
  8
0
  6
CONTINUOUS
 10
188.473487
 20
2.930795
 30
0.0
 11
188.434902
 21
2.971409
 31
0.0
  0
LINE
  8
0
  6
CONTINUOUS
 10
188.434902
 20
2.971409
 30
0.0
 11
188.396689
 21
3.012177
 31
0.0
  0
LINE
  8
0
  6
CONTINUOUS
 10
188.396689
 20
3.012177
 30
0.0
 11
188.359015
 21
3.052899
 31
0.0
  0
LINE
  8
0
  6
CONTINUOUS
 10
188.359015
 20
3.052899
 30
0.0
 11
188.322051
 21
3.093378
 31
0.0
  0
LINE
  8
0
  6
CONTINUOUS
 10
188.322051
 20
3.093378
 30
0.0
 11
188.285960
 21
3.133414
 31
0.0
  0
LINE
  8
0
  6
CONTINUOUS
 10
188.285960
 20
3.133414
 30
0.0
 11
188.250913
 21
3.172810
 31
0.0
  0
LINE
  8
0
  6
CONTINUOUS
 10
188.250913
 20
3.172810
 30
0.0
 11
188.217076
 21
3.211367
 31
0.0
  0
LINE
  8
0
  6
CONTINUOUS
 10
188.217076
 20
3.211367
 30
0.0
 11
188.184617
 21
3.248887
 31
0.0
  0
LINE
  8
0
  6
CONTINUOUS
 10
188.184617
 20
3.248887
 30
0.0
 11
188.153704
 21
3.285171
 31
0.0
  0
LINE
  8
0
  6
CONTINUOUS
 10
188.153704
 20
3.285171
 30
0.0
 11
188.124504
 21
3.320022
 31
0.0
  0
LINE
  8
0
  6
CONTINUOUS
 10
188.124504
 20
3.320022
 30
0.0
 11
188.097185
 21
3.353241
 31
0.0
  0
LINE
  8
0
  6
CONTINUOUS
 10
188.097185
 20
3.353241
 30
0.0
 11
188.071915
 21
3.384629
 31
0.0
  0
LINE
  8
0
  6
CONTINUOUS
 10
188.071915
 20
3.384629
 30
0.0
 11
188.048860
 21
3.413988
 31
0.0
  0
LINE
  8
0
  6
CONTINUOUS
 10
188.048860
 20
3.413988
 30
0.0
 11
188.028190
 21
3.441121
 31
0.0
  0
LINE
  8
0
  6
CONTINUOUS
 10
188.028190
 20
3.441121
 30
0.0
 11
188.010070
 21
3.465827
 31
0.0
  0
LINE
  8
0
  6
CONTINUOUS
 10
188.010070
 20
3.465827
 30
0.0
 11
187.994670
 21
3.487910
 31
0.0
  0
LINE
  8
0
  6
CONTINUOUS
 10
187.994670
 20
3.487910
 30
0.0
 11
187.982157
 21
3.507171
 31
0.0
  0
LINE
  8
0
  6
CONTINUOUS
 10
187.982157
 20
3.507171
 30
0.0
 11
187.972697
 21
3.523410
 31
0.0
  0
LINE
  8
0
  6
CONTINUOUS
 10
187.972697
 20
3.523410
 30
0.0
 11
187.966459
 21
3.536432
 31
0.0
  0
LINE
  8
0
  6
CONTINUOUS
 10
187.966459
 20
3.536432
 30
0.0
 11
187.963610
 21
3.546035
 31
0.0
  0
LINE
  8
0
  6
CONTINUOUS
 10
187.963610
 20
3.546035
 30
0.0
 11
187.964319
 21
3.552024
 31
0.0
  0
LINE
  8
0
  6
CONTINUOUS
 10
187.964319
 20
3.552024
 30
0.0
 11
187.966578
 21
3.553796
 31
0.0
  0
LINE
  8
0
  6
CONTINUOUS
 10
187.966578
 20
3.553796
 30
0.0
 11
187.971140
 21
3.555617
 31
0.0
  0
LINE
  8
0
  6
CONTINUOUS
 10
187.971140
 20
3.555617
 30
0.0
 11
187.977927
 21
3.557479
 31
0.0
  0
LINE
  8
0
  6
CONTINUOUS
 10
187.977927
 20
3.557479
 30
0.0
 11
187.986857
 21
3.559375
 31
0.0
  0
LINE
  8
0
  6
CONTINUOUS
 10
187.986857
 20
3.559375
 30
0.0
 11
187.997853
 21
3.561300
 31
0.0
  0
LINE
  8
0
  6
CONTINUOUS
 10
187.997853
 20
3.561300
 30
0.0
 11
188.010831
 21
3.563248
 31
0.0
  0
LINE
  8
0
  6
CONTINUOUS
 10
188.010831
 20
3.563248
 30
0.0
 11
188.025712
 21
3.565210
 31
0.0
  0
LINE
  8
0
  6
CONTINUOUS
 10
188.025712
 20
3.565210
 30
0.0
 11
188.042417
 21
3.567182
 31
0.0
  0
LINE
  8
0
  6
CONTINUOUS
 10
188.042417
 20
3.567182
 30
0.0
 11
188.060865
 21
3.569156
 31
0.0
  0
LINE
  8
0
  6
CONTINUOUS
 10
188.060865
 20
3.569156
 30
0.0
 11
188.080976
 21
3.571125
 31
0.0
  0
LINE
  8
0
  6
CONTINUOUS
 10
188.080976
 20
3.571125
 30
0.0
 11
188.102668
 21
3.573084
 31
0.0
  0
LINE
  8
0
  6
CONTINUOUS
 10
188.102668
 20
3.573084
 30
0.0
 11
188.125864
 21
3.575027
 31
0.0
  0
LINE
  8
0
  6
CONTINUOUS
 10
188.125864
 20
3.575027
 30
0.0
 11
188.150483
 21
3.576946
 31
0.0
  0
LINE
  8
0
  6
CONTINUOUS
 10
188.150483
 20
3.576946
 30
0.0
 11
188.176442
 21
3.578835
 31
0.0
  0
LINE
  8
0
  6
CONTINUOUS
 10
188.176442
 20
3.578835
 30
0.0
 11
188.203664
 21
3.580687
 31
0.0
  0
LINE
  8
0
  6
CONTINUOUS
 10
188.203664
 20
3.580687
 30
0.0
 11
188.232068
 21
3.582497
 31
0.0
  0
LINE
  8
0
  6
CONTINUOUS
 10
188.232068
 20
3.582497
 30
0.0
 11
188.261572
 21
3.584258
 31
0.0
  0
LINE
  8
0
  6
CONTINUOUS
 10
188.261572
 20
3.584258
 30
0.0
 11
188.292099
 21
3.585962
 31
0.0
  0
LINE
  8
0
  6
CONTINUOUS
 10
188.292099
 20
3.585962
 30
0.0
 11
188.323566
 21
3.587604
 31
0.0
  0
LINE
  8
0
  6
CONTINUOUS
 10
188.323566
 20
3.587604
 30
0.0
 11
188.355894
 21
3.589178
 31
0.0
  0
LINE
  8
0
  6
CONTINUOUS
 10
188.355894
 20
3.589178
 30
0.0
 11
188.389003
 21
3.590676
 31
0.0
  0
LINE
  8
0
  6
CONTINUOUS
 10
188.389003
 20
3.590676
 30
0.0
 11
188.422812
 21
3.592092
 31
0.0
  0
LINE
  8
0
  6
CONTINUOUS
 10
188.422812
 20
3.592092
 30
0.0
 11
188.457242
 21
3.593420
 31
0.0
  0
LINE
  8
0
  6
CONTINUOUS
 10
188.457242
 20
3.593420
 30
0.0
 11
188.492212
 21
3.594654
 31
0.0
  0
LINE
  8
0
  6
CONTINUOUS
 10
188.492212
 20
3.594654
 30
0.0
 11
188.583379
 21
3.598279
 31
0.0
  0
LINE
  8
0
  6
CONTINUOUS
 10
188.583379
 20
3.598279
 30
0.0
 11
188.677948
 21
3.603110
 31
0.0
  0
LINE
  8
0
  6
CONTINUOUS
 10
188.677948
 20
3.603110
 30
0.0
 11
188.775559
 21
3.609100
 31
0.0
  0
LINE
  8
0
  6
CONTINUOUS
 10
188.775559
 20
3.609100
 30
0.0
 11
188.875847
 21
3.616200
 31
0.0
  0
LINE
  8
0
  6
CONTINUOUS
 10
188.875847
 20
3.616200
 30
0.0
 11
188.978452
 21
3.624362
 31
0.0
  0
LINE
  8
0
  6
CONTINUOUS
 10
188.978452
 20
3.624362
 30
0.0
 11
189.083014
 21
3.633535
 31
0.0
  0
LINE
  8
0
  6
CONTINUOUS
 10
189.083014
 20
3.633535
 30
0.0
 11
189.189170
 21
3.643674
 31
0.0
  0
LINE
  8
0
  6
CONTINUOUS
 10
189.189170
 20
3.643674
 30
0.0
 11
189.296558
 21
3.654728
 31
0.0
  0
LINE
  8
0
  6
CONTINUOUS
 10
189.296558
 20
3.654728
 30
0.0
 11
189.404818
 21
3.666649
 31
0.0
  0
LINE
  8
0
  6
CONTINUOUS
 10
189.404818
 20
3.666649
 30
0.0
 11
189.513588
 21
3.679388
 31
0.0
  0
LINE
  8
0
  6
CONTINUOUS
 10
189.513588
 20
3.679388
 30
0.0
 11
189.622506
 21
3.692898
 31
0.0
  0
LINE
  8
0
  6
CONTINUOUS
 10
189.622506
 20
3.692898
 30
0.0
 11
189.731210
 21
3.707129
 31
0.0
  0
LINE
  8
0
  6
CONTINUOUS
 10
189.731210
 20
3.707129
 30
0.0
 11
189.839341
 21
3.722033
 31
0.0
  0
LINE
  8
0
  6
CONTINUOUS
 10
189.839341
 20
3.722033
 30
0.0
 11
189.946534
 21
3.737561
 31
0.0
  0
LINE
  8
0
  6
CONTINUOUS
 10
189.946534
 20
3.737561
 30
0.0
 11
190.052431
 21
3.753665
 31
0.0
  0
LINE
  8
0
  6
CONTINUOUS
 10
190.052431
 20
3.753665
 30
0.0
 11
190.156668
 21
3.770296
 31
0.0
  0
LINE
  8
0
  6
CONTINUOUS
 10
190.156668
 20
3.770296
 30
0.0
 11
190.258885
 21
3.787406
 31
0.0
  0
LINE
  8
0
  6
CONTINUOUS
 10
190.258885
 20
3.787406
 30
0.0
 11
190.358720
 21
3.804945
 31
0.0
  0
LINE
  8
0
  6
CONTINUOUS
 10
190.358720
 20
3.804945
 30
0.0
 11
190.455811
 21
3.822866
 31
0.0
  0
LINE
  8
0
  6
CONTINUOUS
 10
190.455811
 20
3.822866
 30
0.0
 11
190.549797
 21
3.841118
 31
0.0
  0
LINE
  8
0
  6
CONTINUOUS
 10
190.549797
 20
3.841118
 30
0.0
 11
190.640317
 21
3.859657
 31
0.0
  0
LINE
  8
0
  6
CONTINUOUS
 10
190.640317
 20
3.859657
 30
0.0
 11
190.727008
 21
3.878430
 31
0.0
  0
LINE
  8
0
  6
CONTINUOUS
 10
190.727008
 20
3.878430
 30
0.0
 11
190.809510
 21
3.897391
 31
0.0
  0
LINE
  8
0
  6
CONTINUOUS
 10
190.809510
 20
3.897391
 30
0.0
 11
190.887461
 21
3.916490
 31
0.0
  0
LINE
  8
0
  6
CONTINUOUS
 10
190.887461
 20
3.916490
 30
0.0
 11
190.974896
 21
3.939539
 31
0.0
  0
LINE
  8
0
  6
CONTINUOUS
 10
190.974896
 20
3.939539
 30
0.0
 11
191.064982
 21
3.964996
 31
0.0
  0
LINE
  8
0
  6
CONTINUOUS
 10
191.064982
 20
3.964996
 30
0.0
 11
191.157415
 21
3.992729
 31
0.0
  0
LINE
  8
0
  6
CONTINUOUS
 10
191.157415
 20
3.992729
 30
0.0
 11
191.251885
 21
4.022605
 31
0.0
  0
LINE
  8
0
  6
CONTINUOUS
 10
191.251885
 20
4.022605
 30
0.0
 11
191.348086
 21
4.054493
 31
0.0
  0
LINE
  8
0
  6
CONTINUOUS
 10
191.348086
 20
4.054493
 30
0.0
 11
191.445710
 21
4.088260
 31
0.0
  0
LINE
  8
0
  6
CONTINUOUS
 10
191.445710
 20
4.088260
 30
0.0
 11
191.544451
 21
4.123774
 31
0.0
  0
LINE
  8
0
  6
CONTINUOUS
 10
191.544451
 20
4.123774
 30
0.0
 11
191.644002
 21
4.160904
 31
0.0
  0
LINE
  8
0
  6
CONTINUOUS
 10
191.644002
 20
4.160904
 30
0.0
 11
191.744056
 21
4.199516
 31
0.0
  0
LINE
  8
0
  6
CONTINUOUS
 10
191.744056
 20
4.199516
 30
0.0
 11
191.844306
 21
4.239479
 31
0.0
  0
LINE
  8
0
  6
CONTINUOUS
 10
191.844306
 20
4.239479
 30
0.0
 11
191.944444
 21
4.280661
 31
0.0
  0
LINE
  8
0
  6
CONTINUOUS
 10
191.944444
 20
4.280661
 30
0.0
 11
192.044164
 21
4.322930
 31
0.0
  0
LINE
  8
0
  6
CONTINUOUS
 10
192.044164
 20
4.322930
 30
0.0
 11
192.143157
 21
4.366154
 31
0.0
  0
LINE
  8
0
  6
CONTINUOUS
 10
192.143157
 20
4.366154
 30
0.0
 11
192.241119
 21
4.410199
 31
0.0
  0
LINE
  8
0
  6
CONTINUOUS
 10
192.241119
 20
4.410199
 30
0.0
 11
192.337741
 21
4.454936
 31
0.0
  0
LINE
  8
0
  6
CONTINUOUS
 10
192.337741
 20
4.454936
 30
0.0
 11
192.432716
 21
4.500231
 31
0.0
  0
LINE
  8
0
  6
CONTINUOUS
 10
192.432716
 20
4.500231
 30
0.0
 11
192.525738
 21
4.545952
 31
0.0
  0
LINE
  8
0
  6
CONTINUOUS
 10
192.525738
 20
4.545952
 30
0.0
 11
192.616499
 21
4.591967
 31
0.0
  0
LINE
  8
0
  6
CONTINUOUS
 10
192.616499
 20
4.591967
 30
0.0
 11
192.704692
 21
4.638143
 31
0.0
  0
LINE
  8
0
  6
CONTINUOUS
 10
192.704692
 20
4.638143
 30
0.0
 11
192.790011
 21
4.684350
 31
0.0
  0
LINE
  8
0
  6
CONTINUOUS
 10
192.790011
 20
4.684350
 30
0.0
 11
192.872146
 21
4.730455
 31
0.0
  0
LINE
  8
0
  6
CONTINUOUS
 10
192.872146
 20
4.730455
 30
0.0
 11
192.950794
 21
4.776326
 31
0.0
  0
LINE
  8
0
  6
CONTINUOUS
 10
192.950794
 20
4.776326
 30
0.0
 11
193.025646
 21
4.821830
 31
0.0
  0
LINE
  8
0
  6
CONTINUOUS
 10
193.025646
 20
4.821830
 30
0.0
 11
193.096394
 21
4.866835
 31
0.0
  0
LINE
  8
0
  6
CONTINUOUS
 10
193.096394
 20
4.866835
 30
0.0
 11
193.155274
 21
4.906456
 31
0.0
  0
LINE
  8
0
  6
CONTINUOUS
 10
193.155274
 20
4.906456
 30
0.0
 11
193.214991
 21
4.949063
 31
0.0
  0
LINE
  8
0
  6
CONTINUOUS
 10
193.214991
 20
4.949063
 30
0.0
 11
193.275406
 21
4.994509
 31
0.0
  0
LINE
  8
0
  6
CONTINUOUS
 10
193.275406
 20
4.994509
 30
0.0
 11
193.336382
 21
5.042644
 31
0.0
  0
LINE
  8
0
  6
CONTINUOUS
 10
193.336382
 20
5.042644
 30
0.0
 11
193.397782
 21
5.093319
 31
0.0
  0
LINE
  8
0
  6
CONTINUOUS
 10
193.397782
 20
5.093319
 30
0.0
 11
193.459466
 21
5.146386
 31
0.0
  0
LINE
  8
0
  6
CONTINUOUS
 10
193.459466
 20
5.146386
 30
0.0
 11
193.521298
 21
5.201694
 31
0.0
  0
LINE
  8
0
  6
CONTINUOUS
 10
193.521298
 20
5.201694
 30
0.0
 11
193.583138
 21
5.259097
 31
0.0
  0
LINE
  8
0
  6
CONTINUOUS
 10
193.583138
 20
5.259097
 30
0.0
 11
193.644850
 21
5.318444
 31
0.0
  0
LINE
  8
0
  6
CONTINUOUS
 10
193.644850
 20
5.318444
 30
0.0
 11
193.706295
 21
5.379587
 31
0.0
  0
LINE
  8
0
  6
CONTINUOUS
 10
193.706295
 20
5.379587
 30
0.0
 11
193.767337
 21
5.442377
 31
0.0
  0
LINE
  8
0
  6
CONTINUOUS
 10
193.767337
 20
5.442377
 30
0.0
 11
193.827835
 21
5.506664
 31
0.0
  0
LINE
  8
0
  6
CONTINUOUS
 10
193.827835
 20
5.506664
 30
0.0
 11
193.887652
 21
5.572300
 31
0.0
  0
LINE
  8
0
  6
CONTINUOUS
 10
193.887652
 20
5.572300
 30
0.0
 11
193.946652
 21
5.639136
 31
0.0
  0
LINE
  8
0
  6
CONTINUOUS
 10
193.946652
 20
5.639136
 30
0.0
 11
194.004696
 21
5.707023
 31
0.0
  0
LINE
  8
0
  6
CONTINUOUS
 10
194.004696
 20
5.707023
 30
0.0
 11
194.061644
 21
5.775812
 31
0.0
  0
LINE
  8
0
  6
CONTINUOUS
 10
194.061644
 20
5.775812
 30
0.0
 11
194.117361
 21
5.845354
 31
0.0
  0
LINE
  8
0
  6
CONTINUOUS
 10
194.117361
 20
5.845354
 30
0.0
 11
194.171708
 21
5.915499
 31
0.0
  0
LINE
  8
0
  6
CONTINUOUS
 10
194.171708
 20
5.915499
 30
0.0
 11
194.224547
 21
5.986100
 31
0.0
  0
LINE
  8
0
  6
CONTINUOUS
 10
194.224547
 20
5.986100
 30
0.0
 11
194.275739
 21
6.057007
 31
0.0
  0
LINE
  8
0
  6
CONTINUOUS
 10
194.275739
 20
6.057007
 30
0.0
 11
194.325148
 21
6.128072
 31
0.0
  0
LINE
  8
0
  6
CONTINUOUS
 10
194.325148
 20
6.128072
 30
0.0
 11
194.372635
 21
6.199144
 31
0.0
  0
LINE
  8
0
  6
CONTINUOUS
 10
194.372635
 20
6.199144
 30
0.0
 11
194.418062
 21
6.270076
 31
0.0
  0
LINE
  8
0
  6
CONTINUOUS
 10
194.418062
 20
6.270076
 30
0.0
 11
194.461292
 21
6.340718
 31
0.0
  0
LINE
  8
0
  6
CONTINUOUS
 10
194.461292
 20
6.340718
 30
0.0
 11
194.495211
 21
6.398222
 31
0.0
  0
LINE
  8
0
  6
CONTINUOUS
 10
194.495211
 20
6.398222
 30
0.0
 11
194.527917
 21
6.455216
 31
0.0
  0
LINE
  8
0
  6
CONTINUOUS
 10
194.527917
 20
6.455216
 30
0.0
 11
194.559529
 21
6.512012
 31
0.0
  0
LINE
  8
0
  6
CONTINUOUS
 10
194.559529
 20
6.512012
 30
0.0
 11
194.590169
 21
6.568919
 31
0.0
  0
LINE
  8
0
  6
CONTINUOUS
 10
194.590169
 20
6.568919
 30
0.0
 11
194.619954
 21
6.626248
 31
0.0
  0
LINE
  8
0
  6
CONTINUOUS
 10
194.619954
 20
6.626248
 30
0.0
 11
194.649006
 21
6.684309
 31
0.0
  0
LINE
  8
0
  6
CONTINUOUS
 10
194.649006
 20
6.684309
 30
0.0
 11
194.677445
 21
6.743413
 31
0.0
  0
LINE
  8
0
  6
CONTINUOUS
 10
194.677445
 20
6.743413
 30
0.0
 11
194.705390
 21
6.803870
 31
0.0
  0
LINE
  8
0
  6
CONTINUOUS
 10
194.705390
 20
6.803870
 30
0.0
 11
194.732961
 21
6.865991
 31
0.0
  0
LINE
  8
0
  6
CONTINUOUS
 10
194.732961
 20
6.865991
 30
0.0
 11
194.760280
 21
6.930086
 31
0.0
  0
LINE
  8
0
  6
CONTINUOUS
 10
194.760280
 20
6.930086
 30
0.0
 11
194.787464
 21
6.996465
 31
0.0
  0
LINE
  8
0
  6
CONTINUOUS
 10
194.787464
 20
6.996465
 30
0.0
 11
194.814635
 21
7.065440
 31
0.0
  0
LINE
  8
0
  6
CONTINUOUS
 10
194.814635
 20
7.065440
 30
0.0
 11
194.841913
 21
7.137320
 31
0.0
  0
LINE
  8
0
  6
CONTINUOUS
 10
194.841913
 20
7.137320
 30
0.0
 11
194.869417
 21
7.212415
 31
0.0
  0
LINE
  8
0
  6
CONTINUOUS
 10
194.869417
 20
7.212415
 30
0.0
 11
194.897269
 21
7.291037
 31
0.0
  0
LINE
  8
0
  6
CONTINUOUS
 10
194.897269
 20
7.291037
 30
0.0
 11
194.925586
 21
7.373495
 31
0.0
  0
LINE
  8
0
  6
CONTINUOUS
 10
194.925586
 20
7.373495
 30
0.0
 11
194.954490
 21
7.460101
 31
0.0
  0
LINE
  8
0
  6
CONTINUOUS
 10
194.954490
 20
7.460101
 30
0.0
 11
194.984101
 21
7.551164
 31
0.0
  0
LINE
  8
0
  6
CONTINUOUS
 10
194.984101
 20
7.551164
 30
0.0
 11
195.014538
 21
7.646996
 31
0.0
  0
LINE
  8
0
  6
CONTINUOUS
 10
195.014538
 20
7.646996
 30
0.0
 11
195.045922
 21
7.747905
 31
0.0
  0
LINE
  8
0
  6
CONTINUOUS
 10
195.045922
 20
7.747905
 30
0.0
 11
195.078371
 21
7.854204
 31
0.0
  0
LINE
  8
0
  6
CONTINUOUS
 10
195.078371
 20
7.854204
 30
0.0
 11
195.112009
 21
7.966202
 31
0.0
  0
LINE
  8
0
  6
CONTINUOUS
 10
195.112009
 20
7.966202
 30
0.0
 11
195.146952
 21
8.084209
 31
0.0
  0
LINE
  8
0
  6
CONTINUOUS
 10
195.146952
 20
8.084209
 30
0.0
 11
195.183322
 21
8.208537
 31
0.0
  0
LINE
  8
0
  6
CONTINUOUS
 10
195.183322
 20
8.208537
 30
0.0
 11
195.216327
 21
8.319086
 31
0.0
  0
LINE
  8
0
  6
CONTINUOUS
 10
195.216327
 20
8.319086
 30
0.0
 11
195.250791
 21
8.428885
 31
0.0
  0
LINE
  8
0
  6
CONTINUOUS
 10
195.250791
 20
8.428885
 30
0.0
 11
195.286694
 21
8.537897
 31
0.0
  0
LINE
  8
0
  6
CONTINUOUS
 10
195.286694
 20
8.537897
 30
0.0
 11
195.324021
 21
8.646086
 31
0.0
  0
LINE
  8
0
  6
CONTINUOUS
 10
195.324021
 20
8.646086
 30
0.0
 11
195.362751
 21
8.753414
 31
0.0
  0
LINE
  8
0
  6
CONTINUOUS
 10
195.362751
 20
8.753414
 30
0.0
 11
195.402866
 21
8.859845
 31
0.0
  0
LINE
  8
0
  6
CONTINUOUS
 10
195.402866
 20
8.859845
 30
0.0
 11
195.444350
 21
8.965341
 31
0.0
  0
LINE
  8
0
  6
CONTINUOUS
 10
195.444350
 20
8.965341
 30
0.0
 11
195.487184
 21
9.069866
 31
0.0
  0
LINE
  8
0
  6
CONTINUOUS
 10
195.487184
 20
9.069866
 30
0.0
 11
195.531349
 21
9.173382
 31
0.0
  0
LINE
  8
0
  6
CONTINUOUS
 10
195.531349
 20
9.173382
 30
0.0
 11
195.576828
 21
9.275851
 31
0.0
  0
LINE
  8
0
  6
CONTINUOUS
 10
195.576828
 20
9.275851
 30
0.0
 11
195.623603
 21
9.377239
 31
0.0
  0
LINE
  8
0
  6
CONTINUOUS
 10
195.623603
 20
9.377239
 30
0.0
 11
195.671655
 21
9.477507
 31
0.0
  0
LINE
  8
0
  6
CONTINUOUS
 10
195.671655
 20
9.477507
 30
0.0
 11
195.720967
 21
9.576618
 31
0.0
  0
LINE
  8
0
  6
CONTINUOUS
 10
195.720967
 20
9.576618
 30
0.0
 11
195.771520
 21
9.674535
 31
0.0
  0
LINE
  8
0
  6
CONTINUOUS
 10
195.771520
 20
9.674535
 30
0.0
 11
195.823296
 21
9.771221
 31
0.0
  0
LINE
  8
0
  6
CONTINUOUS
 10
195.823296
 20
9.771221
 30
0.0
 11
195.876277
 21
9.866640
 31
0.0
  0
LINE
  8
0
  6
CONTINUOUS
 10
195.876277
 20
9.866640
 30
0.0
 11
195.930445
 21
9.960754
 31
0.0
  0
LINE
  8
0
  6
CONTINUOUS
 10
195.930445
 20
9.960754
 30
0.0
 11
195.985783
 21
10.053526
 31
0.0
  0
LINE
  8
0
  6
CONTINUOUS
 10
195.985783
 20
10.053526
 30
0.0
 11
196.042271
 21
10.144919
 31
0.0
  0
LINE
  8
0
  6
CONTINUOUS
 10
196.042271
 20
10.144919
 30
0.0
 11
196.099892
 21
10.234896
 31
0.0
  0
LINE
  8
0
  6
CONTINUOUS
 10
196.099892
 20
10.234896
 30
0.0
 11
196.158629
 21
10.323421
 31
0.0
  0
LINE
  8
0
  6
CONTINUOUS
 10
196.158629
 20
10.323421
 30
0.0
 11
196.218461
 21
10.410454
 31
0.0
  0
LINE
  8
0
  6
CONTINUOUS
 10
196.218461
 20
10.410454
 30
0.0
 11
196.279373
 21
10.495961
 31
0.0
  0
LINE
  8
0
  6
CONTINUOUS
 10
196.279373
 20
10.495961
 30
0.0
 11
196.341344
 21
10.579905
 31
0.0
  0
LINE
  8
0
  6
CONTINUOUS
 10
196.341344
 20
10.579905
 30
0.0
 11
196.398101
 21
10.653048
 31
0.0
  0
LINE
  8
0
  6
CONTINUOUS
 10
196.398101
 20
10.653048
 30
0.0
 11
196.456156
 21
10.723172
 31
0.0
  0
LINE
  8
0
  6
CONTINUOUS
 10
196.456156
 20
10.723172
 30
0.0
 11
196.515534
 21
10.790287
 31
0.0
  0
LINE
  8
0
  6
CONTINUOUS
 10
196.515534
 20
10.790287
 30
0.0
 11
196.576254
 21
10.854405
 31
0.0
  0
LINE
  8
0
  6
CONTINUOUS
 10
196.576254
 20
10.854405
 30
0.0
 11
196.638337
 21
10.915539
 31
0.0
  0
LINE
  8
0
  6
CONTINUOUS
 10
196.638337
 20
10.915539
 30
0.0
 11
196.701805
 21
10.973698
 31
0.0
  0
LINE
  8
0
  6
CONTINUOUS
 10
196.701805
 20
10.973698
 30
0.0
 11
196.766680
 21
11.028894
 31
0.0
  0
LINE
  8
0
  6
CONTINUOUS
 10
196.766680
 20
11.028894
 30
0.0
 11
196.832981
 21
11.081139
 31
0.0
  0
LINE
  8
0
  6
CONTINUOUS
 10
196.832981
 20
11.081139
 30
0.0
 11
196.900731
 21
11.130443
 31
0.0
  0
LINE
  8
0
  6
CONTINUOUS
 10
196.900731
 20
11.130443
 30
0.0
 11
196.969950
 21
11.176820
 31
0.0
  0
LINE
  8
0
  6
CONTINUOUS
 10
196.969950
 20
11.176820
 30
0.0
 11
197.040660
 21
11.220279
 31
0.0
  0
LINE
  8
0
  6
CONTINUOUS
 10
197.040660
 20
11.220279
 30
0.0
 11
197.112883
 21
11.260832
 31
0.0
  0
LINE
  8
0
  6
CONTINUOUS
 10
197.112883
 20
11.260832
 30
0.0
 11
197.186638
 21
11.298491
 31
0.0
  0
LINE
  8
0
  6
CONTINUOUS
 10
197.186638
 20
11.298491
 30
0.0
 11
197.261949
 21
11.333267
 31
0.0
  0
LINE
  8
0
  6
CONTINUOUS
 10
197.261949
 20
11.333267
 30
0.0
 11
197.338834
 21
11.365170
 31
0.0
  0
LINE
  8
0
  6
CONTINUOUS
 10
197.338834
 20
11.365170
 30
0.0
 11
197.417317
 21
11.394213
 31
0.0
  0
LINE
  8
0
  6
CONTINUOUS
 10
197.417317
 20
11.394213
 30
0.0
 11
197.497417
 21
11.420406
 31
0.0
  0
LINE
  8
0
  6
CONTINUOUS
 10
197.497417
 20
11.420406
 30
0.0
 11
197.579155
 21
11.443762
 31
0.0
  0
LINE
  8
0
  6
CONTINUOUS
 10
197.579155
 20
11.443762
 30
0.0
 11
197.662556
 21
11.464292
 31
0.0
  0
LINE
  8
0
  6
CONTINUOUS
 10
197.662556
 20
11.464292
 30
0.0
 11
197.747637
 21
11.482007
 31
0.0
  0
LINE
  8
0
  6
CONTINUOUS
 10
197.747637
 20
11.482007
 30
0.0
 11
197.834422
 21
11.496917
 31
0.0
  0
LINE
  8
0
  6
CONTINUOUS
 10
197.834422
 20
11.496917
 30
0.0
 11
197.922929
 21
11.509036
 31
0.0
  0
LINE
  8
0
  6
CONTINUOUS
 10
197.922929
 20
11.509036
 30
0.0
 11
198.013183
 21
11.518373
 31
0.0
  0
LINE
  8
0
  6
CONTINUOUS
 10
198.013183
 20
11.518373
 30
0.0
 11
198.105203
 21
11.524941
 31
0.0
  0
LINE
  8
0
  6
CONTINUOUS
 10
198.105203
 20
11.524941
 30
0.0
 11
198.127361
 21
11.526108
 31
0.0
  0
LINE
  8
0
  6
CONTINUOUS
 10
198.127361
 20
11.526108
 30
0.0
 11
198.149084
 21
11.527110
 31
0.0
  0
LINE
  8
0
  6
CONTINUOUS
 10
198.149084
 20
11.527110
 30
0.0
 11
198.170352
 21
11.527950
 31
0.0
  0
LINE
  8
0
  6
CONTINUOUS
 10
198.170352
 20
11.527950
 30
0.0
 11
198.191143
 21
11.528629
 31
0.0
  0
LINE
  8
0
  6
CONTINUOUS
 10
198.191143
 20
11.528629
 30
0.0
 11
198.211433
 21
11.529146
 31
0.0
  0
LINE
  8
0
  6
CONTINUOUS
 10
198.211433
 20
11.529146
 30
0.0
 11
198.231204
 21
11.529503
 31
0.0
  0
LINE
  8
0
  6
CONTINUOUS
 10
198.231204
 20
11.529503
 30
0.0
 11
198.250430
 21
11.529701
 31
0.0
  0
LINE
  8
0
  6
CONTINUOUS
 10
198.250430
 20
11.529701
 30
0.0
 11
198.269093
 21
11.529740
 31
0.0
  0
LINE
  8
0
  6
CONTINUOUS
 10
198.269093
 20
11.529740
 30
0.0
 11
198.287169
 21
11.529623
 31
0.0
  0
LINE
  8
0
  6
CONTINUOUS
 10
198.287169
 20
11.529623
 30
0.0
 11
198.304637
 21
11.529349
 31
0.0
  0
LINE
  8
0
  6
CONTINUOUS
 10
198.304637
 20
11.529349
 30
0.0
 11
198.321476
 21
11.528918
 31
0.0
  0
LINE
  8
0
  6
CONTINUOUS
 10
198.321476
 20
11.528918
 30
0.0
 11
198.337663
 21
11.528334
 31
0.0
  0
LINE
  8
0
  6
CONTINUOUS
 10
198.337663
 20
11.528334
 30
0.0
 11
198.353177
 21
11.527596
 31
0.0
  0
LINE
  8
0
  6
CONTINUOUS
 10
198.353177
 20
11.527596
 30
0.0
 11
198.367996
 21
11.526705
 31
0.0
  0
LINE
  8
0
  6
CONTINUOUS
 10
198.367996
 20
11.526705
 30
0.0
 11
198.382099
 21
11.525663
 31
0.0
  0
LINE
  8
0
  6
CONTINUOUS
 10
198.382099
 20
11.525663
 30
0.0
 11
198.395463
 21
11.524469
 31
0.0
  0
LINE
  8
0
  6
CONTINUOUS
 10
198.395463
 20
11.524469
 30
0.0
 11
198.408067
 21
11.523125
 31
0.0
  0
LINE
  8
0
  6
CONTINUOUS
 10
198.408067
 20
11.523125
 30
0.0
 11
198.419890
 21
11.521632
 31
0.0
  0
LINE
  8
0
  6
CONTINUOUS
 10
198.419890
 20
11.521632
 30
0.0
 11
198.430908
 21
11.519990
 31
0.0
  0
LINE
  8
0
  6
CONTINUOUS
 10
198.430908
 20
11.519990
 30
0.0
 11
198.441103
 21
11.518202
 31
0.0
  0
LINE
  8
0
  6
CONTINUOUS
 10
198.441103
 20
11.518202
 30
0.0
 11
198.450449
 21
11.516266
 31
0.0
  0
LINE
  8
0
  6
CONTINUOUS
 10
198.450449
 20
11.516266
 30
0.0
 11
198.458927
 21
11.514185
 31
0.0
  0
LINE
  8
0
  6
CONTINUOUS
 10
198.458927
 20
11.514185
 30
0.0
 11
198.466515
 21
11.511960
 31
0.0
  0
LINE
  8
0
  6
CONTINUOUS
 10
198.466515
 20
11.511960
 30
0.0
 11
198.473191
 21
11.509591
 31
0.0
  0
LINE
  8
0
  6
CONTINUOUS
 10
198.473191
 20
11.509591
 30
0.0
 11
198.495938
 21
11.497032
 31
0.0
  0
LINE
  8
0
  6
CONTINUOUS
 10
198.495938
 20
11.497032
 30
0.0
 11
198.522075
 21
11.476148
 31
0.0
  0
LINE
  8
0
  6
CONTINUOUS
 10
198.522075
 20
11.476148
 30
0.0
 11
198.551326
 21
11.447415
 31
0.0
  0
LINE
  8
0
  6
CONTINUOUS
 10
198.551326
 20
11.447415
 30
0.0
 11
198.583423
 21
11.411315
 31
0.0
  0
LINE
  8
0
  6
CONTINUOUS
 10
198.583423
 20
11.411315
 30
0.0
 11
198.618089
 21
11.368324
 31
0.0
  0
LINE
  8
0
  6
CONTINUOUS
 10
198.618089
 20
11.368324
 30
0.0
 11
198.655054
 21
11.318921
 31
0.0
  0
LINE
  8
0
  6
CONTINUOUS
 10
198.655054
 20
11.318921
 30
0.0
 11
198.694045
 21
11.263586
 31
0.0
  0
LINE
  8
0
  6
CONTINUOUS
 10
198.694045
 20
11.263586
 30
0.0
 11
198.734787
 21
11.202796
 31
0.0
  0
LINE
  8
0
  6
CONTINUOUS
 10
198.734787
 20
11.202796
 30
0.0
 11
198.777010
 21
11.137031
 31
0.0
  0
LINE
  8
0
  6
CONTINUOUS
 10
198.777010
 20
11.137031
 30
0.0
 11
198.820439
 21
11.066768
 31
0.0
  0
LINE
  8
0
  6
CONTINUOUS
 10
198.820439
 20
11.066768
 30
0.0
 11
198.864803
 21
10.992487
 31
0.0
  0
LINE
  8
0
  6
CONTINUOUS
 10
198.864803
 20
10.992487
 30
0.0
 11
198.909828
 21
10.914667
 31
0.0
  0
LINE
  8
0
  6
CONTINUOUS
 10
198.909828
 20
10.914667
 30
0.0
 11
198.955242
 21
10.833785
 31
0.0
  0
LINE
  8
0
  6
CONTINUOUS
 10
198.955242
 20
10.833785
 30
0.0
 11
199.000772
 21
10.750320
 31
0.0
  0
LINE
  8
0
  6
CONTINUOUS
 10
199.000772
 20
10.750320
 30
0.0
 11
199.046145
 21
10.664753
 31
0.0
  0
LINE
  8
0
  6
CONTINUOUS
 10
199.046145
 20
10.664753
 30
0.0
 11
199.091088
 21
10.577559
 31
0.0
  0
LINE
  8
0
  6
CONTINUOUS
 10
199.091088
 20
10.577559
 30
0.0
 11
199.135329
 21
10.489219
 31
0.0
  0
LINE
  8
0
  6
CONTINUOUS
 10
199.135329
 20
10.489219
 30
0.0
 11
199.178596
 21
10.400210
 31
0.0
  0
LINE
  8
0
  6
CONTINUOUS
 10
199.178596
 20
10.400210
 30
0.0
 11
199.220614
 21
10.311013
 31
0.0
  0
LINE
  8
0
  6
CONTINUOUS
 10
199.220614
 20
10.311013
 30
0.0
 11
199.261112
 21
10.222105
 31
0.0
  0
LINE
  8
0
  6
CONTINUOUS
 10
199.261112
 20
10.222105
 30
0.0
 11
199.299817
 21
10.133964
 31
0.0
  0
LINE
  8
0
  6
CONTINUOUS
 10
199.299817
 20
10.133964
 30
0.0
 11
199.336456
 21
10.047070
 31
0.0
  0
LINE
  8
0
  6
CONTINUOUS
 10
199.336456
 20
10.047070
 30
0.0
 11
199.370756
 21
9.961901
 31
0.0
  0
LINE
  8
0
  6
CONTINUOUS
 10
199.370756
 20
9.961901
 30
0.0
 11
199.402444
 21
9.878937
 31
0.0
  0
LINE
  8
0
  6
CONTINUOUS
 10
199.402444
 20
9.878937
 30
0.0
 11
199.419268
 21
9.832625
 31
0.0
  0
LINE
  8
0
  6
CONTINUOUS
 10
199.419268
 20
9.832625
 30
0.0
 11
199.436178
 21
9.784242
 31
0.0
  0
LINE
  8
0
  6
CONTINUOUS
 10
199.436178
 20
9.784242
 30
0.0
 11
199.453135
 21
9.733943
 31
0.0
  0
LINE
  8
0
  6
CONTINUOUS
 10
199.453135
 20
9.733943
 30
0.0
 11
199.470099
 21
9.681884
 31
0.0
  0
LINE
  8
0
  6
CONTINUOUS
 10
199.470099
 20
9.681884
 30
0.0
 11
199.487032
 21
9.628220
 31
0.0
  0
LINE
  8
0
  6
CONTINUOUS
 10
199.487032
 20
9.628220
 30
0.0
 11
199.503893
 21
9.573108
 31
0.0
  0
LINE
  8
0
  6
CONTINUOUS
 10
199.503893
 20
9.573108
 30
0.0
 11
199.520644
 21
9.516703
 31
0.0
  0
LINE
  8
0
  6
CONTINUOUS
 10
199.520644
 20
9.516703
 30
0.0
 11
199.537242
 21
9.459161
 31
0.0
  0
LINE
  8
0
  6
CONTINUOUS
 10
199.537242
 20
9.459161
 30
0.0
 11
199.553651
 21
9.400636
 31
0.0
  0
LINE
  8
0
  6
CONTINUOUS
 10
199.553651
 20
9.400636
 30
0.0
 11
199.569830
 21
9.341287
 31
0.0
  0
LINE
  8
0
  6
CONTINUOUS
 10
199.569830
 20
9.341287
 30
0.0
 11
199.585741
 21
9.281267
 31
0.0
  0
LINE
  8
0
  6
CONTINUOUS
 10
199.585741
 20
9.281267
 30
0.0
 11
199.601341
 21
9.220734
 31
0.0
  0
LINE
  8
0
  6
CONTINUOUS
 10
199.601341
 20
9.220734
 30
0.0
 11
199.616593
 21
9.159842
 31
0.0
  0
LINE
  8
0
  6
CONTINUOUS
 10
199.616593
 20
9.159842
 30
0.0
 11
199.631457
 21
9.098748
 31
0.0
  0
LINE
  8
0
  6
CONTINUOUS
 10
199.631457
 20
9.098748
 30
0.0
 11
199.645893
 21
9.037608
 31
0.0
  0
LINE
  8
0
  6
CONTINUOUS
 10
199.645893
 20
9.037608
 30
0.0
 11
199.659862
 21
8.976575
 31
0.0
  0
LINE
  8
0
  6
CONTINUOUS
 10
199.659862
 20
8.976575
 30
0.0
 11
199.673323
 21
8.915808
 31
0.0
  0
LINE
  8
0
  6
CONTINUOUS
 10
199.673323
 20
8.915808
 30
0.0
 11
199.686239
 21
8.855461
 31
0.0
  0
LINE
  8
0
  6
CONTINUOUS
 10
199.686239
 20
8.855461
 30
0.0
 11
199.698568
 21
8.795691
 31
0.0
  0
LINE
  8
0
  6
CONTINUOUS
 10
199.698568
 20
8.795691
 30
0.0
 11
199.710272
 21
8.736653
 31
0.0
  0
LINE
  8
0
  6
CONTINUOUS
 10
199.710272
 20
8.736653
 30
0.0
 11
199.721309
 21
8.678503
 31
0.0
  0
LINE
  8
0
  6
CONTINUOUS
 10
199.721309
 20
8.678503
 30
0.0
 11
199.731643
 21
8.621396
 31
0.0
  0
LINE
  8
0
  6
CONTINUOUS
 10
199.731643
 20
8.621396
 30
0.0
 11
199.741233
 21
8.565489
 31
0.0
  0
LINE
  8
0
  6
CONTINUOUS
 10
199.741233
 20
8.565489
 30
0.0
 11
199.750037
 21
8.510937
 31
0.0
  0
LINE
  8
0
  6
CONTINUOUS
 10
199.750037
 20
8.510937
 30
0.0
 11
199.758680
 21
8.450536
 31
0.0
  0
LINE
  8
0
  6
CONTINUOUS
 10
199.758680
 20
8.450536
 30
0.0
 11
199.766577
 21
8.385169
 31
0.0
  0
LINE
  8
0
  6
CONTINUOUS
 10
199.766577
 20
8.385169
 30
0.0
 11
199.773727
 21
8.315299
 31
0.0
  0
LINE
  8
0
  6
CONTINUOUS
 10
199.773727
 20
8.315299
 30
0.0
 11
199.780132
 21
8.241387
 31
0.0
  0
LINE
  8
0
  6
CONTINUOUS
 10
199.780132
 20
8.241387
 30
0.0
 11
199.785790
 21
8.163893
 31
0.0
  0
LINE
  8
0
  6
CONTINUOUS
 10
199.785790
 20
8.163893
 30
0.0
 11
199.790701
 21
8.083279
 31
0.0
  0
LINE
  8
0
  6
CONTINUOUS
 10
199.790701
 20
8.083279
 30
0.0
 11
199.794865
 21
8.000007
 31
0.0
  0
LINE
  8
0
  6
CONTINUOUS
 10
199.794865
 20
8.000007
 30
0.0
 11
199.798282
 21
7.914537
 31
0.0
  0
LINE
  8
0
  6
CONTINUOUS
 10
199.798282
 20
7.914537
 30
0.0
 11
199.800951
 21
7.827331
 31
0.0
  0
LINE
  8
0
  6
CONTINUOUS
 10
199.800951
 20
7.827331
 30
0.0
 11
199.802874
 21
7.738849
 31
0.0
  0
LINE
  8
0
  6
CONTINUOUS
 10
199.802874
 20
7.738849
 30
0.0
 11
199.804047
 21
7.649555
 31
0.0
  0
LINE
  8
0
  6
CONTINUOUS
 10
199.804047
 20
7.649555
 30
0.0
 11
199.804472
 21
7.559908
 31
0.0
  0
LINE
  8
0
  6
CONTINUOUS
 10
199.804472
 20
7.559908
 30
0.0
 11
199.804149
 21
7.470368
 31
0.0
  0
LINE
  8
0
  6
CONTINUOUS
 10
199.804149
 20
7.470368
 30
0.0
 11
199.803077
 21
7.381400
 31
0.0
  0
LINE
  8
0
  6
CONTINUOUS
 10
199.803077
 20
7.381400
 30
0.0
 11
199.801255
 21
7.293463
 31
0.0
  0
LINE
  8
0
  6
CONTINUOUS
 10
199.801255
 20
7.293463
 30
0.0
 11
199.798685
 21
7.207018
 31
0.0
  0
LINE
  8
0
  6
CONTINUOUS
 10
199.798685
 20
7.207018
 30
0.0
 11
199.795365
 21
7.122526
 31
0.0
  0
LINE
  8
0
  6
CONTINUOUS
 10
199.795365
 20
7.122526
 30
0.0
 11
199.791295
 21
7.040450
 31
0.0
  0
LINE
  8
0
  6
CONTINUOUS
 10
199.791295
 20
7.040450
 30
0.0
 11
199.786475
 21
6.961250
 31
0.0
  0
LINE
  8
0
  6
CONTINUOUS
 10
199.786475
 20
6.961250
 30
0.0
 11
199.780904
 21
6.885387
 31
0.0
  0
LINE
  8
0
  6
CONTINUOUS
 10
199.780904
 20
6.885387
 30
0.0
 11
199.774582
 21
6.813323
 31
0.0
  0
LINE
  8
0
  6
CONTINUOUS
 10
199.774582
 20
6.813323
 30
0.0
 11
199.767510
 21
6.745519
 31
0.0
  0
LINE
  8
0
  6
CONTINUOUS
 10
199.767510
 20
6.745519
 30
0.0
 11
199.759686
 21
6.682437
 31
0.0
  0
LINE
  8
0
  6
CONTINUOUS
 10
199.759686
 20
6.682437
 30
0.0
 11
199.751112
 21
6.624537
 31
0.0
  0
LINE
  8
0
  6
CONTINUOUS
 10
199.751112
 20
6.624537
 30
0.0
 11
199.700880
 21
6.347261
 31
0.0
  0
LINE
  8
0
  6
CONTINUOUS
 10
199.700880
 20
6.347261
 30
0.0
 11
199.641058
 21
6.075107
 31
0.0
  0
LINE
  8
0
  6
CONTINUOUS
 10
199.641058
 20
6.075107
 30
0.0
 11
199.571741
 21
5.808201
 31
0.0
  0
LINE
  8
0
  6
CONTINUOUS
 10
199.571741
 20
5.808201
 30
0.0
 11
199.493023
 21
5.546672
 31
0.0
  0
LINE
  8
0
  6
CONTINUOUS
 10
199.493023
 20
5.546672
 30
0.0
 11
199.404997
 21
5.290648
 31
0.0
  0
LINE
  8
0
  6
CONTINUOUS
 10
199.404997
 20
5.290648
 30
0.0
 11
199.307758
 21
5.040256
 31
0.0
  0
LINE
  8
0
  6
CONTINUOUS
 10
199.307758
 20
5.040256
 30
0.0
 11
199.201398
 21
4.795625
 31
0.0
  0
LINE
  8
0
  6
CONTINUOUS
 10
199.201398
 20
4.795625
 30
0.0
 11
199.086015
 21
4.556882
 31
0.0
  0
LINE
  8
0
  6
CONTINUOUS
 10
199.086015
 20
4.556882
 30
0.0
 11
198.961699
 21
4.324157
 31
0.0
  0
LINE
  8
0
  6
CONTINUOUS
 10
198.961699
 20
4.324157
 30
0.0
 11
198.828546
 21
4.097576
 31
0.0
  0
LINE
  8
0
  6
CONTINUOUS
 10
198.828546
 20
4.097576
 30
0.0
 11
198.686651
 21
3.877268
 31
0.0
  0
LINE
  8
0
  6
CONTINUOUS
 10
198.686651
 20
3.877268
 30
0.0
 11
198.536107
 21
3.663360
 31
0.0
  0
LINE
  8
0
  6
CONTINUOUS
 10
198.536107
 20
3.663360
 30
0.0
 11
198.377008
 21
3.455981
 31
0.0
  0
LINE
  8
0
  6
CONTINUOUS
 10
198.377008
 20
3.455981
 30
0.0
 11
198.209448
 21
3.255260
 31
0.0
  0
LINE
  8
0
  6
CONTINUOUS
 10
198.209448
 20
3.255260
 30
0.0
 11
198.033521
 21
3.061322
 31
0.0
  0
LINE
  8
0
  6
CONTINUOUS
 10
198.033521
 20
3.061322
 30
0.0
 11
197.849322
 21
2.874297
 31
0.0
  0
LINE
  8
0
  6
CONTINUOUS
 10
197.849322
 20
2.874297
 30
0.0
 11
197.656944
 21
2.694313
 31
0.0
  0
LINE
  8
0
  6
CONTINUOUS
 10
197.656944
 20
2.694313
 30
0.0
 11
197.456482
 21
2.521498
 31
0.0
  0
LINE
  8
0
  6
CONTINUOUS
 10
197.456482
 20
2.521498
 30
0.0
 11
197.248029
 21
2.355980
 31
0.0
  0
LINE
  8
0
  6
CONTINUOUS
 10
197.248029
 20
2.355980
 30
0.0
 11
197.031680
 21
2.197886
 31
0.0
  0
LINE
  8
0
  6
CONTINUOUS
 10
197.031680
 20
2.197886
 30
0.0
 11
196.807529
 21
2.047345
 31
0.0
  0
LINE
  8
0
  6
CONTINUOUS
 10
196.807529
 20
2.047345
 30
0.0
 11
196.575669
 21
1.904484
 31
0.0
  0
LINE
  8
0
  6
CONTINUOUS
 10
196.575669
 20
1.904484
 30
0.0
 11
196.336196
 21
1.769432
 31
0.0
  0
LINE
  8
0
  6
CONTINUOUS
 10
196.336196
 20
1.769432
 30
0.0
 11
196.089203
 21
1.642317
 31
0.0
  0
LINE
  8
0
  6
CONTINUOUS
 10
196.089203
 20
1.642317
 30
0.0
 11
196.005424
 21
1.601663
 31
0.0
  0
LINE
  8
0
  6
CONTINUOUS
 10
196.005424
 20
1.601663
 30
0.0
 11
195.922578
 21
1.562437
 31
0.0
  0
LINE
  8
0
  6
CONTINUOUS
 10
195.922578
 20
1.562437
 30
0.0
 11
195.840580
 21
1.524612
 31
0.0
  0
LINE
  8
0
  6
CONTINUOUS
 10
195.840580
 20
1.524612
 30
0.0
 11
195.759355
 21
1.488162
 31
0.0
  0
LINE
  8
0
  6
CONTINUOUS
 10
195.759355
 20
1.488162
 30
0.0
 11
195.678821
 21
1.453060
 31
0.0
  0
LINE
  8
0
  6
CONTINUOUS
 10
195.678821
 20
1.453060
 30
0.0
 11
195.598898
 21
1.419280
 31
0.0
  0
LINE
  8
0
  6
CONTINUOUS
 10
195.598898
 20
1.419280
 30
0.0
 11
195.519506
 21
1.386795
 31
0.0
  0
LINE
  8
0
  6
CONTINUOUS
 10
195.519506
 20
1.386795
 30
0.0
 11
195.440568
 21
1.355579
 31
0.0
  0
LINE
  8
0
  6
CONTINUOUS
 10
195.440568
 20
1.355579
 30
0.0
 11
195.362002
 21
1.325607
 31
0.0
  0
LINE
  8
0
  6
CONTINUOUS
 10
195.362002
 20
1.325607
 30
0.0
 11
195.283728
 21
1.296849
 31
0.0
  0
LINE
  8
0
  6
CONTINUOUS
 10
195.283728
 20
1.296849
 30
0.0
 11
195.205667
 21
1.269282
 31
0.0
  0
LINE
  8
0
  6
CONTINUOUS
 10
195.205667
 20
1.269282
 30
0.0
 11
195.127740
 21
1.242878
 31
0.0
  0
LINE
  8
0
  6
CONTINUOUS
 10
195.127740
 20
1.242878
 30
0.0
 11
195.049867
 21
1.217610
 31
0.0
  0
LINE
  8
0
  6
CONTINUOUS
 10
195.049867
 20
1.217610
 30
0.0
 11
194.971967
 21
1.193453
 31
0.0
  0
LINE
  8
0
  6
CONTINUOUS
 10
194.971967
 20
1.193453
 30
0.0
 11
194.893961
 21
1.170380
 31
0.0
  0
LINE
  8
0
  6
CONTINUOUS
 10
194.893961
 20
1.170380
 30
0.0
 11
194.815770
 21
1.148365
 31
0.0
  0
LINE
  8
0
  6
CONTINUOUS
 10
194.815770
 20
1.148365
 30
0.0
 11
194.737315
 21
1.127381
 31
0.0
  0
LINE
  8
0
  6
CONTINUOUS
 10
194.737315
 20
1.127381
 30
0.0
 11
194.658514
 21
1.107401
 31
0.0
  0
LINE
  8
0
  6
CONTINUOUS
 10
194.658514
 20
1.107401
 30
0.0
 11
194.579288
 21
1.088399
 31
0.0
  0
LINE
  8
0
  6
CONTINUOUS
 10
194.579288
 20
1.088399
 30
0.0
 11
194.499559
 21
1.070350
 31
0.0
  0
LINE
  8
0
  6
CONTINUOUS
 10
194.499559
 20
1.070350
 30
0.0
 11
194.419245
 21
1.053224
 31
0.0
  0
LINE
  8
0
  6
CONTINUOUS
 10
194.419245
 20
1.053224
 30
0.0
 11
194.338267
 21
1.036999
 31
0.0
  0
LINE
  8
0
  6
CONTINUOUS
 10
194.338267
 20
1.036999
 30
0.0
 11
194.256546
 21
1.021646
 31
0.0
  0
LINE
  8
0
  6
CONTINUOUS
 10
194.256546
 20
1.021646
 30
0.0
 11
194.174003
 21
1.007139
 31
0.0
  0
LINE
  8
0
  6
CONTINUOUS
 10
194.174003
 20
1.007139
 30
0.0
 11
194.123337
 21
0.999286
 31
0.0
  0
LINE
  8
0
  6
CONTINUOUS
 10
194.123337
 20
0.999286
 30
0.0
 11
194.067229
 21
0.991959
 31
0.0
  0
LINE
  8
0
  6
CONTINUOUS
 10
194.067229
 20
0.991959
 30
0.0
 11
194.006156
 21
0.985168
 31
0.0
  0
LINE
  8
0
  6
CONTINUOUS
 10
194.006156
 20
0.985168
 30
0.0
 11
193.940602
 21
0.978920
 31
0.0
  0
LINE
  8
0
  6
CONTINUOUS
 10
193.940602
 20
0.978920
 30
0.0
 11
193.871047
 21
0.973223
 31
0.0
  0
LINE
  8
0
  6
CONTINUOUS
 10
193.871047
 20
0.973223
 30
0.0
 11
193.797969
 21
0.968084
 31
0.0
  0
LINE
  8
0
  6
CONTINUOUS
 10
193.797969
 20
0.968084
 30
0.0
 11
193.721853
 21
0.963509
 31
0.0
  0
LINE
  8
0
  6
CONTINUOUS
 10
193.721853
 20
0.963509
 30
0.0
 11
193.643176
 21
0.959508
 31
0.0
  0
LINE
  8
0
  6
CONTINUOUS
 10
193.643176
 20
0.959508
 30
0.0
 11
193.562420
 21
0.956088
 31
0.0
  0
LINE
  8
0
  6
CONTINUOUS
 10
193.562420
 20
0.956088
 30
0.0
 11
193.480068
 21
0.953256
 31
0.0
  0
LINE
  8
0
  6
CONTINUOUS
 10
193.480068
 20
0.953256
 30
0.0
 11
193.396597
 21
0.951020
 31
0.0
  0
LINE
  8
0
  6
CONTINUOUS
 10
193.396597
 20
0.951020
 30
0.0
 11
193.312491
 21
0.949388
 31
0.0
  0
LINE
  8
0
  6
CONTINUOUS
 10
193.312491
 20
0.949388
 30
0.0
 11
193.228229
 21
0.948366
 31
0.0
  0
LINE
  8
0
  6
CONTINUOUS
 10
193.228229
 20
0.948366
 30
0.0
 11
193.144291
 21
0.947963
 31
0.0
  0
LINE
  8
0
  6
CONTINUOUS
 10
193.144291
 20
0.947963
 30
0.0
 11
193.061160
 21
0.948186
 31
0.0
  0
LINE
  8
0
  6
CONTINUOUS
 10
193.061160
 20
0.948186
 30
0.0
 11
192.979316
 21
0.949043
 31
0.0
  0
LINE
  8
0
  6
CONTINUOUS
 10
192.979316
 20
0.949043
 30
0.0
 11
192.899238
 21
0.950542
 31
0.0
  0
LINE
  8
0
  6
CONTINUOUS
 10
192.899238
 20
0.950542
 30
0.0
 11
192.821408
 21
0.952688
 31
0.0
  0
LINE
  8
0
  6
CONTINUOUS
 10
192.821408
 20
0.952688
 30
0.0
 11
192.746308
 21
0.955493
 31
0.0
  0
LINE
  8
0
  6
CONTINUOUS
 10
192.746308
 20
0.955493
 30
0.0
 11
192.674416
 21
0.958960
 31
0.0
  0
LINE
  8
0
  6
CONTINUOUS
 10
192.674416
 20
0.958960
 30
0.0
 11
192.606216
 21
0.963099
 31
0.0
  0
LINE
  8
0
  6
CONTINUOUS
 10
192.606216
 20
0.963099
 30
0.0
 11
192.542186
 21
0.967918
 31
0.0
  0
LINE
  8
0
  6
CONTINUOUS
 10
192.542186
 20
0.967918
 30
0.0
 11
192.482808
 21
0.973423
 31
0.0
  0
LINE
  8
0
  6
CONTINUOUS
 10
192.482808
 20
0.973423
 30
0.0
 11
192.428563
 21
0.979623
 31
0.0
  0
LINE
  8
0
  6
CONTINUOUS
 10
193.698803
 20
1.024514
 30
0.0
 11
193.797999
 21
1.033866
 31
0.0
  0
LINE
  8
0
  6
CONTINUOUS
 10
193.797999
 20
1.033866
 30
0.0
 11
193.896853
 21
1.044797
 31
0.0
  0
LINE
  8
0
  6
CONTINUOUS
 10
193.896853
 20
1.044797
 30
0.0
 11
193.995390
 21
1.057313
 31
0.0
  0
LINE
  8
0
  6
CONTINUOUS
 10
193.995390
 20
1.057313
 30
0.0
 11
194.093630
 21
1.071422
 31
0.0
  0
LINE
  8
0
  6
CONTINUOUS
 10
194.093630
 20
1.071422
 30
0.0
 11
194.191598
 21
1.087130
 31
0.0
  0
LINE
  8
0
  6
CONTINUOUS
 10
194.191598
 20
1.087130
 30
0.0
 11
194.289316
 21
1.104443
 31
0.0
  0
LINE
  8
0
  6
CONTINUOUS
 10
194.289316
 20
1.104443
 30
0.0
 11
194.386807
 21
1.123370
 31
0.0
  0
LINE
  8
0
  6
CONTINUOUS
 10
194.386807
 20
1.123370
 30
0.0
 11
194.484094
 21
1.143915
 31
0.0
  0
LINE
  8
0
  6
CONTINUOUS
 10
194.484094
 20
1.143915
 30
0.0
 11
194.581200
 21
1.166084
 31
0.0
  0
LINE
  8
0
  6
CONTINUOUS
 10
194.581200
 20
1.166084
 30
0.0
 11
194.678148
 21
1.189887
 31
0.0
  0
LINE
  8
0
  6
CONTINUOUS
 10
194.678148
 20
1.189887
 30
0.0
 11
194.774960
 21
1.215328
 31
0.0
  0
LINE
  8
0
  6
CONTINUOUS
 10
194.774960
 20
1.215328
 30
0.0
 11
194.871659
 21
1.242413
 31
0.0
  0
LINE
  8
0
  6
CONTINUOUS
 10
194.871659
 20
1.242413
 30
0.0
 11
194.968269
 21
1.271152
 31
0.0
  0
LINE
  8
0
  6
CONTINUOUS
 10
194.968269
 20
1.271152
 30
0.0
 11
195.064812
 21
1.301548
 31
0.0
  0
LINE
  8
0
  6
CONTINUOUS
 10
195.064812
 20
1.301548
 30
0.0
 11
195.161311
 21
1.333610
 31
0.0
  0
LINE
  8
0
  6
CONTINUOUS
 10
195.161311
 20
1.333610
 30
0.0
 11
195.257789
 21
1.367343
 31
0.0
  0
LINE
  8
0
  6
CONTINUOUS
 10
195.257789
 20
1.367343
 30
0.0
 11
195.354269
 21
1.402755
 31
0.0
  0
LINE
  8
0
  6
CONTINUOUS
 10
195.354269
 20
1.402755
 30
0.0
 11
195.450774
 21
1.439852
 31
0.0
  0
LINE
  8
0
  6
CONTINUOUS
 10
195.450774
 20
1.439852
 30
0.0
 11
195.547326
 21
1.478640
 31
0.0
  0
LINE
  8
0
  6
CONTINUOUS
 10
195.547326
 20
1.478640
 30
0.0
 11
195.643949
 21
1.519127
 31
0.0
  0
LINE
  8
0
  6
CONTINUOUS
 10
195.643949
 20
1.519127
 30
0.0
 11
195.740665
 21
1.561318
 31
0.0
  0
LINE
  8
0
  6
CONTINUOUS
 10
195.740665
 20
1.561318
 30
0.0
 11
195.837498
 21
1.605220
 31
0.0
  0
LINE
  8
0
  6
CONTINUOUS
 10
195.837498
 20
1.605220
 30
0.0
 11
195.934469
 21
1.650840
 31
0.0
  0
LINE
  8
0
  6
CONTINUOUS
 10
195.934469
 20
1.650840
 30
0.0
 11
196.031603
 21
1.698185
 31
0.0
  0
LINE
  8
0
  6
CONTINUOUS
 10
196.031603
 20
1.698185
 30
0.0
 11
196.131755
 21
1.748448
 31
0.0
  0
LINE
  8
0
  6
CONTINUOUS
 10
196.131755
 20
1.748448
 30
0.0
 11
196.228852
 21
1.798425
 31
0.0
  0
LINE
  8
0
  6
CONTINUOUS
 10
196.228852
 20
1.798425
 30
0.0
 11
196.323064
 21
1.848238
 31
0.0
  0
LINE
  8
0
  6
CONTINUOUS
 10
196.323064
 20
1.848238
 30
0.0
 11
196.414559
 21
1.898006
 31
0.0
  0
LINE
  8
0
  6
CONTINUOUS
 10
196.414559
 20
1.898006
 30
0.0
 11
196.503505
 21
1.947852
 31
0.0
  0
LINE
  8
0
  6
CONTINUOUS
 10
196.503505
 20
1.947852
 30
0.0
 11
196.590070
 21
1.997899
 31
0.0
  0
LINE
  8
0
  6
CONTINUOUS
 10
196.590070
 20
1.997899
 30
0.0
 11
196.674422
 21
2.048266
 31
0.0
  0
LINE
  8
0
  6
CONTINUOUS
 10
196.674422
 20
2.048266
 30
0.0
 11
196.756732
 21
2.099078
 31
0.0
  0
LINE
  8
0
  6
CONTINUOUS
 10
196.756732
 20
2.099078
 30
0.0
 11
196.837165
 21
2.150452
 31
0.0
  0
LINE
  8
0
  6
CONTINUOUS
 10
196.837165
 20
2.150452
 30
0.0
 11
196.915891
 21
2.202514
 31
0.0
  0
LINE
  8
0
  6
CONTINUOUS
 10
196.915891
 20
2.202514
 30
0.0
 11
196.993078
 21
2.255383
 31
0.0
  0
LINE
  8
0
  6
CONTINUOUS
 10
196.993078
 20
2.255383
 30
0.0
 11
197.068894
 21
2.309182
 31
0.0
  0
LINE
  8
0
  6
CONTINUOUS
 10
197.068894
 20
2.309182
 30
0.0
 11
197.143510
 21
2.364031
 31
0.0
  0
LINE
  8
0
  6
CONTINUOUS
 10
197.143510
 20
2.364031
 30
0.0
 11
197.217090
 21
2.420054
 31
0.0
  0
LINE
  8
0
  6
CONTINUOUS
 10
197.217090
 20
2.420054
 30
0.0
 11
197.289805
 21
2.477370
 31
0.0
  0
LINE
  8
0
  6
CONTINUOUS
 10
197.289805
 20
2.477370
 30
0.0
 11
197.361824
 21
2.536102
 31
0.0
  0
LINE
  8
0
  6
CONTINUOUS
 10
197.361824
 20
2.536102
 30
0.0
 11
197.433314
 21
2.596372
 31
0.0
  0
LINE
  8
0
  6
CONTINUOUS
 10
197.433314
 20
2.596372
 30
0.0
 11
197.504444
 21
2.658300
 31
0.0
  0
LINE
  8
0
  6
CONTINUOUS
 10
197.504444
 20
2.658300
 30
0.0
 11
197.575382
 21
2.722009
 31
0.0
  0
LINE
  8
0
  6
CONTINUOUS
 10
197.575382
 20
2.722009
 30
0.0
 11
197.646295
 21
2.787621
 31
0.0
  0
LINE
  8
0
  6
CONTINUOUS
 10
197.646295
 20
2.787621
 30
0.0
 11
197.717355
 21
2.855256
 31
0.0
  0
LINE
  8
0
  6
CONTINUOUS
 10
197.717355
 20
2.855256
 30
0.0
 11
197.788727
 21
2.925036
 31
0.0
  0
LINE
  8
0
  6
CONTINUOUS
 10
197.788727
 20
2.925036
 30
0.0
 11
197.860581
 21
2.997084
 31
0.0
  0
LINE
  8
0
  6
CONTINUOUS
 10
197.860581
 20
2.997084
 30
0.0
 11
197.933085
 21
3.071520
 31
0.0
  0
LINE
  8
0
  6
CONTINUOUS
 10
197.933085
 20
3.071520
 30
0.0
 11
198.138516
 21
3.295018
 31
0.0
  0
LINE
  8
0
  6
CONTINUOUS
 10
198.138516
 20
3.295018
 30
0.0
 11
198.332037
 21
3.526352
 31
0.0
  0
LINE
  8
0
  6
CONTINUOUS
 10
198.332037
 20
3.526352
 30
0.0
 11
198.513553
 21
3.765086
 31
0.0
  0
LINE
  8
0
  6
CONTINUOUS
 10
198.513553
 20
3.765086
 30
0.0
 11
198.682966
 21
4.010785
 31
0.0
  0
LINE
  8
0
  6
CONTINUOUS
 10
198.682966
 20
4.010785
 30
0.0
 11
198.840184
 21
4.263012
 31
0.0
  0
LINE
  8
0
  6
CONTINUOUS
 10
198.840184
 20
4.263012
 30
0.0
 11
198.985110
 21
4.521332
 31
0.0
  0
LINE
  8
0
  6
CONTINUOUS
 10
198.985110
 20
4.521332
 30
0.0
 11
199.117651
 21
4.785309
 31
0.0
  0
LINE
  8
0
  6
CONTINUOUS
 10
199.117651
 20
4.785309
 30
0.0
 11
199.237710
 21
5.054507
 31
0.0
  0
LINE
  8
0
  6
CONTINUOUS
 10
199.237710
 20
5.054507
 30
0.0
 11
199.345191
 21
5.328492
 31
0.0
  0
LINE
  8
0
  6
CONTINUOUS
 10
199.345191
 20
5.328492
 30
0.0
 11
199.440002
 21
5.606825
 31
0.0
  0
LINE
  8
0
  6
CONTINUOUS
 10
199.440002
 20
5.606825
 30
0.0
 11
199.522046
 21
5.889072
 31
0.0
  0
LINE
  8
0
  6
CONTINUOUS
 10
199.522046
 20
5.889072
 30
0.0
 11
199.591227
 21
6.174798
 31
0.0
  0
LINE
  8
0
  6
CONTINUOUS
 10
199.591227
 20
6.174798
 30
0.0
 11
199.647451
 21
6.463565
 31
0.0
  0
LINE
  8
0
  6
CONTINUOUS
 10
199.647451
 20
6.463565
 30
0.0
 11
199.690623
 21
6.754940
 31
0.0
  0
LINE
  8
0
  6
CONTINUOUS
 10
199.690623
 20
6.754940
 30
0.0
 11
199.720648
 21
7.048485
 31
0.0
  0
LINE
  8
0
  6
CONTINUOUS
 10
199.720648
 20
7.048485
 30
0.0
 11
199.737429
 21
7.343765
 31
0.0
  0
LINE
  8
0
  6
CONTINUOUS
 10
199.737429
 20
7.343765
 30
0.0
 11
199.740874
 21
7.640344
 31
0.0
  0
LINE
  8
0
  6
CONTINUOUS
 10
199.740874
 20
7.640344
 30
0.0
 11
199.730885
 21
7.937787
 31
0.0
  0
LINE
  8
0
  6
CONTINUOUS
 10
199.730885
 20
7.937787
 30
0.0
 11
199.707369
 21
8.235656
 31
0.0
  0
LINE
  8
0
  6
CONTINUOUS
 10
199.707369
 20
8.235656
 30
0.0
 11
199.670230
 21
8.533519
 31
0.0
  0
LINE
  8
0
  6
CONTINUOUS
 10
199.670230
 20
8.533519
 30
0.0
 11
199.619372
 21
8.830936
 31
0.0
  0
LINE
  8
0
  6
CONTINUOUS
 10
199.619372
 20
8.830936
 30
0.0
 11
199.554701
 21
9.127475
 31
0.0
  0
LINE
  8
0
  6
CONTINUOUS
 10
199.554701
 20
9.127475
 30
0.0
 11
199.476121
 21
9.422696
 31
0.0
  0
LINE
  8
0
  6
CONTINUOUS
 10
199.476121
 20
9.422696
 30
0.0
 11
199.383538
 21
9.716167
 31
0.0
  0
LINE
  8
0
  6
CONTINUOUS
 10
199.383538
 20
9.716167
 30
0.0
 11
199.354162
 21
9.799241
 31
0.0
  0
LINE
  8
0
  6
CONTINUOUS
 10
199.354162
 20
9.799241
 30
0.0
 11
199.321695
 21
9.885282
 31
0.0
  0
LINE
  8
0
  6
CONTINUOUS
 10
199.321695
 20
9.885282
 30
0.0
 11
199.286433
 21
9.973753
 31
0.0
  0
LINE
  8
0
  6
CONTINUOUS
 10
199.286433
 20
9.973753
 30
0.0
 11
199.248673
 21
10.064118
 31
0.0
  0
LINE
  8
0
  6
CONTINUOUS
 10
199.248673
 20
10.064118
 30
0.0
 11
199.208713
 21
10.155843
 31
0.0
  0
LINE
  8
0
  6
CONTINUOUS
 10
199.208713
 20
10.155843
 30
0.0
 11
199.166847
 21
10.248392
 31
0.0
  0
LINE
  8
0
  6
CONTINUOUS
 10
199.166847
 20
10.248392
 30
0.0
 11
199.123374
 21
10.341229
 31
0.0
  0
LINE
  8
0
  6
CONTINUOUS
 10
199.123374
 20
10.341229
 30
0.0
 11
199.078591
 21
10.433818
 31
0.0
  0
LINE
  8
0
  6
CONTINUOUS
 10
199.078591
 20
10.433818
 30
0.0
 11
199.032793
 21
10.525625
 31
0.0
  0
LINE
  8
0
  6
CONTINUOUS
 10
199.032793
 20
10.525625
 30
0.0
 11
198.986278
 21
10.616111
 31
0.0
  0
LINE
  8
0
  6
CONTINUOUS
 10
198.986278
 20
10.616111
 30
0.0
 11
198.939343
 21
10.704743
 31
0.0
  0
LINE
  8
0
  6
CONTINUOUS
 10
198.939343
 20
10.704743
 30
0.0
 11
198.892284
 21
10.790985
 31
0.0
  0
LINE
  8
0
  6
CONTINUOUS
 10
198.892284
 20
10.790985
 30
0.0
 11
198.845399
 21
10.874301
 31
0.0
  0
LINE
  8
0
  6
CONTINUOUS
 10
198.845399
 20
10.874301
 30
0.0
 11
198.798983
 21
10.954155
 31
0.0
  0
LINE
  8
0
  6
CONTINUOUS
 10
198.798983
 20
10.954155
 30
0.0
 11
198.753335
 21
11.030012
 31
0.0
  0
LINE
  8
0
  6
CONTINUOUS
 10
198.753335
 20
11.030012
 30
0.0
 11
198.708750
 21
11.101336
 31
0.0
  0
LINE
  8
0
  6
CONTINUOUS
 10
198.708750
 20
11.101336
 30
0.0
 11
198.665525
 21
11.167590
 31
0.0
  0
LINE
  8
0
  6
CONTINUOUS
 10
198.665525
 20
11.167590
 30
0.0
 11
198.623957
 21
11.228241
 31
0.0
  0
LINE
  8
0
  6
CONTINUOUS
 10
198.623957
 20
11.228241
 30
0.0
 11
198.584344
 21
11.282752
 31
0.0
  0
LINE
  8
0
  6
CONTINUOUS
 10
198.584344
 20
11.282752
 30
0.0
 11
198.546980
 21
11.330587
 31
0.0
  0
LINE
  8
0
  6
CONTINUOUS
 10
198.546980
 20
11.330587
 30
0.0
 11
198.512165
 21
11.371211
 31
0.0
  0
LINE
  8
0
  6
CONTINUOUS
 10
198.512165
 20
11.371211
 30
0.0
 11
198.480194
 21
11.404088
 31
0.0
  0
LINE
  8
0
  6
CONTINUOUS
 10
198.480194
 20
11.404088
 30
0.0
 11
198.451364
 21
11.428681
 31
0.0
  0
LINE
  8
0
  6
CONTINUOUS
 10
198.451364
 20
11.428681
 30
0.0
 11
198.425972
 21
11.444457
 31
0.0
  0
LINE
  8
0
  6
CONTINUOUS
 10
198.425972
 20
11.444457
 30
0.0
 11
198.417477
 21
11.448309
 31
0.0
  0
LINE
  8
0
  6
CONTINUOUS
 10
198.417477
 20
11.448309
 30
0.0
 11
198.408853
 21
11.451838
 31
0.0
  0
LINE
  8
0
  6
CONTINUOUS
 10
198.408853
 20
11.451838
 30
0.0
 11
198.400021
 21
11.455046
 31
0.0
  0
LINE
  8
0
  6
CONTINUOUS
 10
198.400021
 20
11.455046
 30
0.0
 11
198.390899
 21
11.457932
 31
0.0
  0
LINE
  8
0
  6
CONTINUOUS
 10
198.390899
 20
11.457932
 30
0.0
 11
198.381406
 21
11.460499
 31
0.0
  0
LINE
  8
0
  6
CONTINUOUS
 10
198.381406
 20
11.460499
 30
0.0
 11
198.371461
 21
11.462747
 31
0.0
  0
LINE
  8
0
  6
CONTINUOUS
 10
198.371461
 20
11.462747
 30
0.0
 11
198.360984
 21
11.464678
 31
0.0
  0
LINE
  8
0
  6
CONTINUOUS
 10
198.360984
 20
11.464678
 30
0.0
 11
198.349893
 21
11.466292
 31
0.0
  0
LINE
  8
0
  6
CONTINUOUS
 10
198.349893
 20
11.466292
 30
0.0
 11
198.338107
 21
11.467592
 31
0.0
  0
LINE
  8
0
  6
CONTINUOUS
 10
198.338107
 20
11.467592
 30
0.0
 11
198.325546
 21
11.468576
 31
0.0
  0
LINE
  8
0
  6
CONTINUOUS
 10
198.325546
 20
11.468576
 30
0.0
 11
198.312129
 21
11.469248
 31
0.0
  0
LINE
  8
0
  6
CONTINUOUS
 10
198.312129
 20
11.469248
 30
0.0
 11
198.297774
 21
11.469608
 31
0.0
  0
LINE
  8
0
  6
CONTINUOUS
 10
198.297774
 20
11.469608
 30
0.0
 11
198.282400
 21
11.469658
 31
0.0
  0
LINE
  8
0
  6
CONTINUOUS
 10
198.282400
 20
11.469658
 30
0.0
 11
198.265928
 21
11.469397
 31
0.0
  0
LINE
  8
0
  6
CONTINUOUS
 10
198.265928
 20
11.469397
 30
0.0
 11
198.248276
 21
11.468828
 31
0.0
  0
LINE
  8
0
  6
CONTINUOUS
 10
198.248276
 20
11.468828
 30
0.0
 11
198.229361
 21
11.467952
 31
0.0
  0
LINE
  8
0
  6
CONTINUOUS
 10
198.229361
 20
11.467952
 30
0.0
 11
198.209106
 21
11.466770
 31
0.0
  0
LINE
  8
0
  6
CONTINUOUS
 10
198.209106
 20
11.466770
 30
0.0
 11
198.187427
 21
11.465281
 31
0.0
  0
LINE
  8
0
  6
CONTINUOUS
 10
198.187427
 20
11.465281
 30
0.0
 11
198.164244
 21
11.463489
 31
0.0
  0
LINE
  8
0
  6
CONTINUOUS
 10
198.164244
 20
11.463489
 30
0.0
 11
198.139476
 21
11.461394
 31
0.0
  0
LINE
  8
0
  6
CONTINUOUS
 10
198.139476
 20
11.461394
 30
0.0
 11
198.113042
 21
11.458997
 31
0.0
  0
LINE
  8
0
  6
CONTINUOUS
 10
198.113042
 20
11.458997
 30
0.0
 11
198.084862
 21
11.456300
 31
0.0
  0
LINE
  8
0
  6
CONTINUOUS
 10
198.084862
 20
11.456300
 30
0.0
 11
198.054853
 21
11.453303
 31
0.0
  0
LINE
  8
0
  6
CONTINUOUS
 10
198.054853
 20
11.453303
 30
0.0
 11
198.022936
 21
11.450007
 31
0.0
  0
LINE
  8
0
  6
CONTINUOUS
 10
198.022936
 20
11.450007
 30
0.0
 11
197.924936
 21
11.438274
 31
0.0
  0
LINE
  8
0
  6
CONTINUOUS
 10
197.924936
 20
11.438274
 30
0.0
 11
197.829808
 21
11.423850
 31
0.0
  0
LINE
  8
0
  6
CONTINUOUS
 10
197.829808
 20
11.423850
 30
0.0
 11
197.737423
 21
11.406650
 31
0.0
  0
LINE
  8
0
  6
CONTINUOUS
 10
197.737423
 20
11.406650
 30
0.0
 11
197.647650
 21
11.386589
 31
0.0
  0
LINE
  8
0
  6
CONTINUOUS
 10
197.647650
 20
11.386589
 30
0.0
 11
197.560360
 21
11.363580
 31
0.0
  0
LINE
  8
0
  6
CONTINUOUS
 10
197.560360
 20
11.363580
 30
0.0
 11
197.475422
 21
11.337542
 31
0.0
  0
LINE
  8
0
  6
CONTINUOUS
 10
197.475422
 20
11.337542
 30
0.0
 11
197.392709
 21
11.308385
 31
0.0
  0
LINE
  8
0
  6
CONTINUOUS
 10
197.392709
 20
11.308385
 30
0.0
 11
197.312089
 21
11.276027
 31
0.0
  0
LINE
  8
0
  6
CONTINUOUS
 10
197.312089
 20
11.276027
 30
0.0
 11
197.233434
 21
11.240382
 31
0.0
  0
LINE
  8
0
  6
CONTINUOUS
 10
197.233434
 20
11.240382
 30
0.0
 11
197.156613
 21
11.201364
 31
0.0
  0
LINE
  8
0
  6
CONTINUOUS
 10
197.156613
 20
11.201364
 30
0.0
 11
197.081497
 21
11.158890
 31
0.0
  0
LINE
  8
0
  6
CONTINUOUS
 10
197.081497
 20
11.158890
 30
0.0
 11
197.007956
 21
11.112872
 31
0.0
  0
LINE
  8
0
  6
CONTINUOUS
 10
197.007956
 20
11.112872
 30
0.0
 11
196.935861
 21
11.063227
 31
0.0
  0
LINE
  8
0
  6
CONTINUOUS
 10
196.935861
 20
11.063227
 30
0.0
 11
196.865082
 21
11.009869
 31
0.0
  0
LINE
  8
0
  6
CONTINUOUS
 10
196.865082
 20
11.009869
 30
0.0
 11
196.795489
 21
10.952712
 31
0.0
  0
LINE
  8
0
  6
CONTINUOUS
 10
196.795489
 20
10.952712
 30
0.0
 11
196.726953
 21
10.891673
 31
0.0
  0
LINE
  8
0
  6
CONTINUOUS
 10
196.726953
 20
10.891673
 30
0.0
 11
196.659343
 21
10.826665
 31
0.0
  0
LINE
  8
0
  6
CONTINUOUS
 10
196.659343
 20
10.826665
 30
0.0
 11
196.592530
 21
10.757603
 31
0.0
  0
LINE
  8
0
  6
CONTINUOUS
 10
196.592530
 20
10.757603
 30
0.0
 11
196.526386
 21
10.684403
 31
0.0
  0
LINE
  8
0
  6
CONTINUOUS
 10
196.526386
 20
10.684403
 30
0.0
 11
196.460779
 21
10.606978
 31
0.0
  0
LINE
  8
0
  6
CONTINUOUS
 10
196.460779
 20
10.606978
 30
0.0
 11
196.395581
 21
10.525244
 31
0.0
  0
LINE
  8
0
  6
CONTINUOUS
 10
196.395581
 20
10.525244
 30
0.0
 11
196.330661
 21
10.439117
 31
0.0
  0
LINE
  8
0
  6
CONTINUOUS
 10
196.330661
 20
10.439117
 30
0.0
 11
196.265890
 21
10.348509
 31
0.0
  0
LINE
  8
0
  6
CONTINUOUS
 10
196.265890
 20
10.348509
 30
0.0
 11
196.201138
 21
10.253337
 31
0.0
  0
LINE
  8
0
  6
CONTINUOUS
 10
196.201138
 20
10.253337
 30
0.0
 11
196.146972
 21
10.170689
 31
0.0
  0
LINE
  8
0
  6
CONTINUOUS
 10
196.146972
 20
10.170689
 30
0.0
 11
196.094335
 21
10.088018
 31
0.0
  0
LINE
  8
0
  6
CONTINUOUS
 10
196.094335
 20
10.088018
 30
0.0
 11
196.043158
 21
10.005165
 31
0.0
  0
LINE
  8
0
  6
CONTINUOUS
 10
196.043158
 20
10.005165
 30
0.0
 11
195.993368
 21
9.921968
 31
0.0
  0
LINE
  8
0
  6
CONTINUOUS
 10
195.993368
 20
9.921968
 30
0.0
 11
195.944894
 21
9.838265
 31
0.0
  0
LINE
  8
0
  6
CONTINUOUS
 10
195.944894
 20
9.838265
 30
0.0
 11
195.897666
 21
9.753894
 31
0.0
  0
LINE
  8
0
  6
CONTINUOUS
 10
195.897666
 20
9.753894
 30
0.0
 11
195.851612
 21
9.668696
 31
0.0
  0
LINE
  8
0
  6
CONTINUOUS
 10
195.851612
 20
9.668696
 30
0.0
 11
195.806660
 21
9.582507
 31
0.0
  0
LINE
  8
0
  6
CONTINUOUS
 10
195.806660
 20
9.582507
 30
0.0
 11
195.762740
 21
9.495169
 31
0.0
  0
LINE
  8
0
  6
CONTINUOUS
 10
195.762740
 20
9.495169
 30
0.0
 11
195.719782
 21
9.406518
 31
0.0
  0
LINE
  8
0
  6
CONTINUOUS
 10
195.719782
 20
9.406518
 30
0.0
 11
195.677712
 21
9.316394
 31
0.0
  0
LINE
  8
0
  6
CONTINUOUS
 10
195.677712
 20
9.316394
 30
0.0
 11
195.636461
 21
9.224635
 31
0.0
  0
LINE
  8
0
  6
CONTINUOUS
 10
195.636461
 20
9.224635
 30
0.0
 11
195.595958
 21
9.131081
 31
0.0
  0
LINE
  8
0
  6
CONTINUOUS
 10
195.595958
 20
9.131081
 30
0.0
 11
195.556130
 21
9.035569
 31
0.0
  0
LINE
  8
0
  6
CONTINUOUS
 10
195.556130
 20
9.035569
 30
0.0
 11
195.516907
 21
8.937939
 31
0.0
  0
LINE
  8
0
  6
CONTINUOUS
 10
195.516907
 20
8.937939
 30
0.0
 11
195.478218
 21
8.838029
 31
0.0
  0
LINE
  8
0
  6
CONTINUOUS
 10
195.478218
 20
8.838029
 30
0.0
 11
195.439991
 21
8.735679
 31
0.0
  0
LINE
  8
0
  6
CONTINUOUS
 10
195.439991
 20
8.735679
 30
0.0
 11
195.402157
 21
8.630727
 31
0.0
  0
LINE
  8
0
  6
CONTINUOUS
 10
195.402157
 20
8.630727
 30
0.0
 11
195.364642
 21
8.523010
 31
0.0
  0
LINE
  8
0
  6
CONTINUOUS
 10
195.364642
 20
8.523010
 30
0.0
 11
195.327377
 21
8.412370
 31
0.0
  0
LINE
  8
0
  6
CONTINUOUS
 10
195.327377
 20
8.412370
 30
0.0
 11
195.290290
 21
8.298643
 31
0.0
  0
LINE
  8
0
  6
CONTINUOUS
 10
195.290290
 20
8.298643
 30
0.0
 11
195.253310
 21
8.181669
 31
0.0
  0
LINE
  8
0
  6
CONTINUOUS
 10
195.253310
 20
8.181669
 30
0.0
 11
195.216366
 21
8.061287
 31
0.0
  0
LINE
  8
0
  6
CONTINUOUS
 10
195.216366
 20
8.061287
 30
0.0
 11
195.179386
 21
7.937335
 31
0.0
  0
LINE
  8
0
  6
CONTINUOUS
 10
195.179386
 20
7.937335
 30
0.0
 11
195.155477
 21
7.856501
 31
0.0
  0
LINE
  8
0
  6
CONTINUOUS
 10
195.155477
 20
7.856501
 30
0.0
 11
195.132346
 21
7.779148
 31
0.0
  0
LINE
  8
0
  6
CONTINUOUS
 10
195.132346
 20
7.779148
 30
0.0
 11
195.109931
 21
7.705104
 31
0.0
  0
LINE
  8
0
  6
CONTINUOUS
 10
195.109931
 20
7.705104
 30
0.0
 11
195.088167
 21
7.634195
 31
0.0
  0
LINE
  8
0
  6
CONTINUOUS
 10
195.088167
 20
7.634195
 30
0.0
 11
195.066993
 21
7.566253
 31
0.0
  0
LINE
  8
0
  6
CONTINUOUS
 10
195.066993
 20
7.566253
 30
0.0
 11
195.046345
 21
7.501102
 31
0.0
  0
LINE
  8
0
  6
CONTINUOUS
 10
195.046345
 20
7.501102
 30
0.0
 11
195.026159
 21
7.438571
 31
0.0
  0
LINE
  8
0
  6
CONTINUOUS
 10
195.026159
 20
7.438571
 30
0.0
 11
195.006373
 21
7.378489
 31
0.0
  0
LINE
  8
0
  6
CONTINUOUS
 10
195.006373
 20
7.378489
 30
0.0
 11
194.986924
 21
7.320684
 31
0.0
  0
LINE
  8
0
  6
CONTINUOUS
 10
194.986924
 20
7.320684
 30
0.0
 11
194.967750
 21
7.264983
 31
0.0
  0
LINE
  8
0
  6
CONTINUOUS
 10
194.967750
 20
7.264983
 30
0.0
 11
194.948785
 21
7.211213
 31
0.0
  0
LINE
  8
0
  6
CONTINUOUS
 10
194.948785
 20
7.211213
 30
0.0
 11
194.929968
 21
7.159204
 31
0.0
  0
LINE
  8
0
  6
CONTINUOUS
 10
194.929968
 20
7.159204
 30
0.0
 11
194.911235
 21
7.108784
 31
0.0
  0
LINE
  8
0
  6
CONTINUOUS
 10
194.911235
 20
7.108784
 30
0.0
 11
194.892523
 21
7.059779
 31
0.0
  0
LINE
  8
0
  6
CONTINUOUS
 10
194.892523
 20
7.059779
 30
0.0
 11
194.873771
 21
7.012017
 31
0.0
  0
LINE
  8
0
  6
CONTINUOUS
 10
194.873771
 20
7.012017
 30
0.0
 11
194.854912
 21
6.965328
 31
0.0
  0
LINE
  8
0
  6
CONTINUOUS
 10
194.854912
 20
6.965328
 30
0.0
 11
194.835887
 21
6.919539
 31
0.0
  0
LINE
  8
0
  6
CONTINUOUS
 10
194.835887
 20
6.919539
 30
0.0
 11
194.816630
 21
6.874478
 31
0.0
  0
LINE
  8
0
  6
CONTINUOUS
 10
194.816630
 20
6.874478
 30
0.0
 11
194.797079
 21
6.829972
 31
0.0
  0
LINE
  8
0
  6
CONTINUOUS
 10
194.797079
 20
6.829972
 30
0.0
 11
194.777171
 21
6.785849
 31
0.0
  0
LINE
  8
0
  6
CONTINUOUS
 10
194.777171
 20
6.785849
 30
0.0
 11
194.756844
 21
6.741938
 31
0.0
  0
LINE
  8
0
  6
CONTINUOUS
 10
194.756844
 20
6.741938
 30
0.0
 11
194.736032
 21
6.698067
 31
0.0
  0
LINE
  8
0
  6
CONTINUOUS
 10
194.736032
 20
6.698067
 30
0.0
 11
194.714674
 21
6.654062
 31
0.0
  0
LINE
  8
0
  6
CONTINUOUS
 10
194.714674
 20
6.654062
 30
0.0
 11
194.692707
 21
6.609753
 31
0.0
  0
LINE
  8
0
  6
CONTINUOUS
 10
194.692707
 20
6.609753
 30
0.0
 11
194.648639
 21
6.524357
 31
0.0
  0
LINE
  8
0
  6
CONTINUOUS
 10
194.648639
 20
6.524357
 30
0.0
 11
194.601843
 21
6.438638
 31
0.0
  0
LINE
  8
0
  6
CONTINUOUS
 10
194.601843
 20
6.438638
 30
0.0
 11
194.552470
 21
6.352777
 31
0.0
  0
LINE
  8
0
  6
CONTINUOUS
 10
194.552470
 20
6.352777
 30
0.0
 11
194.500674
 21
6.266957
 31
0.0
  0
LINE
  8
0
  6
CONTINUOUS
 10
194.500674
 20
6.266957
 30
0.0
 11
194.446607
 21
6.181356
 31
0.0
  0
LINE
  8
0
  6
CONTINUOUS
 10
194.446607
 20
6.181356
 30
0.0
 11
194.390425
 21
6.096156
 31
0.0
  0
LINE
  8
0
  6
CONTINUOUS
 10
194.390425
 20
6.096156
 30
0.0
 11
194.332279
 21
6.011539
 31
0.0
  0
LINE
  8
0
  6
CONTINUOUS
 10
194.332279
 20
6.011539
 30
0.0
 11
194.272323
 21
5.927684
 31
0.0
  0
LINE
  8
0
  6
CONTINUOUS
 10
194.272323
 20
5.927684
 30
0.0
 11
194.210709
 21
5.844772
 31
0.0
  0
LINE
  8
0
  6
CONTINUOUS
 10
194.210709
 20
5.844772
 30
0.0
 11
194.147592
 21
5.762986
 31
0.0
  0
LINE
  8
0
  6
CONTINUOUS
 10
194.147592
 20
5.762986
 30
0.0
 11
194.083123
 21
5.682505
 31
0.0
  0
LINE
  8
0
  6
CONTINUOUS
 10
194.083123
 20
5.682505
 30
0.0
 11
194.017458
 21
5.603510
 31
0.0
  0
LINE
  8
0
  6
CONTINUOUS
 10
194.017458
 20
5.603510
 30
0.0
 11
193.950747
 21
5.526182
 31
0.0
  0
LINE
  8
0
  6
CONTINUOUS
 10
193.950747
 20
5.526182
 30
0.0
 11
193.883144
 21
5.450703
 31
0.0
  0
LINE
  8
0
  6
CONTINUOUS
 10
193.883144
 20
5.450703
 30
0.0
 11
193.814804
 21
5.377252
 31
0.0
  0
LINE
  8
0
  6
CONTINUOUS
 10
193.814804
 20
5.377252
 30
0.0
 11
193.745878
 21
5.306011
 31
0.0
  0
LINE
  8
0
  6
CONTINUOUS
 10
193.745878
 20
5.306011
 30
0.0
 11
193.676521
 21
5.237160
 31
0.0
  0
LINE
  8
0
  6
CONTINUOUS
 10
193.676521
 20
5.237160
 30
0.0
 11
193.606885
 21
5.170881
 31
0.0
  0
LINE
  8
0
  6
CONTINUOUS
 10
193.606885
 20
5.170881
 30
0.0
 11
193.537123
 21
5.107354
 31
0.0
  0
LINE
  8
0
  6
CONTINUOUS
 10
193.537123
 20
5.107354
 30
0.0
 11
193.467388
 21
5.046760
 31
0.0
  0
LINE
  8
0
  6
CONTINUOUS
 10
193.467388
 20
5.046760
 30
0.0
 11
193.397835
 21
4.989281
 31
0.0
  0
LINE
  8
0
  6
CONTINUOUS
 10
193.397835
 20
4.989281
 30
0.0
 11
193.328615
 21
4.935096
 31
0.0
  0
LINE
  8
0
  6
CONTINUOUS
 10
193.328615
 20
4.935096
 30
0.0
 11
193.259882
 21
4.884387
 31
0.0
  0
LINE
  8
0
  6
CONTINUOUS
 10
193.259882
 20
4.884387
 30
0.0
 11
193.191790
 21
4.837335
 31
0.0
  0
LINE
  8
0
  6
CONTINUOUS
 10
193.191790
 20
4.837335
 30
0.0
 11
193.133294
 21
4.799150
 31
0.0
  0
LINE
  8
0
  6
CONTINUOUS
 10
193.133294
 20
4.799150
 30
0.0
 11
193.071503
 21
4.760389
 31
0.0
  0
LINE
  8
0
  6
CONTINUOUS
 10
193.071503
 20
4.760389
 30
0.0
 11
193.006632
 21
4.721155
 31
0.0
  0
LINE
  8
0
  6
CONTINUOUS
 10
193.006632
 20
4.721155
 30
0.0
 11
192.938894
 21
4.681545
 31
0.0
  0
LINE
  8
0
  6
CONTINUOUS
 10
192.938894
 20
4.681545
 30
0.0
 11
192.868506
 21
4.641659
 31
0.0
  0
LINE
  8
0
  6
CONTINUOUS
 10
192.868506
 20
4.641659
 30
0.0
 11
192.795682
 21
4.601598
 31
0.0
  0
LINE
  8
0
  6
CONTINUOUS
 10
192.795682
 20
4.601598
 30
0.0
 11
192.720636
 21
4.561461
 31
0.0
  0
LINE
  8
0
  6
CONTINUOUS
 10
192.720636
 20
4.561461
 30
0.0
 11
192.643584
 21
4.521348
 31
0.0
  0
LINE
  8
0
  6
CONTINUOUS
 10
192.643584
 20
4.521348
 30
0.0
 11
192.564741
 21
4.481360
 31
0.0
  0
LINE
  8
0
  6
CONTINUOUS
 10
192.564741
 20
4.481360
 30
0.0
 11
192.484320
 21
4.441596
 31
0.0
  0
LINE
  8
0
  6
CONTINUOUS
 10
192.484320
 20
4.441596
 30
0.0
 11
192.402538
 21
4.402154
 31
0.0
  0
LINE
  8
0
  6
CONTINUOUS
 10
192.402538
 20
4.402154
 30
0.0
 11
192.319609
 21
4.363136
 31
0.0
  0
LINE
  8
0
  6
CONTINUOUS
 10
192.319609
 20
4.363136
 30
0.0
 11
192.235747
 21
4.324643
 31
0.0
  0
LINE
  8
0
  6
CONTINUOUS
 10
192.235747
 20
4.324643
 30
0.0
 11
192.151169
 21
4.286771
 31
0.0
  0
LINE
  8
0
  6
CONTINUOUS
 10
192.151169
 20
4.286771
 30
0.0
 11
192.066088
 21
4.249624
 31
0.0
  0
LINE
  8
0
  6
CONTINUOUS
 10
192.066088
 20
4.249624
 30
0.0
 11
191.980719
 21
4.213299
 31
0.0
  0
LINE
  8
0
  6
CONTINUOUS
 10
191.980719
 20
4.213299
 30
0.0
 11
191.895277
 21
4.177897
 31
0.0
  0
LINE
  8
0
  6
CONTINUOUS
 10
191.895277
 20
4.177897
 30
0.0
 11
191.809977
 21
4.143517
 31
0.0
  0
LINE
  8
0
  6
CONTINUOUS
 10
191.809977
 20
4.143517
 30
0.0
 11
191.725035
 21
4.110260
 31
0.0
  0
LINE
  8
0
  6
CONTINUOUS
 10
191.725035
 20
4.110260
 30
0.0
 11
191.640664
 21
4.078224
 31
0.0
  0
LINE
  8
0
  6
CONTINUOUS
 10
191.640664
 20
4.078224
 30
0.0
 11
191.557079
 21
4.047512
 31
0.0
  0
LINE
  8
0
  6
CONTINUOUS
 10
191.557079
 20
4.047512
 30
0.0
 11
191.474496
 21
4.018220
 31
0.0
  0
LINE
  8
0
  6
CONTINUOUS
 10
191.474496
 20
4.018220
 30
0.0
 11
191.393130
 21
3.990452
 31
0.0
  0
LINE
  8
0
  6
CONTINUOUS
 10
191.393130
 20
3.990452
 30
0.0
 11
191.313194
 21
3.964304
 31
0.0
  0
LINE
  8
0
  6
CONTINUOUS
 10
191.313194
 20
3.964304
 30
0.0
 11
191.225185
 21
3.937122
 31
0.0
  0
LINE
  8
0
  6
CONTINUOUS
 10
191.225185
 20
3.937122
 30
0.0
 11
191.132680
 21
3.910374
 31
0.0
  0
LINE
  8
0
  6
CONTINUOUS
 10
191.132680
 20
3.910374
 30
0.0
 11
191.036006
 21
3.884112
 31
0.0
  0
LINE
  8
0
  6
CONTINUOUS
 10
191.036006
 20
3.884112
 30
0.0
 11
190.935490
 21
3.858389
 31
0.0
  0
LINE
  8
0
  6
CONTINUOUS
 10
190.935490
 20
3.858389
 30
0.0
 11
190.831458
 21
3.833255
 31
0.0
  0
LINE
  8
0
  6
CONTINUOUS
 10
190.831458
 20
3.833255
 30
0.0
 11
190.724237
 21
3.808763
 31
0.0
  0
LINE
  8
0
  6
CONTINUOUS
 10
190.724237
 20
3.808763
 30
0.0
 11
190.614154
 21
3.784966
 31
0.0
  0
LINE
  8
0
  6
CONTINUOUS
 10
190.614154
 20
3.784966
 30
0.0
 11
190.501538
 21
3.761914
 31
0.0
  0
LINE
  8
0
  6
CONTINUOUS
 10
190.501538
 20
3.761914
 30
0.0
 11
190.386715
 21
3.739661
 31
0.0
  0
LINE
  8
0
  6
CONTINUOUS
 10
190.386715
 20
3.739661
 30
0.0
 11
190.270010
 21
3.718256
 31
0.0
  0
LINE
  8
0
  6
CONTINUOUS
 10
190.270010
 20
3.718256
 30
0.0
 11
190.151752
 21
3.697754
 31
0.0
  0
LINE
  8
0
  6
CONTINUOUS
 10
190.151752
 20
3.697754
 30
0.0
 11
190.032268
 21
3.678205
 31
0.0
  0
LINE
  8
0
  6
CONTINUOUS
 10
190.032268
 20
3.678205
 30
0.0
 11
189.911884
 21
3.659661
 31
0.0
  0
LINE
  8
0
  6
CONTINUOUS
 10
189.911884
 20
3.659661
 30
0.0
 11
189.790927
 21
3.642175
 31
0.0
  0
LINE
  8
0
  6
CONTINUOUS
 10
189.790927
 20
3.642175
 30
0.0
 11
189.669725
 21
3.625799
 31
0.0
  0
LINE
  8
0
  6
CONTINUOUS
 10
189.669725
 20
3.625799
 30
0.0
 11
189.548605
 21
3.610583
 31
0.0
  0
LINE
  8
0
  6
CONTINUOUS
 10
189.548605
 20
3.610583
 30
0.0
 11
189.427892
 21
3.596582
 31
0.0
  0
LINE
  8
0
  6
CONTINUOUS
 10
189.427892
 20
3.596582
 30
0.0
 11
189.307916
 21
3.583844
 31
0.0
  0
LINE
  8
0
  6
CONTINUOUS
 10
189.307916
 20
3.583844
 30
0.0
 11
189.189002
 21
3.572425
 31
0.0
  0
LINE
  8
0
  6
CONTINUOUS
 10
189.189002
 20
3.572425
 30
0.0
 11
189.071477
 21
3.562374
 31
0.0
  0
LINE
  8
0
  6
CONTINUOUS
 10
189.071477
 20
3.562374
 30
0.0
 11
188.955670
 21
3.553745
 31
0.0
  0
LINE
  8
0
  6
CONTINUOUS
 10
188.955670
 20
3.553745
 30
0.0
 11
188.841905
 21
3.546587
 31
0.0
  0
LINE
  8
0
  6
CONTINUOUS
 10
188.841905
 20
3.546587
 30
0.0
 11
188.730510
 21
3.540956
 31
0.0
  0
LINE
  8
0
  6
CONTINUOUS
 10
188.730510
 20
3.540956
 30
0.0
 11
188.621814
 21
3.536900
 31
0.0
  0
LINE
  8
0
  6
CONTINUOUS
 10
188.621814
 20
3.536900
 30
0.0
 11
188.583953
 21
3.535700
 31
0.0
  0
LINE
  8
0
  6
CONTINUOUS
 10
188.583953
 20
3.535700
 30
0.0
 11
188.546792
 21
3.534419
 31
0.0
  0
LINE
  8
0
  6
CONTINUOUS
 10
188.546792
 20
3.534419
 30
0.0
 11
188.510415
 21
3.533063
 31
0.0
  0
LINE
  8
0
  6
CONTINUOUS
 10
188.510415
 20
3.533063
 30
0.0
 11
188.474904
 21
3.531636
 31
0.0
  0
LINE
  8
0
  6
CONTINUOUS
 10
188.474904
 20
3.531636
 30
0.0
 11
188.440342
 21
3.530147
 31
0.0
  0
LINE
  8
0
  6
CONTINUOUS
 10
188.440342
 20
3.530147
 30
0.0
 11
188.406813
 21
3.528600
 31
0.0
  0
LINE
  8
0
  6
CONTINUOUS
 10
188.406813
 20
3.528600
 30
0.0
 11
188.374399
 21
3.527000
 31
0.0
  0
LINE
  8
0
  6
CONTINUOUS
 10
188.374399
 20
3.527000
 30
0.0
 11
188.343184
 21
3.525356
 31
0.0
  0
LINE
  8
0
  6
CONTINUOUS
 10
188.343184
 20
3.525356
 30
0.0
 11
188.313251
 21
3.523671
 31
0.0
  0
LINE
  8
0
  6
CONTINUOUS
 10
188.313251
 20
3.523671
 30
0.0
 11
188.284684
 21
3.521953
 31
0.0
  0
LINE
  8
0
  6
CONTINUOUS
 10
188.284684
 20
3.521953
 30
0.0
 11
188.257564
 21
3.520207
 31
0.0
  0
LINE
  8
0
  6
CONTINUOUS
 10
188.257564
 20
3.520207
 30
0.0
 11
188.231976
 21
3.518440
 31
0.0
  0
LINE
  8
0
  6
CONTINUOUS
 10
188.231976
 20
3.518440
 30
0.0
 11
188.208002
 21
3.516657
 31
0.0
  0
LINE
  8
0
  6
CONTINUOUS
 10
188.208002
 20
3.516657
 30
0.0
 11
188.185725
 21
3.514863
 31
0.0
  0
LINE
  8
0
  6
CONTINUOUS
 10
188.185725
 20
3.514863
 30
0.0
 11
188.165229
 21
3.513066
 31
0.0
  0
LINE
  8
0
  6
CONTINUOUS
 10
188.165229
 20
3.513066
 30
0.0
 11
188.146597
 21
3.511269
 31
0.0
  0
LINE
  8
0
  6
CONTINUOUS
 10
188.146597
 20
3.511269
 30
0.0
 11
188.129912
 21
3.509482
 31
0.0
  0
LINE
  8
0
  6
CONTINUOUS
 10
188.129912
 20
3.509482
 30
0.0
 11
188.115258
 21
3.507708
 31
0.0
  0
LINE
  8
0
  6
CONTINUOUS
 10
188.115258
 20
3.507708
 30
0.0
 11
188.102716
 21
3.505955
 31
0.0
  0
LINE
  8
0
  6
CONTINUOUS
 10
188.102716
 20
3.505955
 30
0.0
 11
188.092371
 21
3.504227
 31
0.0
  0
LINE
  8
0
  6
CONTINUOUS
 10
188.092371
 20
3.504227
 30
0.0
 11
188.084304
 21
3.502530
 31
0.0
  0
LINE
  8
0
  6
CONTINUOUS
 10
188.084304
 20
3.502530
 30
0.0
 11
188.078601
 21
3.500872
 31
0.0
  0
LINE
  8
0
  6
CONTINUOUS
 10
188.078601
 20
3.500872
 30
0.0
 11
188.075343
 21
3.499256
 31
0.0
  0
LINE
  8
0
  6
CONTINUOUS
 10
188.075343
 20
3.499256
 30
0.0
 11
188.074614
 21
3.497691
 31
0.0
  0
LINE
  8
0
  6
CONTINUOUS
 10
188.074614
 20
3.497691
 30
0.0
 11
188.075754
 21
3.495497
 31
0.0
  0
LINE
  8
0
  6
CONTINUOUS
 10
188.075754
 20
3.495497
 30
0.0
 11
188.078023
 21
3.492021
 31
0.0
  0
LINE
  8
0
  6
CONTINUOUS
 10
188.078023
 20
3.492021
 30
0.0
 11
188.081381
 21
3.487311
 31
0.0
  0
LINE
  8
0
  6
CONTINUOUS
 10
188.081381
 20
3.487311
 30
0.0
 11
188.085789
 21
3.481415
 31
0.0
  0
LINE
  8
0
  6
CONTINUOUS
 10
188.085789
 20
3.481415
 30
0.0
 11
188.091207
 21
3.474380
 31
0.0
  0
LINE
  8
0
  6
CONTINUOUS
 10
188.091207
 20
3.474380
 30
0.0
 11
188.097596
 21
3.466253
 31
0.0
  0
LINE
  8
0
  6
CONTINUOUS
 10
188.097596
 20
3.466253
 30
0.0
 11
188.104918
 21
3.457081
 31
0.0
  0
LINE
  8
0
  6
CONTINUOUS
 10
188.104918
 20
3.457081
 30
0.0
 11
188.113130
 21
3.446911
 31
0.0
  0
LINE
  8
0
  6
CONTINUOUS
 10
188.113130
 20
3.446911
 30
0.0
 11
188.122197
 21
3.435791
 31
0.0
  0
LINE
  8
0
  6
CONTINUOUS
 10
188.122197
 20
3.435791
 30
0.0
 11
188.132076
 21
3.423767
 31
0.0
  0
LINE
  8
0
  6
CONTINUOUS
 10
188.132076
 20
3.423767
 30
0.0
 11
188.142730
 21
3.410887
 31
0.0
  0
LINE
  8
0
  6
CONTINUOUS
 10
188.142730
 20
3.410887
 30
0.0
 11
188.154119
 21
3.397198
 31
0.0
  0
LINE
  8
0
  6
CONTINUOUS
 10
188.154119
 20
3.397198
 30
0.0
 11
188.166203
 21
3.382747
 31
0.0
  0
LINE
  8
0
  6
CONTINUOUS
 10
188.166203
 20
3.382747
 30
0.0
 11
188.178943
 21
3.367582
 31
0.0
  0
LINE
  8
0
  6
CONTINUOUS
 10
188.178943
 20
3.367582
 30
0.0
 11
188.192301
 21
3.351749
 31
0.0
  0
LINE
  8
0
  6
CONTINUOUS
 10
188.192301
 20
3.351749
 30
0.0
 11
188.206235
 21
3.335296
 31
0.0
  0
LINE
  8
0
  6
CONTINUOUS
 10
188.206235
 20
3.335296
 30
0.0
 11
188.220708
 21
3.318271
 31
0.0
  0
LINE
  8
0
  6
CONTINUOUS
 10
188.220708
 20
3.318271
 30
0.0
 11
188.235679
 21
3.300719
 31
0.0
  0
LINE
  8
0
  6
CONTINUOUS
 10
188.235679
 20
3.300719
 30
0.0
 11
188.251109
 21
3.282688
 31
0.0
  0
LINE
  8
0
  6
CONTINUOUS
 10
188.251109
 20
3.282688
 30
0.0
 11
188.266959
 21
3.264227
 31
0.0
  0
LINE
  8
0
  6
CONTINUOUS
 10
188.266959
 20
3.264227
 30
0.0
 11
188.283190
 21
3.245381
 31
0.0
  0
LINE
  8
0
  6
CONTINUOUS
 10
188.283190
 20
3.245381
 30
0.0
 11
188.299762
 21
3.226198
 31
0.0
  0
LINE
  8
0
  6
CONTINUOUS
 10
188.299762
 20
3.226198
 30
0.0
 11
188.316635
 21
3.206726
 31
0.0
  0
LINE
  8
0
  6
CONTINUOUS
 10
188.316635
 20
3.206726
 30
0.0
 11
188.333771
 21
3.187010
 31
0.0
  0
LINE
  8
0
  6
CONTINUOUS
 10
188.333771
 20
3.187010
 30
0.0
 11
188.481334
 21
3.024006
 31
0.0
  0
LINE
  8
0
  6
CONTINUOUS
 10
188.481334
 20
3.024006
 30
0.0
 11
188.635442
 21
2.866376
 31
0.0
  0
LINE
  8
0
  6
CONTINUOUS
 10
188.635442
 20
2.866376
 30
0.0
 11
188.795836
 21
2.714240
 31
0.0
  0
LINE
  8
0
  6
CONTINUOUS
 10
188.795836
 20
2.714240
 30
0.0
 11
188.962251
 21
2.567717
 31
0.0
  0
LINE
  8
0
  6
CONTINUOUS
 10
188.962251
 20
2.567717
 30
0.0
 11
189.134427
 21
2.426926
 31
0.0
  0
LINE
  8
0
  6
CONTINUOUS
 10
189.134427
 20
2.426926
 30
0.0
 11
189.312101
 21
2.291986
 31
0.0
  0
LINE
  8
0
  6
CONTINUOUS
 10
189.312101
 20
2.291986
 30
0.0
 11
189.495012
 21
2.163016
 31
0.0
  0
LINE
  8
0
  6
CONTINUOUS
 10
189.495012
 20
2.163016
 30
0.0
 11
189.682896
 21
2.040135
 31
0.0
  0
LINE
  8
0
  6
CONTINUOUS
 10
189.682896
 20
2.040135
 30
0.0
 11
189.875491
 21
1.923462
 31
0.0
  0
LINE
  8
0
  6
CONTINUOUS
 10
189.875491
 20
1.923462
 30
0.0
 11
190.072537
 21
1.813116
 31
0.0
  0
LINE
  8
0
  6
CONTINUOUS
 10
190.072537
 20
1.813116
 30
0.0
 11
190.273770
 21
1.709216
 31
0.0
  0
LINE
  8
0
  6
CONTINUOUS
 10
190.273770
 20
1.709216
 30
0.0
 11
190.478929
 21
1.611882
 31
0.0
  0
LINE
  8
0
  6
CONTINUOUS
 10
190.478929
 20
1.611882
 30
0.0
 11
190.687750
 21
1.521232
 31
0.0
  0
LINE
  8
0
  6
CONTINUOUS
 10
190.687750
 20
1.521232
 30
0.0
 11
190.899974
 21
1.437385
 31
0.0
  0
LINE
  8
0
  6
CONTINUOUS
 10
190.899974
 20
1.437385
 30
0.0
 11
191.115336
 21
1.360459
 31
0.0
  0
LINE
  8
0
  6
CONTINUOUS
 10
191.115336
 20
1.360459
 30
0.0
 11
191.333575
 21
1.290576
 31
0.0
  0
LINE
  8
0
  6
CONTINUOUS
 10
191.333575
 20
1.290576
 30
0.0
 11
191.554429
 21
1.227852
 31
0.0
  0
LINE
  8
0
  6
CONTINUOUS
 10
191.554429
 20
1.227852
 30
0.0
 11
191.777635
 21
1.172409
 31
0.0
  0
LINE
  8
0
  6
CONTINUOUS
 10
191.777635
 20
1.172409
 30
0.0
 11
192.002932
 21
1.124363
 31
0.0
  0
LINE
  8
0
  6
CONTINUOUS
 10
192.002932
 20
1.124363
 30
0.0
 11
192.230058
 21
1.083834
 31
0.0
  0
LINE
  8
0
  6
CONTINUOUS
 10
192.230058
 20
1.083834
 30
0.0
 11
192.458749
 21
1.050943
 31
0.0
  0
LINE
  8
0
  6
CONTINUOUS
 10
192.458749
 20
1.050943
 30
0.0
 11
192.688746
 21
1.025806
 31
0.0
  0
LINE
  8
0
  6
CONTINUOUS
 10
192.688746
 20
1.025806
 30
0.0
 11
192.919784
 21
1.008544
 31
0.0
  0
LINE
  8
0
  6
CONTINUOUS
 10
192.919784
 20
1.008544
 30
0.0
 11
193.151603
 21
0.999276
 31
0.0
  0
LINE
  8
0
  6
CONTINUOUS
 10
193.151603
 20
0.999276
 30
0.0
 11
193.166154
 21
0.999035
 31
0.0
  0
LINE
  8
0
  6
CONTINUOUS
 10
193.166154
 20
0.999035
 30
0.0
 11
193.182032
 21
0.998934
 31
0.0
  0
LINE
  8
0
  6
CONTINUOUS
 10
193.182032
 20
0.998934
 30
0.0
 11
193.199153
 21
0.998971
 31
0.0
  0
LINE
  8
0
  6
CONTINUOUS
 10
193.199153
 20
0.998971
 30
0.0
 11
193.217436
 21
0.999139
 31
0.0
  0
LINE
  8
0
  6
CONTINUOUS
 10
193.217436
 20
0.999139
 30
0.0
 11
193.236796
 21
0.999438
 31
0.0
  0
LINE
  8
0
  6
CONTINUOUS
 10
193.236796
 20
0.999438
 30
0.0
 11
193.257150
 21
0.999861
 31
0.0
  0
LINE
  8
0
  6
CONTINUOUS
 10
193.257150
 20
0.999861
 30
0.0
 11
193.278415
 21
1.000405
 31
0.0
  0
LINE
  8
0
  6
CONTINUOUS
 10
193.278415
 20
1.000405
 30
0.0
 11
193.300510
 21
1.001068
 31
0.0
  0
LINE
  8
0
  6
CONTINUOUS
 10
193.300510
 20
1.001068
 30
0.0
 11
193.323348
 21
1.001843
 31
0.0
  0
LINE
  8
0
  6
CONTINUOUS
 10
193.323348
 20
1.001843
 30
0.0
 11
193.346848
 21
1.002729
 31
0.0
  0
LINE
  8
0
  6
CONTINUOUS
 10
193.346848
 20
1.002729
 30
0.0
 11
193.370927
 21
1.003721
 31
0.0
  0
LINE
  8
0
  6
CONTINUOUS
 10
193.370927
 20
1.003721
 30
0.0
 11
193.395503
 21
1.004814
 31
0.0
  0
LINE
  8
0
  6
CONTINUOUS
 10
193.395503
 20
1.004814
 30
0.0
 11
193.420489
 21
1.006007
 31
0.0
  0
LINE
  8
0
  6
CONTINUOUS
 10
193.420489
 20
1.006007
 30
0.0
 11
193.445806
 21
1.007294
 31
0.0
  0
LINE
  8
0
  6
CONTINUOUS
 10
193.445806
 20
1.007294
 30
0.0
 11
193.471370
 21
1.008671
 31
0.0
  0
LINE
  8
0
  6
CONTINUOUS
 10
193.471370
 20
1.008671
 30
0.0
 11
193.497096
 21
1.010135
 31
0.0
  0
LINE
  8
0
  6
CONTINUOUS
 10
193.497096
 20
1.010135
 30
0.0
 11
193.522902
 21
1.011682
 31
0.0
  0
LINE
  8
0
  6
CONTINUOUS
 10
193.522902
 20
1.011682
 30
0.0
 11
193.548705
 21
1.013309
 31
0.0
  0
LINE
  8
0
  6
CONTINUOUS
 10
193.548705
 20
1.013309
 30
0.0
 11
193.574422
 21
1.015010
 31
0.0
  0
LINE
  8
0
  6
CONTINUOUS
 10
193.574422
 20
1.015010
 30
0.0
 11
193.599969
 21
1.016783
 31
0.0
  0
LINE
  8
0
  6
CONTINUOUS
 10
193.599969
 20
1.016783
 30
0.0
 11
193.625264
 21
1.018625
 31
0.0
  0
LINE
  8
0
  6
CONTINUOUS
 10
193.625264
 20
1.018625
 30
0.0
 11
193.650223
 21
1.020529
 31
0.0
  0
LINE
  8
0
  6
CONTINUOUS
 10
193.650223
 20
1.020529
 30
0.0
 11
193.674764
 21
1.022494
 31
0.0
  0
LINE
  8
0
  6
CONTINUOUS
 10
193.674764
 20
1.022494
 30
0.0
 11
193.698803
 21
1.024514
 31
0.0
  0
LINE
  8
0
  6
CONTINUOUS
 10
187.755957
 20
3.840905
 30
0.0
 11
187.729614
 21
3.871268
 31
0.0
  0
LINE
  8
0
  6
CONTINUOUS
 10
187.729614
 20
3.871268
 30
0.0
 11
187.701072
 21
3.908030
 31
0.0
  0
LINE
  8
0
  6
CONTINUOUS
 10
187.701072
 20
3.908030
 30
0.0
 11
187.670539
 21
3.950773
 31
0.0
  0
LINE
  8
0
  6
CONTINUOUS
 10
187.670539
 20
3.950773
 30
0.0
 11
187.638220
 21
3.999080
 31
0.0
  0
LINE
  8
0
  6
CONTINUOUS
 10
187.638220
 20
3.999080
 30
0.0
 11
187.604323
 21
4.052537
 31
0.0
  0
LINE
  8
0
  6
CONTINUOUS
 10
187.604323
 20
4.052537
 30
0.0
 11
187.569055
 21
4.110727
 31
0.0
  0
LINE
  8
0
  6
CONTINUOUS
 10
187.569055
 20
4.110727
 30
0.0
 11
187.532621
 21
4.173234
 31
0.0
  0
LINE
  8
0
  6
CONTINUOUS
 10
187.532621
 20
4.173234
 30
0.0
 11
187.495230
 21
4.239641
 31
0.0
  0
LINE
  8
0
  6
CONTINUOUS
 10
187.495230
 20
4.239641
 30
0.0
 11
187.457088
 21
4.309533
 31
0.0
  0
LINE
  8
0
  6
CONTINUOUS
 10
187.457088
 20
4.309533
 30
0.0
 11
187.418399
 21
4.382494
 31
0.0
  0
LINE
  8
0
  6
CONTINUOUS
 10
187.418399
 20
4.382494
 30
0.0
 11
187.379374
 21
4.458105
 31
0.0
  0
LINE
  8
0
  6
CONTINUOUS
 10
187.379374
 20
4.458105
 30
0.0
 11
187.340217
 21
4.535954
 31
0.0
  0
LINE
  8
0
  6
CONTINUOUS
 10
187.340217
 20
4.535954
 30
0.0
 11
187.301136
 21
4.615621
 31
0.0
  0
LINE
  8
0
  6
CONTINUOUS
 10
187.301136
 20
4.615621
 30
0.0
 11
187.262337
 21
4.696693
 31
0.0
  0
LINE
  8
0
  6
CONTINUOUS
 10
187.262337
 20
4.696693
 30
0.0
 11
187.224026
 21
4.778751
 31
0.0
  0
LINE
  8
0
  6
CONTINUOUS
 10
187.224026
 20
4.778751
 30
0.0
 11
187.186412
 21
4.861381
 31
0.0
  0
LINE
  8
0
  6
CONTINUOUS
 10
187.186412
 20
4.861381
 30
0.0
 11
187.149699
 21
4.944166
 31
0.0
  0
LINE
  8
0
  6
CONTINUOUS
 10
187.149699
 20
4.944166
 30
0.0
 11
187.114096
 21
5.026689
 31
0.0
  0
LINE
  8
0
  6
CONTINUOUS
 10
187.114096
 20
5.026689
 30
0.0
 11
187.079808
 21
5.108535
 31
0.0
  0
LINE
  8
0
  6
CONTINUOUS
 10
187.079808
 20
5.108535
 30
0.0
 11
187.047042
 21
5.189288
 31
0.0
  0
LINE
  8
0
  6
CONTINUOUS
 10
187.047042
 20
5.189288
 30
0.0
 11
187.016007
 21
5.268531
 31
0.0
  0
LINE
  8
0
  6
CONTINUOUS
 10
187.016007
 20
5.268531
 30
0.0
 11
186.986906
 21
5.345849
 31
0.0
  0
LINE
  8
0
  6
CONTINUOUS
 10
186.986906
 20
5.345849
 30
0.0
 11
186.959948
 21
5.420824
 31
0.0
  0
LINE
  8
0
  6
CONTINUOUS
 10
186.959948
 20
5.420824
 30
0.0
 11
186.935340
 21
5.493041
 31
0.0
  0
LINE
  8
0
  6
CONTINUOUS
 10
186.935340
 20
5.493041
 30
0.0
 11
186.906579
 21
5.581641
 31
0.0
  0
LINE
  8
0
  6
CONTINUOUS
 10
186.906579
 20
5.581641
 30
0.0
 11
186.879367
 21
5.668768
 31
0.0
  0
LINE
  8
0
  6
CONTINUOUS
 10
186.879367
 20
5.668768
 30
0.0
 11
186.853675
 21
5.754608
 31
0.0
  0
LINE
  8
0
  6
CONTINUOUS
 10
186.853675
 20
5.754608
 30
0.0
 11
186.829475
 21
5.839348
 31
0.0
  0
LINE
  8
0
  6
CONTINUOUS
 10
186.829475
 20
5.839348
 30
0.0
 11
186.806740
 21
5.923173
 31
0.0
  0
LINE
  8
0
  6
CONTINUOUS
 10
186.806740
 20
5.923173
 30
0.0
 11
186.785439
 21
6.006269
 31
0.0
  0
LINE
  8
0
  6
CONTINUOUS
 10
186.785439
 20
6.006269
 30
0.0
 11
186.765545
 21
6.088823
 31
0.0
  0
LINE
  8
0
  6
CONTINUOUS
 10
186.765545
 20
6.088823
 30
0.0
 11
186.747029
 21
6.171019
 31
0.0
  0
LINE
  8
0
  6
CONTINUOUS
 10
186.747029
 20
6.171019
 30
0.0
 11
186.729863
 21
6.253044
 31
0.0
  0
LINE
  8
0
  6
CONTINUOUS
 10
186.729863
 20
6.253044
 30
0.0
 11
186.714019
 21
6.335084
 31
0.0
  0
LINE
  8
0
  6
CONTINUOUS
 10
186.714019
 20
6.335084
 30
0.0
 11
186.699468
 21
6.417325
 31
0.0
  0
LINE
  8
0
  6
CONTINUOUS
 10
186.699468
 20
6.417325
 30
0.0
 11
186.686181
 21
6.499953
 31
0.0
  0
LINE
  8
0
  6
CONTINUOUS
 10
186.686181
 20
6.499953
 30
0.0
 11
186.674131
 21
6.583154
 31
0.0
  0
LINE
  8
0
  6
CONTINUOUS
 10
186.674131
 20
6.583154
 30
0.0
 11
186.663288
 21
6.667113
 31
0.0
  0
LINE
  8
0
  6
CONTINUOUS
 10
186.663288
 20
6.667113
 30
0.0
 11
186.653625
 21
6.752016
 31
0.0
  0
LINE
  8
0
  6
CONTINUOUS
 10
186.653625
 20
6.752016
 30
0.0
 11
186.645113
 21
6.838051
 31
0.0
  0
LINE
  8
0
  6
CONTINUOUS
 10
186.645113
 20
6.838051
 30
0.0
 11
186.637724
 21
6.925401
 31
0.0
  0
LINE
  8
0
  6
CONTINUOUS
 10
186.637724
 20
6.925401
 30
0.0
 11
186.631429
 21
7.014255
 31
0.0
  0
LINE
  8
0
  6
CONTINUOUS
 10
186.631429
 20
7.014255
 30
0.0
 11
186.626200
 21
7.104796
 31
0.0
  0
LINE
  8
0
  6
CONTINUOUS
 10
186.626200
 20
7.104796
 30
0.0
 11
186.622007
 21
7.197212
 31
0.0
  0
LINE
  8
0
  6
CONTINUOUS
 10
186.622007
 20
7.197212
 30
0.0
 11
186.618825
 21
7.291688
 31
0.0
  0
LINE
  8
0
  6
CONTINUOUS
 10
186.618825
 20
7.291688
 30
0.0
 11
186.616623
 21
7.388410
 31
0.0
  0
LINE
  8
0
  6
CONTINUOUS
 10
186.616623
 20
7.388410
 30
0.0
 11
186.615373
 21
7.487565
 31
0.0
  0
LINE
  8
0
  6
CONTINUOUS
 10
186.615373
 20
7.487565
 30
0.0
 11
186.615047
 21
7.589337
 31
0.0
  0
LINE
  8
0
  6
CONTINUOUS
 10
186.615047
 20
7.589337
 30
0.0
 11
186.615344
 21
7.672473
 31
0.0
  0
LINE
  8
0
  6
CONTINUOUS
 10
186.615344
 20
7.672473
 30
0.0
 11
186.616049
 21
7.752148
 31
0.0
  0
LINE
  8
0
  6
CONTINUOUS
 10
186.616049
 20
7.752148
 30
0.0
 11
186.617194
 21
7.828638
 31
0.0
  0
LINE
  8
0
  6
CONTINUOUS
 10
186.617194
 20
7.828638
 30
0.0
 11
186.618811
 21
7.902220
 31
0.0
  0
LINE
  8
0
  6
CONTINUOUS
 10
186.618811
 20
7.902220
 30
0.0
 11
186.620930
 21
7.973170
 31
0.0
  0
LINE
  8
0
  6
CONTINUOUS
 10
186.620930
 20
7.973170
 30
0.0
 11
186.623585
 21
8.041765
 31
0.0
  0
LINE
  8
0
  6
CONTINUOUS
 10
186.623585
 20
8.041765
 30
0.0
 11
186.626807
 21
8.108280
 31
0.0
  0
LINE
  8
0
  6
CONTINUOUS
 10
186.626807
 20
8.108280
 30
0.0
 11
186.630628
 21
8.172995
 31
0.0
  0
LINE
  8
0
  6
CONTINUOUS
 10
186.630628
 20
8.172995
 30
0.0
 11
186.635080
 21
8.236182
 31
0.0
  0
LINE
  8
0
  6
CONTINUOUS
 10
186.635080
 20
8.236182
 30
0.0
 11
186.640194
 21
8.298121
 31
0.0
  0
LINE
  8
0
  6
CONTINUOUS
 10
186.640194
 20
8.298121
 30
0.0
 11
186.646002
 21
8.359087
 31
0.0
  0
LINE
  8
0
  6
CONTINUOUS
 10
186.646002
 20
8.359087
 30
0.0
 11
186.652536
 21
8.419356
 31
0.0
  0
LINE
  8
0
  6
CONTINUOUS
 10
186.652536
 20
8.419356
 30
0.0
 11
186.659829
 21
8.479205
 31
0.0
  0
LINE
  8
0
  6
CONTINUOUS
 10
186.659829
 20
8.479205
 30
0.0
 11
186.667911
 21
8.538912
 31
0.0
  0
LINE
  8
0
  6
CONTINUOUS
 10
186.667911
 20
8.538912
 30
0.0
 11
186.676815
 21
8.598752
 31
0.0
  0
LINE
  8
0
  6
CONTINUOUS
 10
186.676815
 20
8.598752
 30
0.0
 11
186.686572
 21
8.659000
 31
0.0
  0
LINE
  8
0
  6
CONTINUOUS
 10
186.686572
 20
8.659000
 30
0.0
 11
186.697215
 21
8.719935
 31
0.0
  0
LINE
  8
0
  6
CONTINUOUS
 10
186.697215
 20
8.719935
 30
0.0
 11
186.708775
 21
8.781833
 31
0.0
  0
LINE
  8
0
  6
CONTINUOUS
 10
186.708775
 20
8.781833
 30
0.0
 11
186.721284
 21
8.844969
 31
0.0
  0
LINE
  8
0
  6
CONTINUOUS
 10
186.721284
 20
8.844969
 30
0.0
 11
186.734774
 21
8.909621
 31
0.0
  0
LINE
  8
0
  6
CONTINUOUS
 10
186.734774
 20
8.909621
 30
0.0
 11
186.749275
 21
8.976066
 31
0.0
  0
LINE
  8
0
  6
CONTINUOUS
 10
186.749275
 20
8.976066
 30
0.0
 11
186.764822
 21
9.044578
 31
0.0
  0
LINE
  8
0
  6
CONTINUOUS
 10
186.764822
 20
9.044578
 30
0.0
 11
186.781445
 21
9.115436
 31
0.0
  0
LINE
  8
0
  6
CONTINUOUS
 10
186.781445
 20
9.115436
 30
0.0
 11
186.799176
 21
9.188916
 31
0.0
  0
LINE
  8
0
  6
CONTINUOUS
 10
186.799176
 20
9.188916
 30
0.0
 11
186.860633
 21
9.421270
 31
0.0
  0
LINE
  8
0
  6
CONTINUOUS
 10
186.860633
 20
9.421270
 30
0.0
 11
186.930624
 21
9.650455
 31
0.0
  0
LINE
  8
0
  6
CONTINUOUS
 10
186.930624
 20
9.650455
 30
0.0
 11
187.008998
 21
9.876287
 31
0.0
  0
LINE
  8
0
  6
CONTINUOUS
 10
187.008998
 20
9.876287
 30
0.0
 11
187.095608
 21
10.098587
 31
0.0
  0
LINE
  8
0
  6
CONTINUOUS
 10
187.095608
 20
10.098587
 30
0.0
 11
187.190306
 21
10.317171
 31
0.0
  0
LINE
  8
0
  6
CONTINUOUS
 10
187.190306
 20
10.317171
 30
0.0
 11
187.292945
 21
10.531858
 31
0.0
  0
LINE
  8
0
  6
CONTINUOUS
 10
187.292945
 20
10.531858
 30
0.0
 11
187.403374
 21
10.742466
 31
0.0
  0
LINE
  8
0
  6
CONTINUOUS
 10
187.403374
 20
10.742466
 30
0.0
 11
187.521447
 21
10.948814
 31
0.0
  0
LINE
  8
0
  6
CONTINUOUS
 10
187.521447
 20
10.948814
 30
0.0
 11
187.647015
 21
11.150717
 31
0.0
  0
LINE
  8
0
  6
CONTINUOUS
 10
187.647015
 20
11.150717
 30
0.0
 11
187.779929
 21
11.347996
 31
0.0
  0
LINE
  8
0
  6
CONTINUOUS
 10
187.779929
 20
11.347996
 30
0.0
 11
187.920043
 21
11.540469
 31
0.0
  0
LINE
  8
0
  6
CONTINUOUS
 10
187.920043
 20
11.540469
 30
0.0
 11
188.067208
 21
11.727953
 31
0.0
  0
LINE
  8
0
  6
CONTINUOUS
 10
188.067208
 20
11.727953
 30
0.0
 11
188.221275
 21
11.910266
 31
0.0
  0
LINE
  8
0
  6
CONTINUOUS
 10
188.221275
 20
11.910266
 30
0.0
 11
188.382096
 21
12.087227
 31
0.0
  0
LINE
  8
0
  6
CONTINUOUS
 10
188.382096
 20
12.087227
 30
0.0
 11
188.549524
 21
12.258655
 31
0.0
  0
LINE
  8
0
  6
CONTINUOUS
 10
188.549524
 20
12.258655
 30
0.0
 11
188.723409
 21
12.424365
 31
0.0
  0
LINE
  8
0
  6
CONTINUOUS
 10
188.723409
 20
12.424365
 30
0.0
 11
188.903605
 21
12.584177
 31
0.0
  0
LINE
  8
0
  6
CONTINUOUS
 10
188.903605
 20
12.584177
 30
0.0
 11
189.089962
 21
12.737910
 31
0.0
  0
LINE
  8
0
  6
CONTINUOUS
 10
189.089962
 20
12.737910
 30
0.0
 11
189.282333
 21
12.885381
 31
0.0
  0
LINE
  8
0
  6
CONTINUOUS
 10
189.282333
 20
12.885381
 30
0.0
 11
189.480568
 21
13.026409
 31
0.0
  0
LINE
  8
0
  6
CONTINUOUS
 10
189.480568
 20
13.026409
 30
0.0
 11
189.684522
 21
13.160810
 31
0.0
  0
LINE
  8
0
  6
CONTINUOUS
 10
189.684522
 20
13.160810
 30
0.0
 11
189.894044
 21
13.288404
 31
0.0
  0
LINE
  8
0
  6
CONTINUOUS
 10
189.894044
 20
13.288404
 30
0.0
 11
190.108987
 21
13.409009
 31
0.0
  0
LINE
  8
0
  6
CONTINUOUS
 10
190.108987
 20
13.409009
 30
0.0
 11
190.329203
 21
13.522443
 31
0.0
  0
LINE
  8
0
  6
CONTINUOUS
 10
190.329203
 20
13.522443
 30
0.0
 11
190.613748
 21
13.653983
 31
0.0
  0
LINE
  8
0
  6
CONTINUOUS
 10
190.613748
 20
13.653983
 30
0.0
 11
190.903116
 21
13.770789
 31
0.0
  0
LINE
  8
0
  6
CONTINUOUS
 10
190.903116
 20
13.770789
 30
0.0
 11
191.196730
 21
13.872925
 31
0.0
  0
LINE
  8
0
  6
CONTINUOUS
 10
191.196730
 20
13.872925
 30
0.0
 11
191.494019
 21
13.960455
 31
0.0
  0
LINE
  8
0
  6
CONTINUOUS
 10
191.494019
 20
13.960455
 30
0.0
 11
191.794407
 21
14.033442
 31
0.0
  0
LINE
  8
0
  6
CONTINUOUS
 10
191.794407
 20
14.033442
 30
0.0
 11
192.097321
 21
14.091950
 31
0.0
  0
LINE
  8
0
  6
CONTINUOUS
 10
192.097321
 20
14.091950
 30
0.0
 11
192.402187
 21
14.136045
 31
0.0
  0
LINE
  8
0
  6
CONTINUOUS
 10
192.402187
 20
14.136045
 30
0.0
 11
192.708430
 21
14.165789
 31
0.0
  0
LINE
  8
0
  6
CONTINUOUS
 10
192.708430
 20
14.165789
 30
0.0
 11
193.015478
 21
14.181247
 31
0.0
  0
LINE
  8
0
  6
CONTINUOUS
 10
193.015478
 20
14.181247
 30
0.0
 11
193.322755
 21
14.182482
 31
0.0
  0
LINE
  8
0
  6
CONTINUOUS
 10
193.322755
 20
14.182482
 30
0.0
 11
193.629687
 21
14.169560
 31
0.0
  0
LINE
  8
0
  6
CONTINUOUS
 10
193.629687
 20
14.169560
 30
0.0
 11
193.935702
 21
14.142542
 31
0.0
  0
LINE
  8
0
  6
CONTINUOUS
 10
193.935702
 20
14.142542
 30
0.0
 11
194.240224
 21
14.101495
 31
0.0
  0
LINE
  8
0
  6
CONTINUOUS
 10
194.240224
 20
14.101495
 30
0.0
 11
194.542680
 21
14.046480
 31
0.0
  0
LINE
  8
0
  6
CONTINUOUS
 10
194.542680
 20
14.046480
 30
0.0
 11
194.842495
 21
13.977564
 31
0.0
  0
LINE
  8
0
  6
CONTINUOUS
 10
194.842495
 20
13.977564
 30
0.0
 11
195.139096
 21
13.894809
 31
0.0
  0
LINE
  8
0
  6
CONTINUOUS
 10
195.139096
 20
13.894809
 30
0.0
 11
195.431909
 21
13.798279
 31
0.0
  0
LINE
  8
0
  6
CONTINUOUS
 10
195.431909
 20
13.798279
 30
0.0
 11
195.720360
 21
13.688039
 31
0.0
  0
LINE
  8
0
  6
CONTINUOUS
 10
195.720360
 20
13.688039
 30
0.0
 11
196.003875
 21
13.564153
 31
0.0
  0
LINE
  8
0
  6
CONTINUOUS
 10
196.003875
 20
13.564153
 30
0.0
 11
196.281878
 21
13.426685
 31
0.0
  0
LINE
  8
0
  6
CONTINUOUS
 10
196.281878
 20
13.426685
 30
0.0
 11
196.553798
 21
13.275697
 31
0.0
  0
LINE
  8
0
  6
CONTINUOUS
 10
196.553798
 20
13.275697
 30
0.0
 11
196.819060
 21
13.111255
 31
0.0
  0
LINE
  8
0
  6
CONTINUOUS
 10
196.819060
 20
13.111255
 30
0.0
 11
197.077090
 21
12.933422
 31
0.0
  0
LINE
  8
0
  6
CONTINUOUS
 10
197.077090
 20
12.933422
 30
0.0
 11
197.327312
 21
12.742264
 31
0.0
  0
LINE
  8
0
  6
CONTINUOUS
 10
197.327312
 20
12.742264
 30
0.0
 11
197.371057
 21
12.706612
 31
0.0
  0
LINE
  8
0
  6
CONTINUOUS
 10
197.371057
 20
12.706612
 30
0.0
 11
197.416506
 21
12.668633
 31
0.0
  0
LINE
  8
0
  6
CONTINUOUS
 10
197.416506
 20
12.668633
 30
0.0
 11
197.463343
 21
12.628640
 31
0.0
  0
LINE
  8
0
  6
CONTINUOUS
 10
197.463343
 20
12.628640
 30
0.0
 11
197.511251
 21
12.586945
 31
0.0
  0
LINE
  8
0
  6
CONTINUOUS
 10
197.511251
 20
12.586945
 30
0.0
 11
197.559913
 21
12.543860
 31
0.0
  0
LINE
  8
0
  6
CONTINUOUS
 10
197.559913
 20
12.543860
 30
0.0
 11
197.609011
 21
12.499699
 31
0.0
  0
LINE
  8
0
  6
CONTINUOUS
 10
197.609011
 20
12.499699
 30
0.0
 11
197.658229
 21
12.454773
 31
0.0
  0
LINE
  8
0
  6
CONTINUOUS
 10
197.658229
 20
12.454773
 30
0.0
 11
197.707250
 21
12.409394
 31
0.0
  0
LINE
  8
0
  6
CONTINUOUS
 10
197.707250
 20
12.409394
 30
0.0
 11
197.755756
 21
12.363875
 31
0.0
  0
LINE
  8
0
  6
CONTINUOUS
 10
197.755756
 20
12.363875
 30
0.0
 11
197.803430
 21
12.318528
 31
0.0
  0
LINE
  8
0
  6
CONTINUOUS
 10
197.803430
 20
12.318528
 30
0.0
 11
197.849956
 21
12.273666
 31
0.0
  0
LINE
  8
0
  6
CONTINUOUS
 10
197.849956
 20
12.273666
 30
0.0
 11
197.895016
 21
12.229601
 31
0.0
  0
LINE
  8
0
  6
CONTINUOUS
 10
197.895016
 20
12.229601
 30
0.0
 11
197.938293
 21
12.186645
 31
0.0
  0
LINE
  8
0
  6
CONTINUOUS
 10
197.938293
 20
12.186645
 30
0.0
 11
197.979471
 21
12.145110
 31
0.0
  0
LINE
  8
0
  6
CONTINUOUS
 10
197.979471
 20
12.145110
 30
0.0
 11
198.018231
 21
12.105309
 31
0.0
  0
LINE
  8
0
  6
CONTINUOUS
 10
198.018231
 20
12.105309
 30
0.0
 11
198.054258
 21
12.067555
 31
0.0
  0
LINE
  8
0
  6
CONTINUOUS
 10
198.054258
 20
12.067555
 30
0.0
 11
198.087234
 21
12.032159
 31
0.0
  0
LINE
  8
0
  6
CONTINUOUS
 10
198.087234
 20
12.032159
 30
0.0
 11
198.116842
 21
11.999434
 31
0.0
  0
LINE
  8
0
  6
CONTINUOUS
 10
198.116842
 20
11.999434
 30
0.0
 11
198.142764
 21
11.969693
 31
0.0
  0
LINE
  8
0
  6
CONTINUOUS
 10
198.142764
 20
11.969693
 30
0.0
 11
198.164685
 21
11.943246
 31
0.0
  0
LINE
  8
0
  6
CONTINUOUS
 10
198.164685
 20
11.943246
 30
0.0
 11
198.182285
 21
11.920409
 31
0.0
  0
LINE
  8
0
  6
CONTINUOUS
 10
198.182285
 20
11.920409
 30
0.0
 11
198.195250
 21
11.901491
 31
0.0
  0
LINE
  8
0
  6
CONTINUOUS
 10
198.195250
 20
11.901491
 30
0.0
 11
198.203261
 21
11.886805
 31
0.0
  0
LINE
  8
0
  6
CONTINUOUS
 10
198.203261
 20
11.886805
 30
0.0
 11
198.206003
 21
11.876665
 31
0.0
  0
LINE
  8
0
  6
CONTINUOUS
 10
198.206003
 20
11.876665
 30
0.0
 11
198.205799
 21
11.870588
 31
0.0
  0
LINE
  8
0
  6
CONTINUOUS
 10
198.205799
 20
11.870588
 30
0.0
 11
198.205056
 21
11.864987
 31
0.0
  0
LINE
  8
0
  6
CONTINUOUS
 10
198.205056
 20
11.864987
 30
0.0
 11
198.203577
 21
11.859839
 31
0.0
  0
LINE
  8
0
  6
CONTINUOUS
 10
198.203577
 20
11.859839
 30
0.0
 11
198.201163
 21
11.855125
 31
0.0
  0
LINE
  8
0
  6
CONTINUOUS
 10
198.201163
 20
11.855125
 30
0.0
 11
198.197615
 21
11.850829
 31
0.0
  0
LINE
  8
0
  6
CONTINUOUS
 10
198.197615
 20
11.850829
 30
0.0
 11
198.192736
 21
11.846927
 31
0.0
  0
LINE
  8
0
  6
CONTINUOUS
 10
198.192736
 20
11.846927
 30
0.0
 11
198.186329
 21
11.843403
 31
0.0
  0
LINE
  8
0
  6
CONTINUOUS
 10
198.186329
 20
11.843403
 30
0.0
 11
198.178194
 21
11.840236
 31
0.0
  0
LINE
  8
0
  6
CONTINUOUS
 10
198.178194
 20
11.840236
 30
0.0
 11
198.168134
 21
11.837406
 31
0.0
  0
LINE
  8
0
  6
CONTINUOUS
 10
198.168134
 20
11.837406
 30
0.0
 11
198.155952
 21
11.834895
 31
0.0
  0
LINE
  8
0
  6
CONTINUOUS
 10
198.155952
 20
11.834895
 30
0.0
 11
198.141448
 21
11.832684
 31
0.0
  0
LINE
  8
0
  6
CONTINUOUS
 10
198.141448
 20
11.832684
 30
0.0
 11
198.124425
 21
11.830752
 31
0.0
  0
LINE
  8
0
  6
CONTINUOUS
 10
198.124425
 20
11.830752
 30
0.0
 11
198.104686
 21
11.829080
 31
0.0
  0
LINE
  8
0
  6
CONTINUOUS
 10
198.104686
 20
11.829080
 30
0.0
 11
198.082031
 21
11.827649
 31
0.0
  0
LINE
  8
0
  6
CONTINUOUS
 10
198.082031
 20
11.827649
 30
0.0
 11
198.056263
 21
11.826440
 31
0.0
  0
LINE
  8
0
  6
CONTINUOUS
 10
198.056263
 20
11.826440
 30
0.0
 11
198.027185
 21
11.825433
 31
0.0
  0
LINE
  8
0
  6
CONTINUOUS
 10
198.027185
 20
11.825433
 30
0.0
 11
197.994597
 21
11.824608
 31
0.0
  0
LINE
  8
0
  6
CONTINUOUS
 10
197.994597
 20
11.824608
 30
0.0
 11
197.958303
 21
11.823947
 31
0.0
  0
LINE
  8
0
  6
CONTINUOUS
 10
197.958303
 20
11.823947
 30
0.0
 11
197.918104
 21
11.823430
 31
0.0
  0
LINE
  8
0
  6
CONTINUOUS
 10
197.918104
 20
11.823430
 30
0.0
 11
197.873801
 21
11.823037
 31
0.0
  0
LINE
  8
0
  6
CONTINUOUS
 10
197.873801
 20
11.823037
 30
0.0
 11
197.825198
 21
11.822749
 31
0.0
  0
LINE
  8
0
  6
CONTINUOUS
 10
197.825198
 20
11.822749
 30
0.0
 11
197.772096
 21
11.822546
 31
0.0
  0
LINE
  8
0
  6
CONTINUOUS
 10
197.772096
 20
11.822546
 30
0.0
 11
197.714297
 21
11.822410
 31
0.0
  0
LINE
  8
0
  6
CONTINUOUS
 10
197.714297
 20
11.822410
 30
0.0
 11
197.651603
 21
11.822320
 31
0.0
  0
LINE
  8
0
  6
CONTINUOUS
 10
197.651603
 20
11.822320
 30
0.0
 11
197.488443
 21
11.821659
 31
0.0
  0
LINE
  8
0
  6
CONTINUOUS
 10
197.488443
 20
11.821659
 30
0.0
 11
197.332984
 21
11.819988
 31
0.0
  0
LINE
  8
0
  6
CONTINUOUS
 10
197.332984
 20
11.819988
 30
0.0
 11
197.184716
 21
11.817226
 31
0.0
  0
LINE
  8
0
  6
CONTINUOUS
 10
197.184716
 20
11.817226
 30
0.0
 11
197.043128
 21
11.813289
 31
0.0
  0
LINE
  8
0
  6
CONTINUOUS
 10
197.043128
 20
11.813289
 30
0.0
 11
196.907710
 21
11.808091
 31
0.0
  0
LINE
  8
0
  6
CONTINUOUS
 10
196.907710
 20
11.808091
 30
0.0
 11
196.777950
 21
11.801550
 31
0.0
  0
LINE
  8
0
  6
CONTINUOUS
 10
196.777950
 20
11.801550
 30
0.0
 11
196.653340
 21
11.793581
 31
0.0
  0
LINE
  8
0
  6
CONTINUOUS
 10
196.653340
 20
11.793581
 30
0.0
 11
196.533367
 21
11.784101
 31
0.0
  0
LINE
  8
0
  6
CONTINUOUS
 10
196.533367
 20
11.784101
 30
0.0
 11
196.417522
 21
11.773025
 31
0.0
  0
LINE
  8
0
  6
CONTINUOUS
 10
196.417522
 20
11.773025
 30
0.0
 11
196.305293
 21
11.760271
 31
0.0
  0
LINE
  8
0
  6
CONTINUOUS
 10
196.305293
 20
11.760271
 30
0.0
 11
196.196170
 21
11.745754
 31
0.0
  0
LINE
  8
0
  6
CONTINUOUS
 10
196.196170
 20
11.745754
 30
0.0
 11
196.089644
 21
11.729389
 31
0.0
  0
LINE
  8
0
  6
CONTINUOUS
 10
196.089644
 20
11.729389
 30
0.0
 11
195.985202
 21
11.711094
 31
0.0
  0
LINE
  8
0
  6
CONTINUOUS
 10
195.985202
 20
11.711094
 30
0.0
 11
195.882336
 21
11.690783
 31
0.0
  0
LINE
  8
0
  6
CONTINUOUS
 10
195.882336
 20
11.690783
 30
0.0
 11
195.780533
 21
11.668375
 31
0.0
  0
LINE
  8
0
  6
CONTINUOUS
 10
195.780533
 20
11.668375
 30
0.0
 11
195.679284
 21
11.643785
 31
0.0
  0
LINE
  8
0
  6
CONTINUOUS
 10
195.679284
 20
11.643785
 30
0.0
 11
195.578078
 21
11.616928
 31
0.0
  0
LINE
  8
0
  6
CONTINUOUS
 10
195.578078
 20
11.616928
 30
0.0
 11
195.476404
 21
11.587721
 31
0.0
  0
LINE
  8
0
  6
CONTINUOUS
 10
195.476404
 20
11.587721
 30
0.0
 11
195.373752
 21
11.556080
 31
0.0
  0
LINE
  8
0
  6
CONTINUOUS
 10
195.373752
 20
11.556080
 30
0.0
 11
195.269612
 21
11.521920
 31
0.0
  0
LINE
  8
0
  6
CONTINUOUS
 10
195.269612
 20
11.521920
 30
0.0
 11
195.163473
 21
11.485160
 31
0.0
  0
LINE
  8
0
  6
CONTINUOUS
 10
195.163473
 20
11.485160
 30
0.0
 11
195.054823
 21
11.445713
 31
0.0
  0
LINE
  8
0
  6
CONTINUOUS
 10
195.054823
 20
11.445713
 30
0.0
 11
194.943154
 21
11.403496
 31
0.0
  0
LINE
  8
0
  6
CONTINUOUS
 10
194.943154
 20
11.403496
 30
0.0
 11
194.827953
 21
11.358427
 31
0.0
  0
LINE
  8
0
  6
CONTINUOUS
 10
194.827953
 20
11.358427
 30
0.0
 11
194.645877
 21
11.282505
 31
0.0
  0
LINE
  8
0
  6
CONTINUOUS
 10
194.645877
 20
11.282505
 30
0.0
 11
194.467459
 21
11.200885
 31
0.0
  0
LINE
  8
0
  6
CONTINUOUS
 10
194.467459
 20
11.200885
 30
0.0
 11
194.292847
 21
11.113717
 31
0.0
  0
LINE
  8
0
  6
CONTINUOUS
 10
194.292847
 20
11.113717
 30
0.0
 11
194.122188
 21
11.021151
 31
0.0
  0
LINE
  8
0
  6
CONTINUOUS
 10
194.122188
 20
11.021151
 30
0.0
 11
193.955630
 21
10.923335
 31
0.0
  0
LINE
  8
0
  6
CONTINUOUS
 10
193.955630
 20
10.923335
 30
0.0
 11
193.793323
 21
10.820421
 31
0.0
  0
LINE
  8
0
  6
CONTINUOUS
 10
193.793323
 20
10.820421
 30
0.0
 11
193.635413
 21
10.712557
 31
0.0
  0
LINE
  8
0
  6
CONTINUOUS
 10
193.635413
 20
10.712557
 30
0.0
 11
193.482050
 21
10.599894
 31
0.0
  0
LINE
  8
0
  6
CONTINUOUS
 10
193.482050
 20
10.599894
 30
0.0
 11
193.333380
 21
10.482580
 31
0.0
  0
LINE
  8
0
  6
CONTINUOUS
 10
193.333380
 20
10.482580
 30
0.0
 11
193.189554
 21
10.360766
 31
0.0
  0
LINE
  8
0
  6
CONTINUOUS
 10
193.189554
 20
10.360766
 30
0.0
 11
193.050717
 21
10.234601
 31
0.0
  0
LINE
  8
0
  6
CONTINUOUS
 10
193.050717
 20
10.234601
 30
0.0
 11
192.917019
 21
10.104234
 31
0.0
  0
LINE
  8
0
  6
CONTINUOUS
 10
192.917019
 20
10.104234
 30
0.0
 11
192.788608
 21
9.969816
 31
0.0
  0
LINE
  8
0
  6
CONTINUOUS
 10
192.788608
 20
9.969816
 30
0.0
 11
192.665632
 21
9.831496
 31
0.0
  0
LINE
  8
0
  6
CONTINUOUS
 10
192.665632
 20
9.831496
 30
0.0
 11
192.548237
 21
9.689424
 31
0.0
  0
LINE
  8
0
  6
CONTINUOUS
 10
192.548237
 20
9.689424
 30
0.0
 11
192.436575
 21
9.543748
 31
0.0
  0
LINE
  8
0
  6
CONTINUOUS
 10
192.436575
 20
9.543748
 30
0.0
 11
192.330792
 21
9.394620
 31
0.0
  0
LINE
  8
0
  6
CONTINUOUS
 10
192.330792
 20
9.394620
 30
0.0
 11
192.231036
 21
9.242189
 31
0.0
  0
LINE
  8
0
  6
CONTINUOUS
 10
192.231036
 20
9.242189
 30
0.0
 11
192.137456
 21
9.086603
 31
0.0
  0
LINE
  8
0
  6
CONTINUOUS
 10
192.137456
 20
9.086603
 30
0.0
 11
192.050199
 21
8.928013
 31
0.0
  0
LINE
  8
0
  6
CONTINUOUS
 10
192.050199
 20
8.928013
 30
0.0
 11
191.969414
 21
8.766569
 31
0.0
  0
LINE
  8
0
  6
CONTINUOUS
 10
191.969414
 20
8.766569
 30
0.0
 11
191.895250
 21
8.602420
 31
0.0
  0
LINE
  8
0
  6
CONTINUOUS
 10
191.895250
 20
8.602420
 30
0.0
 11
191.827852
 21
8.435717
 31
0.0
  0
LINE
  8
0
  6
CONTINUOUS
 10
191.827852
 20
8.435717
 30
0.0
 11
191.767371
 21
8.266607
 31
0.0
  0
LINE
  8
0
  6
CONTINUOUS
 10
191.767371
 20
8.266607
 30
0.0
 11
191.760012
 21
8.244093
 31
0.0
  0
LINE
  8
0
  6
CONTINUOUS
 10
191.760012
 20
8.244093
 30
0.0
 11
191.751940
 21
8.218428
 31
0.0
  0
LINE
  8
0
  6
CONTINUOUS
 10
191.751940
 20
8.218428
 30
0.0
 11
191.743197
 21
8.189776
 31
0.0
  0
LINE
  8
0
  6
CONTINUOUS
 10
191.743197
 20
8.189776
 30
0.0
 11
191.733827
 21
8.158301
 31
0.0
  0
LINE
  8
0
  6
CONTINUOUS
 10
191.733827
 20
8.158301
 30
0.0
 11
191.723875
 21
8.124167
 31
0.0
  0
LINE
  8
0
  6
CONTINUOUS
 10
191.723875
 20
8.124167
 30
0.0
 11
191.713383
 21
8.087537
 31
0.0
  0
LINE
  8
0
  6
CONTINUOUS
 10
191.713383
 20
8.087537
 30
0.0
 11
191.702395
 21
8.048576
 31
0.0
  0
LINE
  8
0
  6
CONTINUOUS
 10
191.702395
 20
8.048576
 30
0.0
 11
191.690953
 21
8.007446
 31
0.0
  0
LINE
  8
0
  6
CONTINUOUS
 10
191.690953
 20
8.007446
 30
0.0
 11
191.679102
 21
7.964313
 31
0.0
  0
LINE
  8
0
  6
CONTINUOUS
 10
191.679102
 20
7.964313
 30
0.0
 11
191.666884
 21
7.919338
 31
0.0
  0
LINE
  8
0
  6
CONTINUOUS
 10
191.666884
 20
7.919338
 30
0.0
 11
191.654345
 21
7.872687
 31
0.0
  0
LINE
  8
0
  6
CONTINUOUS
 10
191.654345
 20
7.872687
 30
0.0
 11
191.641525
 21
7.824525
 31
0.0
  0
LINE
  8
0
  6
CONTINUOUS
 10
191.641525
 20
7.824525
 30
0.0
 11
191.628470
 21
7.775012
 31
0.0
  0
LINE
  8
0
  6
CONTINUOUS
 10
191.628470
 20
7.775012
 30
0.0
 11
191.615222
 21
7.724315
 31
0.0
  0
LINE
  8
0
  6
CONTINUOUS
 10
191.615222
 20
7.724315
 30
0.0
 11
191.601824
 21
7.672597
 31
0.0
  0
LINE
  8
0
  6
CONTINUOUS
 10
191.601824
 20
7.672597
 30
0.0
 11
191.588321
 21
7.620021
 31
0.0
  0
LINE
  8
0
  6
CONTINUOUS
 10
191.588321
 20
7.620021
 30
0.0
 11
191.574755
 21
7.566752
 31
0.0
  0
LINE
  8
0
  6
CONTINUOUS
 10
191.574755
 20
7.566752
 30
0.0
 11
191.561170
 21
7.512953
 31
0.0
  0
LINE
  8
0
  6
CONTINUOUS
 10
191.561170
 20
7.512953
 30
0.0
 11
191.547611
 21
7.458788
 31
0.0
  0
LINE
  8
0
  6
CONTINUOUS
 10
191.547611
 20
7.458788
 30
0.0
 11
191.534118
 21
7.404421
 31
0.0
  0
LINE
  8
0
  6
CONTINUOUS
 10
191.534118
 20
7.404421
 30
0.0
 11
191.520737
 21
7.350015
 31
0.0
  0
LINE
  8
0
  6
CONTINUOUS
 10
191.520737
 20
7.350015
 30
0.0
 11
191.507511
 21
7.295735
 31
0.0
  0
LINE
  8
0
  6
CONTINUOUS
 10
191.507511
 20
7.295735
 30
0.0
 11
191.494481
 21
7.241745
 31
0.0
  0
LINE
  8
0
  6
CONTINUOUS
 10
191.494481
 20
7.241745
 30
0.0
 11
191.481694
 21
7.188208
 31
0.0
  0
LINE
  8
0
  6
CONTINUOUS
 10
191.481694
 20
7.188208
 30
0.0
 11
191.427747
 21
6.963830
 31
0.0
  0
LINE
  8
0
  6
CONTINUOUS
 10
191.427747
 20
6.963830
 30
0.0
 11
191.375658
 21
6.753099
 31
0.0
  0
LINE
  8
0
  6
CONTINUOUS
 10
191.375658
 20
6.753099
 30
0.0
 11
191.325131
 21
6.555401
 31
0.0
  0
LINE
  8
0
  6
CONTINUOUS
 10
191.325131
 20
6.555401
 30
0.0
 11
191.275870
 21
6.370124
 31
0.0
  0
LINE
  8
0
  6
CONTINUOUS
 10
191.275870
 20
6.370124
 30
0.0
 11
191.227578
 21
6.196652
 31
0.0
  0
LINE
  8
0
  6
CONTINUOUS
 10
191.227578
 20
6.196652
 30
0.0
 11
191.179958
 21
6.034370
 31
0.0
  0
LINE
  8
0
  6
CONTINUOUS
 10
191.179958
 20
6.034370
 30
0.0
 11
191.132714
 21
5.882667
 31
0.0
  0
LINE
  8
0
  6
CONTINUOUS
 10
191.132714
 20
5.882667
 30
0.0
 11
191.085549
 21
5.740928
 31
0.0
  0
LINE
  8
0
  6
CONTINUOUS
 10
191.085549
 20
5.740928
 30
0.0
 11
191.038168
 21
5.608538
 31
0.0
  0
LINE
  8
0
  6
CONTINUOUS
 10
191.038168
 20
5.608538
 30
0.0
 11
190.990273
 21
5.484884
 31
0.0
  0
LINE
  8
0
  6
CONTINUOUS
 10
190.990273
 20
5.484884
 30
0.0
 11
190.941567
 21
5.369352
 31
0.0
  0
LINE
  8
0
  6
CONTINUOUS
 10
190.941567
 20
5.369352
 30
0.0
 11
190.891755
 21
5.261328
 31
0.0
  0
LINE
  8
0
  6
CONTINUOUS
 10
190.891755
 20
5.261328
 30
0.0
 11
190.840540
 21
5.160199
 31
0.0
  0
LINE
  8
0
  6
CONTINUOUS
 10
190.840540
 20
5.160199
 30
0.0
 11
190.787625
 21
5.065351
 31
0.0
  0
LINE
  8
0
  6
CONTINUOUS
 10
190.787625
 20
5.065351
 30
0.0
 11
190.732713
 21
4.976169
 31
0.0
  0
LINE
  8
0
  6
CONTINUOUS
 10
190.732713
 20
4.976169
 30
0.0
 11
190.675509
 21
4.892039
 31
0.0
  0
LINE
  8
0
  6
CONTINUOUS
 10
190.675509
 20
4.892039
 30
0.0
 11
190.615715
 21
4.812349
 31
0.0
  0
LINE
  8
0
  6
CONTINUOUS
 10
190.615715
 20
4.812349
 30
0.0
 11
190.553036
 21
4.736483
 31
0.0
  0
LINE
  8
0
  6
CONTINUOUS
 10
190.553036
 20
4.736483
 30
0.0
 11
190.487174
 21
4.663828
 31
0.0
  0
LINE
  8
0
  6
CONTINUOUS
 10
190.487174
 20
4.663828
 30
0.0
 11
190.417833
 21
4.593770
 31
0.0
  0
LINE
  8
0
  6
CONTINUOUS
 10
190.417833
 20
4.593770
 30
0.0
 11
190.344717
 21
4.525696
 31
0.0
  0
LINE
  8
0
  6
CONTINUOUS
 10
190.344717
 20
4.525696
 30
0.0
 11
190.267529
 21
4.458992
 31
0.0
  0
LINE
  8
0
  6
CONTINUOUS
 10
190.267529
 20
4.458992
 30
0.0
 11
190.185972
 21
4.393042
 31
0.0
  0
LINE
  8
0
  6
CONTINUOUS
 10
190.185972
 20
4.393042
 30
0.0
 11
190.099750
 21
4.327235
 31
0.0
  0
LINE
  8
0
  6
CONTINUOUS
 10
190.099750
 20
4.327235
 30
0.0
 11
190.032055
 21
4.278185
 31
0.0
  0
LINE
  8
0
  6
CONTINUOUS
 10
190.032055
 20
4.278185
 30
0.0
 11
189.964085
 21
4.231570
 31
0.0
  0
LINE
  8
0
  6
CONTINUOUS
 10
189.964085
 20
4.231570
 30
0.0
 11
189.895738
 21
4.187358
 31
0.0
  0
LINE
  8
0
  6
CONTINUOUS
 10
189.895738
 20
4.187358
 30
0.0
 11
189.826907
 21
4.145519
 31
0.0
  0
LINE
  8
0
  6
CONTINUOUS
 10
189.826907
 20
4.145519
 30
0.0
 11
189.757490
 21
4.106021
 31
0.0
  0
LINE
  8
0
  6
CONTINUOUS
 10
189.757490
 20
4.106021
 30
0.0
 11
189.687380
 21
4.068834
 31
0.0
  0
LINE
  8
0
  6
CONTINUOUS
 10
189.687380
 20
4.068834
 30
0.0
 11
189.616475
 21
4.033925
 31
0.0
  0
LINE
  8
0
  6
CONTINUOUS
 10
189.616475
 20
4.033925
 30
0.0
 11
189.544668
 21
4.001264
 31
0.0
  0
LINE
  8
0
  6
CONTINUOUS
 10
189.544668
 20
4.001264
 30
0.0
 11
189.471856
 21
3.970822
 31
0.0
  0
LINE
  8
0
  6
CONTINUOUS
 10
189.471856
 20
3.970822
 30
0.0
 11
189.397935
 21
3.942565
 31
0.0
  0
LINE
  8
0
  6
CONTINUOUS
 10
189.397935
 20
3.942565
 30
0.0
 11
189.322798
 21
3.916463
 31
0.0
  0
LINE
  8
0
  6
CONTINUOUS
 10
189.322798
 20
3.916463
 30
0.0
 11
189.246343
 21
3.892484
 31
0.0
  0
LINE
  8
0
  6
CONTINUOUS
 10
189.246343
 20
3.892484
 30
0.0
 11
189.168465
 21
3.870600
 31
0.0
  0
LINE
  8
0
  6
CONTINUOUS
 10
189.168465
 20
3.870600
 30
0.0
 11
189.089058
 21
3.850775
 31
0.0
  0
LINE
  8
0
  6
CONTINUOUS
 10
189.089058
 20
3.850775
 30
0.0
 11
189.008019
 21
3.832983
 31
0.0
  0
LINE
  8
0
  6
CONTINUOUS
 10
189.008019
 20
3.832983
 30
0.0
 11
188.925242
 21
3.817190
 31
0.0
  0
LINE
  8
0
  6
CONTINUOUS
 10
188.925242
 20
3.817190
 30
0.0
 11
188.840624
 21
3.803365
 31
0.0
  0
LINE
  8
0
  6
CONTINUOUS
 10
188.840624
 20
3.803365
 30
0.0
 11
188.754061
 21
3.791479
 31
0.0
  0
LINE
  8
0
  6
CONTINUOUS
 10
188.754061
 20
3.791479
 30
0.0
 11
188.665447
 21
3.781498
 31
0.0
  0
LINE
  8
0
  6
CONTINUOUS
 10
188.665447
 20
3.781498
 30
0.0
 11
188.574677
 21
3.773393
 31
0.0
  0
LINE
  8
0
  6
CONTINUOUS
 10
188.574677
 20
3.773393
 30
0.0
 11
188.481648
 21
3.767133
 31
0.0
  0
LINE
  8
0
  6
CONTINUOUS
 10
188.481648
 20
3.767133
 30
0.0
 11
188.386255
 21
3.762685
 31
0.0
  0
LINE
  8
0
  6
CONTINUOUS
 10
188.386255
 20
3.762685
 30
0.0
 11
188.288392
 21
3.760020
 31
0.0
  0
LINE
  8
0
  6
CONTINUOUS
 10
188.288392
 20
3.760020
 30
0.0
 11
188.187957
 21
3.759107
 31
0.0
  0
LINE
  8
0
  6
CONTINUOUS
 10
188.187957
 20
3.759107
 30
0.0
 11
188.145522
 21
3.759094
 31
0.0
  0
LINE
  8
0
  6
CONTINUOUS
 10
188.145522
 20
3.759094
 30
0.0
 11
188.106565
 21
3.759122
 31
0.0
  0
LINE
  8
0
  6
CONTINUOUS
 10
188.106565
 20
3.759122
 30
0.0
 11
188.070904
 21
3.759227
 31
0.0
  0
LINE
  8
0
  6
CONTINUOUS
 10
188.070904
 20
3.759227
 30
0.0
 11
188.038353
 21
3.759442
 31
0.0
  0
LINE
  8
0
  6
CONTINUOUS
 10
188.038353
 20
3.759442
 30
0.0
 11
188.008727
 21
3.759803
 31
0.0
  0
LINE
  8
0
  6
CONTINUOUS
 10
188.008727
 20
3.759803
 30
0.0
 11
187.981842
 21
3.760344
 31
0.0
  0
LINE
  8
0
  6
CONTINUOUS
 10
187.981842
 20
3.760344
 30
0.0
 11
187.957513
 21
3.761102
 31
0.0
  0
LINE
  8
0
  6
CONTINUOUS
 10
187.957513
 20
3.761102
 30
0.0
 11
187.935555
 21
3.762111
 31
0.0
  0
LINE
  8
0
  6
CONTINUOUS
 10
187.935555
 20
3.762111
 30
0.0
 11
187.915783
 21
3.763405
 31
0.0
  0
LINE
  8
0
  6
CONTINUOUS
 10
187.915783
 20
3.763405
 30
0.0
 11
187.898013
 21
3.765021
 31
0.0
  0
LINE
  8
0
  6
CONTINUOUS
 10
187.898013
 20
3.765021
 30
0.0
 11
187.882060
 21
3.766992
 31
0.0
  0
LINE
  8
0
  6
CONTINUOUS
 10
187.882060
 20
3.766992
 30
0.0
 11
187.867739
 21
3.769353
 31
0.0
  0
LINE
  8
0
  6
CONTINUOUS
 10
187.867739
 20
3.769353
 30
0.0
 11
187.854865
 21
3.772141
 31
0.0
  0
LINE
  8
0
  6
CONTINUOUS
 10
187.854865
 20
3.772141
 30
0.0
 11
187.843254
 21
3.775389
 31
0.0
  0
LINE
  8
0
  6
CONTINUOUS
 10
187.843254
 20
3.775389
 30
0.0
 11
187.832722
 21
3.779133
 31
0.0
  0
LINE
  8
0
  6
CONTINUOUS
 10
187.832722
 20
3.779133
 30
0.0
 11
187.823083
 21
3.783407
 31
0.0
  0
LINE
  8
0
  6
CONTINUOUS
 10
187.823083
 20
3.783407
 30
0.0
 11
187.814152
 21
3.788247
 31
0.0
  0
LINE
  8
0
  6
CONTINUOUS
 10
187.814152
 20
3.788247
 30
0.0
 11
187.805744
 21
3.793688
 31
0.0
  0
LINE
  8
0
  6
CONTINUOUS
 10
187.805744
 20
3.793688
 30
0.0
 11
187.797676
 21
3.799764
 31
0.0
  0
LINE
  8
0
  6
CONTINUOUS
 10
187.797676
 20
3.799764
 30
0.0
 11
187.789763
 21
3.806512
 31
0.0
  0
LINE
  8
0
  6
CONTINUOUS
 10
187.789763
 20
3.806512
 30
0.0
 11
187.781819
 21
3.813965
 31
0.0
  0
LINE
  8
0
  6
CONTINUOUS
 10
187.781819
 20
3.813965
 30
0.0
 11
187.773660
 21
3.822157
 31
0.0
  0
LINE
  8
0
  6
CONTINUOUS
 10
187.773660
 20
3.822157
 30
0.0
 11
187.765101
 21
3.831126
 31
0.0
  0
LINE
  8
0
  6
CONTINUOUS
 10
187.765101
 20
3.831126
 30
0.0
 11
187.755957
 21
3.840905
 31
0.0
  0
LINE
  8
0
  6
CONTINUOUS
 10
189.004913
 20
3.898316
 30
0.0
 11
189.066172
 21
3.911984
 31
0.0
  0
LINE
  8
0
  6
CONTINUOUS
 10
189.066172
 20
3.911984
 30
0.0
 11
189.126724
 21
3.926907
 31
0.0
  0
LINE
  8
0
  6
CONTINUOUS
 10
189.126724
 20
3.926907
 30
0.0
 11
189.186589
 21
3.943095
 31
0.0
  0
LINE
  8
0
  6
CONTINUOUS
 10
189.186589
 20
3.943095
 30
0.0
 11
189.245790
 21
3.960559
 31
0.0
  0
LINE
  8
0
  6
CONTINUOUS
 10
189.245790
 20
3.960559
 30
0.0
 11
189.304349
 21
3.979312
 31
0.0
  0
LINE
  8
0
  6
CONTINUOUS
 10
189.304349
 20
3.979312
 30
0.0
 11
189.362289
 21
3.999364
 31
0.0
  0
LINE
  8
0
  6
CONTINUOUS
 10
189.362289
 20
3.999364
 30
0.0
 11
189.419629
 21
4.020727
 31
0.0
  0
LINE
  8
0
  6
CONTINUOUS
 10
189.419629
 20
4.020727
 30
0.0
 11
189.476392
 21
4.043413
 31
0.0
  0
LINE
  8
0
  6
CONTINUOUS
 10
189.476392
 20
4.043413
 30
0.0
 11
189.532601
 21
4.067433
 31
0.0
  0
LINE
  8
0
  6
CONTINUOUS
 10
189.532601
 20
4.067433
 30
0.0
 11
189.588277
 21
4.092800
 31
0.0
  0
LINE
  8
0
  6
CONTINUOUS
 10
189.588277
 20
4.092800
 30
0.0
 11
189.643441
 21
4.119524
 31
0.0
  0
LINE
  8
0
  6
CONTINUOUS
 10
189.643441
 20
4.119524
 30
0.0
 11
189.698115
 21
4.147616
 31
0.0
  0
LINE
  8
0
  6
CONTINUOUS
 10
189.698115
 20
4.147616
 30
0.0
 11
189.752322
 21
4.177088
 31
0.0
  0
LINE
  8
0
  6
CONTINUOUS
 10
189.752322
 20
4.177088
 30
0.0
 11
189.806081
 21
4.207953
 31
0.0
  0
LINE
  8
0
  6
CONTINUOUS
 10
189.806081
 20
4.207953
 30
0.0
 11
189.859418
 21
4.240222
 31
0.0
  0
LINE
  8
0
  6
CONTINUOUS
 10
189.859418
 20
4.240222
 30
0.0
 11
189.912352
 21
4.273904
 31
0.0
  0
LINE
  8
0
  6
CONTINUOUS
 10
189.912352
 20
4.273904
 30
0.0
 11
189.964904
 21
4.309013
 31
0.0
  0
LINE
  8
0
  6
CONTINUOUS
 10
189.964904
 20
4.309013
 30
0.0
 11
190.017098
 21
4.345561
 31
0.0
  0
LINE
  8
0
  6
CONTINUOUS
 10
190.017098
 20
4.345561
 30
0.0
 11
190.068955
 21
4.383557
 31
0.0
  0
LINE
  8
0
  6
CONTINUOUS
 10
190.068955
 20
4.383557
 30
0.0
 11
190.120496
 21
4.423015
 31
0.0
  0
LINE
  8
0
  6
CONTINUOUS
 10
190.120496
 20
4.423015
 30
0.0
 11
190.171744
 21
4.463945
 31
0.0
  0
LINE
  8
0
  6
CONTINUOUS
 10
190.171744
 20
4.463945
 30
0.0
 11
190.222720
 21
4.506361
 31
0.0
  0
LINE
  8
0
  6
CONTINUOUS
 10
190.222720
 20
4.506361
 30
0.0
 11
190.273447
 21
4.550270
 31
0.0
  0
LINE
  8
0
  6
CONTINUOUS
 10
190.273447
 20
4.550270
 30
0.0
 11
190.323945
 21
4.595687
 31
0.0
  0
LINE
  8
0
  6
CONTINUOUS
 10
190.323945
 20
4.595687
 30
0.0
 11
190.365437
 21
4.634634
 31
0.0
  0
LINE
  8
0
  6
CONTINUOUS
 10
190.365437
 20
4.634634
 30
0.0
 11
190.405619
 21
4.674272
 31
0.0
  0
LINE
  8
0
  6
CONTINUOUS
 10
190.405619
 20
4.674272
 30
0.0
 11
190.444555
 21
4.714712
 31
0.0
  0
LINE
  8
0
  6
CONTINUOUS
 10
190.444555
 20
4.714712
 30
0.0
 11
190.482308
 21
4.756066
 31
0.0
  0
LINE
  8
0
  6
CONTINUOUS
 10
190.482308
 20
4.756066
 30
0.0
 11
190.518941
 21
4.798447
 31
0.0
  0
LINE
  8
0
  6
CONTINUOUS
 10
190.518941
 20
4.798447
 30
0.0
 11
190.554516
 21
4.841965
 31
0.0
  0
LINE
  8
0
  6
CONTINUOUS
 10
190.554516
 20
4.841965
 30
0.0
 11
190.589098
 21
4.886736
 31
0.0
  0
LINE
  8
0
  6
CONTINUOUS
 10
190.589098
 20
4.886736
 30
0.0
 11
190.622749
 21
4.932868
 31
0.0
  0
LINE
  8
0
  6
CONTINUOUS
 10
190.622749
 20
4.932868
 30
0.0
 11
190.655533
 21
4.980475
 31
0.0
  0
LINE
  8
0
  6
CONTINUOUS
 10
190.655533
 20
4.980475
 30
0.0
 11
190.687513
 21
5.029669
 31
0.0
  0
LINE
  8
0
  6
CONTINUOUS
 10
190.687513
 20
5.029669
 30
0.0
 11
190.718751
 21
5.080562
 31
0.0
  0
LINE
  8
0
  6
CONTINUOUS
 10
190.718751
 20
5.080562
 30
0.0
 11
190.749312
 21
5.133266
 31
0.0
  0
LINE
  8
0
  6
CONTINUOUS
 10
190.749312
 20
5.133266
 30
0.0
 11
190.779258
 21
5.187892
 31
0.0
  0
LINE
  8
0
  6
CONTINUOUS
 10
190.779258
 20
5.187892
 30
0.0
 11
190.808652
 21
5.244553
 31
0.0
  0
LINE
  8
0
  6
CONTINUOUS
 10
190.808652
 20
5.244553
 30
0.0
 11
190.837557
 21
5.303361
 31
0.0
  0
LINE
  8
0
  6
CONTINUOUS
 10
190.837557
 20
5.303361
 30
0.0
 11
190.866037
 21
5.364429
 31
0.0
  0
LINE
  8
0
  6
CONTINUOUS
 10
190.866037
 20
5.364429
 30
0.0
 11
190.894155
 21
5.427867
 31
0.0
  0
LINE
  8
0
  6
CONTINUOUS
 10
190.894155
 20
5.427867
 30
0.0
 11
190.921974
 21
5.493788
 31
0.0
  0
LINE
  8
0
  6
CONTINUOUS
 10
190.921974
 20
5.493788
 30
0.0
 11
190.949558
 21
5.562305
 31
0.0
  0
LINE
  8
0
  6
CONTINUOUS
 10
190.949558
 20
5.562305
 30
0.0
 11
190.976969
 21
5.633529
 31
0.0
  0
LINE
  8
0
  6
CONTINUOUS
 10
190.976969
 20
5.633529
 30
0.0
 11
191.004270
 21
5.707572
 31
0.0
  0
LINE
  8
0
  6
CONTINUOUS
 10
191.004270
 20
5.707572
 30
0.0
 11
191.031526
 21
5.784546
 31
0.0
  0
LINE
  8
0
  6
CONTINUOUS
 10
191.031526
 20
5.784546
 30
0.0
 11
191.058798
 21
5.864564
 31
0.0
  0
LINE
  8
0
  6
CONTINUOUS
 10
191.058798
 20
5.864564
 30
0.0
 11
191.086150
 21
5.947737
 31
0.0
  0
LINE
  8
0
  6
CONTINUOUS
 10
191.086150
 20
5.947737
 30
0.0
 11
191.099875
 21
5.990363
 31
0.0
  0
LINE
  8
0
  6
CONTINUOUS
 10
191.099875
 20
5.990363
 30
0.0
 11
191.112975
 21
6.031469
 31
0.0
  0
LINE
  8
0
  6
CONTINUOUS
 10
191.112975
 20
6.031469
 30
0.0
 11
191.125576
 21
6.071541
 31
0.0
  0
LINE
  8
0
  6
CONTINUOUS
 10
191.125576
 20
6.071541
 30
0.0
 11
191.137805
 21
6.111063
 31
0.0
  0
LINE
  8
0
  6
CONTINUOUS
 10
191.137805
 20
6.111063
 30
0.0
 11
191.149788
 21
6.150519
 31
0.0
  0
LINE
  8
0
  6
CONTINUOUS
 10
191.149788
 20
6.150519
 30
0.0
 11
191.161650
 21
6.190394
 31
0.0
  0
LINE
  8
0
  6
CONTINUOUS
 10
191.161650
 20
6.190394
 30
0.0
 11
191.173516
 21
6.231171
 31
0.0
  0
LINE
  8
0
  6
CONTINUOUS
 10
191.173516
 20
6.231171
 30
0.0
 11
191.185514
 21
6.273336
 31
0.0
  0
LINE
  8
0
  6
CONTINUOUS
 10
191.185514
 20
6.273336
 30
0.0
 11
191.197769
 21
6.317371
 31
0.0
  0
LINE
  8
0
  6
CONTINUOUS
 10
191.197769
 20
6.317371
 30
0.0
 11
191.210407
 21
6.363762
 31
0.0
  0
LINE
  8
0
  6
CONTINUOUS
 10
191.210407
 20
6.363762
 30
0.0
 11
191.223554
 21
6.412992
 31
0.0
  0
LINE
  8
0
  6
CONTINUOUS
 10
191.223554
 20
6.412992
 30
0.0
 11
191.237336
 21
6.465546
 31
0.0
  0
LINE
  8
0
  6
CONTINUOUS
 10
191.237336
 20
6.465546
 30
0.0
 11
191.251879
 21
6.521909
 31
0.0
  0
LINE
  8
0
  6
CONTINUOUS
 10
191.251879
 20
6.521909
 30
0.0
 11
191.267309
 21
6.582564
 31
0.0
  0
LINE
  8
0
  6
CONTINUOUS
 10
191.267309
 20
6.582564
 30
0.0
 11
191.283750
 21
6.647996
 31
0.0
  0
LINE
  8
0
  6
CONTINUOUS
 10
191.283750
 20
6.647996
 30
0.0
 11
191.301331
 21
6.718688
 31
0.0
  0
LINE
  8
0
  6
CONTINUOUS
 10
191.301331
 20
6.718688
 30
0.0
 11
191.320177
 21
6.795126
 31
0.0
  0
LINE
  8
0
  6
CONTINUOUS
 10
191.320177
 20
6.795126
 30
0.0
 11
191.340412
 21
6.877794
 31
0.0
  0
LINE
  8
0
  6
CONTINUOUS
 10
191.340412
 20
6.877794
 30
0.0
 11
191.362163
 21
6.967175
 31
0.0
  0
LINE
  8
0
  6
CONTINUOUS
 10
191.362163
 20
6.967175
 30
0.0
 11
191.385558
 21
7.063755
 31
0.0
  0
LINE
  8
0
  6
CONTINUOUS
 10
191.385558
 20
7.063755
 30
0.0
 11
191.410721
 21
7.168016
 31
0.0
  0
LINE
  8
0
  6
CONTINUOUS
 10
191.410721
 20
7.168016
 30
0.0
 11
191.437778
 21
7.280444
 31
0.0
  0
LINE
  8
0
  6
CONTINUOUS
 10
191.437778
 20
7.280444
 30
0.0
 11
191.466854
 21
7.401523
 31
0.0
  0
LINE
  8
0
  6
CONTINUOUS
 10
191.466854
 20
7.401523
 30
0.0
 11
191.498078
 21
7.531737
 31
0.0
  0
LINE
  8
0
  6
CONTINUOUS
 10
191.498078
 20
7.531737
 30
0.0
 11
191.523907
 21
7.637867
 31
0.0
  0
LINE
  8
0
  6
CONTINUOUS
 10
191.523907
 20
7.637867
 30
0.0
 11
191.549585
 21
7.739975
 31
0.0
  0
LINE
  8
0
  6
CONTINUOUS
 10
191.549585
 20
7.739975
 30
0.0
 11
191.575195
 21
7.838265
 31
0.0
  0
LINE
  8
0
  6
CONTINUOUS
 10
191.575195
 20
7.838265
 30
0.0
 11
191.600818
 21
7.932939
 31
0.0
  0
LINE
  8
0
  6
CONTINUOUS
 10
191.600818
 20
7.932939
 30
0.0
 11
191.626537
 21
8.024201
 31
0.0
  0
LINE
  8
0
  6
CONTINUOUS
 10
191.626537
 20
8.024201
 30
0.0
 11
191.652434
 21
8.112257
 31
0.0
  0
LINE
  8
0
  6
CONTINUOUS
 10
191.652434
 20
8.112257
 30
0.0
 11
191.678590
 21
8.197307
 31
0.0
  0
LINE
  8
0
  6
CONTINUOUS
 10
191.678590
 20
8.197307
 30
0.0
 11
191.705088
 21
8.279559
 31
0.0
  0
LINE
  8
0
  6
CONTINUOUS
 10
191.705088
 20
8.279559
 30
0.0
 11
191.732008
 21
8.359214
 31
0.0
  0
LINE
  8
0
  6
CONTINUOUS
 10
191.732008
 20
8.359214
 30
0.0
 11
191.759435
 21
8.436476
 31
0.0
  0
LINE
  8
0
  6
CONTINUOUS
 10
191.759435
 20
8.436476
 30
0.0
 11
191.787449
 21
8.511550
 31
0.0
  0
LINE
  8
0
  6
CONTINUOUS
 10
191.787449
 20
8.511550
 30
0.0
 11
191.816133
 21
8.584638
 31
0.0
  0
LINE
  8
0
  6
CONTINUOUS
 10
191.816133
 20
8.584638
 30
0.0
 11
191.845569
 21
8.655946
 31
0.0
  0
LINE
  8
0
  6
CONTINUOUS
 10
191.845569
 20
8.655946
 30
0.0
 11
191.875837
 21
8.725675
 31
0.0
  0
LINE
  8
0
  6
CONTINUOUS
 10
191.875837
 20
8.725675
 30
0.0
 11
191.907022
 21
8.794031
 31
0.0
  0
LINE
  8
0
  6
CONTINUOUS
 10
191.907022
 20
8.794031
 30
0.0
 11
191.939205
 21
8.861217
 31
0.0
  0
LINE
  8
0
  6
CONTINUOUS
 10
191.939205
 20
8.861217
 30
0.0
 11
191.972467
 21
8.927437
 31
0.0
  0
LINE
  8
0
  6
CONTINUOUS
 10
191.972467
 20
8.927437
 30
0.0
 11
192.006890
 21
8.992894
 31
0.0
  0
LINE
  8
0
  6
CONTINUOUS
 10
192.006890
 20
8.992894
 30
0.0
 11
192.042557
 21
9.057793
 31
0.0
  0
LINE
  8
0
  6
CONTINUOUS
 10
192.042557
 20
9.057793
 30
0.0
 11
192.079551
 21
9.122336
 31
0.0
  0
LINE
  8
0
  6
CONTINUOUS
 10
192.079551
 20
9.122336
 30
0.0
 11
192.117951
 21
9.186729
 31
0.0
  0
LINE
  8
0
  6
CONTINUOUS
 10
192.117951
 20
9.186729
 30
0.0
 11
192.157842
 21
9.251174
 31
0.0
  0
LINE
  8
0
  6
CONTINUOUS
 10
192.157842
 20
9.251174
 30
0.0
 11
192.199304
 21
9.315876
 31
0.0
  0
LINE
  8
0
  6
CONTINUOUS
 10
192.199304
 20
9.315876
 30
0.0
 11
192.242420
 21
9.381037
 31
0.0
  0
LINE
  8
0
  6
CONTINUOUS
 10
192.242420
 20
9.381037
 30
0.0
 11
192.315297
 21
9.486685
 31
0.0
  0
LINE
  8
0
  6
CONTINUOUS
 10
192.315297
 20
9.486685
 30
0.0
 11
192.390769
 21
9.590527
 31
0.0
  0
LINE
  8
0
  6
CONTINUOUS
 10
192.390769
 20
9.590527
 30
0.0
 11
192.468793
 21
9.692528
 31
0.0
  0
LINE
  8
0
  6
CONTINUOUS
 10
192.468793
 20
9.692528
 30
0.0
 11
192.549321
 21
9.792647
 31
0.0
  0
LINE
  8
0
  6
CONTINUOUS
 10
192.549321
 20
9.792647
 30
0.0
 11
192.632310
 21
9.890849
 31
0.0
  0
LINE
  8
0
  6
CONTINUOUS
 10
192.632310
 20
9.890849
 30
0.0
 11
192.717712
 21
9.987095
 31
0.0
  0
LINE
  8
0
  6
CONTINUOUS
 10
192.717712
 20
9.987095
 30
0.0
 11
192.805483
 21
10.081349
 31
0.0
  0
LINE
  8
0
  6
CONTINUOUS
 10
192.805483
 20
10.081349
 30
0.0
 11
192.895576
 21
10.173570
 31
0.0
  0
LINE
  8
0
  6
CONTINUOUS
 10
192.895576
 20
10.173570
 30
0.0
 11
192.987947
 21
10.263723
 31
0.0
  0
LINE
  8
0
  6
CONTINUOUS
 10
192.987947
 20
10.263723
 30
0.0
 11
193.082549
 21
10.351770
 31
0.0
  0
LINE
  8
0
  6
CONTINUOUS
 10
193.082549
 20
10.351770
 30
0.0
 11
193.179337
 21
10.437673
 31
0.0
  0
LINE
  8
0
  6
CONTINUOUS
 10
193.179337
 20
10.437673
 30
0.0
 11
193.278266
 21
10.521394
 31
0.0
  0
LINE
  8
0
  6
CONTINUOUS
 10
193.278266
 20
10.521394
 30
0.0
 11
193.379290
 21
10.602896
 31
0.0
  0
LINE
  8
0
  6
CONTINUOUS
 10
193.379290
 20
10.602896
 30
0.0
 11
193.482363
 21
10.682140
 31
0.0
  0
LINE
  8
0
  6
CONTINUOUS
 10
193.482363
 20
10.682140
 30
0.0
 11
193.587439
 21
10.759090
 31
0.0
  0
LINE
  8
0
  6
CONTINUOUS
 10
193.587439
 20
10.759090
 30
0.0
 11
193.694475
 21
10.833708
 31
0.0
  0
LINE
  8
0
  6
CONTINUOUS
 10
193.694475
 20
10.833708
 30
0.0
 11
193.803421
 21
10.905956
 31
0.0
  0
LINE
  8
0
  6
CONTINUOUS
 10
193.803421
 20
10.905956
 30
0.0
 11
193.914236
 21
10.975796
 31
0.0
  0
LINE
  8
0
  6
CONTINUOUS
 10
193.914236
 20
10.975796
 30
0.0
 11
194.026872
 21
11.043189
 31
0.0
  0
LINE
  8
0
  6
CONTINUOUS
 10
194.026872
 20
11.043189
 30
0.0
 11
194.141282
 21
11.108101
 31
0.0
  0
LINE
  8
0
  6
CONTINUOUS
 10
194.141282
 20
11.108101
 30
0.0
 11
194.257424
 21
11.170492
 31
0.0
  0
LINE
  8
0
  6
CONTINUOUS
 10
194.257424
 20
11.170492
 30
0.0
 11
194.375250
 21
11.230324
 31
0.0
  0
LINE
  8
0
  6
CONTINUOUS
 10
194.375250
 20
11.230324
 30
0.0
 11
194.494715
 21
11.287560
 31
0.0
  0
LINE
  8
0
  6
CONTINUOUS
 10
194.494715
 20
11.287560
 30
0.0
 11
194.615773
 21
11.342162
 31
0.0
  0
LINE
  8
0
  6
CONTINUOUS
 10
194.615773
 20
11.342162
 30
0.0
 11
194.734202
 21
11.393069
 31
0.0
  0
LINE
  8
0
  6
CONTINUOUS
 10
194.734202
 20
11.393069
 30
0.0
 11
194.849806
 21
11.440917
 31
0.0
  0
LINE
  8
0
  6
CONTINUOUS
 10
194.849806
 20
11.440917
 30
0.0
 11
194.963021
 21
11.485786
 31
0.0
  0
LINE
  8
0
  6
CONTINUOUS
 10
194.963021
 20
11.485786
 30
0.0
 11
195.074279
 21
11.527755
 31
0.0
  0
LINE
  8
0
  6
CONTINUOUS
 10
195.074279
 20
11.527755
 30
0.0
 11
195.184015
 21
11.566903
 31
0.0
  0
LINE
  8
0
  6
CONTINUOUS
 10
195.184015
 20
11.566903
 30
0.0
 11
195.292661
 21
11.603311
 31
0.0
  0
LINE
  8
0
  6
CONTINUOUS
 10
195.292661
 20
11.603311
 30
0.0
 11
195.400653
 21
11.637057
 31
0.0
  0
LINE
  8
0
  6
CONTINUOUS
 10
195.400653
 20
11.637057
 30
0.0
 11
195.508424
 21
11.668221
 31
0.0
  0
LINE
  8
0
  6
CONTINUOUS
 10
195.508424
 20
11.668221
 30
0.0
 11
195.616407
 21
11.696882
 31
0.0
  0
LINE
  8
0
  6
CONTINUOUS
 10
195.616407
 20
11.696882
 30
0.0
 11
195.725036
 21
11.723120
 31
0.0
  0
LINE
  8
0
  6
CONTINUOUS
 10
195.725036
 20
11.723120
 30
0.0
 11
195.834745
 21
11.747014
 31
0.0
  0
LINE
  8
0
  6
CONTINUOUS
 10
195.834745
 20
11.747014
 30
0.0
 11
195.945969
 21
11.768643
 31
0.0
  0
LINE
  8
0
  6
CONTINUOUS
 10
195.945969
 20
11.768643
 30
0.0
 11
196.059140
 21
11.788088
 31
0.0
  0
LINE
  8
0
  6
CONTINUOUS
 10
196.059140
 20
11.788088
 30
0.0
 11
196.174693
 21
11.805426
 31
0.0
  0
LINE
  8
0
  6
CONTINUOUS
 10
196.174693
 20
11.805426
 30
0.0
 11
196.293061
 21
11.820739
 31
0.0
  0
LINE
  8
0
  6
CONTINUOUS
 10
196.293061
 20
11.820739
 30
0.0
 11
196.414679
 21
11.834104
 31
0.0
  0
LINE
  8
0
  6
CONTINUOUS
 10
196.414679
 20
11.834104
 30
0.0
 11
196.539979
 21
11.845601
 31
0.0
  0
LINE
  8
0
  6
CONTINUOUS
 10
196.539979
 20
11.845601
 30
0.0
 11
196.669397
 21
11.855312
 31
0.0
  0
LINE
  8
0
  6
CONTINUOUS
 10
196.669397
 20
11.855312
 30
0.0
 11
196.803364
 21
11.863313
 31
0.0
  0
LINE
  8
0
  6
CONTINUOUS
 10
196.803364
 20
11.863313
 30
0.0
 11
196.942317
 21
11.869685
 31
0.0
  0
LINE
  8
0
  6
CONTINUOUS
 10
196.942317
 20
11.869685
 30
0.0
 11
197.086688
 21
11.874507
 31
0.0
  0
LINE
  8
0
  6
CONTINUOUS
 10
197.086688
 20
11.874507
 30
0.0
 11
197.236911
 21
11.877857
 31
0.0
  0
LINE
  8
0
  6
CONTINUOUS
 10
197.236911
 20
11.877857
 30
0.0
 11
197.393419
 21
11.879819
 31
0.0
  0
LINE
  8
0
  6
CONTINUOUS
 10
197.393419
 20
11.879819
 30
0.0
 11
197.556647
 21
11.880467
 31
0.0
  0
LINE
  8
0
  6
CONTINUOUS
 10
198.046247
 20
11.999094
 30
0.0
 11
198.018675
 21
12.027410
 31
0.0
  0
LINE
  8
0
  6
CONTINUOUS
 10
198.018675
 20
12.027410
 30
0.0
 11
197.988385
 21
12.057787
 31
0.0
  0
LINE
  8
0
  6
CONTINUOUS
 10
197.988385
 20
12.057787
 30
0.0
 11
197.955609
 21
12.090019
 31
0.0
  0
LINE
  8
0
  6
CONTINUOUS
 10
197.955609
 20
12.090019
 30
0.0
 11
197.920580
 21
12.123900
 31
0.0
  0
LINE
  8
0
  6
CONTINUOUS
 10
197.920580
 20
12.123900
 30
0.0
 11
197.883532
 21
12.159225
 31
0.0
  0
LINE
  8
0
  6
CONTINUOUS
 10
197.883532
 20
12.159225
 30
0.0
 11
197.844694
 21
12.195789
 31
0.0
  0
LINE
  8
0
  6
CONTINUOUS
 10
197.844694
 20
12.195789
 30
0.0
 11
197.804300
 21
12.233385
 31
0.0
  0
LINE
  8
0
  6
CONTINUOUS
 10
197.804300
 20
12.233385
 30
0.0
 11
197.762582
 21
12.271811
 31
0.0
  0
LINE
  8
0
  6
CONTINUOUS
 10
197.762582
 20
12.271811
 30
0.0
 11
197.719772
 21
12.310858
 31
0.0
  0
LINE
  8
0
  6
CONTINUOUS
 10
197.719772
 20
12.310858
 30
0.0
 11
197.676103
 21
12.350324
 31
0.0
  0
LINE
  8
0
  6
CONTINUOUS
 10
197.676103
 20
12.350324
 30
0.0
 11
197.631805
 21
12.390002
 31
0.0
  0
LINE
  8
0
  6
CONTINUOUS
 10
197.631805
 20
12.390002
 30
0.0
 11
197.587113
 21
12.429686
 31
0.0
  0
LINE
  8
0
  6
CONTINUOUS
 10
197.587113
 20
12.429686
 30
0.0
 11
197.542258
 21
12.469172
 31
0.0
  0
LINE
  8
0
  6
CONTINUOUS
 10
197.542258
 20
12.469172
 30
0.0
 11
197.497472
 21
12.508254
 31
0.0
  0
LINE
  8
0
  6
CONTINUOUS
 10
197.497472
 20
12.508254
 30
0.0
 11
197.452988
 21
12.546728
 31
0.0
  0
LINE
  8
0
  6
CONTINUOUS
 10
197.452988
 20
12.546728
 30
0.0
 11
197.409037
 21
12.584385
 31
0.0
  0
LINE
  8
0
  6
CONTINUOUS
 10
197.409037
 20
12.584385
 30
0.0
 11
197.365852
 21
12.621024
 31
0.0
  0
LINE
  8
0
  6
CONTINUOUS
 10
197.365852
 20
12.621024
 30
0.0
 11
197.323665
 21
12.656438
 31
0.0
  0
LINE
  8
0
  6
CONTINUOUS
 10
197.323665
 20
12.656438
 30
0.0
 11
197.282709
 21
12.690422
 31
0.0
  0
LINE
  8
0
  6
CONTINUOUS
 10
197.282709
 20
12.690422
 30
0.0
 11
197.243215
 21
12.722770
 31
0.0
  0
LINE
  8
0
  6
CONTINUOUS
 10
197.243215
 20
12.722770
 30
0.0
 11
197.205417
 21
12.753278
 31
0.0
  0
LINE
  8
0
  6
CONTINUOUS
 10
197.205417
 20
12.753278
 30
0.0
 11
197.169545
 21
12.781738
 31
0.0
  0
LINE
  8
0
  6
CONTINUOUS
 10
197.169545
 20
12.781738
 30
0.0
 11
197.135833
 21
12.807947
 31
0.0
  0
LINE
  8
0
  6
CONTINUOUS
 10
197.135833
 20
12.807947
 30
0.0
 11
197.104511
 21
12.831699
 31
0.0
  0
LINE
  8
0
  6
CONTINUOUS
 10
197.104511
 20
12.831699
 30
0.0
 11
196.923146
 21
12.962091
 31
0.0
  0
LINE
  8
0
  6
CONTINUOUS
 10
196.923146
 20
12.962091
 30
0.0
 11
196.736947
 21
13.085905
 31
0.0
  0
LINE
  8
0
  6
CONTINUOUS
 10
196.736947
 20
13.085905
 30
0.0
 11
196.546200
 21
13.203075
 31
0.0
  0
LINE
  8
0
  6
CONTINUOUS
 10
196.546200
 20
13.203075
 30
0.0
 11
196.351195
 21
13.313534
 31
0.0
  0
LINE
  8
0
  6
CONTINUOUS
 10
196.351195
 20
13.313534
 30
0.0
 11
196.152217
 21
13.417217
 31
0.0
  0
LINE
  8
0
  6
CONTINUOUS
 10
196.152217
 20
13.417217
 30
0.0
 11
195.949555
 21
13.514056
 31
0.0
  0
LINE
  8
0
  6
CONTINUOUS
 10
195.949555
 20
13.514056
 30
0.0
 11
195.743497
 21
13.603985
 31
0.0
  0
LINE
  8
0
  6
CONTINUOUS
 10
195.743497
 20
13.603985
 30
0.0
 11
195.534329
 21
13.686938
 31
0.0
  0
LINE
  8
0
  6
CONTINUOUS
 10
195.534329
 20
13.686938
 30
0.0
 11
195.322341
 21
13.762848
 31
0.0
  0
LINE
  8
0
  6
CONTINUOUS
 10
195.322341
 20
13.762848
 30
0.0
 11
195.107819
 21
13.831649
 31
0.0
  0
LINE
  8
0
  6
CONTINUOUS
 10
195.107819
 20
13.831649
 30
0.0
 11
194.891052
 21
13.893273
 31
0.0
  0
LINE
  8
0
  6
CONTINUOUS
 10
194.891052
 20
13.893273
 30
0.0
 11
194.672326
 21
13.947656
 31
0.0
  0
LINE
  8
0
  6
CONTINUOUS
 10
194.672326
 20
13.947656
 30
0.0
 11
194.451930
 21
13.994729
 31
0.0
  0
LINE
  8
0
  6
CONTINUOUS
 10
194.451930
 20
13.994729
 30
0.0
 11
194.230151
 21
14.034428
 31
0.0
  0
LINE
  8
0
  6
CONTINUOUS
 10
194.230151
 20
14.034428
 30
0.0
 11
194.007277
 21
14.066685
 31
0.0
  0
LINE
  8
0
  6
CONTINUOUS
 10
194.007277
 20
14.066685
 30
0.0
 11
193.783596
 21
14.091434
 31
0.0
  0
LINE
  8
0
  6
CONTINUOUS
 10
193.783596
 20
14.091434
 30
0.0
 11
193.559395
 21
14.108609
 31
0.0
  0
LINE
  8
0
  6
CONTINUOUS
 10
193.559395
 20
14.108609
 30
0.0
 11
193.334962
 21
14.118143
 31
0.0
  0
LINE
  8
0
  6
CONTINUOUS
 10
193.334962
 20
14.118143
 30
0.0
 11
193.110585
 21
14.119968
 31
0.0
  0
LINE
  8
0
  6
CONTINUOUS
 10
193.110585
 20
14.119968
 30
0.0
 11
192.886551
 21
14.114020
 31
0.0
  0
LINE
  8
0
  6
CONTINUOUS
 10
192.886551
 20
14.114020
 30
0.0
 11
192.663148
 21
14.100232
 31
0.0
  0
LINE
  8
0
  6
CONTINUOUS
 10
192.663148
 20
14.100232
 30
0.0
 11
192.440664
 21
14.078537
 31
0.0
  0
LINE
  8
0
  6
CONTINUOUS
 10
192.440664
 20
14.078537
 30
0.0
 11
192.219386
 21
14.048868
 31
0.0
  0
LINE
  8
0
  6
CONTINUOUS
 10
192.219386
 20
14.048868
 30
0.0
 11
191.999603
 21
14.011159
 31
0.0
  0
LINE
  8
0
  6
CONTINUOUS
 10
191.999603
 20
14.011159
 30
0.0
 11
191.754968
 21
13.959665
 31
0.0
  0
LINE
  8
0
  6
CONTINUOUS
 10
191.754968
 20
13.959665
 30
0.0
 11
191.513382
 21
13.899143
 31
0.0
  0
LINE
  8
0
  6
CONTINUOUS
 10
191.513382
 20
13.899143
 30
0.0
 11
191.275060
 21
13.829756
 31
0.0
  0
LINE
  8
0
  6
CONTINUOUS
 10
191.275060
 20
13.829756
 30
0.0
 11
191.040220
 21
13.751662
 31
0.0
  0
LINE
  8
0
  6
CONTINUOUS
 10
191.040220
 20
13.751662
 30
0.0
 11
190.809076
 21
13.665023
 31
0.0
  0
LINE
  8
0
  6
CONTINUOUS
 10
190.809076
 20
13.665023
 30
0.0
 11
190.581848
 21
13.569999
 31
0.0
  0
LINE
  8
0
  6
CONTINUOUS
 10
190.581848
 20
13.569999
 30
0.0
 11
190.358751
 21
13.466750
 31
0.0
  0
LINE
  8
0
  6
CONTINUOUS
 10
190.358751
 20
13.466750
 30
0.0
 11
190.140002
 21
13.355439
 31
0.0
  0
LINE
  8
0
  6
CONTINUOUS
 10
190.140002
 20
13.355439
 30
0.0
 11
189.925817
 21
13.236224
 31
0.0
  0
LINE
  8
0
  6
CONTINUOUS
 10
189.925817
 20
13.236224
 30
0.0
 11
189.716414
 21
13.109267
 31
0.0
  0
LINE
  8
0
  6
CONTINUOUS
 10
189.716414
 20
13.109267
 30
0.0
 11
189.512011
 21
12.974729
 31
0.0
  0
LINE
  8
0
  6
CONTINUOUS
 10
189.512011
 20
12.974729
 30
0.0
 11
189.312821
 21
12.832769
 31
0.0
  0
LINE
  8
0
  6
CONTINUOUS
 10
189.312821
 20
12.832769
 30
0.0
 11
189.119064
 21
12.683549
 31
0.0
  0
LINE
  8
0
  6
CONTINUOUS
 10
189.119064
 20
12.683549
 30
0.0
 11
188.930955
 21
12.527229
 31
0.0
  0
LINE
  8
0
  6
CONTINUOUS
 10
188.930955
 20
12.527229
 30
0.0
 11
188.748712
 21
12.363970
 31
0.0
  0
LINE
  8
0
  6
CONTINUOUS
 10
188.748712
 20
12.363970
 30
0.0
 11
188.572550
 21
12.193933
 31
0.0
  0
LINE
  8
0
  6
CONTINUOUS
 10
188.572550
 20
12.193933
 30
0.0
 11
188.402688
 21
12.017277
 31
0.0
  0
LINE
  8
0
  6
CONTINUOUS
 10
188.402688
 20
12.017277
 30
0.0
 11
188.239341
 21
11.834164
 31
0.0
  0
LINE
  8
0
  6
CONTINUOUS
 10
188.239341
 20
11.834164
 30
0.0
 11
188.082726
 21
11.644755
 31
0.0
  0
LINE
  8
0
  6
CONTINUOUS
 10
188.082726
 20
11.644755
 30
0.0
 11
187.933062
 21
11.449210
 31
0.0
  0
LINE
  8
0
  6
CONTINUOUS
 10
187.933062
 20
11.449210
 30
0.0
 11
187.790562
 21
11.247688
 31
0.0
  0
LINE
  8
0
  6
CONTINUOUS
 10
187.790562
 20
11.247688
 30
0.0
 11
187.655445
 21
11.040353
 31
0.0
  0
LINE
  8
0
  6
CONTINUOUS
 10
187.655445
 20
11.040353
 30
0.0
 11
187.527928
 21
10.827362
 31
0.0
  0
LINE
  8
0
  6
CONTINUOUS
 10
187.527928
 20
10.827362
 30
0.0
 11
187.408227
 21
10.608879
 31
0.0
  0
LINE
  8
0
  6
CONTINUOUS
 10
187.408227
 20
10.608879
 30
0.0
 11
187.283920
 21
10.358561
 31
0.0
  0
LINE
  8
0
  6
CONTINUOUS
 10
187.283920
 20
10.358561
 30
0.0
 11
187.171000
 21
10.104765
 31
0.0
  0
LINE
  8
0
  6
CONTINUOUS
 10
187.171000
 20
10.104765
 30
0.0
 11
187.069461
 21
9.847805
 31
0.0
  0
LINE
  8
0
  6
CONTINUOUS
 10
187.069461
 20
9.847805
 30
0.0
 11
186.979296
 21
9.587994
 31
0.0
  0
LINE
  8
0
  6
CONTINUOUS
 10
186.979296
 20
9.587994
 30
0.0
 11
186.900496
 21
9.325646
 31
0.0
  0
LINE
  8
0
  6
CONTINUOUS
 10
186.900496
 20
9.325646
 30
0.0
 11
186.833056
 21
9.061074
 31
0.0
  0
LINE
  8
0
  6
CONTINUOUS
 10
186.833056
 20
9.061074
 30
0.0
 11
186.776967
 21
8.794593
 31
0.0
  0
LINE
  8
0
  6
CONTINUOUS
 10
186.776967
 20
8.794593
 30
0.0
 11
186.732221
 21
8.526516
 31
0.0
  0
LINE
  8
0
  6
CONTINUOUS
 10
186.732221
 20
8.526516
 30
0.0
 11
186.698814
 21
8.257156
 31
0.0
  0
LINE
  8
0
  6
CONTINUOUS
 10
186.698814
 20
8.257156
 30
0.0
 11
186.676737
 21
7.986826
 31
0.0
  0
LINE
  8
0
  6
CONTINUOUS
 10
186.676737
 20
7.986826
 30
0.0
 11
186.665982
 21
7.715842
 31
0.0
  0
LINE
  8
0
  6
CONTINUOUS
 10
186.665982
 20
7.715842
 30
0.0
 11
186.666544
 21
7.444515
 31
0.0
  0
LINE
  8
0
  6
CONTINUOUS
 10
186.666544
 20
7.444515
 30
0.0
 11
186.678414
 21
7.173161
 31
0.0
  0
LINE
  8
0
  6
CONTINUOUS
 10
186.678414
 20
7.173161
 30
0.0
 11
186.701585
 21
6.902091
 31
0.0
  0
LINE
  8
0
  6
CONTINUOUS
 10
186.701585
 20
6.902091
 30
0.0
 11
186.736051
 21
6.631621
 31
0.0
  0
LINE
  8
0
  6
CONTINUOUS
 10
186.736051
 20
6.631621
 30
0.0
 11
186.781803
 21
6.362063
 31
0.0
  0
LINE
  8
0
  6
CONTINUOUS
 10
186.781803
 20
6.362063
 30
0.0
 11
186.838836
 21
6.093730
 31
0.0
  0
LINE
  8
0
  6
CONTINUOUS
 10
186.838836
 20
6.093730
 30
0.0
 11
186.907141
 21
5.826939
 31
0.0
  0
LINE
  8
0
  6
CONTINUOUS
 10
186.907141
 20
5.826939
 30
0.0
 11
186.986712
 21
5.561999
 31
0.0
  0
LINE
  8
0
  6
CONTINUOUS
 10
186.986712
 20
5.561999
 30
0.0
 11
187.077541
 21
5.299227
 31
0.0
  0
LINE
  8
0
  6
CONTINUOUS
 10
187.077541
 20
5.299227
 30
0.0
 11
187.179620
 21
5.038937
 31
0.0
  0
LINE
  8
0
  6
CONTINUOUS
 10
187.179620
 20
5.038937
 30
0.0
 11
187.292944
 21
4.781439
 31
0.0
  0
LINE
  8
0
  6
CONTINUOUS
 10
187.292944
 20
4.781439
 30
0.0
 11
187.417505
 21
4.527049
 31
0.0
  0
LINE
  8
0
  6
CONTINUOUS
 10
187.417505
 20
4.527049
 30
0.0
 11
187.553295
 21
4.276081
 31
0.0
  0
LINE
  8
0
  6
CONTINUOUS
 10
187.553295
 20
4.276081
 30
0.0
 11
187.565859
 21
4.254051
 31
0.0
  0
LINE
  8
0
  6
CONTINUOUS
 10
187.565859
 20
4.254051
 30
0.0
 11
187.578517
 21
4.232069
 31
0.0
  0
LINE
  8
0
  6
CONTINUOUS
 10
187.578517
 20
4.232069
 30
0.0
 11
187.591228
 21
4.210194
 31
0.0
  0
LINE
  8
0
  6
CONTINUOUS
 10
187.591228
 20
4.210194
 30
0.0
 11
187.603958
 21
4.188488
 31
0.0
  0
LINE
  8
0
  6
CONTINUOUS
 10
187.603958
 20
4.188488
 30
0.0
 11
187.616666
 21
4.167008
 31
0.0
  0
LINE
  8
0
  6
CONTINUOUS
 10
187.616666
 20
4.167008
 30
0.0
 11
187.629314
 21
4.145817
 31
0.0
  0
LINE
  8
0
  6
CONTINUOUS
 10
187.629314
 20
4.145817
 30
0.0
 11
187.641867
 21
4.124973
 31
0.0
  0
LINE
  8
0
  6
CONTINUOUS
 10
187.641867
 20
4.124973
 30
0.0
 11
187.654283
 21
4.104537
 31
0.0
  0
LINE
  8
0
  6
CONTINUOUS
 10
187.654283
 20
4.104537
 30
0.0
 11
187.666527
 21
4.084568
 31
0.0
  0
LINE
  8
0
  6
CONTINUOUS
 10
187.666527
 20
4.084568
 30
0.0
 11
187.678560
 21
4.065125
 31
0.0
  0
LINE
  8
0
  6
CONTINUOUS
 10
187.678560
 20
4.065125
 30
0.0
 11
187.690342
 21
4.046269
 31
0.0
  0
LINE
  8
0
  6
CONTINUOUS
 10
187.690342
 20
4.046269
 30
0.0
 11
187.701839
 21
4.028061
 31
0.0
  0
LINE
  8
0
  6
CONTINUOUS
 10
187.701839
 20
4.028061
 30
0.0
 11
187.713010
 21
4.010559
 31
0.0
  0
LINE
  8
0
  6
CONTINUOUS
 10
187.713010
 20
4.010559
 30
0.0
 11
187.723818
 21
3.993824
 31
0.0
  0
LINE
  8
0
  6
CONTINUOUS
 10
187.723818
 20
3.993824
 30
0.0
 11
187.734224
 21
3.977915
 31
0.0
  0
LINE
  8
0
  6
CONTINUOUS
 10
187.734224
 20
3.977915
 30
0.0
 11
187.744191
 21
3.962893
 31
0.0
  0
LINE
  8
0
  6
CONTINUOUS
 10
187.744191
 20
3.962893
 30
0.0
 11
187.753681
 21
3.948817
 31
0.0
  0
LINE
  8
0
  6
CONTINUOUS
 10
187.753681
 20
3.948817
 30
0.0
 11
187.762656
 21
3.935748
 31
0.0
  0
LINE
  8
0
  6
CONTINUOUS
 10
187.762656
 20
3.935748
 30
0.0
 11
187.771077
 21
3.923745
 31
0.0
  0
LINE
  8
0
  6
CONTINUOUS
 10
187.771077
 20
3.923745
 30
0.0
 11
187.778907
 21
3.912867
 31
0.0
  0
LINE
  8
0
  6
CONTINUOUS
 10
187.778907
 20
3.912867
 30
0.0
 11
187.786108
 21
3.903175
 31
0.0
  0
LINE
  8
0
  6
CONTINUOUS
 10
187.786108
 20
3.903175
 30
0.0
 11
187.792641
 21
3.894730
 31
0.0
  0
LINE
  8
0
  6
CONTINUOUS
 10
187.792641
 20
3.894730
 30
0.0
 11
187.798469
 21
3.887590
 31
0.0
  0
LINE
  8
0
  6
CONTINUOUS
 10
187.798469
 20
3.887590
 30
0.0
 11
187.803554
 21
3.881816
 31
0.0
  0
LINE
  8
0
  6
CONTINUOUS
 10
188.308561
 20
3.825689
 30
0.0
 11
188.340083
 21
3.827060
 31
0.0
  0
LINE
  8
0
  6
CONTINUOUS
 10
188.340083
 20
3.827060
 30
0.0
 11
188.372007
 21
3.828641
 31
0.0
  0
LINE
  8
0
  6
CONTINUOUS
 10
188.372007
 20
3.828641
 30
0.0
 11
188.404249
 21
3.830421
 31
0.0
  0
LINE
  8
0
  6
CONTINUOUS
 10
188.404249
 20
3.830421
 30
0.0
 11
188.436725
 21
3.832392
 31
0.0
  0
LINE
  8
0
  6
CONTINUOUS
 10
188.436725
 20
3.832392
 30
0.0
 11
188.469349
 21
3.834545
 31
0.0
  0
LINE
  8
0
  6
CONTINUOUS
 10
188.469349
 20
3.834545
 30
0.0
 11
188.502038
 21
3.836871
 31
0.0
  0
LINE
  8
0
  6
CONTINUOUS
 10
188.502038
 20
3.836871
 30
0.0
 11
188.534706
 21
3.839362
 31
0.0
  0
LINE
  8
0
  6
CONTINUOUS
 10
188.534706
 20
3.839362
 30
0.0
 11
188.567269
 21
3.842009
 31
0.0
  0
LINE
  8
0
  6
CONTINUOUS
 10
188.567269
 20
3.842009
 30
0.0
 11
188.599642
 21
3.844802
 31
0.0
  0
LINE
  8
0
  6
CONTINUOUS
 10
188.599642
 20
3.844802
 30
0.0
 11
188.631741
 21
3.847733
 31
0.0
  0
LINE
  8
0
  6
CONTINUOUS
 10
188.631741
 20
3.847733
 30
0.0
 11
188.663480
 21
3.850793
 31
0.0
  0
LINE
  8
0
  6
CONTINUOUS
 10
188.663480
 20
3.850793
 30
0.0
 11
188.694777
 21
3.853974
 31
0.0
  0
LINE
  8
0
  6
CONTINUOUS
 10
188.694777
 20
3.853974
 30
0.0
 11
188.725544
 21
3.857266
 31
0.0
  0
LINE
  8
0
  6
CONTINUOUS
 10
188.725544
 20
3.857266
 30
0.0
 11
188.755699
 21
3.860661
 31
0.0
  0
LINE
  8
0
  6
CONTINUOUS
 10
188.755699
 20
3.860661
 30
0.0
 11
188.785156
 21
3.864150
 31
0.0
  0
LINE
  8
0
  6
CONTINUOUS
 10
188.785156
 20
3.864150
 30
0.0
 11
188.813831
 21
3.867724
 31
0.0
  0
LINE
  8
0
  6
CONTINUOUS
 10
188.813831
 20
3.867724
 30
0.0
 11
188.841640
 21
3.871374
 31
0.0
  0
LINE
  8
0
  6
CONTINUOUS
 10
188.841640
 20
3.871374
 30
0.0
 11
188.868496
 21
3.875092
 31
0.0
  0
LINE
  8
0
  6
CONTINUOUS
 10
188.868496
 20
3.875092
 30
0.0
 11
188.894317
 21
3.878867
 31
0.0
  0
LINE
  8
0
  6
CONTINUOUS
 10
188.894317
 20
3.878867
 30
0.0
 11
188.919015
 21
3.882693
 31
0.0
  0
LINE
  8
0
  6
CONTINUOUS
 10
188.919015
 20
3.882693
 30
0.0
 11
188.942510
 21
3.886559
 31
0.0
  0
LINE
  8
0
  6
CONTINUOUS
 10
188.942510
 20
3.886559
 30
0.0
 11
188.964714
 21
3.890458
 31
0.0
  0
LINE
  8
0
  6
CONTINUOUS
 10
188.964714
 20
3.890458
 30
0.0
 11
188.985543
 21
3.894380
 31
0.0
  0
LINE
  8
0
  6
CONTINUOUS
 10
188.985543
 20
3.894380
 30
0.0
 11
189.004913
 21
3.898316
 31
0.0
  0
LINE
  8
0
  6
CONTINUOUS
 10
207.166009
 20
2.528665
 30
0.0
 11
207.167254
 21
2.533855
 31
0.0
  0
LINE
  8
0
  6
CONTINUOUS
 10
207.167254
 20
2.533855
 30
0.0
 11
207.170934
 21
2.543950
 31
0.0
  0
LINE
  8
0
  6
CONTINUOUS
 10
207.170934
 20
2.543950
 30
0.0
 11
207.176969
 21
2.558776
 31
0.0
  0
LINE
  8
0
  6
CONTINUOUS
 10
207.176969
 20
2.558776
 30
0.0
 11
207.185275
 21
2.578163
 31
0.0
  0
LINE
  8
0
  6
CONTINUOUS
 10
207.185275
 20
2.578163
 30
0.0
 11
207.195772
 21
2.601937
 31
0.0
  0
LINE
  8
0
  6
CONTINUOUS
 10
207.195772
 20
2.601937
 30
0.0
 11
207.208380
 21
2.629929
 31
0.0
  0
LINE
  8
0
  6
CONTINUOUS
 10
207.208380
 20
2.629929
 30
0.0
 11
207.223014
 21
2.661965
 31
0.0
  0
LINE
  8
0
  6
CONTINUOUS
 10
207.223014
 20
2.661965
 30
0.0
 11
207.239593
 21
2.697875
 31
0.0
  0
LINE
  8
0
  6
CONTINUOUS
 10
207.239593
 20
2.697875
 30
0.0
 11
207.258039
 21
2.737485
 31
0.0
  0
LINE
  8
0
  6
CONTINUOUS
 10
207.258039
 20
2.737485
 30
0.0
 11
207.278266
 21
2.780627
 31
0.0
  0
LINE
  8
0
  6
CONTINUOUS
 10
207.278266
 20
2.780627
 30
0.0
 11
207.300195
 21
2.827125
 31
0.0
  0
LINE
  8
0
  6
CONTINUOUS
 10
207.300195
 20
2.827125
 30
0.0
 11
207.323744
 21
2.876811
 31
0.0
  0
LINE
  8
0
  6
CONTINUOUS
 10
207.323744
 20
2.876811
 30
0.0
 11
207.348831
 21
2.929511
 31
0.0
  0
LINE
  8
0
  6
CONTINUOUS
 10
207.348831
 20
2.929511
 30
0.0
 11
207.375375
 21
2.985054
 31
0.0
  0
LINE
  8
0
  6
CONTINUOUS
 10
207.375375
 20
2.985054
 30
0.0
 11
207.403294
 21
3.043268
 31
0.0
  0
LINE
  8
0
  6
CONTINUOUS
 10
207.403294
 20
3.043268
 30
0.0
 11
207.432506
 21
3.103982
 31
0.0
  0
LINE
  8
0
  6
CONTINUOUS
 10
207.432506
 20
3.103982
 30
0.0
 11
207.462929
 21
3.167023
 31
0.0
  0
LINE
  8
0
  6
CONTINUOUS
 10
207.462929
 20
3.167023
 30
0.0
 11
207.494484
 21
3.232220
 31
0.0
  0
LINE
  8
0
  6
CONTINUOUS
 10
207.494484
 20
3.232220
 30
0.0
 11
207.527088
 21
3.299401
 31
0.0
  0
LINE
  8
0
  6
CONTINUOUS
 10
207.527088
 20
3.299401
 30
0.0
 11
207.560658
 21
3.368396
 31
0.0
  0
LINE
  8
0
  6
CONTINUOUS
 10
207.560658
 20
3.368396
 30
0.0
 11
207.595114
 21
3.439031
 31
0.0
  0
LINE
  8
0
  6
CONTINUOUS
 10
207.595114
 20
3.439031
 30
0.0
 11
207.630373
 21
3.511135
 31
0.0
  0
LINE
  8
0
  6
CONTINUOUS
 10
207.630373
 20
3.511135
 30
0.0
 11
207.666356
 21
3.584537
 31
0.0
  0
LINE
  8
0
  6
CONTINUOUS
 10
207.666356
 20
3.584537
 30
0.0
 11
207.702980
 21
3.659065
 31
0.0
  0
LINE
  8
0
  6
CONTINUOUS
 10
207.702980
 20
3.659065
 30
0.0
 11
207.739597
 21
3.733602
 31
0.0
  0
LINE
  8
0
  6
CONTINUOUS
 10
207.739597
 20
3.733602
 30
0.0
 11
207.775562
 21
3.807032
 31
0.0
  0
LINE
  8
0
  6
CONTINUOUS
 10
207.775562
 20
3.807032
 30
0.0
 11
207.810793
 21
3.879184
 31
0.0
  0
LINE
  8
0
  6
CONTINUOUS
 10
207.810793
 20
3.879184
 30
0.0
 11
207.845209
 21
3.949883
 31
0.0
  0
LINE
  8
0
  6
CONTINUOUS
 10
207.845209
 20
3.949883
 30
0.0
 11
207.878728
 21
4.018959
 31
0.0
  0
LINE
  8
0
  6
CONTINUOUS
 10
207.878728
 20
4.018959
 30
0.0
 11
207.911271
 21
4.086240
 31
0.0
  0
LINE
  8
0
  6
CONTINUOUS
 10
207.911271
 20
4.086240
 30
0.0
 11
207.942754
 21
4.151551
 31
0.0
  0
LINE
  8
0
  6
CONTINUOUS
 10
207.942754
 20
4.151551
 30
0.0
 11
207.973099
 21
4.214722
 31
0.0
  0
LINE
  8
0
  6
CONTINUOUS
 10
207.973099
 20
4.214722
 30
0.0
 11
208.002222
 21
4.275580
 31
0.0
  0
LINE
  8
0
  6
CONTINUOUS
 10
208.002222
 20
4.275580
 30
0.0
 11
208.030043
 21
4.333951
 31
0.0
  0
LINE
  8
0
  6
CONTINUOUS
 10
208.030043
 20
4.333951
 30
0.0
 11
208.056480
 21
4.389666
 31
0.0
  0
LINE
  8
0
  6
CONTINUOUS
 10
208.056480
 20
4.389666
 30
0.0
 11
208.081453
 21
4.442549
 31
0.0
  0
LINE
  8
0
  6
CONTINUOUS
 10
208.081453
 20
4.442549
 30
0.0
 11
208.104880
 21
4.492430
 31
0.0
  0
LINE
  8
0
  6
CONTINUOUS
 10
208.104880
 20
4.492430
 30
0.0
 11
208.126681
 21
4.539136
 31
0.0
  0
LINE
  8
0
  6
CONTINUOUS
 10
208.126681
 20
4.539136
 30
0.0
 11
208.146774
 21
4.582495
 31
0.0
  0
LINE
  8
0
  6
CONTINUOUS
 10
208.146774
 20
4.582495
 30
0.0
 11
208.165078
 21
4.622335
 31
0.0
  0
LINE
  8
0
  6
CONTINUOUS
 10
208.165078
 20
4.622335
 30
0.0
 11
208.181511
 21
4.658481
 31
0.0
  0
LINE
  8
0
  6
CONTINUOUS
 10
208.181511
 20
4.658481
 30
0.0
 11
208.195992
 21
4.690763
 31
0.0
  0
LINE
  8
0
  6
CONTINUOUS
 10
208.195992
 20
4.690763
 30
0.0
 11
208.208442
 21
4.719010
 31
0.0
  0
LINE
  8
0
  6
CONTINUOUS
 10
208.208442
 20
4.719010
 30
0.0
 11
208.218776
 21
4.743046
 31
0.0
  0
LINE
  8
0
  6
CONTINUOUS
 10
208.218776
 20
4.743046
 30
0.0
 11
208.226917
 21
4.762701
 31
0.0
  0
LINE
  8
0
  6
CONTINUOUS
 10
208.226917
 20
4.762701
 30
0.0
 11
208.232780
 21
4.777803
 31
0.0
  0
LINE
  8
0
  6
CONTINUOUS
 10
208.232780
 20
4.777803
 30
0.0
 11
208.236287
 21
4.788179
 31
0.0
  0
LINE
  8
0
  6
CONTINUOUS
 10
208.236287
 20
4.788179
 30
0.0
 11
208.237354
 21
4.793655
 31
0.0
  0
LINE
  8
0
  6
CONTINUOUS
 10
208.237354
 20
4.793655
 30
0.0
 11
208.235505
 21
4.800767
 31
0.0
  0
LINE
  8
0
  6
CONTINUOUS
 10
208.235505
 20
4.800767
 30
0.0
 11
208.230385
 21
4.815975
 31
0.0
  0
LINE
  8
0
  6
CONTINUOUS
 10
208.230385
 20
4.815975
 30
0.0
 11
208.222105
 21
4.839001
 31
0.0
  0
LINE
  8
0
  6
CONTINUOUS
 10
208.222105
 20
4.839001
 30
0.0
 11
208.210776
 21
4.869564
 31
0.0
  0
LINE
  8
0
  6
CONTINUOUS
 10
208.210776
 20
4.869564
 30
0.0
 11
208.196508
 21
4.907386
 31
0.0
  0
LINE
  8
0
  6
CONTINUOUS
 10
208.196508
 20
4.907386
 30
0.0
 11
208.179409
 21
4.952186
 31
0.0
  0
LINE
  8
0
  6
CONTINUOUS
 10
208.179409
 20
4.952186
 30
0.0
 11
208.159591
 21
5.003686
 31
0.0
  0
LINE
  8
0
  6
CONTINUOUS
 10
208.159591
 20
5.003686
 30
0.0
 11
208.137164
 21
5.061607
 31
0.0
  0
LINE
  8
0
  6
CONTINUOUS
 10
208.137164
 20
5.061607
 30
0.0
 11
208.112237
 21
5.125667
 31
0.0
  0
LINE
  8
0
  6
CONTINUOUS
 10
208.112237
 20
5.125667
 30
0.0
 11
208.084920
 21
5.195589
 31
0.0
  0
LINE
  8
0
  6
CONTINUOUS
 10
208.084920
 20
5.195589
 30
0.0
 11
208.055324
 21
5.271092
 31
0.0
  0
LINE
  8
0
  6
CONTINUOUS
 10
208.055324
 20
5.271092
 30
0.0
 11
208.023558
 21
5.351896
 31
0.0
  0
LINE
  8
0
  6
CONTINUOUS
 10
208.023558
 20
5.351896
 30
0.0
 11
207.989733
 21
5.437724
 31
0.0
  0
LINE
  8
0
  6
CONTINUOUS
 10
207.989733
 20
5.437724
 30
0.0
 11
207.953958
 21
5.528294
 31
0.0
  0
LINE
  8
0
  6
CONTINUOUS
 10
207.953958
 20
5.528294
 30
0.0
 11
207.916343
 21
5.623328
 31
0.0
  0
LINE
  8
0
  6
CONTINUOUS
 10
207.916343
 20
5.623328
 30
0.0
 11
207.876999
 21
5.722547
 31
0.0
  0
LINE
  8
0
  6
CONTINUOUS
 10
207.876999
 20
5.722547
 30
0.0
 11
207.836035
 21
5.825670
 31
0.0
  0
LINE
  8
0
  6
CONTINUOUS
 10
207.836035
 20
5.825670
 30
0.0
 11
207.793562
 21
5.932418
 31
0.0
  0
LINE
  8
0
  6
CONTINUOUS
 10
207.793562
 20
5.932418
 30
0.0
 11
207.749689
 21
6.042512
 31
0.0
  0
LINE
  8
0
  6
CONTINUOUS
 10
207.749689
 20
6.042512
 30
0.0
 11
207.704527
 21
6.155673
 31
0.0
  0
LINE
  8
0
  6
CONTINUOUS
 10
207.704527
 20
6.155673
 30
0.0
 11
207.658185
 21
6.271620
 31
0.0
  0
LINE
  8
0
  6
CONTINUOUS
 10
207.658185
 20
6.271620
 30
0.0
 11
207.610774
 21
6.390073
 31
0.0
  0
LINE
  8
0
  6
CONTINUOUS
 10
207.610774
 20
6.390073
 30
0.0
 11
207.562404
 21
6.510756
 31
0.0
  0
LINE
  8
0
  6
CONTINUOUS
 10
207.562404
 20
6.510756
 30
0.0
 11
207.513184
 21
6.633386
 31
0.0
  0
LINE
  8
0
  6
CONTINUOUS
 10
207.513184
 20
6.633386
 30
0.0
 11
207.463969
 21
6.756041
 31
0.0
  0
LINE
  8
0
  6
CONTINUOUS
 10
207.463969
 20
6.756041
 30
0.0
 11
207.415616
 21
6.876797
 31
0.0
  0
LINE
  8
0
  6
CONTINUOUS
 10
207.415616
 20
6.876797
 30
0.0
 11
207.368234
 21
6.995371
 31
0.0
  0
LINE
  8
0
  6
CONTINUOUS
 10
207.368234
 20
6.995371
 30
0.0
 11
207.321933
 21
7.111483
 31
0.0
  0
LINE
  8
0
  6
CONTINUOUS
 10
207.321933
 20
7.111483
 30
0.0
 11
207.276821
 21
7.224852
 31
0.0
  0
LINE
  8
0
  6
CONTINUOUS
 10
207.276821
 20
7.224852
 30
0.0
 11
207.233009
 21
7.335197
 31
0.0
  0
LINE
  8
0
  6
CONTINUOUS
 10
207.233009
 20
7.335197
 30
0.0
 11
207.190607
 21
7.442235
 31
0.0
  0
LINE
  8
0
  6
CONTINUOUS
 10
207.190607
 20
7.442235
 30
0.0
 11
207.149724
 21
7.545688
 31
0.0
  0
LINE
  8
0
  6
CONTINUOUS
 10
207.149724
 20
7.545688
 30
0.0
 11
207.110469
 21
7.645273
 31
0.0
  0
LINE
  8
0
  6
CONTINUOUS
 10
207.110469
 20
7.645273
 30
0.0
 11
207.072952
 21
7.740709
 31
0.0
  0
LINE
  8
0
  6
CONTINUOUS
 10
207.072952
 20
7.740709
 30
0.0
 11
207.037283
 21
7.831715
 31
0.0
  0
LINE
  8
0
  6
CONTINUOUS
 10
207.037283
 20
7.831715
 30
0.0
 11
207.003571
 21
7.918010
 31
0.0
  0
LINE
  8
0
  6
CONTINUOUS
 10
207.003571
 20
7.918010
 30
0.0
 11
206.971927
 21
7.999314
 31
0.0
  0
LINE
  8
0
  6
CONTINUOUS
 10
206.971927
 20
7.999314
 30
0.0
 11
206.942458
 21
8.075344
 31
0.0
  0
LINE
  8
0
  6
CONTINUOUS
 10
206.942458
 20
8.075344
 30
0.0
 11
206.915278
 21
8.145820
 31
0.0
  0
LINE
  8
0
  6
CONTINUOUS
 10
206.915278
 20
8.145820
 30
0.0
 11
206.890492
 21
8.210461
 31
0.0
  0
LINE
  8
0
  6
CONTINUOUS
 10
206.890492
 20
8.210461
 30
0.0
 11
206.868211
 21
8.268985
 31
0.0
  0
LINE
  8
0
  6
CONTINUOUS
 10
206.868211
 20
8.268985
 30
0.0
 11
206.848545
 21
8.321112
 31
0.0
  0
LINE
  8
0
  6
CONTINUOUS
 10
206.848545
 20
8.321112
 30
0.0
 11
206.831605
 21
8.366561
 31
0.0
  0
LINE
  8
0
  6
CONTINUOUS
 10
206.831605
 20
8.366561
 30
0.0
 11
206.817499
 21
8.405050
 31
0.0
  0
LINE
  8
0
  6
CONTINUOUS
 10
206.817499
 20
8.405050
 30
0.0
 11
206.806336
 21
8.436298
 31
0.0
  0
LINE
  8
0
  6
CONTINUOUS
 10
206.806336
 20
8.436298
 30
0.0
 11
206.798227
 21
8.460024
 31
0.0
  0
LINE
  8
0
  6
CONTINUOUS
 10
206.798227
 20
8.460024
 30
0.0
 11
206.793282
 21
8.475947
 31
0.0
  0
LINE
  8
0
  6
CONTINUOUS
 10
206.793282
 20
8.475947
 30
0.0
 11
206.791609
 21
8.483786
 31
0.0
  0
LINE
  8
0
  6
CONTINUOUS
 10
206.791609
 20
8.483786
 30
0.0
 11
206.791801
 21
8.489870
 31
0.0
  0
LINE
  8
0
  6
CONTINUOUS
 10
206.791801
 20
8.489870
 30
0.0
 11
206.792500
 21
8.495479
 31
0.0
  0
LINE
  8
0
  6
CONTINUOUS
 10
206.792500
 20
8.495479
 30
0.0
 11
206.793889
 21
8.500634
 31
0.0
  0
LINE
  8
0
  6
CONTINUOUS
 10
206.793889
 20
8.500634
 30
0.0
 11
206.796152
 21
8.505351
 31
0.0
  0
LINE
  8
0
  6
CONTINUOUS
 10
206.796152
 20
8.505351
 30
0.0
 11
206.799469
 21
8.509653
 31
0.0
  0
LINE
  8
0
  6
CONTINUOUS
 10
206.799469
 20
8.509653
 30
0.0
 11
206.804026
 21
8.513558
 31
0.0
  0
LINE
  8
0
  6
CONTINUOUS
 10
206.804026
 20
8.513558
 30
0.0
 11
206.810004
 21
8.517083
 31
0.0
  0
LINE
  8
0
  6
CONTINUOUS
 10
206.810004
 20
8.517083
 30
0.0
 11
206.817586
 21
8.520248
 31
0.0
  0
LINE
  8
0
  6
CONTINUOUS
 10
206.817586
 20
8.520248
 30
0.0
 11
206.826957
 21
8.523074
 31
0.0
  0
LINE
  8
0
  6
CONTINUOUS
 10
206.826957
 20
8.523074
 30
0.0
 11
206.838299
 21
8.525579
 31
0.0
  0
LINE
  8
0
  6
CONTINUOUS
 10
206.838299
 20
8.525579
 30
0.0
 11
206.851794
 21
8.527782
 31
0.0
  0
LINE
  8
0
  6
CONTINUOUS
 10
206.851794
 20
8.527782
 30
0.0
 11
206.867626
 21
8.529702
 31
0.0
  0
LINE
  8
0
  6
CONTINUOUS
 10
206.867626
 20
8.529702
 30
0.0
 11
206.885977
 21
8.531359
 31
0.0
  0
LINE
  8
0
  6
CONTINUOUS
 10
206.885977
 20
8.531359
 30
0.0
 11
206.907032
 21
8.532770
 31
0.0
  0
LINE
  8
0
  6
CONTINUOUS
 10
206.907032
 20
8.532770
 30
0.0
 11
206.930972
 21
8.533957
 31
0.0
  0
LINE
  8
0
  6
CONTINUOUS
 10
206.930972
 20
8.533957
 30
0.0
 11
206.957981
 21
8.534937
 31
0.0
  0
LINE
  8
0
  6
CONTINUOUS
 10
206.957981
 20
8.534937
 30
0.0
 11
206.988241
 21
8.535731
 31
0.0
  0
LINE
  8
0
  6
CONTINUOUS
 10
206.988241
 20
8.535731
 30
0.0
 11
207.021937
 21
8.536356
 31
0.0
  0
LINE
  8
0
  6
CONTINUOUS
 10
207.021937
 20
8.536356
 30
0.0
 11
207.059249
 21
8.536832
 31
0.0
  0
LINE
  8
0
  6
CONTINUOUS
 10
207.059249
 20
8.536832
 30
0.0
 11
207.100363
 21
8.537180
 31
0.0
  0
LINE
  8
0
  6
CONTINUOUS
 10
207.100363
 20
8.537180
 30
0.0
 11
207.145460
 21
8.537417
 31
0.0
  0
LINE
  8
0
  6
CONTINUOUS
 10
207.145460
 20
8.537417
 30
0.0
 11
207.194723
 21
8.537561
 31
0.0
  0
LINE
  8
0
  6
CONTINUOUS
 10
207.194723
 20
8.537561
 30
0.0
 11
207.248337
 21
8.537635
 31
0.0
  0
LINE
  8
0
  6
CONTINUOUS
 10
207.248337
 20
8.537635
 30
0.0
 11
207.306482
 21
8.537655
 31
0.0
  0
LINE
  8
0
  6
CONTINUOUS
 10
207.306482
 20
8.537655
 30
0.0
 11
207.352516
 21
8.537605
 31
0.0
  0
LINE
  8
0
  6
CONTINUOUS
 10
207.352516
 20
8.537605
 30
0.0
 11
207.396165
 21
8.537452
 31
0.0
  0
LINE
  8
0
  6
CONTINUOUS
 10
207.396165
 20
8.537452
 30
0.0
 11
207.437474
 21
8.537192
 31
0.0
  0
LINE
  8
0
  6
CONTINUOUS
 10
207.437474
 20
8.537192
 30
0.0
 11
207.476491
 21
8.536823
 31
0.0
  0
LINE
  8
0
  6
CONTINUOUS
 10
207.476491
 20
8.536823
 30
0.0
 11
207.513266
 21
8.536343
 31
0.0
  0
LINE
  8
0
  6
CONTINUOUS
 10
207.513266
 20
8.536343
 30
0.0
 11
207.547844
 21
8.535746
 31
0.0
  0
LINE
  8
0
  6
CONTINUOUS
 10
207.547844
 20
8.535746
 30
0.0
 11
207.580274
 21
8.535032
 31
0.0
  0
LINE
  8
0
  6
CONTINUOUS
 10
207.580274
 20
8.535032
 30
0.0
 11
207.610604
 21
8.534195
 31
0.0
  0
LINE
  8
0
  6
CONTINUOUS
 10
207.610604
 20
8.534195
 30
0.0
 11
207.638879
 21
8.533232
 31
0.0
  0
LINE
  8
0
  6
CONTINUOUS
 10
207.638879
 20
8.533232
 30
0.0
 11
207.665150
 21
8.532143
 31
0.0
  0
LINE
  8
0
  6
CONTINUOUS
 10
207.665150
 20
8.532143
 30
0.0
 11
207.689463
 21
8.530921
 31
0.0
  0
LINE
  8
0
  6
CONTINUOUS
 10
207.689463
 20
8.530921
 30
0.0
 11
207.711865
 21
8.529565
 31
0.0
  0
LINE
  8
0
  6
CONTINUOUS
 10
207.711865
 20
8.529565
 30
0.0
 11
207.732405
 21
8.528072
 31
0.0
  0
LINE
  8
0
  6
CONTINUOUS
 10
207.732405
 20
8.528072
 30
0.0
 11
207.751129
 21
8.526437
 31
0.0
  0
LINE
  8
0
  6
CONTINUOUS
 10
207.751129
 20
8.526437
 30
0.0
 11
207.768086
 21
8.524659
 31
0.0
  0
LINE
  8
0
  6
CONTINUOUS
 10
207.768086
 20
8.524659
 30
0.0
 11
207.783323
 21
8.522733
 31
0.0
  0
LINE
  8
0
  6
CONTINUOUS
 10
207.783323
 20
8.522733
 30
0.0
 11
207.796888
 21
8.520658
 31
0.0
  0
LINE
  8
0
  6
CONTINUOUS
 10
207.796888
 20
8.520658
 30
0.0
 11
207.808828
 21
8.518428
 31
0.0
  0
LINE
  8
0
  6
CONTINUOUS
 10
207.808828
 20
8.518428
 30
0.0
 11
207.819192
 21
8.516043
 31
0.0
  0
LINE
  8
0
  6
CONTINUOUS
 10
207.819192
 20
8.516043
 30
0.0
 11
207.828025
 21
8.513497
 31
0.0
  0
LINE
  8
0
  6
CONTINUOUS
 10
207.828025
 20
8.513497
 30
0.0
 11
207.835376
 21
8.510789
 31
0.0
  0
LINE
  8
0
  6
CONTINUOUS
 10
207.835376
 20
8.510789
 30
0.0
 11
207.841294
 21
8.507915
 31
0.0
  0
LINE
  8
0
  6
CONTINUOUS
 10
207.841294
 20
8.507915
 30
0.0
 11
207.845824
 21
8.504871
 31
0.0
  0
LINE
  8
0
  6
CONTINUOUS
 10
207.845824
 20
8.504871
 30
0.0
 11
207.849017
 21
8.501655
 31
0.0
  0
LINE
  8
0
  6
CONTINUOUS
 10
207.849017
 20
8.501655
 30
0.0
 11
207.858177
 21
8.483702
 31
0.0
  0
LINE
  8
0
  6
CONTINUOUS
 10
207.858177
 20
8.483702
 30
0.0
 11
207.874159
 21
8.445454
 31
0.0
  0
LINE
  8
0
  6
CONTINUOUS
 10
207.874159
 20
8.445454
 30
0.0
 11
207.896346
 21
8.388677
 31
0.0
  0
LINE
  8
0
  6
CONTINUOUS
 10
207.896346
 20
8.388677
 30
0.0
 11
207.924123
 21
8.315141
 31
0.0
  0
LINE
  8
0
  6
CONTINUOUS
 10
207.924123
 20
8.315141
 30
0.0
 11
207.956872
 21
8.226611
 31
0.0
  0
LINE
  8
0
  6
CONTINUOUS
 10
207.956872
 20
8.226611
 30
0.0
 11
207.993978
 21
8.124857
 31
0.0
  0
LINE
  8
0
  6
CONTINUOUS
 10
207.993978
 20
8.124857
 30
0.0
 11
208.034825
 21
8.011644
 31
0.0
  0
LINE
  8
0
  6
CONTINUOUS
 10
208.034825
 20
8.011644
 30
0.0
 11
208.078798
 21
7.888740
 31
0.0
  0
LINE
  8
0
  6
CONTINUOUS
 10
208.078798
 20
7.888740
 30
0.0
 11
208.125280
 21
7.757912
 31
0.0
  0
LINE
  8
0
  6
CONTINUOUS
 10
208.125280
 20
7.757912
 30
0.0
 11
208.173655
 21
7.620928
 31
0.0
  0
LINE
  8
0
  6
CONTINUOUS
 10
208.173655
 20
7.620928
 30
0.0
 11
208.223307
 21
7.479555
 31
0.0
  0
LINE
  8
0
  6
CONTINUOUS
 10
208.223307
 20
7.479555
 30
0.0
 11
208.273621
 21
7.335560
 31
0.0
  0
LINE
  8
0
  6
CONTINUOUS
 10
208.273621
 20
7.335560
 30
0.0
 11
208.323980
 21
7.190711
 31
0.0
  0
LINE
  8
0
  6
CONTINUOUS
 10
208.323980
 20
7.190711
 30
0.0
 11
208.373768
 21
7.046776
 31
0.0
  0
LINE
  8
0
  6
CONTINUOUS
 10
208.373768
 20
7.046776
 30
0.0
 11
208.422369
 21
6.905520
 31
0.0
  0
LINE
  8
0
  6
CONTINUOUS
 10
208.422369
 20
6.905520
 30
0.0
 11
208.469168
 21
6.768713
 31
0.0
  0
LINE
  8
0
  6
CONTINUOUS
 10
208.469168
 20
6.768713
 30
0.0
 11
208.513548
 21
6.638121
 31
0.0
  0
LINE
  8
0
  6
CONTINUOUS
 10
208.513548
 20
6.638121
 30
0.0
 11
208.554893
 21
6.515512
 31
0.0
  0
LINE
  8
0
  6
CONTINUOUS
 10
208.554893
 20
6.515512
 30
0.0
 11
208.592588
 21
6.402651
 31
0.0
  0
LINE
  8
0
  6
CONTINUOUS
 10
208.592588
 20
6.402651
 30
0.0
 11
208.626016
 21
6.301308
 31
0.0
  0
LINE
  8
0
  6
CONTINUOUS
 10
208.626016
 20
6.301308
 30
0.0
 11
208.654562
 21
6.213250
 31
0.0
  0
LINE
  8
0
  6
CONTINUOUS
 10
208.654562
 20
6.213250
 30
0.0
 11
208.677609
 21
6.140243
 31
0.0
  0
LINE
  8
0
  6
CONTINUOUS
 10
208.677609
 20
6.140243
 30
0.0
 11
208.694542
 21
6.084056
 31
0.0
  0
LINE
  8
0
  6
CONTINUOUS
 10
208.694542
 20
6.084056
 30
0.0
 11
208.704743
 21
6.046455
 31
0.0
  0
LINE
  8
0
  6
CONTINUOUS
 10
208.704743
 20
6.046455
 30
0.0
 11
208.708067
 21
6.032605
 31
0.0
  0
LINE
  8
0
  6
CONTINUOUS
 10
208.708067
 20
6.032605
 30
0.0
 11
208.711401
 21
6.018800
 31
0.0
  0
LINE
  8
0
  6
CONTINUOUS
 10
208.711401
 20
6.018800
 30
0.0
 11
208.714736
 21
6.005077
 31
0.0
  0
LINE
  8
0
  6
CONTINUOUS
 10
208.714736
 20
6.005077
 30
0.0
 11
208.718062
 21
5.991472
 31
0.0
  0
LINE
  8
0
  6
CONTINUOUS
 10
208.718062
 20
5.991472
 30
0.0
 11
208.721369
 21
5.978024
 31
0.0
  0
LINE
  8
0
  6
CONTINUOUS
 10
208.721369
 20
5.978024
 30
0.0
 11
208.724647
 21
5.964769
 31
0.0
  0
LINE
  8
0
  6
CONTINUOUS
 10
208.724647
 20
5.964769
 30
0.0
 11
208.727888
 21
5.951744
 31
0.0
  0
LINE
  8
0
  6
CONTINUOUS
 10
208.727888
 20
5.951744
 30
0.0
 11
208.731082
 21
5.938989
 31
0.0
  0
LINE
  8
0
  6
CONTINUOUS
 10
208.731082
 20
5.938989
 30
0.0
 11
208.734219
 21
5.926537
 31
0.0
  0
LINE
  8
0
  6
CONTINUOUS
 10
208.734219
 20
5.926537
 30
0.0
 11
208.737289
 21
5.914428
 31
0.0
  0
LINE
  8
0
  6
CONTINUOUS
 10
208.737289
 20
5.914428
 30
0.0
 11
208.740282
 21
5.902698
 31
0.0
  0
LINE
  8
0
  6
CONTINUOUS
 10
208.740282
 20
5.902698
 30
0.0
 11
208.743190
 21
5.891385
 31
0.0
  0
LINE
  8
0
  6
CONTINUOUS
 10
208.743190
 20
5.891385
 30
0.0
 11
208.746003
 21
5.880526
 31
0.0
  0
LINE
  8
0
  6
CONTINUOUS
 10
208.746003
 20
5.880526
 30
0.0
 11
208.748710
 21
5.870158
 31
0.0
  0
LINE
  8
0
  6
CONTINUOUS
 10
208.748710
 20
5.870158
 30
0.0
 11
208.751304
 21
5.860317
 31
0.0
  0
LINE
  8
0
  6
CONTINUOUS
 10
208.751304
 20
5.860317
 30
0.0
 11
208.753772
 21
5.851042
 31
0.0
  0
LINE
  8
0
  6
CONTINUOUS
 10
208.753772
 20
5.851042
 30
0.0
 11
208.756107
 21
5.842369
 31
0.0
  0
LINE
  8
0
  6
CONTINUOUS
 10
208.756107
 20
5.842369
 30
0.0
 11
208.758298
 21
5.834337
 31
0.0
  0
LINE
  8
0
  6
CONTINUOUS
 10
208.758298
 20
5.834337
 30
0.0
 11
208.760337
 21
5.826980
 31
0.0
  0
LINE
  8
0
  6
CONTINUOUS
 10
208.760337
 20
5.826980
 30
0.0
 11
208.762213
 21
5.820338
 31
0.0
  0
LINE
  8
0
  6
CONTINUOUS
 10
208.762213
 20
5.820338
 30
0.0
 11
208.763917
 21
5.814448
 31
0.0
  0
LINE
  8
0
  6
CONTINUOUS
 10
208.763917
 20
5.814448
 30
0.0
 11
208.765440
 21
5.809346
 31
0.0
  0
LINE
  8
0
  6
CONTINUOUS
 10
208.765440
 20
5.809346
 30
0.0
 11
208.766770
 21
5.805069
 31
0.0
  0
LINE
  8
0
  6
CONTINUOUS
 10
208.766770
 20
5.805069
 30
0.0
 11
208.767901
 21
5.801655
 31
0.0
  0
LINE
  8
0
  6
CONTINUOUS
 10
208.767901
 20
5.801655
 30
0.0
 11
208.769152
 21
5.799051
 31
0.0
  0
LINE
  8
0
  6
CONTINUOUS
 10
208.769152
 20
5.799051
 30
0.0
 11
208.770747
 21
5.797449
 31
0.0
  0
LINE
  8
0
  6
CONTINUOUS
 10
208.770747
 20
5.797449
 30
0.0
 11
208.772676
 21
5.796829
 31
0.0
  0
LINE
  8
0
  6
CONTINUOUS
 10
208.772676
 20
5.796829
 30
0.0
 11
208.774925
 21
5.797170
 31
0.0
  0
LINE
  8
0
  6
CONTINUOUS
 10
208.774925
 20
5.797170
 30
0.0
 11
208.777483
 21
5.798451
 31
0.0
  0
LINE
  8
0
  6
CONTINUOUS
 10
208.777483
 20
5.798451
 30
0.0
 11
208.780338
 21
5.800653
 31
0.0
  0
LINE
  8
0
  6
CONTINUOUS
 10
208.780338
 20
5.800653
 30
0.0
 11
208.783477
 21
5.803755
 31
0.0
  0
LINE
  8
0
  6
CONTINUOUS
 10
208.783477
 20
5.803755
 30
0.0
 11
208.786890
 21
5.807736
 31
0.0
  0
LINE
  8
0
  6
CONTINUOUS
 10
208.786890
 20
5.807736
 30
0.0
 11
208.790563
 21
5.812577
 31
0.0
  0
LINE
  8
0
  6
CONTINUOUS
 10
208.790563
 20
5.812577
 30
0.0
 11
208.794487
 21
5.818256
 31
0.0
  0
LINE
  8
0
  6
CONTINUOUS
 10
208.794487
 20
5.818256
 30
0.0
 11
208.798647
 21
5.824754
 31
0.0
  0
LINE
  8
0
  6
CONTINUOUS
 10
208.798647
 20
5.824754
 30
0.0
 11
208.803033
 21
5.832051
 31
0.0
  0
LINE
  8
0
  6
CONTINUOUS
 10
208.803033
 20
5.832051
 30
0.0
 11
208.807633
 21
5.840126
 31
0.0
  0
LINE
  8
0
  6
CONTINUOUS
 10
208.807633
 20
5.840126
 30
0.0
 11
208.812434
 21
5.848957
 31
0.0
  0
LINE
  8
0
  6
CONTINUOUS
 10
208.812434
 20
5.848957
 30
0.0
 11
208.817425
 21
5.858526
 31
0.0
  0
LINE
  8
0
  6
CONTINUOUS
 10
208.817425
 20
5.858526
 30
0.0
 11
208.822594
 21
5.868811
 31
0.0
  0
LINE
  8
0
  6
CONTINUOUS
 10
208.822594
 20
5.868811
 30
0.0
 11
208.827929
 21
5.879793
 31
0.0
  0
LINE
  8
0
  6
CONTINUOUS
 10
208.827929
 20
5.879793
 30
0.0
 11
208.833417
 21
5.891451
 31
0.0
  0
LINE
  8
0
  6
CONTINUOUS
 10
208.833417
 20
5.891451
 30
0.0
 11
208.839048
 21
5.903765
 31
0.0
  0
LINE
  8
0
  6
CONTINUOUS
 10
208.839048
 20
5.903765
 30
0.0
 11
208.844809
 21
5.916714
 31
0.0
  0
LINE
  8
0
  6
CONTINUOUS
 10
208.844809
 20
5.916714
 30
0.0
 11
208.850689
 21
5.930278
 31
0.0
  0
LINE
  8
0
  6
CONTINUOUS
 10
208.850689
 20
5.930278
 30
0.0
 11
208.856675
 21
5.944436
 31
0.0
  0
LINE
  8
0
  6
CONTINUOUS
 10
208.856675
 20
5.944436
 30
0.0
 11
208.862755
 21
5.959169
 31
0.0
  0
LINE
  8
0
  6
CONTINUOUS
 10
208.862755
 20
5.959169
 30
0.0
 11
208.868917
 21
5.974455
 31
0.0
  0
LINE
  8
0
  6
CONTINUOUS
 10
208.868917
 20
5.974455
 30
0.0
 11
208.876039
 21
5.991892
 31
0.0
  0
LINE
  8
0
  6
CONTINUOUS
 10
208.876039
 20
5.991892
 30
0.0
 11
208.885503
 21
6.014360
 31
0.0
  0
LINE
  8
0
  6
CONTINUOUS
 10
208.885503
 20
6.014360
 30
0.0
 11
208.897214
 21
6.041652
 31
0.0
  0
LINE
  8
0
  6
CONTINUOUS
 10
208.897214
 20
6.041652
 30
0.0
 11
208.911078
 21
6.073555
 31
0.0
  0
LINE
  8
0
  6
CONTINUOUS
 10
208.911078
 20
6.073555
 30
0.0
 11
208.926998
 21
6.109862
 31
0.0
  0
LINE
  8
0
  6
CONTINUOUS
 10
208.926998
 20
6.109862
 30
0.0
 11
208.944882
 21
6.150360
 31
0.0
  0
LINE
  8
0
  6
CONTINUOUS
 10
208.944882
 20
6.150360
 30
0.0
 11
208.964632
 21
6.194842
 31
0.0
  0
LINE
  8
0
  6
CONTINUOUS
 10
208.964632
 20
6.194842
 30
0.0
 11
208.986156
 21
6.243095
 31
0.0
  0
LINE
  8
0
  6
CONTINUOUS
 10
208.986156
 20
6.243095
 30
0.0
 11
209.009356
 21
6.294912
 31
0.0
  0
LINE
  8
0
  6
CONTINUOUS
 10
209.009356
 20
6.294912
 30
0.0
 11
209.034139
 21
6.350080
 31
0.0
  0
LINE
  8
0
  6
CONTINUOUS
 10
209.034139
 20
6.350080
 30
0.0
 11
209.060410
 21
6.408392
 31
0.0
  0
LINE
  8
0
  6
CONTINUOUS
 10
209.060410
 20
6.408392
 30
0.0
 11
209.088074
 21
6.469635
 31
0.0
  0
LINE
  8
0
  6
CONTINUOUS
 10
209.088074
 20
6.469635
 30
0.0
 11
209.117035
 21
6.533602
 31
0.0
  0
LINE
  8
0
  6
CONTINUOUS
 10
209.117035
 20
6.533602
 30
0.0
 11
209.147199
 21
6.600080
 31
0.0
  0
LINE
  8
0
  6
CONTINUOUS
 10
209.147199
 20
6.600080
 30
0.0
 11
209.178471
 21
6.668862
 31
0.0
  0
LINE
  8
0
  6
CONTINUOUS
 10
209.178471
 20
6.668862
 30
0.0
 11
209.210755
 21
6.739735
 31
0.0
  0
LINE
  8
0
  6
CONTINUOUS
 10
209.210755
 20
6.739735
 30
0.0
 11
209.243956
 21
6.812492
 31
0.0
  0
LINE
  8
0
  6
CONTINUOUS
 10
209.243956
 20
6.812492
 30
0.0
 11
209.277981
 21
6.886920
 31
0.0
  0
LINE
  8
0
  6
CONTINUOUS
 10
209.277981
 20
6.886920
 30
0.0
 11
209.312734
 21
6.962812
 31
0.0
  0
LINE
  8
0
  6
CONTINUOUS
 10
209.312734
 20
6.962812
 30
0.0
 11
209.348119
 21
7.039955
 31
0.0
  0
LINE
  8
0
  6
CONTINUOUS
 10
209.348119
 20
7.039955
 30
0.0
 11
209.384042
 21
7.118142
 31
0.0
  0
LINE
  8
0
  6
CONTINUOUS
 10
209.384042
 20
7.118142
 30
0.0
 11
209.420408
 21
7.197160
 31
0.0
  0
LINE
  8
0
  6
CONTINUOUS
 10
209.420408
 20
7.197160
 30
0.0
 11
209.457122
 21
7.276802
 31
0.0
  0
LINE
  8
0
  6
CONTINUOUS
 10
209.457122
 20
7.276802
 30
0.0
 11
209.494089
 21
7.356855
 31
0.0
  0
LINE
  8
0
  6
CONTINUOUS
 10
210.544238
 20
8.531123
 30
0.0
 11
210.592940
 21
8.531828
 31
0.0
  0
LINE
  8
0
  6
CONTINUOUS
 10
210.592940
 20
8.531828
 30
0.0
 11
210.638715
 21
8.532399
 31
0.0
  0
LINE
  8
0
  6
CONTINUOUS
 10
210.638715
 20
8.532399
 30
0.0
 11
210.681643
 21
8.532828
 31
0.0
  0
LINE
  8
0
  6
CONTINUOUS
 10
210.681643
 20
8.532828
 30
0.0
 11
210.721806
 21
8.533112
 31
0.0
  0
LINE
  8
0
  6
CONTINUOUS
 10
210.721806
 20
8.533112
 30
0.0
 11
210.759286
 21
8.533246
 31
0.0
  0
LINE
  8
0
  6
CONTINUOUS
 10
210.759286
 20
8.533246
 30
0.0
 11
210.794162
 21
8.533224
 31
0.0
  0
LINE
  8
0
  6
CONTINUOUS
 10
210.794162
 20
8.533224
 30
0.0
 11
210.826518
 21
8.533044
 31
0.0
  0
LINE
  8
0
  6
CONTINUOUS
 10
210.826518
 20
8.533044
 30
0.0
 11
210.856435
 21
8.532700
 31
0.0
  0
LINE
  8
0
  6
CONTINUOUS
 10
210.856435
 20
8.532700
 30
0.0
 11
210.883995
 21
8.532187
 31
0.0
  0
LINE
  8
0
  6
CONTINUOUS
 10
210.883995
 20
8.532187
 30
0.0
 11
210.909278
 21
8.531501
 31
0.0
  0
LINE
  8
0
  6
CONTINUOUS
 10
210.909278
 20
8.531501
 30
0.0
 11
210.932365
 21
8.530637
 31
0.0
  0
LINE
  8
0
  6
CONTINUOUS
 10
210.932365
 20
8.530637
 30
0.0
 11
210.953340
 21
8.529590
 31
0.0
  0
LINE
  8
0
  6
CONTINUOUS
 10
210.953340
 20
8.529590
 30
0.0
 11
210.972282
 21
8.528356
 31
0.0
  0
LINE
  8
0
  6
CONTINUOUS
 10
210.972282
 20
8.528356
 30
0.0
 11
210.989274
 21
8.526930
 31
0.0
  0
LINE
  8
0
  6
CONTINUOUS
 10
210.989274
 20
8.526930
 30
0.0
 11
211.004398
 21
8.525307
 31
0.0
  0
LINE
  8
0
  6
CONTINUOUS
 10
211.004398
 20
8.525307
 30
0.0
 11
211.017733
 21
8.523484
 31
0.0
  0
LINE
  8
0
  6
CONTINUOUS
 10
211.017733
 20
8.523484
 30
0.0
 11
211.029363
 21
8.521454
 31
0.0
  0
LINE
  8
0
  6
CONTINUOUS
 10
211.029363
 20
8.521454
 30
0.0
 11
211.039368
 21
8.519215
 31
0.0
  0
LINE
  8
0
  6
CONTINUOUS
 10
211.039368
 20
8.519215
 30
0.0
 11
211.047830
 21
8.516760
 31
0.0
  0
LINE
  8
0
  6
CONTINUOUS
 10
211.047830
 20
8.516760
 30
0.0
 11
211.054830
 21
8.514085
 31
0.0
  0
LINE
  8
0
  6
CONTINUOUS
 10
211.054830
 20
8.514085
 30
0.0
 11
211.060451
 21
8.511185
 31
0.0
  0
LINE
  8
0
  6
CONTINUOUS
 10
211.060451
 20
8.511185
 30
0.0
 11
211.064773
 21
8.508058
 31
0.0
  0
LINE
  8
0
  6
CONTINUOUS
 10
211.064773
 20
8.508058
 30
0.0
 11
211.067878
 21
8.504695
 31
0.0
  0
LINE
  8
0
  6
CONTINUOUS
 10
211.067878
 20
8.504695
 30
0.0
 11
211.069846
 21
8.501095
 31
0.0
  0
LINE
  8
0
  6
CONTINUOUS
 10
211.069846
 20
8.501095
 30
0.0
 11
211.057571
 21
8.469550
 31
0.0
  0
LINE
  8
0
  6
CONTINUOUS
 10
211.057571
 20
8.469550
 30
0.0
 11
211.019453
 21
8.385281
 31
0.0
  0
LINE
  8
0
  6
CONTINUOUS
 10
211.019453
 20
8.385281
 30
0.0
 11
210.957739
 21
8.252920
 31
0.0
  0
LINE
  8
0
  6
CONTINUOUS
 10
210.957739
 20
8.252920
 30
0.0
 11
210.874677
 21
8.077100
 31
0.0
  0
LINE
  8
0
  6
CONTINUOUS
 10
210.874677
 20
8.077100
 30
0.0
 11
210.772515
 21
7.862453
 31
0.0
  0
LINE
  8
0
  6
CONTINUOUS
 10
210.772515
 20
7.862453
 30
0.0
 11
210.653500
 21
7.613613
 31
0.0
  0
LINE
  8
0
  6
CONTINUOUS
 10
210.653500
 20
7.613613
 30
0.0
 11
210.519880
 21
7.335213
 31
0.0
  0
LINE
  8
0
  6
CONTINUOUS
 10
210.519880
 20
7.335213
 30
0.0
 11
210.373903
 21
7.031885
 31
0.0
  0
LINE
  8
0
  6
CONTINUOUS
 10
210.373903
 20
7.031885
 30
0.0
 11
210.217816
 21
6.708262
 31
0.0
  0
LINE
  8
0
  6
CONTINUOUS
 10
210.217816
 20
6.708262
 30
0.0
 11
210.053866
 21
6.368977
 31
0.0
  0
LINE
  8
0
  6
CONTINUOUS
 10
210.053866
 20
6.368977
 30
0.0
 11
209.884303
 21
6.018662
 31
0.0
  0
LINE
  8
0
  6
CONTINUOUS
 10
209.884303
 20
6.018662
 30
0.0
 11
209.711373
 21
5.661952
 31
0.0
  0
LINE
  8
0
  6
CONTINUOUS
 10
209.711373
 20
5.661952
 30
0.0
 11
209.537324
 21
5.303478
 31
0.0
  0
LINE
  8
0
  6
CONTINUOUS
 10
209.537324
 20
5.303478
 30
0.0
 11
209.364403
 21
4.947873
 31
0.0
  0
LINE
  8
0
  6
CONTINUOUS
 10
209.364403
 20
4.947873
 30
0.0
 11
209.194860
 21
4.599770
 31
0.0
  0
LINE
  8
0
  6
CONTINUOUS
 10
209.194860
 20
4.599770
 30
0.0
 11
209.030939
 21
4.263802
 31
0.0
  0
LINE
  8
0
  6
CONTINUOUS
 10
209.030939
 20
4.263802
 30
0.0
 11
208.874891
 21
3.944601
 31
0.0
  0
LINE
  8
0
  6
CONTINUOUS
 10
208.874891
 20
3.944601
 30
0.0
 11
208.728961
 21
3.646802
 31
0.0
  0
LINE
  8
0
  6
CONTINUOUS
 10
208.728961
 20
3.646802
 30
0.0
 11
208.595398
 21
3.375035
 31
0.0
  0
LINE
  8
0
  6
CONTINUOUS
 10
208.595398
 20
3.375035
 30
0.0
 11
208.476451
 21
3.133936
 31
0.0
  0
LINE
  8
0
  6
CONTINUOUS
 10
208.476451
 20
3.133936
 30
0.0
 11
208.374366
 21
2.928135
 31
0.0
  0
LINE
  8
0
  6
CONTINUOUS
 10
208.374366
 20
2.928135
 30
0.0
 11
208.291390
 21
2.762266
 31
0.0
  0
LINE
  8
0
  6
CONTINUOUS
 10
208.291390
 20
2.762266
 30
0.0
 11
208.229772
 21
2.640962
 31
0.0
  0
LINE
  8
0
  6
CONTINUOUS
 10
208.229772
 20
2.640962
 30
0.0
 11
208.191759
 21
2.568855
 31
0.0
  0
LINE
  8
0
  6
CONTINUOUS
 10
207.656949
 20
2.489655
 30
0.0
 11
207.609259
 21
2.489696
 31
0.0
  0
LINE
  8
0
  6
CONTINUOUS
 10
207.609259
 20
2.489696
 30
0.0
 11
207.564574
 21
2.489825
 31
0.0
  0
LINE
  8
0
  6
CONTINUOUS
 10
207.564574
 20
2.489825
 30
0.0
 11
207.522804
 21
2.490048
 31
0.0
  0
LINE
  8
0
  6
CONTINUOUS
 10
207.522804
 20
2.490048
 30
0.0
 11
207.483863
 21
2.490372
 31
0.0
  0
LINE
  8
0
  6
CONTINUOUS
 10
207.483863
 20
2.490372
 30
0.0
 11
207.447666
 21
2.490804
 31
0.0
  0
LINE
  8
0
  6
CONTINUOUS
 10
207.447666
 20
2.490804
 30
0.0
 11
207.414126
 21
2.491351
 31
0.0
  0
LINE
  8
0
  6
CONTINUOUS
 10
207.414126
 20
2.491351
 30
0.0
 11
207.383155
 21
2.492019
 31
0.0
  0
LINE
  8
0
  6
CONTINUOUS
 10
207.383155
 20
2.492019
 30
0.0
 11
207.354667
 21
2.492816
 31
0.0
  0
LINE
  8
0
  6
CONTINUOUS
 10
207.354667
 20
2.492816
 30
0.0
 11
207.328577
 21
2.493748
 31
0.0
  0
LINE
  8
0
  6
CONTINUOUS
 10
207.328577
 20
2.493748
 30
0.0
 11
207.304798
 21
2.494823
 31
0.0
  0
LINE
  8
0
  6
CONTINUOUS
 10
207.304798
 20
2.494823
 30
0.0
 11
207.283242
 21
2.496047
 31
0.0
  0
LINE
  8
0
  6
CONTINUOUS
 10
207.283242
 20
2.496047
 30
0.0
 11
207.263822
 21
2.497427
 31
0.0
  0
LINE
  8
0
  6
CONTINUOUS
 10
207.263822
 20
2.497427
 30
0.0
 11
207.246454
 21
2.498970
 31
0.0
  0
LINE
  8
0
  6
CONTINUOUS
 10
207.246454
 20
2.498970
 30
0.0
 11
207.231051
 21
2.500683
 31
0.0
  0
LINE
  8
0
  6
CONTINUOUS
 10
207.231051
 20
2.500683
 30
0.0
 11
207.217525
 21
2.502573
 31
0.0
  0
LINE
  8
0
  6
CONTINUOUS
 10
207.217525
 20
2.502573
 30
0.0
 11
207.205789
 21
2.504645
 31
0.0
  0
LINE
  8
0
  6
CONTINUOUS
 10
207.205789
 20
2.504645
 30
0.0
 11
207.195759
 21
2.506909
 31
0.0
  0
LINE
  8
0
  6
CONTINUOUS
 10
207.195759
 20
2.506909
 30
0.0
 11
207.187347
 21
2.509370
 31
0.0
  0
LINE
  8
0
  6
CONTINUOUS
 10
207.187347
 20
2.509370
 30
0.0
 11
207.180466
 21
2.512035
 31
0.0
  0
LINE
  8
0
  6
CONTINUOUS
 10
207.180466
 20
2.512035
 30
0.0
 11
207.175031
 21
2.514912
 31
0.0
  0
LINE
  8
0
  6
CONTINUOUS
 10
207.175031
 20
2.514912
 30
0.0
 11
207.170954
 21
2.518006
 31
0.0
  0
LINE
  8
0
  6
CONTINUOUS
 10
207.170954
 20
2.518006
 30
0.0
 11
207.168149
 21
2.521324
 31
0.0
  0
LINE
  8
0
  6
CONTINUOUS
 10
207.168149
 20
2.521324
 30
0.0
 11
207.166530
 21
2.524876
 31
0.0
  0
LINE
  8
0
  6
CONTINUOUS
 10
207.166530
 20
2.524876
 30
0.0
 11
207.166009
 21
2.528665
 31
0.0
  0
LINE
  8
0
  6
CONTINUOUS
 10
210.996409
 20
8.442310
 30
0.0
 11
210.995330
 21
8.442998
 31
0.0
  0
LINE
  8
0
  6
CONTINUOUS
 10
210.995330
 20
8.442998
 30
0.0
 11
210.992142
 21
8.443639
 31
0.0
  0
LINE
  8
0
  6
CONTINUOUS
 10
210.992142
 20
8.443639
 30
0.0
 11
210.986914
 21
8.444231
 31
0.0
  0
LINE
  8
0
  6
CONTINUOUS
 10
210.986914
 20
8.444231
 30
0.0
 11
210.979716
 21
8.444775
 31
0.0
  0
LINE
  8
0
  6
CONTINUOUS
 10
210.979716
 20
8.444775
 30
0.0
 11
210.970621
 21
8.445268
 31
0.0
  0
LINE
  8
0
  6
CONTINUOUS
 10
210.970621
 20
8.445268
 30
0.0
 11
210.959698
 21
8.445713
 31
0.0
  0
LINE
  8
0
  6
CONTINUOUS
 10
210.959698
 20
8.445713
 30
0.0
 11
210.947019
 21
8.446106
 31
0.0
  0
LINE
  8
0
  6
CONTINUOUS
 10
210.947019
 20
8.446106
 30
0.0
 11
210.932653
 21
8.446450
 31
0.0
  0
LINE
  8
0
  6
CONTINUOUS
 10
210.932653
 20
8.446450
 30
0.0
 11
210.916672
 21
8.446742
 31
0.0
  0
LINE
  8
0
  6
CONTINUOUS
 10
210.916672
 20
8.446742
 30
0.0
 11
210.899146
 21
8.446984
 31
0.0
  0
LINE
  8
0
  6
CONTINUOUS
 10
210.899146
 20
8.446984
 30
0.0
 11
210.880147
 21
8.447173
 31
0.0
  0
LINE
  8
0
  6
CONTINUOUS
 10
210.880147
 20
8.447173
 30
0.0
 11
210.859744
 21
8.447310
 31
0.0
  0
LINE
  8
0
  6
CONTINUOUS
 10
210.859744
 20
8.447310
 30
0.0
 11
210.838008
 21
8.447396
 31
0.0
  0
LINE
  8
0
  6
CONTINUOUS
 10
210.838008
 20
8.447396
 30
0.0
 11
210.815010
 21
8.447428
 31
0.0
  0
LINE
  8
0
  6
CONTINUOUS
 10
210.815010
 20
8.447428
 30
0.0
 11
210.790821
 21
8.447408
 31
0.0
  0
LINE
  8
0
  6
CONTINUOUS
 10
210.790821
 20
8.447408
 30
0.0
 11
210.765511
 21
8.447334
 31
0.0
  0
LINE
  8
0
  6
CONTINUOUS
 10
210.765511
 20
8.447334
 30
0.0
 11
210.739151
 21
8.447205
 31
0.0
  0
LINE
  8
0
  6
CONTINUOUS
 10
210.739151
 20
8.447205
 30
0.0
 11
210.711811
 21
8.447023
 31
0.0
  0
LINE
  8
0
  6
CONTINUOUS
 10
210.711811
 20
8.447023
 30
0.0
 11
210.683563
 21
8.446787
 31
0.0
  0
LINE
  8
0
  6
CONTINUOUS
 10
210.683563
 20
8.446787
 30
0.0
 11
210.654477
 21
8.446494
 31
0.0
  0
LINE
  8
0
  6
CONTINUOUS
 10
210.654477
 20
8.446494
 30
0.0
 11
210.624623
 21
8.446147
 31
0.0
  0
LINE
  8
0
  6
CONTINUOUS
 10
210.624623
 20
8.446147
 30
0.0
 11
210.594073
 21
8.445744
 31
0.0
  0
LINE
  8
0
  6
CONTINUOUS
 10
210.594073
 20
8.445744
 30
0.0
 11
210.562897
 21
8.445284
 31
0.0
  0
LINE
  8
0
  6
CONTINUOUS
 10
210.562897
 20
8.445284
 30
0.0
 11
210.531166
 21
8.444769
 31
0.0
  0
LINE
  8
0
  6
CONTINUOUS
 10
209.551785
 20
7.328055
 30
0.0
 11
209.516440
 21
7.251717
 31
0.0
  0
LINE
  8
0
  6
CONTINUOUS
 10
209.516440
 20
7.251717
 30
0.0
 11
209.481165
 21
7.175305
 31
0.0
  0
LINE
  8
0
  6
CONTINUOUS
 10
209.481165
 20
7.175305
 30
0.0
 11
209.446056
 21
7.099036
 31
0.0
  0
LINE
  8
0
  6
CONTINUOUS
 10
209.446056
 20
7.099036
 30
0.0
 11
209.411208
 21
7.023123
 31
0.0
  0
LINE
  8
0
  6
CONTINUOUS
 10
209.411208
 20
7.023123
 30
0.0
 11
209.376719
 21
6.947783
 31
0.0
  0
LINE
  8
0
  6
CONTINUOUS
 10
209.376719
 20
6.947783
 30
0.0
 11
209.342684
 21
6.873231
 31
0.0
  0
LINE
  8
0
  6
CONTINUOUS
 10
209.342684
 20
6.873231
 30
0.0
 11
209.309200
 21
6.799682
 31
0.0
  0
LINE
  8
0
  6
CONTINUOUS
 10
209.309200
 20
6.799682
 30
0.0
 11
209.276364
 21
6.727351
 31
0.0
  0
LINE
  8
0
  6
CONTINUOUS
 10
209.276364
 20
6.727351
 30
0.0
 11
209.244271
 21
6.656453
 31
0.0
  0
LINE
  8
0
  6
CONTINUOUS
 10
209.244271
 20
6.656453
 30
0.0
 11
209.213017
 21
6.587203
 31
0.0
  0
LINE
  8
0
  6
CONTINUOUS
 10
209.213017
 20
6.587203
 30
0.0
 11
209.182701
 21
6.519817
 31
0.0
  0
LINE
  8
0
  6
CONTINUOUS
 10
209.182701
 20
6.519817
 30
0.0
 11
209.153416
 21
6.454511
 31
0.0
  0
LINE
  8
0
  6
CONTINUOUS
 10
209.153416
 20
6.454511
 30
0.0
 11
209.125262
 21
6.391498
 31
0.0
  0
LINE
  8
0
  6
CONTINUOUS
 10
209.125262
 20
6.391498
 30
0.0
 11
209.098332
 21
6.330995
 31
0.0
  0
LINE
  8
0
  6
CONTINUOUS
 10
209.098332
 20
6.330995
 30
0.0
 11
209.072723
 21
6.273216
 31
0.0
  0
LINE
  8
0
  6
CONTINUOUS
 10
209.072723
 20
6.273216
 30
0.0
 11
209.048533
 21
6.218378
 31
0.0
  0
LINE
  8
0
  6
CONTINUOUS
 10
209.048533
 20
6.218378
 30
0.0
 11
209.025858
 21
6.166693
 31
0.0
  0
LINE
  8
0
  6
CONTINUOUS
 10
209.025858
 20
6.166693
 30
0.0
 11
209.004792
 21
6.118379
 31
0.0
  0
LINE
  8
0
  6
CONTINUOUS
 10
209.004792
 20
6.118379
 30
0.0
 11
208.985433
 21
6.073651
 31
0.0
  0
LINE
  8
0
  6
CONTINUOUS
 10
208.985433
 20
6.073651
 30
0.0
 11
208.967879
 21
6.032724
 31
0.0
  0
LINE
  8
0
  6
CONTINUOUS
 10
208.967879
 20
6.032724
 30
0.0
 11
208.952223
 21
5.995812
 31
0.0
  0
LINE
  8
0
  6
CONTINUOUS
 10
208.952223
 20
5.995812
 30
0.0
 11
208.938564
 21
5.963132
 31
0.0
  0
LINE
  8
0
  6
CONTINUOUS
 10
208.938564
 20
5.963132
 30
0.0
 11
208.926996
 21
5.934897
 31
0.0
  0
LINE
  8
0
  6
CONTINUOUS
 10
208.926996
 20
5.934897
 30
0.0
 11
208.917618
 21
5.911325
 31
0.0
  0
LINE
  8
0
  6
CONTINUOUS
 10
208.917618
 20
5.911325
 30
0.0
 11
208.909363
 21
5.890336
 31
0.0
  0
LINE
  8
0
  6
CONTINUOUS
 10
208.909363
 20
5.890336
 30
0.0
 11
208.901115
 21
5.869739
 31
0.0
  0
LINE
  8
0
  6
CONTINUOUS
 10
208.901115
 20
5.869739
 30
0.0
 11
208.892898
 21
5.849581
 31
0.0
  0
LINE
  8
0
  6
CONTINUOUS
 10
208.892898
 20
5.849581
 30
0.0
 11
208.884734
 21
5.829908
 31
0.0
  0
LINE
  8
0
  6
CONTINUOUS
 10
208.884734
 20
5.829908
 30
0.0
 11
208.876647
 21
5.810765
 31
0.0
  0
LINE
  8
0
  6
CONTINUOUS
 10
208.876647
 20
5.810765
 30
0.0
 11
208.868658
 21
5.792198
 31
0.0
  0
LINE
  8
0
  6
CONTINUOUS
 10
208.868658
 20
5.792198
 30
0.0
 11
208.860791
 21
5.774254
 31
0.0
  0
LINE
  8
0
  6
CONTINUOUS
 10
208.860791
 20
5.774254
 30
0.0
 11
208.853069
 21
5.756977
 31
0.0
  0
LINE
  8
0
  6
CONTINUOUS
 10
208.853069
 20
5.756977
 30
0.0
 11
208.845515
 21
5.740415
 31
0.0
  0
LINE
  8
0
  6
CONTINUOUS
 10
208.845515
 20
5.740415
 30
0.0
 11
208.838150
 21
5.724613
 31
0.0
  0
LINE
  8
0
  6
CONTINUOUS
 10
208.838150
 20
5.724613
 30
0.0
 11
208.830998
 21
5.709617
 31
0.0
  0
LINE
  8
0
  6
CONTINUOUS
 10
208.830998
 20
5.709617
 30
0.0
 11
208.824081
 21
5.695474
 31
0.0
  0
LINE
  8
0
  6
CONTINUOUS
 10
208.824081
 20
5.695474
 30
0.0
 11
208.817423
 21
5.682228
 31
0.0
  0
LINE
  8
0
  6
CONTINUOUS
 10
208.817423
 20
5.682228
 30
0.0
 11
208.811046
 21
5.669926
 31
0.0
  0
LINE
  8
0
  6
CONTINUOUS
 10
208.811046
 20
5.669926
 30
0.0
 11
208.804972
 21
5.658614
 31
0.0
  0
LINE
  8
0
  6
CONTINUOUS
 10
208.804972
 20
5.658614
 30
0.0
 11
208.799226
 21
5.648337
 31
0.0
  0
LINE
  8
0
  6
CONTINUOUS
 10
208.799226
 20
5.648337
 30
0.0
 11
208.793829
 21
5.639143
 31
0.0
  0
LINE
  8
0
  6
CONTINUOUS
 10
208.793829
 20
5.639143
 30
0.0
 11
208.788804
 21
5.631075
 31
0.0
  0
LINE
  8
0
  6
CONTINUOUS
 10
208.788804
 20
5.631075
 30
0.0
 11
208.784173
 21
5.624181
 31
0.0
  0
LINE
  8
0
  6
CONTINUOUS
 10
208.784173
 20
5.624181
 30
0.0
 11
208.779961
 21
5.618508
 31
0.0
  0
LINE
  8
0
  6
CONTINUOUS
 10
208.779961
 20
5.618508
 30
0.0
 11
208.776190
 21
5.614099
 31
0.0
  0
LINE
  8
0
  6
CONTINUOUS
 10
208.776190
 20
5.614099
 30
0.0
 11
208.772881
 21
5.611002
 31
0.0
  0
LINE
  8
0
  6
CONTINUOUS
 10
208.772881
 20
5.611002
 30
0.0
 11
208.770059
 21
5.609262
 31
0.0
  0
LINE
  8
0
  6
CONTINUOUS
 10
208.770059
 20
5.609262
 30
0.0
 11
208.767745
 21
5.608925
 31
0.0
  0
LINE
  8
0
  6
CONTINUOUS
 10
208.767745
 20
5.608925
 30
0.0
 11
208.765552
 21
5.609996
 31
0.0
  0
LINE
  8
0
  6
CONTINUOUS
 10
208.765552
 20
5.609996
 30
0.0
 11
208.763085
 21
5.612416
 31
0.0
  0
LINE
  8
0
  6
CONTINUOUS
 10
208.763085
 20
5.612416
 30
0.0
 11
208.760359
 21
5.616138
 31
0.0
  0
LINE
  8
0
  6
CONTINUOUS
 10
208.760359
 20
5.616138
 30
0.0
 11
208.757390
 21
5.621119
 31
0.0
  0
LINE
  8
0
  6
CONTINUOUS
 10
208.757390
 20
5.621119
 30
0.0
 11
208.754193
 21
5.627309
 31
0.0
  0
LINE
  8
0
  6
CONTINUOUS
 10
208.754193
 20
5.627309
 30
0.0
 11
208.750781
 21
5.634665
 31
0.0
  0
LINE
  8
0
  6
CONTINUOUS
 10
208.750781
 20
5.634665
 30
0.0
 11
208.747170
 21
5.643138
 31
0.0
  0
LINE
  8
0
  6
CONTINUOUS
 10
208.747170
 20
5.643138
 30
0.0
 11
208.743376
 21
5.652683
 31
0.0
  0
LINE
  8
0
  6
CONTINUOUS
 10
208.743376
 20
5.652683
 30
0.0
 11
208.739412
 21
5.663254
 31
0.0
  0
LINE
  8
0
  6
CONTINUOUS
 10
208.739412
 20
5.663254
 30
0.0
 11
208.735294
 21
5.674805
 31
0.0
  0
LINE
  8
0
  6
CONTINUOUS
 10
208.735294
 20
5.674805
 30
0.0
 11
208.731037
 21
5.687288
 31
0.0
  0
LINE
  8
0
  6
CONTINUOUS
 10
208.731037
 20
5.687288
 30
0.0
 11
208.726654
 21
5.700659
 31
0.0
  0
LINE
  8
0
  6
CONTINUOUS
 10
208.726654
 20
5.700659
 30
0.0
 11
208.722163
 21
5.714870
 31
0.0
  0
LINE
  8
0
  6
CONTINUOUS
 10
208.722163
 20
5.714870
 30
0.0
 11
208.717576
 21
5.729875
 31
0.0
  0
LINE
  8
0
  6
CONTINUOUS
 10
208.717576
 20
5.729875
 30
0.0
 11
208.712910
 21
5.745628
 31
0.0
  0
LINE
  8
0
  6
CONTINUOUS
 10
208.712910
 20
5.745628
 30
0.0
 11
208.708178
 21
5.762084
 31
0.0
  0
LINE
  8
0
  6
CONTINUOUS
 10
208.708178
 20
5.762084
 30
0.0
 11
208.703397
 21
5.779196
 31
0.0
  0
LINE
  8
0
  6
CONTINUOUS
 10
208.703397
 20
5.779196
 30
0.0
 11
208.698580
 21
5.796916
 31
0.0
  0
LINE
  8
0
  6
CONTINUOUS
 10
208.698580
 20
5.796916
 30
0.0
 11
208.693742
 21
5.815199
 31
0.0
  0
LINE
  8
0
  6
CONTINUOUS
 10
208.693742
 20
5.815199
 30
0.0
 11
208.688899
 21
5.833999
 31
0.0
  0
LINE
  8
0
  6
CONTINUOUS
 10
208.688899
 20
5.833999
 30
0.0
 11
208.684066
 21
5.853270
 31
0.0
  0
LINE
  8
0
  6
CONTINUOUS
 10
208.684066
 20
5.853270
 30
0.0
 11
208.679257
 21
5.872966
 31
0.0
  0
LINE
  8
0
  6
CONTINUOUS
 10
208.679257
 20
5.872966
 30
0.0
 11
208.674488
 21
5.893038
 31
0.0
  0
LINE
  8
0
  6
CONTINUOUS
 10
208.674488
 20
5.893038
 30
0.0
 11
208.669772
 21
5.913443
 31
0.0
  0
LINE
  8
0
  6
CONTINUOUS
 10
208.669772
 20
5.913443
 30
0.0
 11
208.664212
 21
5.936414
 31
0.0
  0
LINE
  8
0
  6
CONTINUOUS
 10
208.664212
 20
5.936414
 30
0.0
 11
208.656947
 21
5.964073
 31
0.0
  0
LINE
  8
0
  6
CONTINUOUS
 10
208.656947
 20
5.964073
 30
0.0
 11
208.648047
 21
5.996204
 31
0.0
  0
LINE
  8
0
  6
CONTINUOUS
 10
208.648047
 20
5.996204
 30
0.0
 11
208.637582
 21
6.032595
 31
0.0
  0
LINE
  8
0
  6
CONTINUOUS
 10
208.637582
 20
6.032595
 30
0.0
 11
208.625623
 21
6.073030
 31
0.0
  0
LINE
  8
0
  6
CONTINUOUS
 10
208.625623
 20
6.073030
 30
0.0
 11
208.612240
 21
6.117296
 31
0.0
  0
LINE
  8
0
  6
CONTINUOUS
 10
208.612240
 20
6.117296
 30
0.0
 11
208.597502
 21
6.165177
 31
0.0
  0
LINE
  8
0
  6
CONTINUOUS
 10
208.597502
 20
6.165177
 30
0.0
 11
208.581481
 21
6.216460
 31
0.0
  0
LINE
  8
0
  6
CONTINUOUS
 10
208.581481
 20
6.216460
 30
0.0
 11
208.564245
 21
6.270929
 31
0.0
  0
LINE
  8
0
  6
CONTINUOUS
 10
208.564245
 20
6.270929
 30
0.0
 11
208.545866
 21
6.328371
 31
0.0
  0
LINE
  8
0
  6
CONTINUOUS
 10
208.545866
 20
6.328371
 30
0.0
 11
208.526413
 21
6.388572
 31
0.0
  0
LINE
  8
0
  6
CONTINUOUS
 10
208.526413
 20
6.388572
 30
0.0
 11
208.505957
 21
6.451316
 31
0.0
  0
LINE
  8
0
  6
CONTINUOUS
 10
208.505957
 20
6.451316
 30
0.0
 11
208.484568
 21
6.516390
 31
0.0
  0
LINE
  8
0
  6
CONTINUOUS
 10
208.484568
 20
6.516390
 30
0.0
 11
208.462316
 21
6.583580
 31
0.0
  0
LINE
  8
0
  6
CONTINUOUS
 10
208.462316
 20
6.583580
 30
0.0
 11
208.439272
 21
6.652670
 31
0.0
  0
LINE
  8
0
  6
CONTINUOUS
 10
208.439272
 20
6.652670
 30
0.0
 11
208.415505
 21
6.723446
 31
0.0
  0
LINE
  8
0
  6
CONTINUOUS
 10
208.415505
 20
6.723446
 30
0.0
 11
208.391085
 21
6.795694
 31
0.0
  0
LINE
  8
0
  6
CONTINUOUS
 10
208.391085
 20
6.795694
 30
0.0
 11
208.366083
 21
6.869201
 31
0.0
  0
LINE
  8
0
  6
CONTINUOUS
 10
208.366083
 20
6.869201
 30
0.0
 11
208.340570
 21
6.943750
 31
0.0
  0
LINE
  8
0
  6
CONTINUOUS
 10
208.340570
 20
6.943750
 30
0.0
 11
208.314614
 21
7.019128
 31
0.0
  0
LINE
  8
0
  6
CONTINUOUS
 10
208.314614
 20
7.019128
 30
0.0
 11
208.288286
 21
7.095122
 31
0.0
  0
LINE
  8
0
  6
CONTINUOUS
 10
208.288286
 20
7.095122
 30
0.0
 11
208.261658
 21
7.171514
 31
0.0
  0
LINE
  8
0
  6
CONTINUOUS
 10
208.261658
 20
7.171514
 30
0.0
 11
208.234798
 21
7.248094
 31
0.0
  0
LINE
  8
0
  6
CONTINUOUS
 10
208.234798
 20
7.248094
 30
0.0
 11
208.207777
 21
7.324643
 31
0.0
  0
LINE
  8
0
  6
CONTINUOUS
 10
207.574173
 20
6.659143
 30
0.0
 11
207.623389
 21
6.536716
 31
0.0
  0
LINE
  8
0
  6
CONTINUOUS
 10
207.623389
 20
6.536716
 30
0.0
 11
207.671803
 21
6.416225
 31
0.0
  0
LINE
  8
0
  6
CONTINUOUS
 10
207.671803
 20
6.416225
 30
0.0
 11
207.719306
 21
6.297951
 31
0.0
  0
LINE
  8
0
  6
CONTINUOUS
 10
207.719306
 20
6.297951
 30
0.0
 11
207.765786
 21
6.182171
 31
0.0
  0
LINE
  8
0
  6
CONTINUOUS
 10
207.765786
 20
6.182171
 30
0.0
 11
207.811129
 21
6.069167
 31
0.0
  0
LINE
  8
0
  6
CONTINUOUS
 10
207.811129
 20
6.069167
 30
0.0
 11
207.855227
 21
5.959215
 31
0.0
  0
LINE
  8
0
  6
CONTINUOUS
 10
207.855227
 20
5.959215
 30
0.0
 11
207.897966
 21
5.852597
 31
0.0
  0
LINE
  8
0
  6
CONTINUOUS
 10
207.897966
 20
5.852597
 30
0.0
 11
207.939235
 21
5.749591
 31
0.0
  0
LINE
  8
0
  6
CONTINUOUS
 10
207.939235
 20
5.749591
 30
0.0
 11
207.978923
 21
5.650477
 31
0.0
  0
LINE
  8
0
  6
CONTINUOUS
 10
207.978923
 20
5.650477
 30
0.0
 11
208.016918
 21
5.555533
 31
0.0
  0
LINE
  8
0
  6
CONTINUOUS
 10
208.016918
 20
5.555533
 30
0.0
 11
208.053108
 21
5.465040
 31
0.0
  0
LINE
  8
0
  6
CONTINUOUS
 10
208.053108
 20
5.465040
 30
0.0
 11
208.087383
 21
5.379276
 31
0.0
  0
LINE
  8
0
  6
CONTINUOUS
 10
208.087383
 20
5.379276
 30
0.0
 11
208.119629
 21
5.298521
 31
0.0
  0
LINE
  8
0
  6
CONTINUOUS
 10
208.119629
 20
5.298521
 30
0.0
 11
208.149736
 21
5.223053
 31
0.0
  0
LINE
  8
0
  6
CONTINUOUS
 10
208.149736
 20
5.223053
 30
0.0
 11
208.177592
 21
5.153153
 31
0.0
  0
LINE
  8
0
  6
CONTINUOUS
 10
208.177592
 20
5.153153
 30
0.0
 11
208.203087
 21
5.089100
 31
0.0
  0
LINE
  8
0
  6
CONTINUOUS
 10
208.203087
 20
5.089100
 30
0.0
 11
208.226107
 21
5.031172
 31
0.0
  0
LINE
  8
0
  6
CONTINUOUS
 10
208.226107
 20
5.031172
 30
0.0
 11
208.246541
 21
4.979650
 31
0.0
  0
LINE
  8
0
  6
CONTINUOUS
 10
208.246541
 20
4.979650
 30
0.0
 11
208.264279
 21
4.934812
 31
0.0
  0
LINE
  8
0
  6
CONTINUOUS
 10
208.264279
 20
4.934812
 30
0.0
 11
208.279208
 21
4.896937
 31
0.0
  0
LINE
  8
0
  6
CONTINUOUS
 10
208.279208
 20
4.896937
 30
0.0
 11
208.291216
 21
4.866306
 31
0.0
  0
LINE
  8
0
  6
CONTINUOUS
 10
208.291216
 20
4.866306
 30
0.0
 11
208.300193
 21
4.843197
 31
0.0
  0
LINE
  8
0
  6
CONTINUOUS
 10
208.300193
 20
4.843197
 30
0.0
 11
208.306027
 21
4.827889
 31
0.0
  0
LINE
  8
0
  6
CONTINUOUS
 10
208.306027
 20
4.827889
 30
0.0
 11
208.308605
 21
4.820662
 31
0.0
  0
LINE
  8
0
  6
CONTINUOUS
 10
208.308605
 20
4.820662
 30
0.0
 11
208.308244
 21
4.815009
 31
0.0
  0
LINE
  8
0
  6
CONTINUOUS
 10
208.308244
 20
4.815009
 30
0.0
 11
208.305382
 21
4.804352
 31
0.0
  0
LINE
  8
0
  6
CONTINUOUS
 10
208.305382
 20
4.804352
 30
0.0
 11
208.300105
 21
4.788869
 31
0.0
  0
LINE
  8
0
  6
CONTINUOUS
 10
208.300105
 20
4.788869
 30
0.0
 11
208.292492
 21
4.768734
 31
0.0
  0
LINE
  8
0
  6
CONTINUOUS
 10
208.292492
 20
4.768734
 30
0.0
 11
208.282623
 21
4.744125
 31
0.0
  0
LINE
  8
0
  6
CONTINUOUS
 10
208.282623
 20
4.744125
 30
0.0
 11
208.270580
 21
4.715218
 31
0.0
  0
LINE
  8
0
  6
CONTINUOUS
 10
208.270580
 20
4.715218
 30
0.0
 11
208.256446
 21
4.682188
 31
0.0
  0
LINE
  8
0
  6
CONTINUOUS
 10
208.256446
 20
4.682188
 30
0.0
 11
208.240300
 21
4.645214
 31
0.0
  0
LINE
  8
0
  6
CONTINUOUS
 10
208.240300
 20
4.645214
 30
0.0
 11
208.222222
 21
4.604468
 31
0.0
  0
LINE
  8
0
  6
CONTINUOUS
 10
208.222222
 20
4.604468
 30
0.0
 11
208.202296
 21
4.560129
 31
0.0
  0
LINE
  8
0
  6
CONTINUOUS
 10
208.202296
 20
4.560129
 30
0.0
 11
208.180603
 21
4.512374
 31
0.0
  0
LINE
  8
0
  6
CONTINUOUS
 10
208.180603
 20
4.512374
 30
0.0
 11
208.157222
 21
4.461376
 31
0.0
  0
LINE
  8
0
  6
CONTINUOUS
 10
208.157222
 20
4.461376
 30
0.0
 11
208.132235
 21
4.407314
 31
0.0
  0
LINE
  8
0
  6
CONTINUOUS
 10
208.132235
 20
4.407314
 30
0.0
 11
208.105723
 21
4.350364
 31
0.0
  0
LINE
  8
0
  6
CONTINUOUS
 10
208.105723
 20
4.350364
 30
0.0
 11
208.077767
 21
4.290700
 31
0.0
  0
LINE
  8
0
  6
CONTINUOUS
 10
208.077767
 20
4.290700
 30
0.0
 11
208.048450
 21
4.228500
 31
0.0
  0
LINE
  8
0
  6
CONTINUOUS
 10
208.048450
 20
4.228500
 30
0.0
 11
208.017850
 21
4.163940
 31
0.0
  0
LINE
  8
0
  6
CONTINUOUS
 10
208.017850
 20
4.163940
 30
0.0
 11
207.986051
 21
4.097197
 31
0.0
  0
LINE
  8
0
  6
CONTINUOUS
 10
207.986051
 20
4.097197
 30
0.0
 11
207.953131
 21
4.028445
 31
0.0
  0
LINE
  8
0
  6
CONTINUOUS
 10
207.953131
 20
4.028445
 30
0.0
 11
207.919174
 21
3.957863
 31
0.0
  0
LINE
  8
0
  6
CONTINUOUS
 10
207.919174
 20
3.957863
 30
0.0
 11
207.884261
 21
3.885624
 31
0.0
  0
LINE
  8
0
  6
CONTINUOUS
 10
207.884261
 20
3.885624
 30
0.0
 11
207.848471
 21
3.811907
 31
0.0
  0
LINE
  8
0
  6
CONTINUOUS
 10
207.848471
 20
3.811907
 30
0.0
 11
207.811887
 21
3.736888
 31
0.0
  0
LINE
  8
0
  6
CONTINUOUS
 10
207.811887
 20
3.736888
 30
0.0
 11
207.774589
 21
3.660740
 31
0.0
  0
LINE
  8
0
  6
CONTINUOUS
 10
203.724409
 20
4.287554
 30
0.0
 11
203.658169
 21
4.303799
 31
0.0
  0
LINE
  8
0
  6
CONTINUOUS
 10
203.658169
 20
4.303799
 30
0.0
 11
203.593018
 21
4.321845
 31
0.0
  0
LINE
  8
0
  6
CONTINUOUS
 10
203.593018
 20
4.321845
 30
0.0
 11
203.529001
 21
4.341662
 31
0.0
  0
LINE
  8
0
  6
CONTINUOUS
 10
203.529001
 20
4.341662
 30
0.0
 11
203.466154
 21
4.363225
 31
0.0
  0
LINE
  8
0
  6
CONTINUOUS
 10
203.466154
 20
4.363225
 30
0.0
 11
203.404519
 21
4.386504
 31
0.0
  0
LINE
  8
0
  6
CONTINUOUS
 10
203.404519
 20
4.386504
 30
0.0
 11
203.344135
 21
4.411473
 31
0.0
  0
LINE
  8
0
  6
CONTINUOUS
 10
203.344135
 20
4.411473
 30
0.0
 11
203.285044
 21
4.438103
 31
0.0
  0
LINE
  8
0
  6
CONTINUOUS
 10
203.285044
 20
4.438103
 30
0.0
 11
203.227285
 21
4.466366
 31
0.0
  0
LINE
  8
0
  6
CONTINUOUS
 10
203.227285
 20
4.466366
 30
0.0
 11
203.170897
 21
4.496237
 31
0.0
  0
LINE
  8
0
  6
CONTINUOUS
 10
203.170897
 20
4.496237
 30
0.0
 11
203.115922
 21
4.527686
 31
0.0
  0
LINE
  8
0
  6
CONTINUOUS
 10
203.115922
 20
4.527686
 30
0.0
 11
203.062399
 21
4.560686
 31
0.0
  0
LINE
  8
0
  6
CONTINUOUS
 10
203.062399
 20
4.560686
 30
0.0
 11
203.010369
 21
4.595210
 31
0.0
  0
LINE
  8
0
  6
CONTINUOUS
 10
203.010369
 20
4.595210
 30
0.0
 11
202.959871
 21
4.631229
 31
0.0
  0
LINE
  8
0
  6
CONTINUOUS
 10
202.959871
 20
4.631229
 30
0.0
 11
202.910947
 21
4.668718
 31
0.0
  0
LINE
  8
0
  6
CONTINUOUS
 10
202.910947
 20
4.668718
 30
0.0
 11
202.863635
 21
4.707647
 31
0.0
  0
LINE
  8
0
  6
CONTINUOUS
 10
202.863635
 20
4.707647
 30
0.0
 11
202.817976
 21
4.747988
 31
0.0
  0
LINE
  8
0
  6
CONTINUOUS
 10
202.817976
 20
4.747988
 30
0.0
 11
202.774011
 21
4.789716
 31
0.0
  0
LINE
  8
0
  6
CONTINUOUS
 10
202.774011
 20
4.789716
 30
0.0
 11
202.731779
 21
4.832801
 31
0.0
  0
LINE
  8
0
  6
CONTINUOUS
 10
202.731779
 20
4.832801
 30
0.0
 11
202.691320
 21
4.877216
 31
0.0
  0
LINE
  8
0
  6
CONTINUOUS
 10
202.691320
 20
4.877216
 30
0.0
 11
202.652675
 21
4.922935
 31
0.0
  0
LINE
  8
0
  6
CONTINUOUS
 10
202.652675
 20
4.922935
 30
0.0
 11
202.615883
 21
4.969928
 31
0.0
  0
LINE
  8
0
  6
CONTINUOUS
 10
202.615883
 20
4.969928
 30
0.0
 11
202.580986
 21
5.018169
 31
0.0
  0
LINE
  8
0
  6
CONTINUOUS
 10
202.580986
 20
5.018169
 30
0.0
 11
202.548022
 21
5.067629
 31
0.0
  0
LINE
  8
0
  6
CONTINUOUS
 10
202.548022
 20
5.067629
 30
0.0
 11
202.517032
 21
5.118282
 31
0.0
  0
LINE
  8
0
  6
CONTINUOUS
 10
202.517032
 20
5.118282
 30
0.0
 11
202.504285
 21
5.140791
 31
0.0
  0
LINE
  8
0
  6
CONTINUOUS
 10
202.504285
 20
5.140791
 30
0.0
 11
202.491355
 21
5.165012
 31
0.0
  0
LINE
  8
0
  6
CONTINUOUS
 10
202.491355
 20
5.165012
 30
0.0
 11
202.478316
 21
5.190729
 31
0.0
  0
LINE
  8
0
  6
CONTINUOUS
 10
202.478316
 20
5.190729
 30
0.0
 11
202.465248
 21
5.217722
 31
0.0
  0
LINE
  8
0
  6
CONTINUOUS
 10
202.465248
 20
5.217722
 30
0.0
 11
202.452227
 21
5.245774
 31
0.0
  0
LINE
  8
0
  6
CONTINUOUS
 10
202.452227
 20
5.245774
 30
0.0
 11
202.439329
 21
5.274667
 31
0.0
  0
LINE
  8
0
  6
CONTINUOUS
 10
202.439329
 20
5.274667
 30
0.0
 11
202.426630
 21
5.304185
 31
0.0
  0
LINE
  8
0
  6
CONTINUOUS
 10
202.426630
 20
5.304185
 30
0.0
 11
202.414208
 21
5.334107
 31
0.0
  0
LINE
  8
0
  6
CONTINUOUS
 10
202.414208
 20
5.334107
 30
0.0
 11
202.402140
 21
5.364218
 31
0.0
  0
LINE
  8
0
  6
CONTINUOUS
 10
202.402140
 20
5.364218
 30
0.0
 11
202.390501
 21
5.394299
 31
0.0
  0
LINE
  8
0
  6
CONTINUOUS
 10
202.390501
 20
5.394299
 30
0.0
 11
202.379369
 21
5.424133
 31
0.0
  0
LINE
  8
0
  6
CONTINUOUS
 10
202.379369
 20
5.424133
 30
0.0
 11
202.368820
 21
5.453502
 31
0.0
  0
LINE
  8
0
  6
CONTINUOUS
 10
202.368820
 20
5.453502
 30
0.0
 11
202.358930
 21
5.482187
 31
0.0
  0
LINE
  8
0
  6
CONTINUOUS
 10
202.358930
 20
5.482187
 30
0.0
 11
202.349778
 21
5.509971
 31
0.0
  0
LINE
  8
0
  6
CONTINUOUS
 10
202.349778
 20
5.509971
 30
0.0
 11
202.341439
 21
5.536637
 31
0.0
  0
LINE
  8
0
  6
CONTINUOUS
 10
202.341439
 20
5.536637
 30
0.0
 11
202.333989
 21
5.561968
 31
0.0
  0
LINE
  8
0
  6
CONTINUOUS
 10
202.333989
 20
5.561968
 30
0.0
 11
202.327506
 21
5.585743
 31
0.0
  0
LINE
  8
0
  6
CONTINUOUS
 10
202.327506
 20
5.585743
 30
0.0
 11
202.322066
 21
5.607747
 31
0.0
  0
LINE
  8
0
  6
CONTINUOUS
 10
202.322066
 20
5.607747
 30
0.0
 11
202.317746
 21
5.627762
 31
0.0
  0
LINE
  8
0
  6
CONTINUOUS
 10
202.317746
 20
5.627762
 30
0.0
 11
202.314622
 21
5.645569
 31
0.0
  0
LINE
  8
0
  6
CONTINUOUS
 10
202.314622
 20
5.645569
 30
0.0
 11
202.312772
 21
5.660951
 31
0.0
  0
LINE
  8
0
  6
CONTINUOUS
 10
202.312772
 20
5.660951
 30
0.0
 11
202.312272
 21
5.673689
 31
0.0
  0
LINE
  8
0
  6
CONTINUOUS
 10
202.312272
 20
5.673689
 30
0.0
 11
202.313198
 21
5.683568
 31
0.0
  0
LINE
  8
0
  6
CONTINUOUS
 10
202.313198
 20
5.683568
 30
0.0
 11
202.315627
 21
5.690367
 31
0.0
  0
LINE
  8
0
  6
CONTINUOUS
 10
202.315627
 20
5.690367
 30
0.0
 11
202.321095
 21
5.695523
 31
0.0
  0
LINE
  8
0
  6
CONTINUOUS
 10
202.321095
 20
5.695523
 30
0.0
 11
202.332578
 21
5.703405
 31
0.0
  0
LINE
  8
0
  6
CONTINUOUS
 10
202.332578
 20
5.703405
 30
0.0
 11
202.349579
 21
5.713767
 31
0.0
  0
LINE
  8
0
  6
CONTINUOUS
 10
202.349579
 20
5.713767
 30
0.0
 11
202.371598
 21
5.726368
 31
0.0
  0
LINE
  8
0
  6
CONTINUOUS
 10
202.371598
 20
5.726368
 30
0.0
 11
202.398138
 21
5.740963
 31
0.0
  0
LINE
  8
0
  6
CONTINUOUS
 10
202.398138
 20
5.740963
 30
0.0
 11
202.428699
 21
5.757308
 31
0.0
  0
LINE
  8
0
  6
CONTINUOUS
 10
202.428699
 20
5.757308
 30
0.0
 11
202.462785
 21
5.775161
 31
0.0
  0
LINE
  8
0
  6
CONTINUOUS
 10
202.462785
 20
5.775161
 30
0.0
 11
202.499896
 21
5.794277
 31
0.0
  0
LINE
  8
0
  6
CONTINUOUS
 10
202.499896
 20
5.794277
 30
0.0
 11
202.539533
 21
5.814412
 31
0.0
  0
LINE
  8
0
  6
CONTINUOUS
 10
202.539533
 20
5.814412
 30
0.0
 11
202.581200
 21
5.835323
 31
0.0
  0
LINE
  8
0
  6
CONTINUOUS
 10
202.581200
 20
5.835323
 30
0.0
 11
202.624396
 21
5.856767
 31
0.0
  0
LINE
  8
0
  6
CONTINUOUS
 10
202.624396
 20
5.856767
 30
0.0
 11
202.668625
 21
5.878499
 31
0.0
  0
LINE
  8
0
  6
CONTINUOUS
 10
202.668625
 20
5.878499
 30
0.0
 11
202.713387
 21
5.900276
 31
0.0
  0
LINE
  8
0
  6
CONTINUOUS
 10
202.713387
 20
5.900276
 30
0.0
 11
202.758185
 21
5.921855
 31
0.0
  0
LINE
  8
0
  6
CONTINUOUS
 10
202.758185
 20
5.921855
 30
0.0
 11
202.802520
 21
5.942992
 31
0.0
  0
LINE
  8
0
  6
CONTINUOUS
 10
202.802520
 20
5.942992
 30
0.0
 11
202.845893
 21
5.963442
 31
0.0
  0
LINE
  8
0
  6
CONTINUOUS
 10
202.845893
 20
5.963442
 30
0.0
 11
202.887806
 21
5.982963
 31
0.0
  0
LINE
  8
0
  6
CONTINUOUS
 10
202.887806
 20
5.982963
 30
0.0
 11
202.927763
 21
6.001311
 31
0.0
  0
LINE
  8
0
  6
CONTINUOUS
 10
202.927763
 20
6.001311
 30
0.0
 11
202.965261
 21
6.018242
 31
0.0
  0
LINE
  8
0
  6
CONTINUOUS
 10
202.965261
 20
6.018242
 30
0.0
 11
202.999806
 21
6.033512
 31
0.0
  0
LINE
  8
0
  6
CONTINUOUS
 10
202.999806
 20
6.033512
 30
0.0
 11
203.030897
 21
6.046879
 31
0.0
  0
LINE
  8
0
  6
CONTINUOUS
 10
203.030897
 20
6.046879
 30
0.0
 11
203.058038
 21
6.058097
 31
0.0
  0
LINE
  8
0
  6
CONTINUOUS
 10
203.058038
 20
6.058097
 30
0.0
 11
203.080729
 21
6.066925
 31
0.0
  0
LINE
  8
0
  6
CONTINUOUS
 10
203.080729
 20
6.066925
 30
0.0
 11
203.098470
 21
6.073117
 31
0.0
  0
LINE
  8
0
  6
CONTINUOUS
 10
203.098470
 20
6.073117
 30
0.0
 11
203.104409
 21
6.074801
 31
0.0
  0
LINE
  8
0
  6
CONTINUOUS
 10
203.104409
 20
6.074801
 30
0.0
 11
203.110131
 21
6.075976
 31
0.0
  0
LINE
  8
0
  6
CONTINUOUS
 10
203.110131
 20
6.075976
 30
0.0
 11
203.115670
 21
6.076598
 31
0.0
  0
LINE
  8
0
  6
CONTINUOUS
 10
203.115670
 20
6.076598
 30
0.0
 11
203.121067
 21
6.076619
 31
0.0
  0
LINE
  8
0
  6
CONTINUOUS
 10
203.121067
 20
6.076619
 30
0.0
 11
203.126357
 21
6.075998
 31
0.0
  0
LINE
  8
0
  6
CONTINUOUS
 10
203.126357
 20
6.075998
 30
0.0
 11
203.131577
 21
6.074686
 31
0.0
  0
LINE
  8
0
  6
CONTINUOUS
 10
203.131577
 20
6.074686
 30
0.0
 11
203.136765
 21
6.072640
 31
0.0
  0
LINE
  8
0
  6
CONTINUOUS
 10
203.136765
 20
6.072640
 30
0.0
 11
203.141959
 21
6.069814
 31
0.0
  0
LINE
  8
0
  6
CONTINUOUS
 10
203.141959
 20
6.069814
 30
0.0
 11
203.147195
 21
6.066162
 31
0.0
  0
LINE
  8
0
  6
CONTINUOUS
 10
203.147195
 20
6.066162
 30
0.0
 11
203.152511
 21
6.061641
 31
0.0
  0
LINE
  8
0
  6
CONTINUOUS
 10
203.152511
 20
6.061641
 30
0.0
 11
203.157943
 21
6.056204
 31
0.0
  0
LINE
  8
0
  6
CONTINUOUS
 10
203.157943
 20
6.056204
 30
0.0
 11
203.163529
 21
6.049806
 31
0.0
  0
LINE
  8
0
  6
CONTINUOUS
 10
203.163529
 20
6.049806
 30
0.0
 11
203.169307
 21
6.042402
 31
0.0
  0
LINE
  8
0
  6
CONTINUOUS
 10
203.169307
 20
6.042402
 30
0.0
 11
203.175313
 21
6.033949
 31
0.0
  0
LINE
  8
0
  6
CONTINUOUS
 10
203.175313
 20
6.033949
 30
0.0
 11
203.181584
 21
6.024398
 31
0.0
  0
LINE
  8
0
  6
CONTINUOUS
 10
203.181584
 20
6.024398
 30
0.0
 11
203.188159
 21
6.013706
 31
0.0
  0
LINE
  8
0
  6
CONTINUOUS
 10
203.188159
 20
6.013706
 30
0.0
 11
203.195073
 21
6.001828
 31
0.0
  0
LINE
  8
0
  6
CONTINUOUS
 10
203.195073
 20
6.001828
 30
0.0
 11
203.202364
 21
5.988717
 31
0.0
  0
LINE
  8
0
  6
CONTINUOUS
 10
203.202364
 20
5.988717
 30
0.0
 11
203.210070
 21
5.974330
 31
0.0
  0
LINE
  8
0
  6
CONTINUOUS
 10
203.210070
 20
5.974330
 30
0.0
 11
203.218227
 21
5.958621
 31
0.0
  0
LINE
  8
0
  6
CONTINUOUS
 10
203.218227
 20
5.958621
 30
0.0
 11
203.226873
 21
5.941545
 31
0.0
  0
LINE
  8
0
  6
CONTINUOUS
 10
203.226873
 20
5.941545
 30
0.0
 11
203.236046
 21
5.923056
 31
0.0
  0
LINE
  8
0
  6
CONTINUOUS
 10
203.236046
 20
5.923056
 30
0.0
 11
203.245781
 21
5.903109
 31
0.0
  0
LINE
  8
0
  6
CONTINUOUS
 10
203.245781
 20
5.903109
 30
0.0
 11
203.256117
 21
5.881660
 31
0.0
  0
LINE
  8
0
  6
CONTINUOUS
 10
203.256117
 20
5.881660
 30
0.0
 11
203.277563
 21
5.838553
 31
0.0
  0
LINE
  8
0
  6
CONTINUOUS
 10
203.277563
 20
5.838553
 30
0.0
 11
203.299752
 21
5.797207
 31
0.0
  0
LINE
  8
0
  6
CONTINUOUS
 10
203.299752
 20
5.797207
 30
0.0
 11
203.322728
 21
5.757587
 31
0.0
  0
LINE
  8
0
  6
CONTINUOUS
 10
203.322728
 20
5.757587
 30
0.0
 11
203.346537
 21
5.719660
 31
0.0
  0
LINE
  8
0
  6
CONTINUOUS
 10
203.346537
 20
5.719660
 30
0.0
 11
203.371223
 21
5.683390
 31
0.0
  0
LINE
  8
0
  6
CONTINUOUS
 10
203.371223
 20
5.683390
 30
0.0
 11
203.396831
 21
5.648744
 31
0.0
  0
LINE
  8
0
  6
CONTINUOUS
 10
203.396831
 20
5.648744
 30
0.0
 11
203.423405
 21
5.615689
 31
0.0
  0
LINE
  8
0
  6
CONTINUOUS
 10
203.423405
 20
5.615689
 30
0.0
 11
203.450991
 21
5.584189
 31
0.0
  0
LINE
  8
0
  6
CONTINUOUS
 10
203.450991
 20
5.584189
 30
0.0
 11
203.479633
 21
5.554212
 31
0.0
  0
LINE
  8
0
  6
CONTINUOUS
 10
203.479633
 20
5.554212
 30
0.0
 11
203.509375
 21
5.525721
 31
0.0
  0
LINE
  8
0
  6
CONTINUOUS
 10
203.509375
 20
5.525721
 30
0.0
 11
203.540262
 21
5.498685
 31
0.0
  0
LINE
  8
0
  6
CONTINUOUS
 10
203.540262
 20
5.498685
 30
0.0
 11
203.572340
 21
5.473069
 31
0.0
  0
LINE
  8
0
  6
CONTINUOUS
 10
203.572340
 20
5.473069
 30
0.0
 11
203.605653
 21
5.448837
 31
0.0
  0
LINE
  8
0
  6
CONTINUOUS
 10
203.605653
 20
5.448837
 30
0.0
 11
203.640245
 21
5.425957
 31
0.0
  0
LINE
  8
0
  6
CONTINUOUS
 10
203.640245
 20
5.425957
 30
0.0
 11
203.676161
 21
5.404395
 31
0.0
  0
LINE
  8
0
  6
CONTINUOUS
 10
203.676161
 20
5.404395
 30
0.0
 11
203.713447
 21
5.384116
 31
0.0
  0
LINE
  8
0
  6
CONTINUOUS
 10
203.713447
 20
5.384116
 30
0.0
 11
203.752146
 21
5.365086
 31
0.0
  0
LINE
  8
0
  6
CONTINUOUS
 10
203.752146
 20
5.365086
 30
0.0
 11
203.792304
 21
5.347271
 31
0.0
  0
LINE
  8
0
  6
CONTINUOUS
 10
203.792304
 20
5.347271
 30
0.0
 11
203.833964
 21
5.330636
 31
0.0
  0
LINE
  8
0
  6
CONTINUOUS
 10
203.833964
 20
5.330636
 30
0.0
 11
203.877172
 21
5.315149
 31
0.0
  0
LINE
  8
0
  6
CONTINUOUS
 10
203.877172
 20
5.315149
 30
0.0
 11
203.921973
 21
5.300775
 31
0.0
  0
LINE
  8
0
  6
CONTINUOUS
 10
203.921973
 20
5.300775
 30
0.0
 11
203.968411
 21
5.287480
 31
0.0
  0
LINE
  8
0
  6
CONTINUOUS
 10
203.968411
 20
5.287480
 30
0.0
 11
204.016531
 21
5.275229
 31
0.0
  0
LINE
  8
0
  6
CONTINUOUS
 10
204.016531
 20
5.275229
 30
0.0
 11
204.066377
 21
5.263988
 31
0.0
  0
LINE
  8
0
  6
CONTINUOUS
 10
204.066377
 20
5.263988
 30
0.0
 11
204.113982
 21
5.254789
 31
0.0
  0
LINE
  8
0
  6
CONTINUOUS
 10
204.113982
 20
5.254789
 30
0.0
 11
204.161618
 21
5.247330
 31
0.0
  0
LINE
  8
0
  6
CONTINUOUS
 10
204.161618
 20
5.247330
 30
0.0
 11
204.209205
 21
5.241595
 31
0.0
  0
LINE
  8
0
  6
CONTINUOUS
 10
204.209205
 20
5.241595
 30
0.0
 11
204.256665
 21
5.237565
 31
0.0
  0
LINE
  8
0
  6
CONTINUOUS
 10
204.256665
 20
5.237565
 30
0.0
 11
204.303916
 21
5.235222
 31
0.0
  0
LINE
  8
0
  6
CONTINUOUS
 10
204.303916
 20
5.235222
 30
0.0
 11
204.350879
 21
5.234548
 31
0.0
  0
LINE
  8
0
  6
CONTINUOUS
 10
204.350879
 20
5.234548
 30
0.0
 11
204.397474
 21
5.235525
 31
0.0
  0
LINE
  8
0
  6
CONTINUOUS
 10
204.397474
 20
5.235525
 30
0.0
 11
204.443620
 21
5.238135
 31
0.0
  0
LINE
  8
0
  6
CONTINUOUS
 10
204.443620
 20
5.238135
 30
0.0
 11
204.489239
 21
5.242361
 31
0.0
  0
LINE
  8
0
  6
CONTINUOUS
 10
204.489239
 20
5.242361
 30
0.0
 11
204.534250
 21
5.248183
 31
0.0
  0
LINE
  8
0
  6
CONTINUOUS
 10
204.534250
 20
5.248183
 30
0.0
 11
204.578574
 21
5.255585
 31
0.0
  0
LINE
  8
0
  6
CONTINUOUS
 10
204.578574
 20
5.255585
 30
0.0
 11
204.622130
 21
5.264547
 31
0.0
  0
LINE
  8
0
  6
CONTINUOUS
 10
204.622130
 20
5.264547
 30
0.0
 11
204.664838
 21
5.275052
 31
0.0
  0
LINE
  8
0
  6
CONTINUOUS
 10
204.664838
 20
5.275052
 30
0.0
 11
204.706619
 21
5.287082
 31
0.0
  0
LINE
  8
0
  6
CONTINUOUS
 10
204.706619
 20
5.287082
 30
0.0
 11
204.747394
 21
5.300619
 31
0.0
  0
LINE
  8
0
  6
CONTINUOUS
 10
204.747394
 20
5.300619
 30
0.0
 11
204.787080
 21
5.315644
 31
0.0
  0
LINE
  8
0
  6
CONTINUOUS
 10
204.787080
 20
5.315644
 30
0.0
 11
204.825599
 21
5.332140
 31
0.0
  0
LINE
  8
0
  6
CONTINUOUS
 10
204.825599
 20
5.332140
 30
0.0
 11
204.862872
 21
5.350090
 31
0.0
  0
LINE
  8
0
  6
CONTINUOUS
 10
204.862872
 20
5.350090
 30
0.0
 11
204.898818
 21
5.369474
 31
0.0
  0
LINE
  8
0
  6
CONTINUOUS
 10
204.898818
 20
5.369474
 30
0.0
 11
204.933356
 21
5.390274
 31
0.0
  0
LINE
  8
0
  6
CONTINUOUS
 10
204.933356
 20
5.390274
 30
0.0
 11
204.966409
 21
5.412473
 31
0.0
  0
LINE
  8
0
  6
CONTINUOUS
 10
204.966409
 20
5.412473
 30
0.0
 11
204.997893
 21
5.436053
 31
0.0
  0
LINE
  8
0
  6
CONTINUOUS
 10
204.997893
 20
5.436053
 30
0.0
 11
205.027733
 21
5.460995
 31
0.0
  0
LINE
  8
0
  6
CONTINUOUS
 10
205.027733
 20
5.460995
 30
0.0
 11
205.055845
 21
5.487282
 31
0.0
  0
LINE
  8
0
  6
CONTINUOUS
 10
205.055845
 20
5.487282
 30
0.0
 11
205.077679
 21
5.509414
 31
0.0
  0
LINE
  8
0
  6
CONTINUOUS
 10
205.077679
 20
5.509414
 30
0.0
 11
205.098383
 21
5.531472
 31
0.0
  0
LINE
  8
0
  6
CONTINUOUS
 10
205.098383
 20
5.531472
 30
0.0
 11
205.117975
 21
5.553502
 31
0.0
  0
LINE
  8
0
  6
CONTINUOUS
 10
205.117975
 20
5.553502
 30
0.0
 11
205.136474
 21
5.575548
 31
0.0
  0
LINE
  8
0
  6
CONTINUOUS
 10
205.136474
 20
5.575548
 30
0.0
 11
205.153899
 21
5.597656
 31
0.0
  0
LINE
  8
0
  6
CONTINUOUS
 10
205.153899
 20
5.597656
 30
0.0
 11
205.170268
 21
5.619871
 31
0.0
  0
LINE
  8
0
  6
CONTINUOUS
 10
205.170268
 20
5.619871
 30
0.0
 11
205.185602
 21
5.642239
 31
0.0
  0
LINE
  8
0
  6
CONTINUOUS
 10
205.185602
 20
5.642239
 30
0.0
 11
205.199917
 21
5.664804
 31
0.0
  0
LINE
  8
0
  6
CONTINUOUS
 10
205.199917
 20
5.664804
 30
0.0
 11
205.213234
 21
5.687612
 31
0.0
  0
LINE
  8
0
  6
CONTINUOUS
 10
205.213234
 20
5.687612
 30
0.0
 11
205.225570
 21
5.710709
 31
0.0
  0
LINE
  8
0
  6
CONTINUOUS
 10
205.225570
 20
5.710709
 30
0.0
 11
205.236945
 21
5.734139
 31
0.0
  0
LINE
  8
0
  6
CONTINUOUS
 10
205.236945
 20
5.734139
 30
0.0
 11
205.247377
 21
5.757947
 31
0.0
  0
LINE
  8
0
  6
CONTINUOUS
 10
205.247377
 20
5.757947
 30
0.0
 11
205.256885
 21
5.782180
 31
0.0
  0
LINE
  8
0
  6
CONTINUOUS
 10
205.256885
 20
5.782180
 30
0.0
 11
205.265488
 21
5.806881
 31
0.0
  0
LINE
  8
0
  6
CONTINUOUS
 10
205.265488
 20
5.806881
 30
0.0
 11
205.273206
 21
5.832097
 31
0.0
  0
LINE
  8
0
  6
CONTINUOUS
 10
205.273206
 20
5.832097
 30
0.0
 11
205.280055
 21
5.857873
 31
0.0
  0
LINE
  8
0
  6
CONTINUOUS
 10
205.280055
 20
5.857873
 30
0.0
 11
205.286056
 21
5.884253
 31
0.0
  0
LINE
  8
0
  6
CONTINUOUS
 10
205.286056
 20
5.884253
 30
0.0
 11
205.291227
 21
5.911284
 31
0.0
  0
LINE
  8
0
  6
CONTINUOUS
 10
205.291227
 20
5.911284
 30
0.0
 11
205.295587
 21
5.939010
 31
0.0
  0
LINE
  8
0
  6
CONTINUOUS
 10
205.295587
 20
5.939010
 30
0.0
 11
205.299154
 21
5.967476
 31
0.0
  0
LINE
  8
0
  6
CONTINUOUS
 10
205.299154
 20
5.967476
 30
0.0
 11
205.301947
 21
5.996729
 31
0.0
  0
LINE
  8
0
  6
CONTINUOUS
 10
205.301947
 20
5.996729
 30
0.0
 11
205.303987
 21
6.026813
 31
0.0
  0
LINE
  8
0
  6
CONTINUOUS
 10
205.303987
 20
6.026813
 30
0.0
 11
205.305290
 21
6.057773
 31
0.0
  0
LINE
  8
0
  6
CONTINUOUS
 10
205.305290
 20
6.057773
 30
0.0
 11
205.305875
 21
6.089655
 31
0.0
  0
LINE
  8
0
  6
CONTINUOUS
 10
205.305875
 20
6.089655
 30
0.0
 11
205.305809
 21
6.120723
 31
0.0
  0
LINE
  8
0
  6
CONTINUOUS
 10
205.305809
 20
6.120723
 30
0.0
 11
205.305130
 21
6.150531
 31
0.0
  0
LINE
  8
0
  6
CONTINUOUS
 10
205.305130
 20
6.150531
 30
0.0
 11
205.303799
 21
6.179165
 31
0.0
  0
LINE
  8
0
  6
CONTINUOUS
 10
205.303799
 20
6.179165
 30
0.0
 11
205.301778
 21
6.206714
 31
0.0
  0
LINE
  8
0
  6
CONTINUOUS
 10
205.301778
 20
6.206714
 30
0.0
 11
205.299031
 21
6.233266
 31
0.0
  0
LINE
  8
0
  6
CONTINUOUS
 10
205.299031
 20
6.233266
 30
0.0
 11
205.295520
 21
6.258906
 31
0.0
  0
LINE
  8
0
  6
CONTINUOUS
 10
205.295520
 20
6.258906
 30
0.0
 11
205.291206
 21
6.283724
 31
0.0
  0
LINE
  8
0
  6
CONTINUOUS
 10
205.291206
 20
6.283724
 30
0.0
 11
205.286053
 21
6.307805
 31
0.0
  0
LINE
  8
0
  6
CONTINUOUS
 10
205.286053
 20
6.307805
 30
0.0
 11
205.280023
 21
6.331238
 31
0.0
  0
LINE
  8
0
  6
CONTINUOUS
 10
205.280023
 20
6.331238
 30
0.0
 11
205.273078
 21
6.354111
 31
0.0
  0
LINE
  8
0
  6
CONTINUOUS
 10
205.273078
 20
6.354111
 30
0.0
 11
205.265182
 21
6.376510
 31
0.0
  0
LINE
  8
0
  6
CONTINUOUS
 10
205.265182
 20
6.376510
 30
0.0
 11
205.256294
 21
6.398524
 31
0.0
  0
LINE
  8
0
  6
CONTINUOUS
 10
205.256294
 20
6.398524
 30
0.0
 11
205.246380
 21
6.420239
 31
0.0
  0
LINE
  8
0
  6
CONTINUOUS
 10
205.246380
 20
6.420239
 30
0.0
 11
205.235400
 21
6.441743
 31
0.0
  0
LINE
  8
0
  6
CONTINUOUS
 10
205.235400
 20
6.441743
 30
0.0
 11
205.223317
 21
6.463124
 31
0.0
  0
LINE
  8
0
  6
CONTINUOUS
 10
205.223317
 20
6.463124
 30
0.0
 11
205.210093
 21
6.484468
 31
0.0
  0
LINE
  8
0
  6
CONTINUOUS
 10
205.210093
 20
6.484468
 30
0.0
 11
205.195693
 21
6.505864
 31
0.0
  0
LINE
  8
0
  6
CONTINUOUS
 10
205.195693
 20
6.505864
 30
0.0
 11
205.180076
 21
6.527399
 31
0.0
  0
LINE
  8
0
  6
CONTINUOUS
 10
205.180076
 20
6.527399
 30
0.0
 11
205.163206
 21
6.549159
 31
0.0
  0
LINE
  8
0
  6
CONTINUOUS
 10
205.163206
 20
6.549159
 30
0.0
 11
205.145046
 21
6.571234
 31
0.0
  0
LINE
  8
0
  6
CONTINUOUS
 10
205.145046
 20
6.571234
 30
0.0
 11
205.125556
 21
6.593710
 31
0.0
  0
LINE
  8
0
  6
CONTINUOUS
 10
205.125556
 20
6.593710
 30
0.0
 11
205.104702
 21
6.616675
 31
0.0
  0
LINE
  8
0
  6
CONTINUOUS
 10
205.104702
 20
6.616675
 30
0.0
 11
205.082443
 21
6.640216
 31
0.0
  0
LINE
  8
0
  6
CONTINUOUS
 10
205.082443
 20
6.640216
 30
0.0
 11
205.058743
 21
6.664420
 31
0.0
  0
LINE
  8
0
  6
CONTINUOUS
 10
205.058743
 20
6.664420
 30
0.0
 11
205.037756
 21
6.685191
 31
0.0
  0
LINE
  8
0
  6
CONTINUOUS
 10
205.037756
 20
6.685191
 30
0.0
 11
205.016702
 21
6.705322
 31
0.0
  0
LINE
  8
0
  6
CONTINUOUS
 10
205.016702
 20
6.705322
 30
0.0
 11
204.995388
 21
6.724929
 31
0.0
  0
LINE
  8
0
  6
CONTINUOUS
 10
204.995388
 20
6.724929
 30
0.0
 11
204.973619
 21
6.744133
 31
0.0
  0
LINE
  8
0
  6
CONTINUOUS
 10
204.973619
 20
6.744133
 30
0.0
 11
204.951204
 21
6.763053
 31
0.0
  0
LINE
  8
0
  6
CONTINUOUS
 10
204.951204
 20
6.763053
 30
0.0
 11
204.927949
 21
6.781807
 31
0.0
  0
LINE
  8
0
  6
CONTINUOUS
 10
204.927949
 20
6.781807
 30
0.0
 11
204.903659
 21
6.800516
 31
0.0
  0
LINE
  8
0
  6
CONTINUOUS
 10
204.903659
 20
6.800516
 30
0.0
 11
204.878142
 21
6.819298
 31
0.0
  0
LINE
  8
0
  6
CONTINUOUS
 10
204.878142
 20
6.819298
 30
0.0
 11
204.851205
 21
6.838271
 31
0.0
  0
LINE
  8
0
  6
CONTINUOUS
 10
204.851205
 20
6.838271
 30
0.0
 11
204.822653
 21
6.857555
 31
0.0
  0
LINE
  8
0
  6
CONTINUOUS
 10
204.822653
 20
6.857555
 30
0.0
 11
204.792295
 21
6.877268
 31
0.0
  0
LINE
  8
0
  6
CONTINUOUS
 10
204.792295
 20
6.877268
 30
0.0
 11
204.759937
 21
6.897531
 31
0.0
  0
LINE
  8
0
  6
CONTINUOUS
 10
204.759937
 20
6.897531
 30
0.0
 11
204.725385
 21
6.918461
 31
0.0
  0
LINE
  8
0
  6
CONTINUOUS
 10
204.725385
 20
6.918461
 30
0.0
 11
204.688445
 21
6.940179
 31
0.0
  0
LINE
  8
0
  6
CONTINUOUS
 10
204.688445
 20
6.940179
 30
0.0
 11
204.648925
 21
6.962804
 31
0.0
  0
LINE
  8
0
  6
CONTINUOUS
 10
204.648925
 20
6.962804
 30
0.0
 11
204.606632
 21
6.986452
 31
0.0
  0
LINE
  8
0
  6
CONTINUOUS
 10
204.606632
 20
6.986452
 30
0.0
 11
204.561371
 21
7.011244
 31
0.0
  0
LINE
  8
0
  6
CONTINUOUS
 10
204.561371
 20
7.011244
 30
0.0
 11
204.512950
 21
7.037300
 31
0.0
  0
LINE
  8
0
  6
CONTINUOUS
 10
204.512950
 20
7.037300
 30
0.0
 11
204.461175
 21
7.064738
 31
0.0
  0
LINE
  8
0
  6
CONTINUOUS
 10
204.461175
 20
7.064738
 30
0.0
 11
204.405853
 21
7.093676
 31
0.0
  0
LINE
  8
0
  6
CONTINUOUS
 10
204.405853
 20
7.093676
 30
0.0
 11
204.346791
 21
7.124235
 31
0.0
  0
LINE
  8
0
  6
CONTINUOUS
 10
204.346791
 20
7.124235
 30
0.0
 11
204.283795
 21
7.156533
 31
0.0
  0
LINE
  8
0
  6
CONTINUOUS
 10
204.283795
 20
7.156533
 30
0.0
 11
204.216672
 21
7.190689
 31
0.0
  0
LINE
  8
0
  6
CONTINUOUS
 10
204.216672
 20
7.190689
 30
0.0
 11
204.145228
 21
7.226822
 31
0.0
  0
LINE
  8
0
  6
CONTINUOUS
 10
204.145228
 20
7.226822
 30
0.0
 11
204.010613
 21
7.295661
 31
0.0
  0
LINE
  8
0
  6
CONTINUOUS
 10
204.010613
 20
7.295661
 30
0.0
 11
203.883218
 21
7.362782
 31
0.0
  0
LINE
  8
0
  6
CONTINUOUS
 10
203.883218
 20
7.362782
 30
0.0
 11
203.762850
 21
7.428369
 31
0.0
  0
LINE
  8
0
  6
CONTINUOUS
 10
203.762850
 20
7.428369
 30
0.0
 11
203.649316
 21
7.492605
 31
0.0
  0
LINE
  8
0
  6
CONTINUOUS
 10
203.649316
 20
7.492605
 30
0.0
 11
203.542424
 21
7.555672
 31
0.0
  0
LINE
  8
0
  6
CONTINUOUS
 10
203.542424
 20
7.555672
 30
0.0
 11
203.441981
 21
7.617755
 31
0.0
  0
LINE
  8
0
  6
CONTINUOUS
 10
203.441981
 20
7.617755
 30
0.0
 11
203.347794
 21
7.679037
 31
0.0
  0
LINE
  8
0
  6
CONTINUOUS
 10
203.347794
 20
7.679037
 30
0.0
 11
203.259670
 21
7.739702
 31
0.0
  0
LINE
  8
0
  6
CONTINUOUS
 10
203.259670
 20
7.739702
 30
0.0
 11
203.177417
 21
7.799931
 31
0.0
  0
LINE
  8
0
  6
CONTINUOUS
 10
203.177417
 20
7.799931
 30
0.0
 11
203.100843
 21
7.859911
 31
0.0
  0
LINE
  8
0
  6
CONTINUOUS
 10
203.100843
 20
7.859911
 30
0.0
 11
203.029753
 21
7.919822
 31
0.0
  0
LINE
  8
0
  6
CONTINUOUS
 10
203.029753
 20
7.919822
 30
0.0
 11
202.963956
 21
7.979849
 31
0.0
  0
LINE
  8
0
  6
CONTINUOUS
 10
202.963956
 20
7.979849
 30
0.0
 11
202.903259
 21
8.040176
 31
0.0
  0
LINE
  8
0
  6
CONTINUOUS
 10
202.903259
 20
8.040176
 30
0.0
 11
202.847470
 21
8.100984
 31
0.0
  0
LINE
  8
0
  6
CONTINUOUS
 10
202.847470
 20
8.100984
 30
0.0
 11
202.796394
 21
8.162459
 31
0.0
  0
LINE
  8
0
  6
CONTINUOUS
 10
202.796394
 20
8.162459
 30
0.0
 11
202.749841
 21
8.224782
 31
0.0
  0
LINE
  8
0
  6
CONTINUOUS
 10
202.749841
 20
8.224782
 30
0.0
 11
202.707616
 21
8.288138
 31
0.0
  0
LINE
  8
0
  6
CONTINUOUS
 10
202.707616
 20
8.288138
 30
0.0
 11
202.669528
 21
8.352710
 31
0.0
  0
LINE
  8
0
  6
CONTINUOUS
 10
202.669528
 20
8.352710
 30
0.0
 11
202.635383
 21
8.418681
 31
0.0
  0
LINE
  8
0
  6
CONTINUOUS
 10
202.635383
 20
8.418681
 30
0.0
 11
202.604989
 21
8.486235
 31
0.0
  0
LINE
  8
0
  6
CONTINUOUS
 10
202.604989
 20
8.486235
 30
0.0
 11
202.578153
 21
8.555555
 31
0.0
  0
LINE
  8
0
  6
CONTINUOUS
 10
202.578153
 20
8.555555
 30
0.0
 11
202.554683
 21
8.626824
 31
0.0
  0
LINE
  8
0
  6
CONTINUOUS
 10
202.554683
 20
8.626824
 30
0.0
 11
202.534385
 21
8.700227
 31
0.0
  0
LINE
  8
0
  6
CONTINUOUS
 10
202.534385
 20
8.700227
 30
0.0
 11
202.517068
 21
8.775944
 31
0.0
  0
LINE
  8
0
  6
CONTINUOUS
 10
202.517068
 20
8.775944
 30
0.0
 11
202.497313
 21
8.887475
 31
0.0
  0
LINE
  8
0
  6
CONTINUOUS
 10
202.497313
 20
8.887475
 30
0.0
 11
202.484236
 21
8.997959
 31
0.0
  0
LINE
  8
0
  6
CONTINUOUS
 10
202.484236
 20
8.997959
 30
0.0
 11
202.477730
 21
9.107203
 31
0.0
  0
LINE
  8
0
  6
CONTINUOUS
 10
202.477730
 20
9.107203
 30
0.0
 11
202.477684
 21
9.215018
 31
0.0
  0
LINE
  8
0
  6
CONTINUOUS
 10
202.477684
 20
9.215018
 30
0.0
 11
202.483990
 21
9.321209
 31
0.0
  0
LINE
  8
0
  6
CONTINUOUS
 10
202.483990
 20
9.321209
 30
0.0
 11
202.496536
 21
9.425590
 31
0.0
  0
LINE
  8
0
  6
CONTINUOUS
 10
202.496536
 20
9.425590
 30
0.0
 11
202.515214
 21
9.527965
 31
0.0
  0
LINE
  8
0
  6
CONTINUOUS
 10
202.515214
 20
9.527965
 30
0.0
 11
202.539913
 21
9.628145
 31
0.0
  0
LINE
  8
0
  6
CONTINUOUS
 10
202.539913
 20
9.628145
 30
0.0
 11
202.570525
 21
9.725939
 31
0.0
  0
LINE
  8
0
  6
CONTINUOUS
 10
202.570525
 20
9.725939
 30
0.0
 11
202.606939
 21
9.821155
 31
0.0
  0
LINE
  8
0
  6
CONTINUOUS
 10
202.606939
 20
9.821155
 30
0.0
 11
202.649045
 21
9.913602
 31
0.0
  0
LINE
  8
0
  6
CONTINUOUS
 10
202.649045
 20
9.913602
 30
0.0
 11
202.696735
 21
10.003089
 31
0.0
  0
LINE
  8
0
  6
CONTINUOUS
 10
202.696735
 20
10.003089
 30
0.0
 11
202.749898
 21
10.089425
 31
0.0
  0
LINE
  8
0
  6
CONTINUOUS
 10
202.749898
 20
10.089425
 30
0.0
 11
202.808424
 21
10.172418
 31
0.0
  0
LINE
  8
0
  6
CONTINUOUS
 10
202.808424
 20
10.172418
 30
0.0
 11
202.872204
 21
10.251877
 31
0.0
  0
LINE
  8
0
  6
CONTINUOUS
 10
202.872204
 20
10.251877
 30
0.0
 11
202.941128
 21
10.327611
 31
0.0
  0
LINE
  8
0
  6
CONTINUOUS
 10
202.941128
 20
10.327611
 30
0.0
 11
203.015087
 21
10.399428
 31
0.0
  0
LINE
  8
0
  6
CONTINUOUS
 10
203.015087
 20
10.399428
 30
0.0
 11
203.093970
 21
10.467139
 31
0.0
  0
LINE
  8
0
  6
CONTINUOUS
 10
203.093970
 20
10.467139
 30
0.0
 11
203.177669
 21
10.530550
 31
0.0
  0
LINE
  8
0
  6
CONTINUOUS
 10
203.177669
 20
10.530550
 30
0.0
 11
203.266074
 21
10.589471
 31
0.0
  0
LINE
  8
0
  6
CONTINUOUS
 10
203.266074
 20
10.589471
 30
0.0
 11
203.359073
 21
10.643711
 31
0.0
  0
LINE
  8
0
  6
CONTINUOUS
 10
203.359073
 20
10.643711
 30
0.0
 11
203.456560
 21
10.693079
 31
0.0
  0
LINE
  8
0
  6
CONTINUOUS
 10
203.456560
 20
10.693079
 30
0.0
 11
203.558422
 21
10.737383
 31
0.0
  0
LINE
  8
0
  6
CONTINUOUS
 10
203.558422
 20
10.737383
 30
0.0
 11
203.664550
 21
10.776431
 31
0.0
  0
LINE
  8
0
  6
CONTINUOUS
 10
203.664550
 20
10.776431
 30
0.0
 11
203.690880
 21
10.785209
 31
0.0
  0
LINE
  8
0
  6
CONTINUOUS
 10
203.690880
 20
10.785209
 30
0.0
 11
203.715708
 21
10.793307
 31
0.0
  0
LINE
  8
0
  6
CONTINUOUS
 10
203.715708
 20
10.793307
 30
0.0
 11
203.739291
 21
10.800755
 31
0.0
  0
LINE
  8
0
  6
CONTINUOUS
 10
203.739291
 20
10.800755
 30
0.0
 11
203.761885
 21
10.807578
 31
0.0
  0
LINE
  8
0
  6
CONTINUOUS
 10
203.761885
 20
10.807578
 30
0.0
 11
203.783747
 21
10.813805
 31
0.0
  0
LINE
  8
0
  6
CONTINUOUS
 10
203.783747
 20
10.813805
 30
0.0
 11
203.805134
 21
10.819463
 31
0.0
  0
LINE
  8
0
  6
CONTINUOUS
 10
203.805134
 20
10.819463
 30
0.0
 11
203.826301
 21
10.824579
 31
0.0
  0
LINE
  8
0
  6
CONTINUOUS
 10
203.826301
 20
10.824579
 30
0.0
 11
203.847506
 21
10.829181
 31
0.0
  0
LINE
  8
0
  6
CONTINUOUS
 10
203.847506
 20
10.829181
 30
0.0
 11
203.869005
 21
10.833297
 31
0.0
  0
LINE
  8
0
  6
CONTINUOUS
 10
203.869005
 20
10.833297
 30
0.0
 11
203.891054
 21
10.836953
 31
0.0
  0
LINE
  8
0
  6
CONTINUOUS
 10
203.891054
 20
10.836953
 30
0.0
 11
203.913912
 21
10.840178
 31
0.0
  0
LINE
  8
0
  6
CONTINUOUS
 10
203.913912
 20
10.840178
 30
0.0
 11
203.937832
 21
10.842999
 31
0.0
  0
LINE
  8
0
  6
CONTINUOUS
 10
203.937832
 20
10.842999
 30
0.0
 11
203.963071
 21
10.845443
 31
0.0
  0
LINE
  8
0
  6
CONTINUOUS
 10
203.963071
 20
10.845443
 30
0.0
 11
203.989889
 21
10.847538
 31
0.0
  0
LINE
  8
0
  6
CONTINUOUS
 10
203.989889
 20
10.847538
 30
0.0
 11
204.018538
 21
10.849311
 31
0.0
  0
LINE
  8
0
  6
CONTINUOUS
 10
204.018538
 20
10.849311
 30
0.0
 11
204.049279
 21
10.850790
 31
0.0
  0
LINE
  8
0
  6
CONTINUOUS
 10
204.049279
 20
10.850790
 30
0.0
 11
204.082365
 21
10.852002
 31
0.0
  0
LINE
  8
0
  6
CONTINUOUS
 10
204.082365
 20
10.852002
 30
0.0
 11
204.118053
 21
10.852974
 31
0.0
  0
LINE
  8
0
  6
CONTINUOUS
 10
204.118053
 20
10.852974
 30
0.0
 11
204.156601
 21
10.853736
 31
0.0
  0
LINE
  8
0
  6
CONTINUOUS
 10
204.156601
 20
10.853736
 30
0.0
 11
204.198265
 21
10.854312
 31
0.0
  0
LINE
  8
0
  6
CONTINUOUS
 10
204.198265
 20
10.854312
 30
0.0
 11
204.243302
 21
10.854731
 31
0.0
  0
LINE
  8
0
  6
CONTINUOUS
 10
204.243302
 20
10.854731
 30
0.0
 11
204.291967
 21
10.855022
 31
0.0
  0
LINE
  8
0
  6
CONTINUOUS
 10
204.291967
 20
10.855022
 30
0.0
 11
204.344517
 21
10.855209
 31
0.0
  0
LINE
  8
0
  6
CONTINUOUS
 10
204.344517
 20
10.855209
 30
0.0
 11
204.401209
 21
10.855323
 31
0.0
  0
LINE
  8
0
  6
CONTINUOUS
 10
204.401209
 20
10.855323
 30
0.0
 11
204.454675
 21
10.855355
 31
0.0
  0
LINE
  8
0
  6
CONTINUOUS
 10
204.454675
 20
10.855355
 30
0.0
 11
204.504674
 21
10.855278
 31
0.0
  0
LINE
  8
0
  6
CONTINUOUS
 10
204.504674
 20
10.855278
 30
0.0
 11
204.551409
 21
10.855075
 31
0.0
  0
LINE
  8
0
  6
CONTINUOUS
 10
204.551409
 20
10.855075
 30
0.0
 11
204.595078
 21
10.854727
 31
0.0
  0
LINE
  8
0
  6
CONTINUOUS
 10
204.595078
 20
10.854727
 30
0.0
 11
204.635884
 21
10.854216
 31
0.0
  0
LINE
  8
0
  6
CONTINUOUS
 10
204.635884
 20
10.854216
 30
0.0
 11
204.674027
 21
10.853524
 31
0.0
  0
LINE
  8
0
  6
CONTINUOUS
 10
204.674027
 20
10.853524
 30
0.0
 11
204.709710
 21
10.852634
 31
0.0
  0
LINE
  8
0
  6
CONTINUOUS
 10
204.709710
 20
10.852634
 30
0.0
 11
204.743132
 21
10.851527
 31
0.0
  0
LINE
  8
0
  6
CONTINUOUS
 10
204.743132
 20
10.851527
 30
0.0
 11
204.774495
 21
10.850185
 31
0.0
  0
LINE
  8
0
  6
CONTINUOUS
 10
204.774495
 20
10.850185
 30
0.0
 11
204.804000
 21
10.848591
 31
0.0
  0
LINE
  8
0
  6
CONTINUOUS
 10
204.804000
 20
10.848591
 30
0.0
 11
204.831849
 21
10.846726
 31
0.0
  0
LINE
  8
0
  6
CONTINUOUS
 10
204.831849
 20
10.846726
 30
0.0
 11
204.858241
 21
10.844572
 31
0.0
  0
LINE
  8
0
  6
CONTINUOUS
 10
204.858241
 20
10.844572
 30
0.0
 11
204.883379
 21
10.842111
 31
0.0
  0
LINE
  8
0
  6
CONTINUOUS
 10
204.883379
 20
10.842111
 30
0.0
 11
204.907463
 21
10.839326
 31
0.0
  0
LINE
  8
0
  6
CONTINUOUS
 10
204.907463
 20
10.839326
 30
0.0
 11
204.930696
 21
10.836197
 31
0.0
  0
LINE
  8
0
  6
CONTINUOUS
 10
204.930696
 20
10.836197
 30
0.0
 11
204.953276
 21
10.832708
 31
0.0
  0
LINE
  8
0
  6
CONTINUOUS
 10
204.953276
 20
10.832708
 30
0.0
 11
204.975406
 21
10.828840
 31
0.0
  0
LINE
  8
0
  6
CONTINUOUS
 10
204.975406
 20
10.828840
 30
0.0
 11
204.997287
 21
10.824576
 31
0.0
  0
LINE
  8
0
  6
CONTINUOUS
 10
204.997287
 20
10.824576
 30
0.0
 11
205.019119
 21
10.819896
 31
0.0
  0
LINE
  8
0
  6
CONTINUOUS
 10
205.019119
 20
10.819896
 30
0.0
 11
205.041104
 21
10.814784
 31
0.0
  0
LINE
  8
0
  6
CONTINUOUS
 10
205.041104
 20
10.814784
 30
0.0
 11
205.063444
 21
10.809220
 31
0.0
  0
LINE
  8
0
  6
CONTINUOUS
 10
205.063444
 20
10.809220
 30
0.0
 11
205.086339
 21
10.803188
 31
0.0
  0
LINE
  8
0
  6
CONTINUOUS
 10
205.086339
 20
10.803188
 30
0.0
 11
205.109989
 21
10.796669
 31
0.0
  0
LINE
  8
0
  6
CONTINUOUS
 10
205.109989
 20
10.796669
 30
0.0
 11
205.134598
 21
10.789646
 31
0.0
  0
LINE
  8
0
  6
CONTINUOUS
 10
205.134598
 20
10.789646
 30
0.0
 11
205.189889
 21
10.772836
 31
0.0
  0
LINE
  8
0
  6
CONTINUOUS
 10
205.189889
 20
10.772836
 30
0.0
 11
205.244131
 21
10.754732
 31
0.0
  0
LINE
  8
0
  6
CONTINUOUS
 10
205.244131
 20
10.754732
 30
0.0
 11
205.297302
 21
10.735352
 31
0.0
  0
LINE
  8
0
  6
CONTINUOUS
 10
205.297302
 20
10.735352
 30
0.0
 11
205.349376
 21
10.714713
 31
0.0
  0
LINE
  8
0
  6
CONTINUOUS
 10
205.349376
 20
10.714713
 30
0.0
 11
205.400331
 21
10.692831
 31
0.0
  0
LINE
  8
0
  6
CONTINUOUS
 10
205.400331
 20
10.692831
 30
0.0
 11
205.450142
 21
10.669724
 31
0.0
  0
LINE
  8
0
  6
CONTINUOUS
 10
205.450142
 20
10.669724
 30
0.0
 11
205.498786
 21
10.645410
 31
0.0
  0
LINE
  8
0
  6
CONTINUOUS
 10
205.498786
 20
10.645410
 30
0.0
 11
205.546242
 21
10.619906
 31
0.0
  0
LINE
  8
0
  6
CONTINUOUS
 10
205.546242
 20
10.619906
 30
0.0
 11
205.592482
 21
10.593228
 31
0.0
  0
LINE
  8
0
  6
CONTINUOUS
 10
205.592482
 20
10.593228
 30
0.0
 11
205.637485
 21
10.565395
 31
0.0
  0
LINE
  8
0
  6
CONTINUOUS
 10
205.637485
 20
10.565395
 30
0.0
 11
205.681227
 21
10.536424
 31
0.0
  0
LINE
  8
0
  6
CONTINUOUS
 10
205.681227
 20
10.536424
 30
0.0
 11
205.723686
 21
10.506330
 31
0.0
  0
LINE
  8
0
  6
CONTINUOUS
 10
205.723686
 20
10.506330
 30
0.0
 11
205.764835
 21
10.475134
 31
0.0
  0
LINE
  8
0
  6
CONTINUOUS
 10
205.764835
 20
10.475134
 30
0.0
 11
205.804652
 21
10.442851
 31
0.0
  0
LINE
  8
0
  6
CONTINUOUS
 10
205.804652
 20
10.442851
 30
0.0
 11
205.843116
 21
10.409498
 31
0.0
  0
LINE
  8
0
  6
CONTINUOUS
 10
205.843116
 20
10.409498
 30
0.0
 11
205.880199
 21
10.375093
 31
0.0
  0
LINE
  8
0
  6
CONTINUOUS
 10
205.880199
 20
10.375093
 30
0.0
 11
205.915881
 21
10.339653
 31
0.0
  0
LINE
  8
0
  6
CONTINUOUS
 10
205.915881
 20
10.339653
 30
0.0
 11
205.950136
 21
10.303197
 31
0.0
  0
LINE
  8
0
  6
CONTINUOUS
 10
205.950136
 20
10.303197
 30
0.0
 11
205.982941
 21
10.265740
 31
0.0
  0
LINE
  8
0
  6
CONTINUOUS
 10
205.982941
 20
10.265740
 30
0.0
 11
206.014274
 21
10.227299
 31
0.0
  0
LINE
  8
0
  6
CONTINUOUS
 10
206.014274
 20
10.227299
 30
0.0
 11
206.044110
 21
10.187893
 31
0.0
  0
LINE
  8
0
  6
CONTINUOUS
 10
206.044110
 20
10.187893
 30
0.0
 11
206.072426
 21
10.147539
 31
0.0
  0
LINE
  8
0
  6
CONTINUOUS
 10
206.072426
 20
10.147539
 30
0.0
 11
206.099197
 21
10.106254
 31
0.0
  0
LINE
  8
0
  6
CONTINUOUS
 10
206.099197
 20
10.106254
 30
0.0
 11
206.124402
 21
10.064055
 31
0.0
  0
LINE
  8
0
  6
CONTINUOUS
 10
206.124402
 20
10.064055
 30
0.0
 11
206.142197
 21
10.032905
 31
0.0
  0
LINE
  8
0
  6
CONTINUOUS
 10
206.142197
 20
10.032905
 30
0.0
 11
206.158315
 21
10.004260
 31
0.0
  0
LINE
  8
0
  6
CONTINUOUS
 10
206.158315
 20
10.004260
 30
0.0
 11
206.172615
 21
9.977905
 31
0.0
  0
LINE
  8
0
  6
CONTINUOUS
 10
206.172615
 20
9.977905
 30
0.0
 11
206.184958
 21
9.953626
 31
0.0
  0
LINE
  8
0
  6
CONTINUOUS
 10
206.184958
 20
9.953626
 30
0.0
 11
206.195205
 21
9.931205
 31
0.0
  0
LINE
  8
0
  6
CONTINUOUS
 10
206.195205
 20
9.931205
 30
0.0
 11
206.203217
 21
9.910427
 31
0.0
  0
LINE
  8
0
  6
CONTINUOUS
 10
206.203217
 20
9.910427
 30
0.0
 11
206.208855
 21
9.891076
 31
0.0
  0
LINE
  8
0
  6
CONTINUOUS
 10
206.208855
 20
9.891076
 30
0.0
 11
206.211980
 21
9.872937
 31
0.0
  0
LINE
  8
0
  6
CONTINUOUS
 10
206.211980
 20
9.872937
 30
0.0
 11
206.212451
 21
9.855795
 31
0.0
  0
LINE
  8
0
  6
CONTINUOUS
 10
206.212451
 20
9.855795
 30
0.0
 11
206.210131
 21
9.839433
 31
0.0
  0
LINE
  8
0
  6
CONTINUOUS
 10
206.210131
 20
9.839433
 30
0.0
 11
206.204880
 21
9.823635
 31
0.0
  0
LINE
  8
0
  6
CONTINUOUS
 10
206.204880
 20
9.823635
 30
0.0
 11
206.196558
 21
9.808188
 31
0.0
  0
LINE
  8
0
  6
CONTINUOUS
 10
206.196558
 20
9.808188
 30
0.0
 11
206.185027
 21
9.792872
 31
0.0
  0
LINE
  8
0
  6
CONTINUOUS
 10
206.185027
 20
9.792872
 30
0.0
 11
206.170148
 21
9.777475
 31
0.0
  0
LINE
  8
0
  6
CONTINUOUS
 10
206.170148
 20
9.777475
 30
0.0
 11
206.151781
 21
9.761780
 31
0.0
  0
LINE
  8
0
  6
CONTINUOUS
 10
206.151781
 20
9.761780
 30
0.0
 11
206.129787
 21
9.745571
 31
0.0
  0
LINE
  8
0
  6
CONTINUOUS
 10
206.129787
 20
9.745571
 30
0.0
 11
206.104027
 21
9.728633
 31
0.0
  0
LINE
  8
0
  6
CONTINUOUS
 10
206.104027
 20
9.728633
 30
0.0
 11
206.074361
 21
9.710749
 31
0.0
  0
LINE
  8
0
  6
CONTINUOUS
 10
206.074361
 20
9.710749
 30
0.0
 11
206.040651
 21
9.691705
 31
0.0
  0
LINE
  8
0
  6
CONTINUOUS
 10
206.040651
 20
9.691705
 30
0.0
 11
206.002758
 21
9.671285
 31
0.0
  0
LINE
  8
0
  6
CONTINUOUS
 10
206.002758
 20
9.671285
 30
0.0
 11
205.960540
 21
9.649273
 31
0.0
  0
LINE
  8
0
  6
CONTINUOUS
 10
205.960540
 20
9.649273
 30
0.0
 11
205.913862
 21
9.625453
 31
0.0
  0
LINE
  8
0
  6
CONTINUOUS
 10
205.913862
 20
9.625453
 30
0.0
 11
205.862582
 21
9.599609
 31
0.0
  0
LINE
  8
0
  6
CONTINUOUS
 10
205.862582
 20
9.599609
 30
0.0
 11
205.806561
 21
9.571526
 31
0.0
  0
LINE
  8
0
  6
CONTINUOUS
 10
205.344157
 20
9.434534
 30
0.0
 11
205.319273
 21
9.466088
 31
0.0
  0
LINE
  8
0
  6
CONTINUOUS
 10
205.319273
 20
9.466088
 30
0.0
 11
205.295778
 21
9.495602
 31
0.0
  0
LINE
  8
0
  6
CONTINUOUS
 10
205.295778
 20
9.495602
 30
0.0
 11
205.273558
 21
9.523178
 31
0.0
  0
LINE
  8
0
  6
CONTINUOUS
 10
205.273558
 20
9.523178
 30
0.0
 11
205.252498
 21
9.548924
 31
0.0
  0
LINE
  8
0
  6
CONTINUOUS
 10
205.252498
 20
9.548924
 30
0.0
 11
205.232483
 21
9.572939
 31
0.0
  0
LINE
  8
0
  6
CONTINUOUS
 10
205.232483
 20
9.572939
 30
0.0
 11
205.213400
 21
9.595331
 31
0.0
  0
LINE
  8
0
  6
CONTINUOUS
 10
205.213400
 20
9.595331
 30
0.0
 11
205.195134
 21
9.616202
 31
0.0
  0
LINE
  8
0
  6
CONTINUOUS
 10
205.195134
 20
9.616202
 30
0.0
 11
205.177569
 21
9.635656
 31
0.0
  0
LINE
  8
0
  6
CONTINUOUS
 10
205.177569
 20
9.635656
 30
0.0
 11
205.160593
 21
9.653796
 31
0.0
  0
LINE
  8
0
  6
CONTINUOUS
 10
205.160593
 20
9.653796
 30
0.0
 11
205.144092
 21
9.670728
 31
0.0
  0
LINE
  8
0
  6
CONTINUOUS
 10
205.144092
 20
9.670728
 30
0.0
 11
205.127949
 21
9.686555
 31
0.0
  0
LINE
  8
0
  6
CONTINUOUS
 10
205.127949
 20
9.686555
 30
0.0
 11
205.112050
 21
9.701379
 31
0.0
  0
LINE
  8
0
  6
CONTINUOUS
 10
205.112050
 20
9.701379
 30
0.0
 11
205.096283
 21
9.715307
 31
0.0
  0
LINE
  8
0
  6
CONTINUOUS
 10
205.096283
 20
9.715307
 30
0.0
 11
205.080531
 21
9.728441
 31
0.0
  0
LINE
  8
0
  6
CONTINUOUS
 10
205.080531
 20
9.728441
 30
0.0
 11
205.064680
 21
9.740885
 31
0.0
  0
LINE
  8
0
  6
CONTINUOUS
 10
205.064680
 20
9.740885
 30
0.0
 11
205.048617
 21
9.752743
 31
0.0
  0
LINE
  8
0
  6
CONTINUOUS
 10
205.048617
 20
9.752743
 30
0.0
 11
205.032227
 21
9.764120
 31
0.0
  0
LINE
  8
0
  6
CONTINUOUS
 10
205.032227
 20
9.764120
 30
0.0
 11
205.015396
 21
9.775118
 31
0.0
  0
LINE
  8
0
  6
CONTINUOUS
 10
205.015396
 20
9.775118
 30
0.0
 11
204.998007
 21
9.785843
 31
0.0
  0
LINE
  8
0
  6
CONTINUOUS
 10
204.998007
 20
9.785843
 30
0.0
 11
204.979948
 21
9.796397
 31
0.0
  0
LINE
  8
0
  6
CONTINUOUS
 10
204.979948
 20
9.796397
 30
0.0
 11
204.961105
 21
9.806885
 31
0.0
  0
LINE
  8
0
  6
CONTINUOUS
 10
204.961105
 20
9.806885
 30
0.0
 11
204.941362
 21
9.817409
 31
0.0
  0
LINE
  8
0
  6
CONTINUOUS
 10
204.941362
 20
9.817409
 30
0.0
 11
204.920605
 21
9.828076
 31
0.0
  0
LINE
  8
0
  6
CONTINUOUS
 10
204.920605
 20
9.828076
 30
0.0
 11
204.898720
 21
9.838988
 31
0.0
  0
LINE
  8
0
  6
CONTINUOUS
 10
204.898720
 20
9.838988
 30
0.0
 11
204.877489
 21
9.849371
 31
0.0
  0
LINE
  8
0
  6
CONTINUOUS
 10
204.877489
 20
9.849371
 30
0.0
 11
204.857505
 21
9.858978
 31
0.0
  0
LINE
  8
0
  6
CONTINUOUS
 10
204.857505
 20
9.858978
 30
0.0
 11
204.838634
 21
9.867839
 31
0.0
  0
LINE
  8
0
  6
CONTINUOUS
 10
204.838634
 20
9.867839
 30
0.0
 11
204.820738
 21
9.875982
 31
0.0
  0
LINE
  8
0
  6
CONTINUOUS
 10
204.820738
 20
9.875982
 30
0.0
 11
204.803684
 21
9.883437
 31
0.0
  0
LINE
  8
0
  6
CONTINUOUS
 10
204.803684
 20
9.883437
 30
0.0
 11
204.787336
 21
9.890232
 31
0.0
  0
LINE
  8
0
  6
CONTINUOUS
 10
204.787336
 20
9.890232
 30
0.0
 11
204.771557
 21
9.896395
 31
0.0
  0
LINE
  8
0
  6
CONTINUOUS
 10
204.771557
 20
9.896395
 30
0.0
 11
204.756214
 21
9.901956
 31
0.0
  0
LINE
  8
0
  6
CONTINUOUS
 10
204.756214
 20
9.901956
 30
0.0
 11
204.741170
 21
9.906944
 31
0.0
  0
LINE
  8
0
  6
CONTINUOUS
 10
204.741170
 20
9.906944
 30
0.0
 11
204.726290
 21
9.911387
 31
0.0
  0
LINE
  8
0
  6
CONTINUOUS
 10
204.726290
 20
9.911387
 30
0.0
 11
204.711439
 21
9.915315
 31
0.0
  0
LINE
  8
0
  6
CONTINUOUS
 10
204.711439
 20
9.915315
 30
0.0
 11
204.696481
 21
9.918755
 31
0.0
  0
LINE
  8
0
  6
CONTINUOUS
 10
204.696481
 20
9.918755
 30
0.0
 11
204.681282
 21
9.921737
 31
0.0
  0
LINE
  8
0
  6
CONTINUOUS
 10
204.681282
 20
9.921737
 30
0.0
 11
204.665705
 21
9.924290
 31
0.0
  0
LINE
  8
0
  6
CONTINUOUS
 10
204.665705
 20
9.924290
 30
0.0
 11
204.649616
 21
9.926442
 31
0.0
  0
LINE
  8
0
  6
CONTINUOUS
 10
204.649616
 20
9.926442
 30
0.0
 11
204.632878
 21
9.928223
 31
0.0
  0
LINE
  8
0
  6
CONTINUOUS
 10
204.632878
 20
9.928223
 30
0.0
 11
204.615356
 21
9.929662
 31
0.0
  0
LINE
  8
0
  6
CONTINUOUS
 10
204.615356
 20
9.929662
 30
0.0
 11
204.596916
 21
9.930786
 31
0.0
  0
LINE
  8
0
  6
CONTINUOUS
 10
204.596916
 20
9.930786
 30
0.0
 11
204.577421
 21
9.931625
 31
0.0
  0
LINE
  8
0
  6
CONTINUOUS
 10
204.577421
 20
9.931625
 30
0.0
 11
204.556737
 21
9.932208
 31
0.0
  0
LINE
  8
0
  6
CONTINUOUS
 10
204.556737
 20
9.932208
 30
0.0
 11
204.534726
 21
9.932563
 31
0.0
  0
LINE
  8
0
  6
CONTINUOUS
 10
204.534726
 20
9.932563
 30
0.0
 11
204.511256
 21
9.932720
 31
0.0
  0
LINE
  8
0
  6
CONTINUOUS
 10
204.511256
 20
9.932720
 30
0.0
 11
204.486190
 21
9.932707
 31
0.0
  0
LINE
  8
0
  6
CONTINUOUS
 10
204.486190
 20
9.932707
 30
0.0
 11
204.459393
 21
9.932553
 31
0.0
  0
LINE
  8
0
  6
CONTINUOUS
 10
204.459393
 20
9.932553
 30
0.0
 11
204.436291
 21
9.932297
 31
0.0
  0
LINE
  8
0
  6
CONTINUOUS
 10
204.436291
 20
9.932297
 30
0.0
 11
204.414171
 21
9.931888
 31
0.0
  0
LINE
  8
0
  6
CONTINUOUS
 10
204.414171
 20
9.931888
 30
0.0
 11
204.392980
 21
9.931318
 31
0.0
  0
LINE
  8
0
  6
CONTINUOUS
 10
204.392980
 20
9.931318
 30
0.0
 11
204.372665
 21
9.930577
 31
0.0
  0
LINE
  8
0
  6
CONTINUOUS
 10
204.372665
 20
9.930577
 30
0.0
 11
204.353175
 21
9.929656
 31
0.0
  0
LINE
  8
0
  6
CONTINUOUS
 10
204.353175
 20
9.929656
 30
0.0
 11
204.334456
 21
9.928548
 31
0.0
  0
LINE
  8
0
  6
CONTINUOUS
 10
204.334456
 20
9.928548
 30
0.0
 11
204.316458
 21
9.927242
 31
0.0
  0
LINE
  8
0
  6
CONTINUOUS
 10
204.316458
 20
9.927242
 30
0.0
 11
204.299128
 21
9.925731
 31
0.0
  0
LINE
  8
0
  6
CONTINUOUS
 10
204.299128
 20
9.925731
 30
0.0
 11
204.282412
 21
9.924005
 31
0.0
  0
LINE
  8
0
  6
CONTINUOUS
 10
204.282412
 20
9.924005
 30
0.0
 11
204.266261
 21
9.922055
 31
0.0
  0
LINE
  8
0
  6
CONTINUOUS
 10
204.266261
 20
9.922055
 30
0.0
 11
204.250620
 21
9.919871
 31
0.0
  0
LINE
  8
0
  6
CONTINUOUS
 10
204.250620
 20
9.919871
 30
0.0
 11
204.235438
 21
9.917448
 31
0.0
  0
LINE
  8
0
  6
CONTINUOUS
 10
204.235438
 20
9.917448
 30
0.0
 11
204.220661
 21
9.914773
 31
0.0
  0
LINE
  8
0
  6
CONTINUOUS
 10
204.220661
 20
9.914773
 30
0.0
 11
204.206240
 21
9.911839
 31
0.0
  0
LINE
  8
0
  6
CONTINUOUS
 10
204.206240
 20
9.911839
 30
0.0
 11
204.192120
 21
9.908636
 31
0.0
  0
LINE
  8
0
  6
CONTINUOUS
 10
204.192120
 20
9.908636
 30
0.0
 11
204.178250
 21
9.905156
 31
0.0
  0
LINE
  8
0
  6
CONTINUOUS
 10
204.178250
 20
9.905156
 30
0.0
 11
204.164577
 21
9.901391
 31
0.0
  0
LINE
  8
0
  6
CONTINUOUS
 10
204.164577
 20
9.901391
 30
0.0
 11
204.151050
 21
9.897331
 31
0.0
  0
LINE
  8
0
  6
CONTINUOUS
 10
204.151050
 20
9.897331
 30
0.0
 11
204.137615
 21
9.892967
 31
0.0
  0
LINE
  8
0
  6
CONTINUOUS
 10
204.137615
 20
9.892967
 30
0.0
 11
204.124221
 21
9.888290
 31
0.0
  0
LINE
  8
0
  6
CONTINUOUS
 10
204.124221
 20
9.888290
 30
0.0
 11
204.110816
 21
9.883292
 31
0.0
  0
LINE
  8
0
  6
CONTINUOUS
 10
204.110816
 20
9.883292
 30
0.0
 11
204.097347
 21
9.877963
 31
0.0
  0
LINE
  8
0
  6
CONTINUOUS
 10
204.097347
 20
9.877963
 30
0.0
 11
204.083762
 21
9.872295
 31
0.0
  0
LINE
  8
0
  6
CONTINUOUS
 10
204.083762
 20
9.872295
 30
0.0
 11
204.070009
 21
9.866278
 31
0.0
  0
LINE
  8
0
  6
CONTINUOUS
 10
204.070009
 20
9.866278
 30
0.0
 11
204.034068
 21
9.849408
 31
0.0
  0
LINE
  8
0
  6
CONTINUOUS
 10
204.034068
 20
9.849408
 30
0.0
 11
203.999607
 21
9.831597
 31
0.0
  0
LINE
  8
0
  6
CONTINUOUS
 10
203.999607
 20
9.831597
 30
0.0
 11
203.966632
 21
9.812851
 31
0.0
  0
LINE
  8
0
  6
CONTINUOUS
 10
203.966632
 20
9.812851
 30
0.0
 11
203.935146
 21
9.793177
 31
0.0
  0
LINE
  8
0
  6
CONTINUOUS
 10
203.935146
 20
9.793177
 30
0.0
 11
203.905155
 21
9.772580
 31
0.0
  0
LINE
  8
0
  6
CONTINUOUS
 10
203.905155
 20
9.772580
 30
0.0
 11
203.876661
 21
9.751068
 31
0.0
  0
LINE
  8
0
  6
CONTINUOUS
 10
203.876661
 20
9.751068
 30
0.0
 11
203.849669
 21
9.728647
 31
0.0
  0
LINE
  8
0
  6
CONTINUOUS
 10
203.849669
 20
9.728647
 30
0.0
 11
203.824184
 21
9.705322
 31
0.0
  0
LINE
  8
0
  6
CONTINUOUS
 10
203.824184
 20
9.705322
 30
0.0
 11
203.800211
 21
9.681101
 31
0.0
  0
LINE
  8
0
  6
CONTINUOUS
 10
203.800211
 20
9.681101
 30
0.0
 11
203.777753
 21
9.655988
 31
0.0
  0
LINE
  8
0
  6
CONTINUOUS
 10
203.777753
 20
9.655988
 30
0.0
 11
203.756815
 21
9.629992
 31
0.0
  0
LINE
  8
0
  6
CONTINUOUS
 10
203.756815
 20
9.629992
 30
0.0
 11
203.737400
 21
9.603118
 31
0.0
  0
LINE
  8
0
  6
CONTINUOUS
 10
203.737400
 20
9.603118
 30
0.0
 11
203.719514
 21
9.575372
 31
0.0
  0
LINE
  8
0
  6
CONTINUOUS
 10
203.719514
 20
9.575372
 30
0.0
 11
203.703161
 21
9.546761
 31
0.0
  0
LINE
  8
0
  6
CONTINUOUS
 10
203.703161
 20
9.546761
 30
0.0
 11
203.688345
 21
9.517292
 31
0.0
  0
LINE
  8
0
  6
CONTINUOUS
 10
203.688345
 20
9.517292
 30
0.0
 11
203.675070
 21
9.486969
 31
0.0
  0
LINE
  8
0
  6
CONTINUOUS
 10
203.675070
 20
9.486969
 30
0.0
 11
203.663340
 21
9.455801
 31
0.0
  0
LINE
  8
0
  6
CONTINUOUS
 10
203.663340
 20
9.455801
 30
0.0
 11
203.653161
 21
9.423791
 31
0.0
  0
LINE
  8
0
  6
CONTINUOUS
 10
203.653161
 20
9.423791
 30
0.0
 11
203.644535
 21
9.390950
 31
0.0
  0
LINE
  8
0
  6
CONTINUOUS
 10
203.644535
 20
9.390950
 30
0.0
 11
203.637469
 21
9.357280
 31
0.0
  0
LINE
  8
0
  6
CONTINUOUS
 10
203.637469
 20
9.357280
 30
0.0
 11
203.631965
 21
9.322790
 31
0.0
  0
LINE
  8
0
  6
CONTINUOUS
 10
203.631965
 20
9.322790
 30
0.0
 11
203.628028
 21
9.287485
 31
0.0
  0
LINE
  8
0
  6
CONTINUOUS
 10
203.628028
 20
9.287485
 30
0.0
 11
203.625663
 21
9.251370
 31
0.0
  0
LINE
  8
0
  6
CONTINUOUS
 10
203.625663
 20
9.251370
 30
0.0
 11
203.624874
 21
9.214455
 31
0.0
  0
LINE
  8
0
  6
CONTINUOUS
 10
203.624874
 20
9.214455
 30
0.0
 11
203.626340
 21
9.161285
 31
0.0
  0
LINE
  8
0
  6
CONTINUOUS
 10
203.626340
 20
9.161285
 30
0.0
 11
203.630856
 21
9.109763
 31
0.0
  0
LINE
  8
0
  6
CONTINUOUS
 10
203.630856
 20
9.109763
 30
0.0
 11
203.638601
 21
9.059724
 31
0.0
  0
LINE
  8
0
  6
CONTINUOUS
 10
203.638601
 20
9.059724
 30
0.0
 11
203.649751
 21
9.011001
 31
0.0
  0
LINE
  8
0
  6
CONTINUOUS
 10
203.649751
 20
9.011001
 30
0.0
 11
203.664486
 21
8.963427
 31
0.0
  0
LINE
  8
0
  6
CONTINUOUS
 10
203.664486
 20
8.963427
 30
0.0
 11
203.682982
 21
8.916835
 31
0.0
  0
LINE
  8
0
  6
CONTINUOUS
 10
203.682982
 20
8.916835
 30
0.0
 11
203.705419
 21
8.871059
 31
0.0
  0
LINE
  8
0
  6
CONTINUOUS
 10
203.705419
 20
8.871059
 30
0.0
 11
203.731973
 21
8.825933
 31
0.0
  0
LINE
  8
0
  6
CONTINUOUS
 10
203.731973
 20
8.825933
 30
0.0
 11
203.762822
 21
8.781290
 31
0.0
  0
LINE
  8
0
  6
CONTINUOUS
 10
203.762822
 20
8.781290
 30
0.0
 11
203.798146
 21
8.736963
 31
0.0
  0
LINE
  8
0
  6
CONTINUOUS
 10
203.798146
 20
8.736963
 30
0.0
 11
203.838121
 21
8.692785
 31
0.0
  0
LINE
  8
0
  6
CONTINUOUS
 10
203.838121
 20
8.692785
 30
0.0
 11
203.882925
 21
8.648592
 31
0.0
  0
LINE
  8
0
  6
CONTINUOUS
 10
203.882925
 20
8.648592
 30
0.0
 11
203.932736
 21
8.604215
 31
0.0
  0
LINE
  8
0
  6
CONTINUOUS
 10
203.932736
 20
8.604215
 30
0.0
 11
203.987731
 21
8.559489
 31
0.0
  0
LINE
  8
0
  6
CONTINUOUS
 10
203.987731
 20
8.559489
 30
0.0
 11
204.048091
 21
8.514247
 31
0.0
  0
LINE
  8
0
  6
CONTINUOUS
 10
204.048091
 20
8.514247
 30
0.0
 11
204.113991
 21
8.468322
 31
0.0
  0
LINE
  8
0
  6
CONTINUOUS
 10
204.113991
 20
8.468322
 30
0.0
 11
204.185610
 21
8.421548
 31
0.0
  0
LINE
  8
0
  6
CONTINUOUS
 10
204.185610
 20
8.421548
 30
0.0
 11
204.263125
 21
8.373757
 31
0.0
  0
LINE
  8
0
  6
CONTINUOUS
 10
204.263125
 20
8.373757
 30
0.0
 11
204.346715
 21
8.324785
 31
0.0
  0
LINE
  8
0
  6
CONTINUOUS
 10
204.346715
 20
8.324785
 30
0.0
 11
204.436558
 21
8.274464
 31
0.0
  0
LINE
  8
0
  6
CONTINUOUS
 10
204.436558
 20
8.274464
 30
0.0
 11
204.532830
 21
8.222627
 31
0.0
  0
LINE
  8
0
  6
CONTINUOUS
 10
204.532830
 20
8.222627
 30
0.0
 11
204.635711
 21
8.169109
 31
0.0
  0
LINE
  8
0
  6
CONTINUOUS
 10
204.635711
 20
8.169109
 30
0.0
 11
204.745378
 21
8.113742
 31
0.0
  0
LINE
  8
0
  6
CONTINUOUS
 10
204.745378
 20
8.113742
 30
0.0
 11
204.862009
 21
8.056360
 31
0.0
  0
LINE
  8
0
  6
CONTINUOUS
 10
204.862009
 20
8.056360
 30
0.0
 11
205.012578
 21
7.981708
 31
0.0
  0
LINE
  8
0
  6
CONTINUOUS
 10
205.012578
 20
7.981708
 30
0.0
 11
205.154000
 21
7.908537
 31
0.0
  0
LINE
  8
0
  6
CONTINUOUS
 10
205.154000
 20
7.908537
 30
0.0
 11
205.286503
 21
7.836558
 31
0.0
  0
LINE
  8
0
  6
CONTINUOUS
 10
205.286503
 20
7.836558
 30
0.0
 11
205.410312
 21
7.765483
 31
0.0
  0
LINE
  8
0
  6
CONTINUOUS
 10
205.410312
 20
7.765483
 30
0.0
 11
205.525655
 21
7.695024
 31
0.0
  0
LINE
  8
0
  6
CONTINUOUS
 10
205.525655
 20
7.695024
 30
0.0
 11
205.632760
 21
7.624891
 31
0.0
  0
LINE
  8
0
  6
CONTINUOUS
 10
205.632760
 20
7.624891
 30
0.0
 11
205.731854
 21
7.554797
 31
0.0
  0
LINE
  8
0
  6
CONTINUOUS
 10
205.731854
 20
7.554797
 30
0.0
 11
205.823164
 21
7.484454
 31
0.0
  0
LINE
  8
0
  6
CONTINUOUS
 10
205.823164
 20
7.484454
 30
0.0
 11
205.906916
 21
7.413574
 31
0.0
  0
LINE
  8
0
  6
CONTINUOUS
 10
205.906916
 20
7.413574
 30
0.0
 11
205.983338
 21
7.341866
 31
0.0
  0
LINE
  8
0
  6
CONTINUOUS
 10
205.983338
 20
7.341866
 30
0.0
 11
206.052658
 21
7.269043
 31
0.0
  0
LINE
  8
0
  6
CONTINUOUS
 10
206.052658
 20
7.269043
 30
0.0
 11
206.115102
 21
7.194817
 31
0.0
  0
LINE
  8
0
  6
CONTINUOUS
 10
206.115102
 20
7.194817
 30
0.0
 11
206.170897
 21
7.118900
 31
0.0
  0
LINE
  8
0
  6
CONTINUOUS
 10
206.170897
 20
7.118900
 30
0.0
 11
206.220271
 21
7.041002
 31
0.0
  0
LINE
  8
0
  6
CONTINUOUS
 10
206.220271
 20
7.041002
 30
0.0
 11
206.263451
 21
6.960835
 31
0.0
  0
LINE
  8
0
  6
CONTINUOUS
 10
206.263451
 20
6.960835
 30
0.0
 11
206.300664
 21
6.878111
 31
0.0
  0
LINE
  8
0
  6
CONTINUOUS
 10
206.300664
 20
6.878111
 30
0.0
 11
206.332136
 21
6.792542
 31
0.0
  0
LINE
  8
0
  6
CONTINUOUS
 10
206.332136
 20
6.792542
 30
0.0
 11
206.358096
 21
6.703838
 31
0.0
  0
LINE
  8
0
  6
CONTINUOUS
 10
206.358096
 20
6.703838
 30
0.0
 11
206.378770
 21
6.611714
 31
0.0
  0
LINE
  8
0
  6
CONTINUOUS
 10
206.378770
 20
6.611714
 30
0.0
 11
206.394385
 21
6.515877
 31
0.0
  0
LINE
  8
0
  6
CONTINUOUS
 10
206.394385
 20
6.515877
 30
0.0
 11
206.405168
 21
6.416041
 31
0.0
  0
LINE
  8
0
  6
CONTINUOUS
 10
206.405168
 20
6.416041
 30
0.0
 11
206.411349
 21
6.311918
 31
0.0
  0
LINE
  8
0
  6
CONTINUOUS
 10
206.411349
 20
6.311918
 30
0.0
 11
206.413150
 21
6.203219
 31
0.0
  0
LINE
  8
0
  6
CONTINUOUS
 10
206.413150
 20
6.203219
 30
0.0
 11
206.410803
 21
6.089655
 31
0.0
  0
LINE
  8
0
  6
CONTINUOUS
 10
206.410803
 20
6.089655
 30
0.0
 11
206.409361
 21
6.052913
 31
0.0
  0
LINE
  8
0
  6
CONTINUOUS
 10
206.409361
 20
6.052913
 30
0.0
 11
206.407849
 21
6.018171
 31
0.0
  0
LINE
  8
0
  6
CONTINUOUS
 10
206.407849
 20
6.018171
 30
0.0
 11
206.406246
 21
5.985294
 31
0.0
  0
LINE
  8
0
  6
CONTINUOUS
 10
206.406246
 20
5.985294
 30
0.0
 11
206.404528
 21
5.954143
 31
0.0
  0
LINE
  8
0
  6
CONTINUOUS
 10
206.404528
 20
5.954143
 30
0.0
 11
206.402675
 21
5.924584
 31
0.0
  0
LINE
  8
0
  6
CONTINUOUS
 10
206.402675
 20
5.924584
 30
0.0
 11
206.400663
 21
5.896479
 31
0.0
  0
LINE
  8
0
  6
CONTINUOUS
 10
206.400663
 20
5.896479
 30
0.0
 11
206.398470
 21
5.869692
 31
0.0
  0
LINE
  8
0
  6
CONTINUOUS
 10
206.398470
 20
5.869692
 30
0.0
 11
206.396074
 21
5.844086
 31
0.0
  0
LINE
  8
0
  6
CONTINUOUS
 10
206.396074
 20
5.844086
 30
0.0
 11
206.393453
 21
5.819525
 31
0.0
  0
LINE
  8
0
  6
CONTINUOUS
 10
206.393453
 20
5.819525
 30
0.0
 11
206.390584
 21
5.795872
 31
0.0
  0
LINE
  8
0
  6
CONTINUOUS
 10
206.390584
 20
5.795872
 30
0.0
 11
206.387445
 21
5.772990
 31
0.0
  0
LINE
  8
0
  6
CONTINUOUS
 10
206.387445
 20
5.772990
 30
0.0
 11
206.384014
 21
5.750743
 31
0.0
  0
LINE
  8
0
  6
CONTINUOUS
 10
206.384014
 20
5.750743
 30
0.0
 11
206.380268
 21
5.728994
 31
0.0
  0
LINE
  8
0
  6
CONTINUOUS
 10
206.380268
 20
5.728994
 30
0.0
 11
206.376187
 21
5.707607
 31
0.0
  0
LINE
  8
0
  6
CONTINUOUS
 10
206.376187
 20
5.707607
 30
0.0
 11
206.371745
 21
5.686445
 31
0.0
  0
LINE
  8
0
  6
CONTINUOUS
 10
206.371745
 20
5.686445
 30
0.0
 11
206.366922
 21
5.665372
 31
0.0
  0
LINE
  8
0
  6
CONTINUOUS
 10
206.366922
 20
5.665372
 30
0.0
 11
206.361696
 21
5.644250
 31
0.0
  0
LINE
  8
0
  6
CONTINUOUS
 10
206.361696
 20
5.644250
 30
0.0
 11
206.356044
 21
5.622945
 31
0.0
  0
LINE
  8
0
  6
CONTINUOUS
 10
206.356044
 20
5.622945
 30
0.0
 11
206.349943
 21
5.601318
 31
0.0
  0
LINE
  8
0
  6
CONTINUOUS
 10
206.349943
 20
5.601318
 30
0.0
 11
206.343373
 21
5.579233
 31
0.0
  0
LINE
  8
0
  6
CONTINUOUS
 10
206.343373
 20
5.579233
 30
0.0
 11
206.336309
 21
5.556554
 31
0.0
  0
LINE
  8
0
  6
CONTINUOUS
 10
206.336309
 20
5.556554
 30
0.0
 11
206.328731
 21
5.533143
 31
0.0
  0
LINE
  8
0
  6
CONTINUOUS
 10
206.328731
 20
5.533143
 30
0.0
 11
206.320615
 21
5.508865
 31
0.0
  0
LINE
  8
0
  6
CONTINUOUS
 10
206.320615
 20
5.508865
 30
0.0
 11
206.311940
 21
5.483583
 31
0.0
  0
LINE
  8
0
  6
CONTINUOUS
 10
206.311940
 20
5.483583
 30
0.0
 11
206.286230
 21
5.413669
 31
0.0
  0
LINE
  8
0
  6
CONTINUOUS
 10
206.286230
 20
5.413669
 30
0.0
 11
206.258278
 21
5.345652
 31
0.0
  0
LINE
  8
0
  6
CONTINUOUS
 10
206.258278
 20
5.345652
 30
0.0
 11
206.228083
 21
5.279535
 31
0.0
  0
LINE
  8
0
  6
CONTINUOUS
 10
206.228083
 20
5.279535
 30
0.0
 11
206.195647
 21
5.215319
 31
0.0
  0
LINE
  8
0
  6
CONTINUOUS
 10
206.195647
 20
5.215319
 30
0.0
 11
206.160972
 21
5.153003
 31
0.0
  0
LINE
  8
0
  6
CONTINUOUS
 10
206.160972
 20
5.153003
 30
0.0
 11
206.124059
 21
5.092588
 31
0.0
  0
LINE
  8
0
  6
CONTINUOUS
 10
206.124059
 20
5.092588
 30
0.0
 11
206.084908
 21
5.034077
 31
0.0
  0
LINE
  8
0
  6
CONTINUOUS
 10
206.084908
 20
5.034077
 30
0.0
 11
206.043520
 21
4.977471
 31
0.0
  0
LINE
  8
0
  6
CONTINUOUS
 10
206.043520
 20
4.977471
 30
0.0
 11
205.999897
 21
4.922769
 31
0.0
  0
LINE
  8
0
  6
CONTINUOUS
 10
205.999897
 20
4.922769
 30
0.0
 11
205.954040
 21
4.869974
 31
0.0
  0
LINE
  8
0
  6
CONTINUOUS
 10
205.954040
 20
4.869974
 30
0.0
 11
205.905949
 21
4.819085
 31
0.0
  0
LINE
  8
0
  6
CONTINUOUS
 10
205.905949
 20
4.819085
 30
0.0
 11
205.855626
 21
4.770105
 31
0.0
  0
LINE
  8
0
  6
CONTINUOUS
 10
205.855626
 20
4.770105
 30
0.0
 11
205.803071
 21
4.723032
 31
0.0
  0
LINE
  8
0
  6
CONTINUOUS
 10
205.803071
 20
4.723032
 30
0.0
 11
205.748287
 21
4.677871
 31
0.0
  0
LINE
  8
0
  6
CONTINUOUS
 10
205.748287
 20
4.677871
 30
0.0
 11
205.691273
 21
4.634620
 31
0.0
  0
LINE
  8
0
  6
CONTINUOUS
 10
205.691273
 20
4.634620
 30
0.0
 11
205.632031
 21
4.593281
 31
0.0
  0
LINE
  8
0
  6
CONTINUOUS
 10
205.632031
 20
4.593281
 30
0.0
 11
205.570562
 21
4.553855
 31
0.0
  0
LINE
  8
0
  6
CONTINUOUS
 10
205.570562
 20
4.553855
 30
0.0
 11
205.506867
 21
4.516342
 31
0.0
  0
LINE
  8
0
  6
CONTINUOUS
 10
205.506867
 20
4.516342
 30
0.0
 11
205.440947
 21
4.480744
 31
0.0
  0
LINE
  8
0
  6
CONTINUOUS
 10
205.440947
 20
4.480744
 30
0.0
 11
205.372803
 21
4.447062
 31
0.0
  0
LINE
  8
0
  6
CONTINUOUS
 10
205.372803
 20
4.447062
 30
0.0
 11
205.302436
 21
4.415297
 31
0.0
  0
LINE
  8
0
  6
CONTINUOUS
 10
205.302436
 20
4.415297
 30
0.0
 11
205.229848
 21
4.385449
 31
0.0
  0
LINE
  8
0
  6
CONTINUOUS
 10
205.229848
 20
4.385449
 30
0.0
 11
205.155038
 21
4.357520
 31
0.0
  0
LINE
  8
0
  6
CONTINUOUS
 10
205.155038
 20
4.357520
 30
0.0
 11
205.078009
 21
4.331511
 31
0.0
  0
LINE
  8
0
  6
CONTINUOUS
 10
205.078009
 20
4.331511
 30
0.0
 11
205.057142
 21
4.324951
 31
0.0
  0
LINE
  8
0
  6
CONTINUOUS
 10
205.057142
 20
4.324951
 30
0.0
 11
205.036723
 21
4.318815
 31
0.0
  0
LINE
  8
0
  6
CONTINUOUS
 10
205.036723
 20
4.318815
 30
0.0
 11
205.016596
 21
4.313087
 31
0.0
  0
LINE
  8
0
  6
CONTINUOUS
 10
205.016596
 20
4.313087
 30
0.0
 11
204.996606
 21
4.307748
 31
0.0
  0
LINE
  8
0
  6
CONTINUOUS
 10
204.996606
 20
4.307748
 30
0.0
 11
204.976598
 21
4.302783
 31
0.0
  0
LINE
  8
0
  6
CONTINUOUS
 10
204.976598
 20
4.302783
 30
0.0
 11
204.956418
 21
4.298176
 31
0.0
  0
LINE
  8
0
  6
CONTINUOUS
 10
204.956418
 20
4.298176
 30
0.0
 11
204.935908
 21
4.293909
 31
0.0
  0
LINE
  8
0
  6
CONTINUOUS
 10
204.935908
 20
4.293909
 30
0.0
 11
204.914917
 21
4.289966
 31
0.0
  0
LINE
  8
0
  6
CONTINUOUS
 10
204.914917
 20
4.289966
 30
0.0
 11
204.893287
 21
4.286331
 31
0.0
  0
LINE
  8
0
  6
CONTINUOUS
 10
204.893287
 20
4.286331
 30
0.0
 11
204.870864
 21
4.282986
 31
0.0
  0
LINE
  8
0
  6
CONTINUOUS
 10
204.870864
 20
4.282986
 30
0.0
 11
204.847492
 21
4.279916
 31
0.0
  0
LINE
  8
0
  6
CONTINUOUS
 10
204.847492
 20
4.279916
 30
0.0
 11
204.823017
 21
4.277103
 31
0.0
  0
LINE
  8
0
  6
CONTINUOUS
 10
204.823017
 20
4.277103
 30
0.0
 11
204.797284
 21
4.274531
 31
0.0
  0
LINE
  8
0
  6
CONTINUOUS
 10
204.797284
 20
4.274531
 30
0.0
 11
204.770137
 21
4.272182
 31
0.0
  0
LINE
  8
0
  6
CONTINUOUS
 10
204.770137
 20
4.272182
 30
0.0
 11
204.741421
 21
4.270042
 31
0.0
  0
LINE
  8
0
  6
CONTINUOUS
 10
204.741421
 20
4.270042
 30
0.0
 11
204.710982
 21
4.268093
 31
0.0
  0
LINE
  8
0
  6
CONTINUOUS
 10
204.710982
 20
4.268093
 30
0.0
 11
204.678664
 21
4.266317
 31
0.0
  0
LINE
  8
0
  6
CONTINUOUS
 10
204.678664
 20
4.266317
 30
0.0
 11
204.644313
 21
4.264700
 31
0.0
  0
LINE
  8
0
  6
CONTINUOUS
 10
204.644313
 20
4.264700
 30
0.0
 11
204.607772
 21
4.263223
 31
0.0
  0
LINE
  8
0
  6
CONTINUOUS
 10
204.607772
 20
4.263223
 30
0.0
 11
204.568888
 21
4.261871
 31
0.0
  0
LINE
  8
0
  6
CONTINUOUS
 10
204.568888
 20
4.261871
 30
0.0
 11
204.527504
 21
4.260626
 31
0.0
  0
LINE
  8
0
  6
CONTINUOUS
 10
204.527504
 20
4.260626
 30
0.0
 11
204.483467
 21
4.259474
 31
0.0
  0
LINE
  8
0
  6
CONTINUOUS
 10
204.483467
 20
4.259474
 30
0.0
 11
204.436620
 21
4.258395
 31
0.0
  0
LINE
  8
0
  6
CONTINUOUS
 10
204.436620
 20
4.258395
 30
0.0
 11
204.386809
 21
4.257374
 31
0.0
  0
LINE
  8
0
  6
CONTINUOUS
 10
204.386809
 20
4.257374
 30
0.0
 11
204.344581
 21
4.256621
 31
0.0
  0
LINE
  8
0
  6
CONTINUOUS
 10
204.344581
 20
4.256621
 30
0.0
 11
204.303852
 21
4.256032
 31
0.0
  0
LINE
  8
0
  6
CONTINUOUS
 10
204.303852
 20
4.256032
 30
0.0
 11
204.264589
 21
4.255610
 31
0.0
  0
LINE
  8
0
  6
CONTINUOUS
 10
204.264589
 20
4.255610
 30
0.0
 11
204.226764
 21
4.255354
 31
0.0
  0
LINE
  8
0
  6
CONTINUOUS
 10
204.226764
 20
4.255354
 30
0.0
 11
204.190343
 21
4.255268
 31
0.0
  0
LINE
  8
0
  6
CONTINUOUS
 10
204.190343
 20
4.255268
 30
0.0
 11
204.155297
 21
4.255351
 31
0.0
  0
LINE
  8
0
  6
CONTINUOUS
 10
204.155297
 20
4.255351
 30
0.0
 11
204.121596
 21
4.255606
 31
0.0
  0
LINE
  8
0
  6
CONTINUOUS
 10
204.121596
 20
4.255606
 30
0.0
 11
204.089206
 21
4.256034
 31
0.0
  0
LINE
  8
0
  6
CONTINUOUS
 10
204.089206
 20
4.256034
 30
0.0
 11
204.058100
 21
4.256637
 31
0.0
  0
LINE
  8
0
  6
CONTINUOUS
 10
204.058100
 20
4.256637
 30
0.0
 11
204.028244
 21
4.257415
 31
0.0
  0
LINE
  8
0
  6
CONTINUOUS
 10
204.028244
 20
4.257415
 30
0.0
 11
203.999610
 21
4.258370
 31
0.0
  0
LINE
  8
0
  6
CONTINUOUS
 10
203.999610
 20
4.258370
 30
0.0
 11
203.972164
 21
4.259504
 31
0.0
  0
LINE
  8
0
  6
CONTINUOUS
 10
203.972164
 20
4.259504
 30
0.0
 11
203.945878
 21
4.260818
 31
0.0
  0
LINE
  8
0
  6
CONTINUOUS
 10
203.945878
 20
4.260818
 30
0.0
 11
203.920720
 21
4.262314
 31
0.0
  0
LINE
  8
0
  6
CONTINUOUS
 10
203.920720
 20
4.262314
 30
0.0
 11
203.896660
 21
4.263992
 31
0.0
  0
LINE
  8
0
  6
CONTINUOUS
 10
203.896660
 20
4.263992
 30
0.0
 11
203.873665
 21
4.265855
 31
0.0
  0
LINE
  8
0
  6
CONTINUOUS
 10
203.873665
 20
4.265855
 30
0.0
 11
203.851707
 21
4.267902
 31
0.0
  0
LINE
  8
0
  6
CONTINUOUS
 10
203.851707
 20
4.267902
 30
0.0
 11
203.830753
 21
4.270138
 31
0.0
  0
LINE
  8
0
  6
CONTINUOUS
 10
203.830753
 20
4.270138
 30
0.0
 11
203.810774
 21
4.272560
 31
0.0
  0
LINE
  8
0
  6
CONTINUOUS
 10
203.810774
 20
4.272560
 30
0.0
 11
203.791738
 21
4.275174
 31
0.0
  0
LINE
  8
0
  6
CONTINUOUS
 10
203.791738
 20
4.275174
 30
0.0
 11
203.773614
 21
4.277978
 31
0.0
  0
LINE
  8
0
  6
CONTINUOUS
 10
203.773614
 20
4.277978
 30
0.0
 11
203.756372
 21
4.280975
 31
0.0
  0
LINE
  8
0
  6
CONTINUOUS
 10
203.756372
 20
4.280975
 30
0.0
 11
203.739980
 21
4.284167
 31
0.0
  0
LINE
  8
0
  6
CONTINUOUS
 10
203.739980
 20
4.284167
 30
0.0
 11
203.724409
 21
4.287554
 31
0.0
  0
LINE
  8
0
  6
CONTINUOUS
 10
204.991609
 20
4.373047
 30
0.0
 11
205.101680
 21
4.405906
 31
0.0
  0
LINE
  8
0
  6
CONTINUOUS
 10
205.101680
 20
4.405906
 30
0.0
 11
205.207680
 21
4.443723
 31
0.0
  0
LINE
  8
0
  6
CONTINUOUS
 10
205.207680
 20
4.443723
 30
0.0
 11
205.309530
 21
4.486388
 31
0.0
  0
LINE
  8
0
  6
CONTINUOUS
 10
205.309530
 20
4.486388
 30
0.0
 11
205.407153
 21
4.533789
 31
0.0
  0
LINE
  8
0
  6
CONTINUOUS
 10
205.407153
 20
4.533789
 30
0.0
 11
205.500470
 21
4.585815
 31
0.0
  0
LINE
  8
0
  6
CONTINUOUS
 10
205.500470
 20
4.585815
 30
0.0
 11
205.589404
 21
4.642357
 31
0.0
  0
LINE
  8
0
  6
CONTINUOUS
 10
205.589404
 20
4.642357
 30
0.0
 11
205.673875
 21
4.703302
 31
0.0
  0
LINE
  8
0
  6
CONTINUOUS
 10
205.673875
 20
4.703302
 30
0.0
 11
205.753807
 21
4.768540
 31
0.0
  0
LINE
  8
0
  6
CONTINUOUS
 10
205.753807
 20
4.768540
 30
0.0
 11
205.829122
 21
4.837959
 31
0.0
  0
LINE
  8
0
  6
CONTINUOUS
 10
205.829122
 20
4.837959
 30
0.0
 11
205.899739
 21
4.911450
 31
0.0
  0
LINE
  8
0
  6
CONTINUOUS
 10
205.899739
 20
4.911450
 30
0.0
 11
205.965584
 21
4.988901
 31
0.0
  0
LINE
  8
0
  6
CONTINUOUS
 10
205.965584
 20
4.988901
 30
0.0
 11
206.026576
 21
5.070201
 31
0.0
  0
LINE
  8
0
  6
CONTINUOUS
 10
206.026576
 20
5.070201
 30
0.0
 11
206.082638
 21
5.155239
 31
0.0
  0
LINE
  8
0
  6
CONTINUOUS
 10
206.082638
 20
5.155239
 30
0.0
 11
206.133692
 21
5.243904
 31
0.0
  0
LINE
  8
0
  6
CONTINUOUS
 10
206.133692
 20
5.243904
 30
0.0
 11
206.179660
 21
5.336086
 31
0.0
  0
LINE
  8
0
  6
CONTINUOUS
 10
206.179660
 20
5.336086
 30
0.0
 11
206.220464
 21
5.431673
 31
0.0
  0
LINE
  8
0
  6
CONTINUOUS
 10
206.220464
 20
5.431673
 30
0.0
 11
206.256025
 21
5.530554
 31
0.0
  0
LINE
  8
0
  6
CONTINUOUS
 10
206.256025
 20
5.530554
 30
0.0
 11
206.286267
 21
5.632620
 31
0.0
  0
LINE
  8
0
  6
CONTINUOUS
 10
206.286267
 20
5.632620
 30
0.0
 11
206.311108
 21
5.737758
 31
0.0
  0
LINE
  8
0
  6
CONTINUOUS
 10
206.311108
 20
5.737758
 30
0.0
 11
206.330475
 21
5.845858
 31
0.0
  0
LINE
  8
0
  6
CONTINUOUS
 10
206.330475
 20
5.845858
 30
0.0
 11
206.344287
 21
5.956808
 31
0.0
  0
LINE
  8
0
  6
CONTINUOUS
 10
206.344287
 20
5.956808
 30
0.0
 11
206.352466
 21
6.070499
 31
0.0
  0
LINE
  8
0
  6
CONTINUOUS
 10
206.352466
 20
6.070499
 30
0.0
 11
206.354934
 21
6.186818
 31
0.0
  0
LINE
  8
0
  6
CONTINUOUS
 10
206.354934
 20
6.186818
 30
0.0
 11
206.351614
 21
6.305655
 31
0.0
  0
LINE
  8
0
  6
CONTINUOUS
 10
206.351614
 20
6.305655
 30
0.0
 11
206.344917
 21
6.398981
 31
0.0
  0
LINE
  8
0
  6
CONTINUOUS
 10
206.344917
 20
6.398981
 30
0.0
 11
206.334583
 21
6.488801
 31
0.0
  0
LINE
  8
0
  6
CONTINUOUS
 10
206.334583
 20
6.488801
 30
0.0
 11
206.320408
 21
6.575336
 31
0.0
  0
LINE
  8
0
  6
CONTINUOUS
 10
206.320408
 20
6.575336
 30
0.0
 11
206.302189
 21
6.658810
 31
0.0
  0
LINE
  8
0
  6
CONTINUOUS
 10
206.302189
 20
6.658810
 30
0.0
 11
206.279724
 21
6.739443
 31
0.0
  0
LINE
  8
0
  6
CONTINUOUS
 10
206.279724
 20
6.739443
 30
0.0
 11
206.252807
 21
6.817459
 31
0.0
  0
LINE
  8
0
  6
CONTINUOUS
 10
206.252807
 20
6.817459
 30
0.0
 11
206.221237
 21
6.893078
 31
0.0
  0
LINE
  8
0
  6
CONTINUOUS
 10
206.221237
 20
6.893078
 30
0.0
 11
206.184811
 21
6.966523
 31
0.0
  0
LINE
  8
0
  6
CONTINUOUS
 10
206.184811
 20
6.966523
 30
0.0
 11
206.143324
 21
7.038016
 31
0.0
  0
LINE
  8
0
  6
CONTINUOUS
 10
206.143324
 20
7.038016
 30
0.0
 11
206.096574
 21
7.107779
 31
0.0
  0
LINE
  8
0
  6
CONTINUOUS
 10
206.096574
 20
7.107779
 30
0.0
 11
206.044357
 21
7.176033
 31
0.0
  0
LINE
  8
0
  6
CONTINUOUS
 10
206.044357
 20
7.176033
 30
0.0
 11
205.986471
 21
7.243002
 31
0.0
  0
LINE
  8
0
  6
CONTINUOUS
 10
205.986471
 20
7.243002
 30
0.0
 11
205.922712
 21
7.308908
 31
0.0
  0
LINE
  8
0
  6
CONTINUOUS
 10
205.922712
 20
7.308908
 30
0.0
 11
205.852876
 21
7.373969
 31
0.0
  0
LINE
  8
0
  6
CONTINUOUS
 10
205.852876
 20
7.373969
 30
0.0
 11
205.776760
 21
7.438412
 31
0.0
  0
LINE
  8
0
  6
CONTINUOUS
 10
205.776760
 20
7.438412
 30
0.0
 11
205.694163
 21
7.502457
 31
0.0
  0
LINE
  8
0
  6
CONTINUOUS
 10
205.694163
 20
7.502457
 30
0.0
 11
205.604878
 21
7.566326
 31
0.0
  0
LINE
  8
0
  6
CONTINUOUS
 10
205.604878
 20
7.566326
 30
0.0
 11
205.508705
 21
7.630239
 31
0.0
  0
LINE
  8
0
  6
CONTINUOUS
 10
205.508705
 20
7.630239
 30
0.0
 11
205.405439
 21
7.694422
 31
0.0
  0
LINE
  8
0
  6
CONTINUOUS
 10
205.405439
 20
7.694422
 30
0.0
 11
205.294878
 21
7.759094
 31
0.0
  0
LINE
  8
0
  6
CONTINUOUS
 10
205.294878
 20
7.759094
 30
0.0
 11
205.176817
 21
7.824478
 31
0.0
  0
LINE
  8
0
  6
CONTINUOUS
 10
205.176817
 20
7.824478
 30
0.0
 11
205.051054
 21
7.890796
 31
0.0
  0
LINE
  8
0
  6
CONTINUOUS
 10
205.051054
 20
7.890796
 30
0.0
 11
204.917386
 21
7.958270
 31
0.0
  0
LINE
  8
0
  6
CONTINUOUS
 10
204.917386
 20
7.958270
 30
0.0
 11
204.775609
 21
8.027122
 31
0.0
  0
LINE
  8
0
  6
CONTINUOUS
 10
204.775609
 20
8.027122
 30
0.0
 11
204.666332
 21
8.080082
 31
0.0
  0
LINE
  8
0
  6
CONTINUOUS
 10
204.666332
 20
8.080082
 30
0.0
 11
204.562949
 21
8.131908
 31
0.0
  0
LINE
  8
0
  6
CONTINUOUS
 10
204.562949
 20
8.131908
 30
0.0
 11
204.465348
 21
8.182705
 31
0.0
  0
LINE
  8
0
  6
CONTINUOUS
 10
204.465348
 20
8.182705
 30
0.0
 11
204.373417
 21
8.232579
 31
0.0
  0
LINE
  8
0
  6
CONTINUOUS
 10
204.373417
 20
8.232579
 30
0.0
 11
204.287048
 21
8.281638
 31
0.0
  0
LINE
  8
0
  6
CONTINUOUS
 10
204.287048
 20
8.281638
 30
0.0
 11
204.206129
 21
8.329986
 31
0.0
  0
LINE
  8
0
  6
CONTINUOUS
 10
204.206129
 20
8.329986
 30
0.0
 11
204.130550
 21
8.377731
 31
0.0
  0
LINE
  8
0
  6
CONTINUOUS
 10
204.130550
 20
8.377731
 30
0.0
 11
204.060199
 21
8.424979
 31
0.0
  0
LINE
  8
0
  6
CONTINUOUS
 10
204.060199
 20
8.424979
 30
0.0
 11
203.994968
 21
8.471835
 31
0.0
  0
LINE
  8
0
  6
CONTINUOUS
 10
203.994968
 20
8.471835
 30
0.0
 11
203.934745
 21
8.518407
 31
0.0
  0
LINE
  8
0
  6
CONTINUOUS
 10
203.934745
 20
8.518407
 30
0.0
 11
203.879418
 21
8.564800
 31
0.0
  0
LINE
  8
0
  6
CONTINUOUS
 10
203.879418
 20
8.564800
 30
0.0
 11
203.828879
 21
8.611122
 31
0.0
  0
LINE
  8
0
  6
CONTINUOUS
 10
203.828879
 20
8.611122
 30
0.0
 11
203.783016
 21
8.657477
 31
0.0
  0
LINE
  8
0
  6
CONTINUOUS
 10
203.783016
 20
8.657477
 30
0.0
 11
203.741718
 21
8.703974
 31
0.0
  0
LINE
  8
0
  6
CONTINUOUS
 10
203.741718
 20
8.703974
 30
0.0
 11
203.704876
 21
8.750717
 31
0.0
  0
LINE
  8
0
  6
CONTINUOUS
 10
203.704876
 20
8.750717
 30
0.0
 11
203.672378
 21
8.797814
 31
0.0
  0
LINE
  8
0
  6
CONTINUOUS
 10
203.672378
 20
8.797814
 30
0.0
 11
203.644113
 21
8.845369
 31
0.0
  0
LINE
  8
0
  6
CONTINUOUS
 10
203.644113
 20
8.845369
 30
0.0
 11
203.619973
 21
8.893491
 31
0.0
  0
LINE
  8
0
  6
CONTINUOUS
 10
203.619973
 20
8.893491
 30
0.0
 11
203.599845
 21
8.942284
 31
0.0
  0
LINE
  8
0
  6
CONTINUOUS
 10
203.599845
 20
8.942284
 30
0.0
 11
203.583619
 21
8.991856
 31
0.0
  0
LINE
  8
0
  6
CONTINUOUS
 10
203.583619
 20
8.991856
 30
0.0
 11
203.571184
 21
9.042313
 31
0.0
  0
LINE
  8
0
  6
CONTINUOUS
 10
203.571184
 20
9.042313
 30
0.0
 11
203.562431
 21
9.093761
 31
0.0
  0
LINE
  8
0
  6
CONTINUOUS
 10
203.562431
 20
9.093761
 30
0.0
 11
203.557248
 21
9.146306
 31
0.0
  0
LINE
  8
0
  6
CONTINUOUS
 10
203.557248
 20
9.146306
 30
0.0
 11
203.555525
 21
9.200055
 31
0.0
  0
LINE
  8
0
  6
CONTINUOUS
 10
203.555525
 20
9.200055
 30
0.0
 11
203.556334
 21
9.240745
 31
0.0
  0
LINE
  8
0
  6
CONTINUOUS
 10
203.556334
 20
9.240745
 30
0.0
 11
203.558803
 21
9.280530
 31
0.0
  0
LINE
  8
0
  6
CONTINUOUS
 10
203.558803
 20
9.280530
 30
0.0
 11
203.562928
 21
9.319405
 31
0.0
  0
LINE
  8
0
  6
CONTINUOUS
 10
203.562928
 20
9.319405
 30
0.0
 11
203.568706
 21
9.357365
 31
0.0
  0
LINE
  8
0
  6
CONTINUOUS
 10
203.568706
 20
9.357365
 30
0.0
 11
203.576134
 21
9.394406
 31
0.0
  0
LINE
  8
0
  6
CONTINUOUS
 10
203.576134
 20
9.394406
 30
0.0
 11
203.585209
 21
9.430523
 31
0.0
  0
LINE
  8
0
  6
CONTINUOUS
 10
203.585209
 20
9.430523
 30
0.0
 11
203.595928
 21
9.465711
 31
0.0
  0
LINE
  8
0
  6
CONTINUOUS
 10
203.595928
 20
9.465711
 30
0.0
 11
203.608288
 21
9.499964
 31
0.0
  0
LINE
  8
0
  6
CONTINUOUS
 10
203.608288
 20
9.499964
 30
0.0
 11
203.622286
 21
9.533279
 31
0.0
  0
LINE
  8
0
  6
CONTINUOUS
 10
203.622286
 20
9.533279
 30
0.0
 11
203.637917
 21
9.565651
 31
0.0
  0
LINE
  8
0
  6
CONTINUOUS
 10
203.637917
 20
9.565651
 30
0.0
 11
203.655180
 21
9.597076
 31
0.0
  0
LINE
  8
0
  6
CONTINUOUS
 10
203.655180
 20
9.597076
 30
0.0
 11
203.674072
 21
9.627546
 31
0.0
  0
LINE
  8
0
  6
CONTINUOUS
 10
203.674072
 20
9.627546
 30
0.0
 11
203.694588
 21
9.657060
 31
0.0
  0
LINE
  8
0
  6
CONTINUOUS
 10
203.694588
 20
9.657060
 30
0.0
 11
203.716726
 21
9.685611
 31
0.0
  0
LINE
  8
0
  6
CONTINUOUS
 10
203.716726
 20
9.685611
 30
0.0
 11
203.740483
 21
9.713195
 31
0.0
  0
LINE
  8
0
  6
CONTINUOUS
 10
203.740483
 20
9.713195
 30
0.0
 11
203.765856
 21
9.739807
 31
0.0
  0
LINE
  8
0
  6
CONTINUOUS
 10
203.765856
 20
9.739807
 30
0.0
 11
203.792842
 21
9.765442
 31
0.0
  0
LINE
  8
0
  6
CONTINUOUS
 10
203.792842
 20
9.765442
 30
0.0
 11
203.821438
 21
9.790097
 31
0.0
  0
LINE
  8
0
  6
CONTINUOUS
 10
203.821438
 20
9.790097
 30
0.0
 11
203.851639
 21
9.813764
 31
0.0
  0
LINE
  8
0
  6
CONTINUOUS
 10
203.851639
 20
9.813764
 30
0.0
 11
203.883444
 21
9.836441
 31
0.0
  0
LINE
  8
0
  6
CONTINUOUS
 10
203.883444
 20
9.836441
 30
0.0
 11
203.916848
 21
9.858122
 31
0.0
  0
LINE
  8
0
  6
CONTINUOUS
 10
203.916848
 20
9.858122
 30
0.0
 11
203.951851
 21
9.878804
 31
0.0
  0
LINE
  8
0
  6
CONTINUOUS
 10
203.951851
 20
9.878804
 30
0.0
 11
203.988447
 21
9.898478
 31
0.0
  0
LINE
  8
0
  6
CONTINUOUS
 10
203.988447
 20
9.898478
 30
0.0
 11
204.026633
 21
9.917144
 31
0.0
  0
LINE
  8
0
  6
CONTINUOUS
 10
204.026633
 20
9.917144
 30
0.0
 11
204.043144
 21
9.924731
 31
0.0
  0
LINE
  8
0
  6
CONTINUOUS
 10
204.043144
 20
9.924731
 30
0.0
 11
204.059028
 21
9.931798
 31
0.0
  0
LINE
  8
0
  6
CONTINUOUS
 10
204.059028
 20
9.931798
 30
0.0
 11
204.074387
 21
9.938362
 31
0.0
  0
LINE
  8
0
  6
CONTINUOUS
 10
204.074387
 20
9.938362
 30
0.0
 11
204.089325
 21
9.944440
 31
0.0
  0
LINE
  8
0
  6
CONTINUOUS
 10
204.089325
 20
9.944440
 30
0.0
 11
204.103947
 21
9.950050
 31
0.0
  0
LINE
  8
0
  6
CONTINUOUS
 10
204.103947
 20
9.950050
 30
0.0
 11
204.118356
 21
9.955212
 31
0.0
  0
LINE
  8
0
  6
CONTINUOUS
 10
204.118356
 20
9.955212
 30
0.0
 11
204.132654
 21
9.959941
 31
0.0
  0
LINE
  8
0
  6
CONTINUOUS
 10
204.132654
 20
9.959941
 30
0.0
 11
204.146946
 21
9.964257
 31
0.0
  0
LINE
  8
0
  6
CONTINUOUS
 10
204.146946
 20
9.964257
 30
0.0
 11
204.161336
 21
9.968176
 31
0.0
  0
LINE
  8
0
  6
CONTINUOUS
 10
204.161336
 20
9.968176
 30
0.0
 11
204.175926
 21
9.971717
 31
0.0
  0
LINE
  8
0
  6
CONTINUOUS
 10
204.175926
 20
9.971717
 30
0.0
 11
204.190822
 21
9.974897
 31
0.0
  0
LINE
  8
0
  6
CONTINUOUS
 10
204.190822
 20
9.974897
 30
0.0
 11
204.206125
 21
9.977735
 31
0.0
  0
LINE
  8
0
  6
CONTINUOUS
 10
204.206125
 20
9.977735
 30
0.0
 11
204.221940
 21
9.980247
 31
0.0
  0
LINE
  8
0
  6
CONTINUOUS
 10
204.221940
 20
9.980247
 30
0.0
 11
204.238371
 21
9.982453
 31
0.0
  0
LINE
  8
0
  6
CONTINUOUS
 10
204.238371
 20
9.982453
 30
0.0
 11
204.255521
 21
9.984369
 31
0.0
  0
LINE
  8
0
  6
CONTINUOUS
 10
204.255521
 20
9.984369
 30
0.0
 11
204.273493
 21
9.986013
 31
0.0
  0
LINE
  8
0
  6
CONTINUOUS
 10
204.273493
 20
9.986013
 30
0.0
 11
204.292391
 21
9.987405
 31
0.0
  0
LINE
  8
0
  6
CONTINUOUS
 10
204.292391
 20
9.987405
 30
0.0
 11
204.312319
 21
9.988560
 31
0.0
  0
LINE
  8
0
  6
CONTINUOUS
 10
204.312319
 20
9.988560
 30
0.0
 11
204.333381
 21
9.989497
 31
0.0
  0
LINE
  8
0
  6
CONTINUOUS
 10
204.333381
 20
9.989497
 30
0.0
 11
204.355679
 21
9.990233
 31
0.0
  0
LINE
  8
0
  6
CONTINUOUS
 10
204.355679
 20
9.990233
 30
0.0
 11
204.379318
 21
9.990788
 31
0.0
  0
LINE
  8
0
  6
CONTINUOUS
 10
204.379318
 20
9.990788
 30
0.0
 11
204.404401
 21
9.991178
 31
0.0
  0
LINE
  8
0
  6
CONTINUOUS
 10
204.404401
 20
9.991178
 30
0.0
 11
204.431032
 21
9.991421
 31
0.0
  0
LINE
  8
0
  6
CONTINUOUS
 10
204.431032
 20
9.991421
 30
0.0
 11
204.459314
 21
9.991535
 31
0.0
  0
LINE
  8
0
  6
CONTINUOUS
 10
204.459314
 20
9.991535
 30
0.0
 11
204.489754
 21
9.991547
 31
0.0
  0
LINE
  8
0
  6
CONTINUOUS
 10
204.489754
 20
9.991547
 30
0.0
 11
204.518108
 21
9.991447
 31
0.0
  0
LINE
  8
0
  6
CONTINUOUS
 10
204.518108
 20
9.991447
 30
0.0
 11
204.544529
 21
9.991200
 31
0.0
  0
LINE
  8
0
  6
CONTINUOUS
 10
204.544529
 20
9.991200
 30
0.0
 11
204.569173
 21
9.990776
 31
0.0
  0
LINE
  8
0
  6
CONTINUOUS
 10
204.569173
 20
9.990776
 30
0.0
 11
204.592192
 21
9.990145
 31
0.0
  0
LINE
  8
0
  6
CONTINUOUS
 10
204.592192
 20
9.990145
 30
0.0
 11
204.613741
 21
9.989275
 31
0.0
  0
LINE
  8
0
  6
CONTINUOUS
 10
204.613741
 20
9.989275
 30
0.0
 11
204.633975
 21
9.988135
 31
0.0
  0
LINE
  8
0
  6
CONTINUOUS
 10
204.633975
 20
9.988135
 30
0.0
 11
204.653047
 21
9.986694
 31
0.0
  0
LINE
  8
0
  6
CONTINUOUS
 10
204.653047
 20
9.986694
 30
0.0
 11
204.671112
 21
9.984920
 31
0.0
  0
LINE
  8
0
  6
CONTINUOUS
 10
204.671112
 20
9.984920
 30
0.0
 11
204.688325
 21
9.982783
 31
0.0
  0
LINE
  8
0
  6
CONTINUOUS
 10
204.688325
 20
9.982783
 30
0.0
 11
204.704839
 21
9.980252
 31
0.0
  0
LINE
  8
0
  6
CONTINUOUS
 10
204.704839
 20
9.980252
 30
0.0
 11
204.720808
 21
9.977294
 31
0.0
  0
LINE
  8
0
  6
CONTINUOUS
 10
204.720808
 20
9.977294
 30
0.0
 11
204.736386
 21
9.973880
 31
0.0
  0
LINE
  8
0
  6
CONTINUOUS
 10
204.736386
 20
9.973880
 30
0.0
 11
204.751728
 21
9.969977
 31
0.0
  0
LINE
  8
0
  6
CONTINUOUS
 10
204.751728
 20
9.969977
 30
0.0
 11
204.766988
 21
9.965555
 31
0.0
  0
LINE
  8
0
  6
CONTINUOUS
 10
204.766988
 20
9.965555
 30
0.0
 11
204.782321
 21
9.960584
 31
0.0
  0
LINE
  8
0
  6
CONTINUOUS
 10
204.782321
 20
9.960584
 30
0.0
 11
204.797879
 21
9.955030
 31
0.0
  0
LINE
  8
0
  6
CONTINUOUS
 10
204.797879
 20
9.955030
 30
0.0
 11
204.813818
 21
9.948864
 31
0.0
  0
LINE
  8
0
  6
CONTINUOUS
 10
204.813818
 20
9.948864
 30
0.0
 11
204.830293
 21
9.942054
 31
0.0
  0
LINE
  8
0
  6
CONTINUOUS
 10
204.830293
 20
9.942054
 30
0.0
 11
204.847456
 21
9.934569
 31
0.0
  0
LINE
  8
0
  6
CONTINUOUS
 10
204.847456
 20
9.934569
 30
0.0
 11
204.865461
 21
9.926378
 31
0.0
  0
LINE
  8
0
  6
CONTINUOUS
 10
204.865461
 20
9.926378
 30
0.0
 11
204.884464
 21
9.917450
 31
0.0
  0
LINE
  8
0
  6
CONTINUOUS
 10
204.884464
 20
9.917450
 30
0.0
 11
204.904620
 21
9.907754
 31
0.0
  0
LINE
  8
0
  6
CONTINUOUS
 10
204.904620
 20
9.907754
 30
0.0
 11
204.926080
 21
9.897258
 31
0.0
  0
LINE
  8
0
  6
CONTINUOUS
 10
205.776798
 20
9.628641
 30
0.0
 11
205.800562
 21
9.640594
 31
0.0
  0
LINE
  8
0
  6
CONTINUOUS
 10
205.800562
 20
9.640594
 30
0.0
 11
205.823983
 21
9.652456
 31
0.0
  0
LINE
  8
0
  6
CONTINUOUS
 10
205.823983
 20
9.652456
 30
0.0
 11
205.847004
 21
9.664196
 31
0.0
  0
LINE
  8
0
  6
CONTINUOUS
 10
205.847004
 20
9.664196
 30
0.0
 11
205.869572
 21
9.675783
 31
0.0
  0
LINE
  8
0
  6
CONTINUOUS
 10
205.869572
 20
9.675783
 30
0.0
 11
205.891631
 21
9.687187
 31
0.0
  0
LINE
  8
0
  6
CONTINUOUS
 10
205.891631
 20
9.687187
 30
0.0
 11
205.913126
 21
9.698378
 31
0.0
  0
LINE
  8
0
  6
CONTINUOUS
 10
205.913126
 20
9.698378
 30
0.0
 11
205.934001
 21
9.709325
 31
0.0
  0
LINE
  8
0
  6
CONTINUOUS
 10
205.934001
 20
9.709325
 30
0.0
 11
205.954202
 21
9.719999
 31
0.0
  0
LINE
  8
0
  6
CONTINUOUS
 10
205.954202
 20
9.719999
 30
0.0
 11
205.973672
 21
9.730367
 31
0.0
  0
LINE
  8
0
  6
CONTINUOUS
 10
205.973672
 20
9.730367
 30
0.0
 11
205.992357
 21
9.740401
 31
0.0
  0
LINE
  8
0
  6
CONTINUOUS
 10
205.992357
 20
9.740401
 30
0.0
 11
206.010202
 21
9.750069
 31
0.0
  0
LINE
  8
0
  6
CONTINUOUS
 10
206.010202
 20
9.750069
 30
0.0
 11
206.027150
 21
9.759342
 31
0.0
  0
LINE
  8
0
  6
CONTINUOUS
 10
206.027150
 20
9.759342
 30
0.0
 11
206.043148
 21
9.768189
 31
0.0
  0
LINE
  8
0
  6
CONTINUOUS
 10
206.043148
 20
9.768189
 30
0.0
 11
206.058138
 21
9.776580
 31
0.0
  0
LINE
  8
0
  6
CONTINUOUS
 10
206.058138
 20
9.776580
 30
0.0
 11
206.072068
 21
9.784484
 31
0.0
  0
LINE
  8
0
  6
CONTINUOUS
 10
206.072068
 20
9.784484
 30
0.0
 11
206.084881
 21
9.791870
 31
0.0
  0
LINE
  8
0
  6
CONTINUOUS
 10
206.084881
 20
9.791870
 30
0.0
 11
206.096521
 21
9.798709
 31
0.0
  0
LINE
  8
0
  6
CONTINUOUS
 10
206.096521
 20
9.798709
 30
0.0
 11
206.106934
 21
9.804969
 31
0.0
  0
LINE
  8
0
  6
CONTINUOUS
 10
206.106934
 20
9.804969
 30
0.0
 11
206.116065
 21
9.810622
 31
0.0
  0
LINE
  8
0
  6
CONTINUOUS
 10
206.116065
 20
9.810622
 30
0.0
 11
206.123857
 21
9.815636
 31
0.0
  0
LINE
  8
0
  6
CONTINUOUS
 10
206.123857
 20
9.815636
 30
0.0
 11
206.130257
 21
9.819980
 31
0.0
  0
LINE
  8
0
  6
CONTINUOUS
 10
206.130257
 20
9.819980
 30
0.0
 11
206.135208
 21
9.823625
 31
0.0
  0
LINE
  8
0
  6
CONTINUOUS
 10
206.135208
 20
9.823625
 30
0.0
 11
206.138655
 21
9.826541
 31
0.0
  0
LINE
  8
0
  6
CONTINUOUS
 10
206.138655
 20
9.826541
 30
0.0
 11
206.140544
 21
9.828695
 31
0.0
  0
LINE
  8
0
  6
CONTINUOUS
 10
206.140544
 20
9.828695
 30
0.0
 11
206.143510
 21
9.836398
 31
0.0
  0
LINE
  8
0
  6
CONTINUOUS
 10
206.143510
 20
9.836398
 30
0.0
 11
206.144423
 21
9.846373
 31
0.0
  0
LINE
  8
0
  6
CONTINUOUS
 10
206.144423
 20
9.846373
 30
0.0
 11
206.143376
 21
9.858464
 31
0.0
  0
LINE
  8
0
  6
CONTINUOUS
 10
206.143376
 20
9.858464
 30
0.0
 11
206.140466
 21
9.872513
 31
0.0
  0
LINE
  8
0
  6
CONTINUOUS
 10
206.140466
 20
9.872513
 30
0.0
 11
206.135788
 21
9.888366
 31
0.0
  0
LINE
  8
0
  6
CONTINUOUS
 10
206.135788
 20
9.888366
 30
0.0
 11
206.129436
 21
9.905866
 31
0.0
  0
LINE
  8
0
  6
CONTINUOUS
 10
206.129436
 20
9.905866
 30
0.0
 11
206.121507
 21
9.924856
 31
0.0
  0
LINE
  8
0
  6
CONTINUOUS
 10
206.121507
 20
9.924856
 30
0.0
 11
206.112097
 21
9.945179
 31
0.0
  0
LINE
  8
0
  6
CONTINUOUS
 10
206.112097
 20
9.945179
 30
0.0
 11
206.101300
 21
9.966680
 31
0.0
  0
LINE
  8
0
  6
CONTINUOUS
 10
206.101300
 20
9.966680
 30
0.0
 11
206.089213
 21
9.989204
 31
0.0
  0
LINE
  8
0
  6
CONTINUOUS
 10
206.089213
 20
9.989204
 30
0.0
 11
206.075929
 21
10.012591
 31
0.0
  0
LINE
  8
0
  6
CONTINUOUS
 10
206.075929
 20
10.012591
 30
0.0
 11
206.061547
 21
10.036688
 31
0.0
  0
LINE
  8
0
  6
CONTINUOUS
 10
206.061547
 20
10.036688
 30
0.0
 11
206.046159
 21
10.061336
 31
0.0
  0
LINE
  8
0
  6
CONTINUOUS
 10
206.046159
 20
10.061336
 30
0.0
 11
206.029863
 21
10.086380
 31
0.0
  0
LINE
  8
0
  6
CONTINUOUS
 10
206.029863
 20
10.086380
 30
0.0
 11
206.012754
 21
10.111665
 31
0.0
  0
LINE
  8
0
  6
CONTINUOUS
 10
206.012754
 20
10.111665
 30
0.0
 11
205.994926
 21
10.137032
 31
0.0
  0
LINE
  8
0
  6
CONTINUOUS
 10
205.994926
 20
10.137032
 30
0.0
 11
205.976476
 21
10.162327
 31
0.0
  0
LINE
  8
0
  6
CONTINUOUS
 10
205.976476
 20
10.162327
 30
0.0
 11
205.957499
 21
10.187391
 31
0.0
  0
LINE
  8
0
  6
CONTINUOUS
 10
205.957499
 20
10.187391
 30
0.0
 11
205.938091
 21
10.212071
 31
0.0
  0
LINE
  8
0
  6
CONTINUOUS
 10
205.938091
 20
10.212071
 30
0.0
 11
205.918347
 21
10.236208
 31
0.0
  0
LINE
  8
0
  6
CONTINUOUS
 10
205.918347
 20
10.236208
 30
0.0
 11
205.898362
 21
10.259646
 31
0.0
  0
LINE
  8
0
  6
CONTINUOUS
 10
205.898362
 20
10.259646
 30
0.0
 11
205.878232
 21
10.282230
 31
0.0
  0
LINE
  8
0
  6
CONTINUOUS
 10
205.878232
 20
10.282230
 30
0.0
 11
205.858053
 21
10.303802
 31
0.0
  0
LINE
  8
0
  6
CONTINUOUS
 10
205.858053
 20
10.303802
 30
0.0
 11
205.837919
 21
10.324208
 31
0.0
  0
LINE
  8
0
  6
CONTINUOUS
 10
205.837919
 20
10.324208
 30
0.0
 11
205.793754
 21
10.365863
 31
0.0
  0
LINE
  8
0
  6
CONTINUOUS
 10
205.793754
 20
10.365863
 30
0.0
 11
205.747741
 21
10.405687
 31
0.0
  0
LINE
  8
0
  6
CONTINUOUS
 10
205.747741
 20
10.405687
 30
0.0
 11
205.699903
 21
10.443674
 31
0.0
  0
LINE
  8
0
  6
CONTINUOUS
 10
205.699903
 20
10.443674
 30
0.0
 11
205.650264
 21
10.479815
 31
0.0
  0
LINE
  8
0
  6
CONTINUOUS
 10
205.650264
 20
10.479815
 30
0.0
 11
205.598846
 21
10.514105
 31
0.0
  0
LINE
  8
0
  6
CONTINUOUS
 10
205.598846
 20
10.514105
 30
0.0
 11
205.545673
 21
10.546535
 31
0.0
  0
LINE
  8
0
  6
CONTINUOUS
 10
205.545673
 20
10.546535
 30
0.0
 11
205.490767
 21
10.577099
 31
0.0
  0
LINE
  8
0
  6
CONTINUOUS
 10
205.490767
 20
10.577099
 30
0.0
 11
205.434153
 21
10.605788
 31
0.0
  0
LINE
  8
0
  6
CONTINUOUS
 10
205.434153
 20
10.605788
 30
0.0
 11
205.375853
 21
10.632597
 31
0.0
  0
LINE
  8
0
  6
CONTINUOUS
 10
205.375853
 20
10.632597
 30
0.0
 11
205.315890
 21
10.657516
 31
0.0
  0
LINE
  8
0
  6
CONTINUOUS
 10
205.315890
 20
10.657516
 30
0.0
 11
205.254288
 21
10.680539
 31
0.0
  0
LINE
  8
0
  6
CONTINUOUS
 10
205.254288
 20
10.680539
 30
0.0
 11
205.191069
 21
10.701659
 31
0.0
  0
LINE
  8
0
  6
CONTINUOUS
 10
205.191069
 20
10.701659
 30
0.0
 11
205.126258
 21
10.720869
 31
0.0
  0
LINE
  8
0
  6
CONTINUOUS
 10
205.126258
 20
10.720869
 30
0.0
 11
205.059876
 21
10.738160
 31
0.0
  0
LINE
  8
0
  6
CONTINUOUS
 10
205.059876
 20
10.738160
 30
0.0
 11
204.991948
 21
10.753527
 31
0.0
  0
LINE
  8
0
  6
CONTINUOUS
 10
204.991948
 20
10.753527
 30
0.0
 11
204.922497
 21
10.766960
 31
0.0
  0
LINE
  8
0
  6
CONTINUOUS
 10
204.922497
 20
10.766960
 30
0.0
 11
204.851543
 21
10.778455
 31
0.0
  0
LINE
  8
0
  6
CONTINUOUS
 10
204.851543
 20
10.778455
 30
0.0
 11
204.779114
 21
10.788002
 31
0.0
  0
LINE
  8
0
  6
CONTINUOUS
 10
204.779114
 20
10.788002
 30
0.0
 11
204.705230
 21
10.795595
 31
0.0
  0
LINE
  8
0
  6
CONTINUOUS
 10
204.705230
 20
10.795595
 30
0.0
 11
204.629915
 21
10.801226
 31
0.0
  0
LINE
  8
0
  6
CONTINUOUS
 10
204.629915
 20
10.801226
 30
0.0
 11
204.553192
 21
10.804888
 31
0.0
  0
LINE
  8
0
  6
CONTINUOUS
 10
204.553192
 20
10.804888
 30
0.0
 11
204.475085
 21
10.806575
 31
0.0
  0
LINE
  8
0
  6
CONTINUOUS
 10
204.475085
 20
10.806575
 30
0.0
 11
204.395616
 21
10.806277
 31
0.0
  0
LINE
  8
0
  6
CONTINUOUS
 10
204.395616
 20
10.806277
 30
0.0
 11
204.314809
 21
10.803989
 31
0.0
  0
LINE
  8
0
  6
CONTINUOUS
 10
204.314809
 20
10.803989
 30
0.0
 11
204.239428
 21
10.800338
 31
0.0
  0
LINE
  8
0
  6
CONTINUOUS
 10
204.239428
 20
10.800338
 30
0.0
 11
204.166876
 21
10.795551
 31
0.0
  0
LINE
  8
0
  6
CONTINUOUS
 10
204.166876
 20
10.795551
 30
0.0
 11
204.097020
 21
10.789574
 31
0.0
  0
LINE
  8
0
  6
CONTINUOUS
 10
204.097020
 20
10.789574
 30
0.0
 11
204.029726
 21
10.782355
 31
0.0
  0
LINE
  8
0
  6
CONTINUOUS
 10
204.029726
 20
10.782355
 30
0.0
 11
203.964861
 21
10.773843
 31
0.0
  0
LINE
  8
0
  6
CONTINUOUS
 10
203.964861
 20
10.773843
 30
0.0
 11
203.902290
 21
10.763985
 31
0.0
  0
LINE
  8
0
  6
CONTINUOUS
 10
203.902290
 20
10.763985
 30
0.0
 11
203.841880
 21
10.752730
 31
0.0
  0
LINE
  8
0
  6
CONTINUOUS
 10
203.841880
 20
10.752730
 30
0.0
 11
203.783497
 21
10.740023
 31
0.0
  0
LINE
  8
0
  6
CONTINUOUS
 10
203.783497
 20
10.740023
 30
0.0
 11
203.727009
 21
10.725815
 31
0.0
  0
LINE
  8
0
  6
CONTINUOUS
 10
203.727009
 20
10.725815
 30
0.0
 11
203.672281
 21
10.710053
 31
0.0
  0
LINE
  8
0
  6
CONTINUOUS
 10
203.672281
 20
10.710053
 30
0.0
 11
203.619179
 21
10.692683
 31
0.0
  0
LINE
  8
0
  6
CONTINUOUS
 10
203.619179
 20
10.692683
 30
0.0
 11
203.567569
 21
10.673655
 31
0.0
  0
LINE
  8
0
  6
CONTINUOUS
 10
203.567569
 20
10.673655
 30
0.0
 11
203.517319
 21
10.652915
 31
0.0
  0
LINE
  8
0
  6
CONTINUOUS
 10
203.517319
 20
10.652915
 30
0.0
 11
203.468296
 21
10.630412
 31
0.0
  0
LINE
  8
0
  6
CONTINUOUS
 10
203.468296
 20
10.630412
 30
0.0
 11
203.420362
 21
10.606095
 31
0.0
  0
LINE
  8
0
  6
CONTINUOUS
 10
203.420362
 20
10.606095
 30
0.0
 11
203.373389
 21
10.579910
 31
0.0
  0
LINE
  8
0
  6
CONTINUOUS
 10
203.373389
 20
10.579910
 30
0.0
 11
203.327239
 21
10.551805
 31
0.0
  0
LINE
  8
0
  6
CONTINUOUS
 10
203.327239
 20
10.551805
 30
0.0
 11
203.281781
 21
10.521728
 31
0.0
  0
LINE
  8
0
  6
CONTINUOUS
 10
203.281781
 20
10.521728
 30
0.0
 11
203.236880
 21
10.489626
 31
0.0
  0
LINE
  8
0
  6
CONTINUOUS
 10
203.236880
 20
10.489626
 30
0.0
 11
203.192403
 21
10.455449
 31
0.0
  0
LINE
  8
0
  6
CONTINUOUS
 10
203.192403
 20
10.455449
 30
0.0
 11
203.148217
 21
10.419144
 31
0.0
  0
LINE
  8
0
  6
CONTINUOUS
 10
203.148217
 20
10.419144
 30
0.0
 11
203.104186
 21
10.380657
 31
0.0
  0
LINE
  8
0
  6
CONTINUOUS
 10
203.104186
 20
10.380657
 30
0.0
 11
203.060179
 21
10.339938
 31
0.0
  0
LINE
  8
0
  6
CONTINUOUS
 10
203.060179
 20
10.339938
 30
0.0
 11
203.016061
 21
10.296935
 31
0.0
  0
LINE
  8
0
  6
CONTINUOUS
 10
203.016061
 20
10.296935
 30
0.0
 11
202.975123
 21
10.255007
 31
0.0
  0
LINE
  8
0
  6
CONTINUOUS
 10
202.975123
 20
10.255007
 30
0.0
 11
202.936279
 21
10.213057
 31
0.0
  0
LINE
  8
0
  6
CONTINUOUS
 10
202.936279
 20
10.213057
 30
0.0
 11
202.899495
 21
10.171007
 31
0.0
  0
LINE
  8
0
  6
CONTINUOUS
 10
202.899495
 20
10.171007
 30
0.0
 11
202.864740
 21
10.128779
 31
0.0
  0
LINE
  8
0
  6
CONTINUOUS
 10
202.864740
 20
10.128779
 30
0.0
 11
202.831985
 21
10.086297
 31
0.0
  0
LINE
  8
0
  6
CONTINUOUS
 10
202.831985
 20
10.086297
 30
0.0
 11
202.801198
 21
10.043483
 31
0.0
  0
LINE
  8
0
  6
CONTINUOUS
 10
202.801198
 20
10.043483
 30
0.0
 11
202.772348
 21
10.000260
 31
0.0
  0
LINE
  8
0
  6
CONTINUOUS
 10
202.772348
 20
10.000260
 30
0.0
 11
202.745406
 21
9.956551
 31
0.0
  0
LINE
  8
0
  6
CONTINUOUS
 10
202.745406
 20
9.956551
 30
0.0
 11
202.720338
 21
9.912278
 31
0.0
  0
LINE
  8
0
  6
CONTINUOUS
 10
202.720338
 20
9.912278
 30
0.0
 11
202.697114
 21
9.867365
 31
0.0
  0
LINE
  8
0
  6
CONTINUOUS
 10
202.697114
 20
9.867365
 30
0.0
 11
202.675705
 21
9.821733
 31
0.0
  0
LINE
  8
0
  6
CONTINUOUS
 10
202.675705
 20
9.821733
 30
0.0
 11
202.656079
 21
9.775306
 31
0.0
  0
LINE
  8
0
  6
CONTINUOUS
 10
202.656079
 20
9.775306
 30
0.0
 11
202.638204
 21
9.728008
 31
0.0
  0
LINE
  8
0
  6
CONTINUOUS
 10
202.638204
 20
9.728008
 30
0.0
 11
202.622051
 21
9.679759
 31
0.0
  0
LINE
  8
0
  6
CONTINUOUS
 10
202.622051
 20
9.679759
 30
0.0
 11
202.607587
 21
9.630484
 31
0.0
  0
LINE
  8
0
  6
CONTINUOUS
 10
202.607587
 20
9.630484
 30
0.0
 11
202.594783
 21
9.580103
 31
0.0
  0
LINE
  8
0
  6
CONTINUOUS
 10
202.594783
 20
9.580103
 30
0.0
 11
202.583606
 21
9.528543
 31
0.0
  0
LINE
  8
0
  6
CONTINUOUS
 10
202.583606
 20
9.528543
 30
0.0
 11
202.574029
 21
9.475724
 31
0.0
  0
LINE
  8
0
  6
CONTINUOUS
 10
202.574029
 20
9.475724
 30
0.0
 11
202.566017
 21
9.421568
 31
0.0
  0
LINE
  8
0
  6
CONTINUOUS
 10
202.566017
 20
9.421568
 30
0.0
 11
202.559540
 21
9.366001
 31
0.0
  0
LINE
  8
0
  6
CONTINUOUS
 10
202.559540
 20
9.366001
 30
0.0
 11
202.554569
 21
9.308942
 31
0.0
  0
LINE
  8
0
  6
CONTINUOUS
 10
202.554569
 20
9.308942
 30
0.0
 11
202.551070
 21
9.250317
 31
0.0
  0
LINE
  8
0
  6
CONTINUOUS
 10
202.551070
 20
9.250317
 30
0.0
 11
202.549016
 21
9.190047
 31
0.0
  0
LINE
  8
0
  6
CONTINUOUS
 10
202.549016
 20
9.190047
 30
0.0
 11
202.548373
 21
9.128055
 31
0.0
  0
LINE
  8
0
  6
CONTINUOUS
 10
202.548373
 20
9.128055
 30
0.0
 11
202.550404
 21
9.030166
 31
0.0
  0
LINE
  8
0
  6
CONTINUOUS
 10
202.550404
 20
9.030166
 30
0.0
 11
202.556496
 21
8.936072
 31
0.0
  0
LINE
  8
0
  6
CONTINUOUS
 10
202.556496
 20
8.936072
 30
0.0
 11
202.566902
 21
8.845493
 31
0.0
  0
LINE
  8
0
  6
CONTINUOUS
 10
202.566902
 20
8.845493
 30
0.0
 11
202.581877
 21
8.758146
 31
0.0
  0
LINE
  8
0
  6
CONTINUOUS
 10
202.581877
 20
8.758146
 30
0.0
 11
202.601671
 21
8.673752
 31
0.0
  0
LINE
  8
0
  6
CONTINUOUS
 10
202.601671
 20
8.673752
 30
0.0
 11
202.626539
 21
8.592028
 31
0.0
  0
LINE
  8
0
  6
CONTINUOUS
 10
202.626539
 20
8.592028
 30
0.0
 11
202.656734
 21
8.512692
 31
0.0
  0
LINE
  8
0
  6
CONTINUOUS
 10
202.656734
 20
8.512692
 30
0.0
 11
202.692507
 21
8.435463
 31
0.0
  0
LINE
  8
0
  6
CONTINUOUS
 10
202.692507
 20
8.435463
 30
0.0
 11
202.734113
 21
8.360060
 31
0.0
  0
LINE
  8
0
  6
CONTINUOUS
 10
202.734113
 20
8.360060
 30
0.0
 11
202.781804
 21
8.286200
 31
0.0
  0
LINE
  8
0
  6
CONTINUOUS
 10
202.781804
 20
8.286200
 30
0.0
 11
202.835834
 21
8.213605
 31
0.0
  0
LINE
  8
0
  6
CONTINUOUS
 10
202.835834
 20
8.213605
 30
0.0
 11
202.896454
 21
8.141990
 31
0.0
  0
LINE
  8
0
  6
CONTINUOUS
 10
202.896454
 20
8.141990
 30
0.0
 11
202.963918
 21
8.071075
 31
0.0
  0
LINE
  8
0
  6
CONTINUOUS
 10
202.963918
 20
8.071075
 30
0.0
 11
203.038479
 21
8.000579
 31
0.0
  0
LINE
  8
0
  6
CONTINUOUS
 10
203.038479
 20
8.000579
 30
0.0
 11
203.120390
 21
7.930220
 31
0.0
  0
LINE
  8
0
  6
CONTINUOUS
 10
203.120390
 20
7.930220
 30
0.0
 11
203.209904
 21
7.859716
 31
0.0
  0
LINE
  8
0
  6
CONTINUOUS
 10
203.209904
 20
7.859716
 30
0.0
 11
203.307273
 21
7.788786
 31
0.0
  0
LINE
  8
0
  6
CONTINUOUS
 10
203.307273
 20
7.788786
 30
0.0
 11
203.412751
 21
7.717148
 31
0.0
  0
LINE
  8
0
  6
CONTINUOUS
 10
203.412751
 20
7.717148
 30
0.0
 11
203.526590
 21
7.644522
 31
0.0
  0
LINE
  8
0
  6
CONTINUOUS
 10
203.526590
 20
7.644522
 30
0.0
 11
203.649044
 21
7.570626
 31
0.0
  0
LINE
  8
0
  6
CONTINUOUS
 10
203.649044
 20
7.570626
 30
0.0
 11
203.780365
 21
7.495177
 31
0.0
  0
LINE
  8
0
  6
CONTINUOUS
 10
203.780365
 20
7.495177
 30
0.0
 11
203.920807
 21
7.417895
 31
0.0
  0
LINE
  8
0
  6
CONTINUOUS
 10
203.920807
 20
7.417895
 30
0.0
 11
204.070622
 21
7.338499
 31
0.0
  0
LINE
  8
0
  6
CONTINUOUS
 10
204.070622
 20
7.338499
 30
0.0
 11
204.230064
 21
7.256706
 31
0.0
  0
LINE
  8
0
  6
CONTINUOUS
 10
204.230064
 20
7.256706
 30
0.0
 11
204.319954
 21
7.210934
 31
0.0
  0
LINE
  8
0
  6
CONTINUOUS
 10
204.319954
 20
7.210934
 30
0.0
 11
204.404540
 21
7.167150
 31
0.0
  0
LINE
  8
0
  6
CONTINUOUS
 10
204.404540
 20
7.167150
 30
0.0
 11
204.484023
 21
7.125198
 31
0.0
  0
LINE
  8
0
  6
CONTINUOUS
 10
204.484023
 20
7.125198
 30
0.0
 11
204.558602
 21
7.084918
 31
0.0
  0
LINE
  8
0
  6
CONTINUOUS
 10
204.558602
 20
7.084918
 30
0.0
 11
204.628477
 21
7.046153
 31
0.0
  0
LINE
  8
0
  6
CONTINUOUS
 10
204.628477
 20
7.046153
 30
0.0
 11
204.693847
 21
7.008743
 31
0.0
  0
LINE
  8
0
  6
CONTINUOUS
 10
204.693847
 20
7.008743
 30
0.0
 11
204.754914
 21
6.972532
 31
0.0
  0
LINE
  8
0
  6
CONTINUOUS
 10
204.754914
 20
6.972532
 30
0.0
 11
204.811876
 21
6.937360
 31
0.0
  0
LINE
  8
0
  6
CONTINUOUS
 10
204.811876
 20
6.937360
 30
0.0
 11
204.864933
 21
6.903068
 31
0.0
  0
LINE
  8
0
  6
CONTINUOUS
 10
204.864933
 20
6.903068
 30
0.0
 11
204.914285
 21
6.869500
 31
0.0
  0
LINE
  8
0
  6
CONTINUOUS
 10
204.914285
 20
6.869500
 30
0.0
 11
204.960132
 21
6.836495
 31
0.0
  0
LINE
  8
0
  6
CONTINUOUS
 10
204.960132
 20
6.836495
 30
0.0
 11
205.002674
 21
6.803897
 31
0.0
  0
LINE
  8
0
  6
CONTINUOUS
 10
205.002674
 20
6.803897
 30
0.0
 11
205.042111
 21
6.771546
 31
0.0
  0
LINE
  8
0
  6
CONTINUOUS
 10
205.042111
 20
6.771546
 30
0.0
 11
205.078642
 21
6.739286
 31
0.0
  0
LINE
  8
0
  6
CONTINUOUS
 10
205.078642
 20
6.739286
 30
0.0
 11
205.112468
 21
6.706955
 31
0.0
  0
LINE
  8
0
  6
CONTINUOUS
 10
205.112468
 20
6.706955
 30
0.0
 11
205.143788
 21
6.674399
 31
0.0
  0
LINE
  8
0
  6
CONTINUOUS
 10
205.143788
 20
6.674399
 30
0.0
 11
205.172801
 21
6.641455
 31
0.0
  0
LINE
  8
0
  6
CONTINUOUS
 10
205.172801
 20
6.641455
 30
0.0
 11
205.199709
 21
6.607969
 31
0.0
  0
LINE
  8
0
  6
CONTINUOUS
 10
205.199709
 20
6.607969
 30
0.0
 11
205.224710
 21
6.573779
 31
0.0
  0
LINE
  8
0
  6
CONTINUOUS
 10
205.224710
 20
6.573779
 30
0.0
 11
205.248006
 21
6.538730
 31
0.0
  0
LINE
  8
0
  6
CONTINUOUS
 10
205.248006
 20
6.538730
 30
0.0
 11
205.269794
 21
6.502661
 31
0.0
  0
LINE
  8
0
  6
CONTINUOUS
 10
205.269794
 20
6.502661
 30
0.0
 11
205.290276
 21
6.465415
 31
0.0
  0
LINE
  8
0
  6
CONTINUOUS
 10
205.290276
 20
6.465415
 30
0.0
 11
205.309651
 21
6.426834
 31
0.0
  0
LINE
  8
0
  6
CONTINUOUS
 10
205.309651
 20
6.426834
 30
0.0
 11
205.328119
 21
6.386759
 31
0.0
  0
LINE
  8
0
  6
CONTINUOUS
 10
205.328119
 20
6.386759
 30
0.0
 11
205.333854
 21
6.373544
 31
0.0
  0
LINE
  8
0
  6
CONTINUOUS
 10
205.333854
 20
6.373544
 30
0.0
 11
205.339198
 21
6.360687
 31
0.0
  0
LINE
  8
0
  6
CONTINUOUS
 10
205.339198
 20
6.360687
 30
0.0
 11
205.344160
 21
6.348131
 31
0.0
  0
LINE
  8
0
  6
CONTINUOUS
 10
205.344160
 20
6.348131
 30
0.0
 11
205.348747
 21
6.335816
 31
0.0
  0
LINE
  8
0
  6
CONTINUOUS
 10
205.348747
 20
6.335816
 30
0.0
 11
205.352966
 21
6.323681
 31
0.0
  0
LINE
  8
0
  6
CONTINUOUS
 10
205.352966
 20
6.323681
 30
0.0
 11
205.356827
 21
6.311669
 31
0.0
  0
LINE
  8
0
  6
CONTINUOUS
 10
205.356827
 20
6.311669
 30
0.0
 11
205.360337
 21
6.299720
 31
0.0
  0
LINE
  8
0
  6
CONTINUOUS
 10
205.360337
 20
6.299720
 30
0.0
 11
205.363504
 21
6.287774
 31
0.0
  0
LINE
  8
0
  6
CONTINUOUS
 10
205.363504
 20
6.287774
 30
0.0
 11
205.366337
 21
6.275773
 31
0.0
  0
LINE
  8
0
  6
CONTINUOUS
 10
205.366337
 20
6.275773
 30
0.0
 11
205.368843
 21
6.263657
 31
0.0
  0
LINE
  8
0
  6
CONTINUOUS
 10
205.368843
 20
6.263657
 30
0.0
 11
205.371031
 21
6.251368
 31
0.0
  0
LINE
  8
0
  6
CONTINUOUS
 10
205.371031
 20
6.251368
 30
0.0
 11
205.372908
 21
6.238844
 31
0.0
  0
LINE
  8
0
  6
CONTINUOUS
 10
205.372908
 20
6.238844
 30
0.0
 11
205.374483
 21
6.226029
 31
0.0
  0
LINE
  8
0
  6
CONTINUOUS
 10
205.374483
 20
6.226029
 30
0.0
 11
205.375764
 21
6.212863
 31
0.0
  0
LINE
  8
0
  6
CONTINUOUS
 10
205.375764
 20
6.212863
 30
0.0
 11
205.376758
 21
6.199286
 31
0.0
  0
LINE
  8
0
  6
CONTINUOUS
 10
205.376758
 20
6.199286
 30
0.0
 11
205.377474
 21
6.185239
 31
0.0
  0
LINE
  8
0
  6
CONTINUOUS
 10
205.377474
 20
6.185239
 30
0.0
 11
205.377920
 21
6.170662
 31
0.0
  0
LINE
  8
0
  6
CONTINUOUS
 10
205.377920
 20
6.170662
 30
0.0
 11
205.378105
 21
6.155497
 31
0.0
  0
LINE
  8
0
  6
CONTINUOUS
 10
205.378105
 20
6.155497
 30
0.0
 11
205.378034
 21
6.139685
 31
0.0
  0
LINE
  8
0
  6
CONTINUOUS
 10
205.378034
 20
6.139685
 30
0.0
 11
205.377718
 21
6.123166
 31
0.0
  0
LINE
  8
0
  6
CONTINUOUS
 10
205.377718
 20
6.123166
 30
0.0
 11
205.377165
 21
6.105881
 31
0.0
  0
LINE
  8
0
  6
CONTINUOUS
 10
205.377165
 20
6.105881
 30
0.0
 11
205.376382
 21
6.087771
 31
0.0
  0
LINE
  8
0
  6
CONTINUOUS
 10
205.376382
 20
6.087771
 30
0.0
 11
205.375377
 21
6.068777
 31
0.0
  0
LINE
  8
0
  6
CONTINUOUS
 10
205.375377
 20
6.068777
 30
0.0
 11
205.374158
 21
6.048838
 31
0.0
  0
LINE
  8
0
  6
CONTINUOUS
 10
205.374158
 20
6.048838
 30
0.0
 11
205.367390
 21
5.977804
 31
0.0
  0
LINE
  8
0
  6
CONTINUOUS
 10
205.367390
 20
5.977804
 30
0.0
 11
205.356501
 21
5.909309
 31
0.0
  0
LINE
  8
0
  6
CONTINUOUS
 10
205.356501
 20
5.909309
 30
0.0
 11
205.341577
 21
5.843420
 31
0.0
  0
LINE
  8
0
  6
CONTINUOUS
 10
205.341577
 20
5.843420
 30
0.0
 11
205.322701
 21
5.780200
 31
0.0
  0
LINE
  8
0
  6
CONTINUOUS
 10
205.322701
 20
5.780200
 30
0.0
 11
205.299958
 21
5.719715
 31
0.0
  0
LINE
  8
0
  6
CONTINUOUS
 10
205.299958
 20
5.719715
 30
0.0
 11
205.273433
 21
5.662033
 31
0.0
  0
LINE
  8
0
  6
CONTINUOUS
 10
205.273433
 20
5.662033
 30
0.0
 11
205.243210
 21
5.607215
 31
0.0
  0
LINE
  8
0
  6
CONTINUOUS
 10
205.243210
 20
5.607215
 30
0.0
 11
205.209373
 21
5.555330
 31
0.0
  0
LINE
  8
0
  6
CONTINUOUS
 10
205.209373
 20
5.555330
 30
0.0
 11
205.172008
 21
5.506441
 31
0.0
  0
LINE
  8
0
  6
CONTINUOUS
 10
205.172008
 20
5.506441
 30
0.0
 11
205.131198
 21
5.460613
 31
0.0
  0
LINE
  8
0
  6
CONTINUOUS
 10
205.131198
 20
5.460613
 30
0.0
 11
205.087027
 21
5.417912
 31
0.0
  0
LINE
  8
0
  6
CONTINUOUS
 10
205.087027
 20
5.417912
 30
0.0
 11
205.039582
 21
5.378404
 31
0.0
  0
LINE
  8
0
  6
CONTINUOUS
 10
205.039582
 20
5.378404
 30
0.0
 11
204.988945
 21
5.342154
 31
0.0
  0
LINE
  8
0
  6
CONTINUOUS
 10
204.988945
 20
5.342154
 30
0.0
 11
204.935201
 21
5.309225
 31
0.0
  0
LINE
  8
0
  6
CONTINUOUS
 10
204.935201
 20
5.309225
 30
0.0
 11
204.878435
 21
5.279686
 31
0.0
  0
LINE
  8
0
  6
CONTINUOUS
 10
204.878435
 20
5.279686
 30
0.0
 11
204.818732
 21
5.253599
 31
0.0
  0
LINE
  8
0
  6
CONTINUOUS
 10
204.818732
 20
5.253599
 30
0.0
 11
204.756176
 21
5.231031
 31
0.0
  0
LINE
  8
0
  6
CONTINUOUS
 10
204.756176
 20
5.231031
 30
0.0
 11
204.690850
 21
5.212047
 31
0.0
  0
LINE
  8
0
  6
CONTINUOUS
 10
204.690850
 20
5.212047
 30
0.0
 11
204.622840
 21
5.196711
 31
0.0
  0
LINE
  8
0
  6
CONTINUOUS
 10
204.622840
 20
5.196711
 30
0.0
 11
204.552230
 21
5.185090
 31
0.0
  0
LINE
  8
0
  6
CONTINUOUS
 10
204.552230
 20
5.185090
 30
0.0
 11
204.479105
 21
5.177249
 31
0.0
  0
LINE
  8
0
  6
CONTINUOUS
 10
204.479105
 20
5.177249
 30
0.0
 11
204.403549
 21
5.173252
 31
0.0
  0
LINE
  8
0
  6
CONTINUOUS
 10
204.403549
 20
5.173252
 30
0.0
 11
204.325647
 21
5.173164
 31
0.0
  0
LINE
  8
0
  6
CONTINUOUS
 10
204.325647
 20
5.173164
 30
0.0
 11
204.245483
 21
5.177052
 31
0.0
  0
LINE
  8
0
  6
CONTINUOUS
 10
204.245483
 20
5.177052
 30
0.0
 11
204.179974
 21
5.182987
 31
0.0
  0
LINE
  8
0
  6
CONTINUOUS
 10
204.179974
 20
5.182987
 30
0.0
 11
204.116103
 21
5.191155
 31
0.0
  0
LINE
  8
0
  6
CONTINUOUS
 10
204.116103
 20
5.191155
 30
0.0
 11
204.053890
 21
5.201545
 31
0.0
  0
LINE
  8
0
  6
CONTINUOUS
 10
204.053890
 20
5.201545
 30
0.0
 11
203.993352
 21
5.214143
 31
0.0
  0
LINE
  8
0
  6
CONTINUOUS
 10
203.993352
 20
5.214143
 30
0.0
 11
203.934510
 21
5.228936
 31
0.0
  0
LINE
  8
0
  6
CONTINUOUS
 10
203.934510
 20
5.228936
 30
0.0
 11
203.877382
 21
5.245910
 31
0.0
  0
LINE
  8
0
  6
CONTINUOUS
 10
203.877382
 20
5.245910
 30
0.0
 11
203.821989
 21
5.265054
 31
0.0
  0
LINE
  8
0
  6
CONTINUOUS
 10
203.821989
 20
5.265054
 30
0.0
 11
203.768350
 21
5.286354
 31
0.0
  0
LINE
  8
0
  6
CONTINUOUS
 10
203.768350
 20
5.286354
 30
0.0
 11
203.716483
 21
5.309795
 31
0.0
  0
LINE
  8
0
  6
CONTINUOUS
 10
203.716483
 20
5.309795
 30
0.0
 11
203.666408
 21
5.335367
 31
0.0
  0
LINE
  8
0
  6
CONTINUOUS
 10
203.666408
 20
5.335367
 30
0.0
 11
203.618145
 21
5.363055
 31
0.0
  0
LINE
  8
0
  6
CONTINUOUS
 10
203.618145
 20
5.363055
 30
0.0
 11
203.571713
 21
5.392847
 31
0.0
  0
LINE
  8
0
  6
CONTINUOUS
 10
203.571713
 20
5.392847
 30
0.0
 11
203.527129
 21
5.424729
 31
0.0
  0
LINE
  8
0
  6
CONTINUOUS
 10
203.527129
 20
5.424729
 30
0.0
 11
203.484416
 21
5.458688
 31
0.0
  0
LINE
  8
0
  6
CONTINUOUS
 10
203.484416
 20
5.458688
 30
0.0
 11
203.443591
 21
5.494712
 31
0.0
  0
LINE
  8
0
  6
CONTINUOUS
 10
203.443591
 20
5.494712
 30
0.0
 11
203.404675
 21
5.532786
 31
0.0
  0
LINE
  8
0
  6
CONTINUOUS
 10
203.404675
 20
5.532786
 30
0.0
 11
203.367685
 21
5.572899
 31
0.0
  0
LINE
  8
0
  6
CONTINUOUS
 10
203.367685
 20
5.572899
 30
0.0
 11
203.332642
 21
5.615036
 31
0.0
  0
LINE
  8
0
  6
CONTINUOUS
 10
203.332642
 20
5.615036
 30
0.0
 11
203.299564
 21
5.659186
 31
0.0
  0
LINE
  8
0
  6
CONTINUOUS
 10
203.299564
 20
5.659186
 30
0.0
 11
203.268472
 21
5.705334
 31
0.0
  0
LINE
  8
0
  6
CONTINUOUS
 10
203.268472
 20
5.705334
 30
0.0
 11
203.239384
 21
5.753469
 31
0.0
  0
LINE
  8
0
  6
CONTINUOUS
 10
203.239384
 20
5.753469
 30
0.0
 11
203.212320
 21
5.803576
 31
0.0
  0
LINE
  8
0
  6
CONTINUOUS
 10
203.212320
 20
5.803576
 30
0.0
 11
203.187298
 21
5.855642
 31
0.0
  0
LINE
  8
0
  6
CONTINUOUS
 10
203.187298
 20
5.855642
 30
0.0
 11
203.164339
 21
5.909655
 31
0.0
  0
LINE
  8
0
  6
CONTINUOUS
 10
203.164339
 20
5.909655
 30
0.0
 11
203.161746
 21
5.916039
 31
0.0
  0
LINE
  8
0
  6
CONTINUOUS
 10
203.161746
 20
5.916039
 30
0.0
 11
203.159101
 21
5.922311
 31
0.0
  0
LINE
  8
0
  6
CONTINUOUS
 10
203.159101
 20
5.922311
 30
0.0
 11
203.156413
 21
5.928458
 31
0.0
  0
LINE
  8
0
  6
CONTINUOUS
 10
203.156413
 20
5.928458
 30
0.0
 11
203.153692
 21
5.934464
 31
0.0
  0
LINE
  8
0
  6
CONTINUOUS
 10
203.153692
 20
5.934464
 30
0.0
 11
203.150947
 21
5.940315
 31
0.0
  0
LINE
  8
0
  6
CONTINUOUS
 10
203.150947
 20
5.940315
 30
0.0
 11
203.148186
 21
5.945998
 31
0.0
  0
LINE
  8
0
  6
CONTINUOUS
 10
203.148186
 20
5.945998
 30
0.0
 11
203.145420
 21
5.951499
 31
0.0
  0
LINE
  8
0
  6
CONTINUOUS
 10
203.145420
 20
5.951499
 30
0.0
 11
203.142654
 21
5.956802
 31
0.0
  0
LINE
  8
0
  6
CONTINUOUS
 10
203.142654
 20
5.956802
 30
0.0
 11
203.139900
 21
5.961894
 31
0.0
  0
LINE
  8
0
  6
CONTINUOUS
 10
203.139900
 20
5.961894
 30
0.0
 11
203.137166
 21
5.966760
 31
0.0
  0
LINE
  8
0
  6
CONTINUOUS
 10
203.137166
 20
5.966760
 30
0.0
 11
203.134460
 21
5.971387
 31
0.0
  0
LINE
  8
0
  6
CONTINUOUS
 10
203.134460
 20
5.971387
 30
0.0
 11
203.131793
 21
5.975760
 31
0.0
  0
LINE
  8
0
  6
CONTINUOUS
 10
203.131793
 20
5.975760
 30
0.0
 11
203.129172
 21
5.979865
 31
0.0
  0
LINE
  8
0
  6
CONTINUOUS
 10
203.129172
 20
5.979865
 30
0.0
 11
203.126606
 21
5.983687
 31
0.0
  0
LINE
  8
0
  6
CONTINUOUS
 10
203.126606
 20
5.983687
 30
0.0
 11
203.124105
 21
5.987213
 31
0.0
  0
LINE
  8
0
  6
CONTINUOUS
 10
203.124105
 20
5.987213
 30
0.0
 11
203.121677
 21
5.990428
 31
0.0
  0
LINE
  8
0
  6
CONTINUOUS
 10
203.121677
 20
5.990428
 30
0.0
 11
203.119330
 21
5.993319
 31
0.0
  0
LINE
  8
0
  6
CONTINUOUS
 10
203.119330
 20
5.993319
 30
0.0
 11
203.117075
 21
5.995870
 31
0.0
  0
LINE
  8
0
  6
CONTINUOUS
 10
203.117075
 20
5.995870
 30
0.0
 11
203.114920
 21
5.998067
 31
0.0
  0
LINE
  8
0
  6
CONTINUOUS
 10
203.114920
 20
5.998067
 30
0.0
 11
203.112873
 21
5.999897
 31
0.0
  0
LINE
  8
0
  6
CONTINUOUS
 10
203.112873
 20
5.999897
 30
0.0
 11
203.110943
 21
6.001344
 31
0.0
  0
LINE
  8
0
  6
CONTINUOUS
 10
203.110943
 20
6.001344
 30
0.0
 11
203.109140
 21
6.002396
 31
0.0
  0
LINE
  8
0
  6
CONTINUOUS
 10
203.109140
 20
6.002396
 30
0.0
 11
203.107472
 21
6.003038
 31
0.0
  0
LINE
  8
0
  6
CONTINUOUS
 10
203.107472
 20
6.003038
 30
0.0
 11
203.105948
 21
6.003255
 31
0.0
  0
LINE
  8
0
  6
CONTINUOUS
 10
203.105948
 20
6.003255
 30
0.0
 11
203.099851
 21
6.001662
 31
0.0
  0
LINE
  8
0
  6
CONTINUOUS
 10
203.099851
 20
6.001662
 30
0.0
 11
203.087519
 21
5.997060
 31
0.0
  0
LINE
  8
0
  6
CONTINUOUS
 10
203.087519
 20
5.997060
 30
0.0
 11
203.069521
 21
5.989712
 31
0.0
  0
LINE
  8
0
  6
CONTINUOUS
 10
203.069521
 20
5.989712
 30
0.0
 11
203.046421
 21
5.979882
 31
0.0
  0
LINE
  8
0
  6
CONTINUOUS
 10
203.046421
 20
5.979882
 30
0.0
 11
203.018791
 21
5.967836
 31
0.0
  0
LINE
  8
0
  6
CONTINUOUS
 10
203.018791
 20
5.967836
 30
0.0
 11
202.987194
 21
5.953835
 31
0.0
  0
LINE
  8
0
  6
CONTINUOUS
 10
202.987194
 20
5.953835
 30
0.0
 11
202.952200
 21
5.938145
 31
0.0
  0
LINE
  8
0
  6
CONTINUOUS
 10
202.952200
 20
5.938145
 30
0.0
 11
202.914376
 21
5.921030
 31
0.0
  0
LINE
  8
0
  6
CONTINUOUS
 10
202.914376
 20
5.921030
 30
0.0
 11
202.874289
 21
5.902754
 31
0.0
  0
LINE
  8
0
  6
CONTINUOUS
 10
202.874289
 20
5.902754
 30
0.0
 11
202.832507
 21
5.883580
 31
0.0
  0
LINE
  8
0
  6
CONTINUOUS
 10
202.832507
 20
5.883580
 30
0.0
 11
202.789596
 21
5.863773
 31
0.0
  0
LINE
  8
0
  6
CONTINUOUS
 10
202.789596
 20
5.863773
 30
0.0
 11
202.746125
 21
5.843597
 31
0.0
  0
LINE
  8
0
  6
CONTINUOUS
 10
202.746125
 20
5.843597
 30
0.0
 11
202.702660
 21
5.823315
 31
0.0
  0
LINE
  8
0
  6
CONTINUOUS
 10
202.702660
 20
5.823315
 30
0.0
 11
202.659769
 21
5.803193
 31
0.0
  0
LINE
  8
0
  6
CONTINUOUS
 10
202.659769
 20
5.803193
 30
0.0
 11
202.618020
 21
5.783494
 31
0.0
  0
LINE
  8
0
  6
CONTINUOUS
 10
202.618020
 20
5.783494
 30
0.0
 11
202.577980
 21
5.764481
 31
0.0
  0
LINE
  8
0
  6
CONTINUOUS
 10
202.577980
 20
5.764481
 30
0.0
 11
202.540216
 21
5.746420
 31
0.0
  0
LINE
  8
0
  6
CONTINUOUS
 10
202.540216
 20
5.746420
 30
0.0
 11
202.505295
 21
5.729574
 31
0.0
  0
LINE
  8
0
  6
CONTINUOUS
 10
202.505295
 20
5.729574
 30
0.0
 11
202.473785
 21
5.714207
 31
0.0
  0
LINE
  8
0
  6
CONTINUOUS
 10
202.473785
 20
5.714207
 30
0.0
 11
202.446254
 21
5.700583
 31
0.0
  0
LINE
  8
0
  6
CONTINUOUS
 10
202.446254
 20
5.700583
 30
0.0
 11
202.423268
 21
5.688966
 31
0.0
  0
LINE
  8
0
  6
CONTINUOUS
 10
202.423268
 20
5.688966
 30
0.0
 11
202.405396
 21
5.679620
 31
0.0
  0
LINE
  8
0
  6
CONTINUOUS
 10
202.405396
 20
5.679620
 30
0.0
 11
202.393203
 21
5.672810
 31
0.0
  0
LINE
  8
0
  6
CONTINUOUS
 10
202.393203
 20
5.672810
 30
0.0
 11
202.387260
 21
5.668800
 31
0.0
  0
LINE
  8
0
  6
CONTINUOUS
 10
202.387260
 20
5.668800
 30
0.0
 11
202.385040
 21
5.664482
 31
0.0
  0
LINE
  8
0
  6
CONTINUOUS
 10
202.385040
 20
5.664482
 30
0.0
 11
202.384177
 21
5.657265
 31
0.0
  0
LINE
  8
0
  6
CONTINUOUS
 10
202.384177
 20
5.657265
 30
0.0
 11
202.384598
 21
5.647355
 31
0.0
  0
LINE
  8
0
  6
CONTINUOUS
 10
202.384598
 20
5.647355
 30
0.0
 11
202.386230
 21
5.634953
 31
0.0
  0
LINE
  8
0
  6
CONTINUOUS
 10
202.386230
 20
5.634953
 30
0.0
 11
202.389002
 21
5.620265
 31
0.0
  0
LINE
  8
0
  6
CONTINUOUS
 10
202.389002
 20
5.620265
 30
0.0
 11
202.392840
 21
5.603492
 31
0.0
  0
LINE
  8
0
  6
CONTINUOUS
 10
202.392840
 20
5.603492
 30
0.0
 11
202.397672
 21
5.584840
 31
0.0
  0
LINE
  8
0
  6
CONTINUOUS
 10
202.397672
 20
5.584840
 30
0.0
 11
202.403426
 21
5.564510
 31
0.0
  0
LINE
  8
0
  6
CONTINUOUS
 10
202.403426
 20
5.564510
 30
0.0
 11
202.410031
 21
5.542709
 31
0.0
  0
LINE
  8
0
  6
CONTINUOUS
 10
202.410031
 20
5.542709
 30
0.0
 11
202.417412
 21
5.519637
 31
0.0
  0
LINE
  8
0
  6
CONTINUOUS
 10
202.417412
 20
5.519637
 30
0.0
 11
202.425499
 21
5.495500
 31
0.0
  0
LINE
  8
0
  6
CONTINUOUS
 10
202.425499
 20
5.495500
 30
0.0
 11
202.434218
 21
5.470501
 31
0.0
  0
LINE
  8
0
  6
CONTINUOUS
 10
202.434218
 20
5.470501
 30
0.0
 11
202.443498
 21
5.444843
 31
0.0
  0
LINE
  8
0
  6
CONTINUOUS
 10
202.443498
 20
5.444843
 30
0.0
 11
202.453266
 21
5.418730
 31
0.0
  0
LINE
  8
0
  6
CONTINUOUS
 10
202.453266
 20
5.418730
 30
0.0
 11
202.463449
 21
5.392366
 31
0.0
  0
LINE
  8
0
  6
CONTINUOUS
 10
202.463449
 20
5.392366
 30
0.0
 11
202.473976
 21
5.365953
 31
0.0
  0
LINE
  8
0
  6
CONTINUOUS
 10
202.473976
 20
5.365953
 30
0.0
 11
202.484775
 21
5.339696
 31
0.0
  0
LINE
  8
0
  6
CONTINUOUS
 10
202.484775
 20
5.339696
 30
0.0
 11
202.495772
 21
5.313798
 31
0.0
  0
LINE
  8
0
  6
CONTINUOUS
 10
202.495772
 20
5.313798
 30
0.0
 11
202.506895
 21
5.288463
 31
0.0
  0
LINE
  8
0
  6
CONTINUOUS
 10
202.506895
 20
5.288463
 30
0.0
 11
202.518072
 21
5.263895
 31
0.0
  0
LINE
  8
0
  6
CONTINUOUS
 10
202.518072
 20
5.263895
 30
0.0
 11
202.529231
 21
5.240296
 31
0.0
  0
LINE
  8
0
  6
CONTINUOUS
 10
202.529231
 20
5.240296
 30
0.0
 11
202.540299
 21
5.217871
 31
0.0
  0
LINE
  8
0
  6
CONTINUOUS
 10
202.540299
 20
5.217871
 30
0.0
 11
202.551205
 21
5.196824
 31
0.0
  0
LINE
  8
0
  6
CONTINUOUS
 10
202.551205
 20
5.196824
 30
0.0
 11
202.561876
 21
5.177356
 31
0.0
  0
LINE
  8
0
  6
CONTINUOUS
 10
202.561876
 20
5.177356
 30
0.0
 11
202.592962
 21
5.124645
 31
0.0
  0
LINE
  8
0
  6
CONTINUOUS
 10
202.592962
 20
5.124645
 30
0.0
 11
202.625681
 21
5.073515
 31
0.0
  0
LINE
  8
0
  6
CONTINUOUS
 10
202.625681
 20
5.073515
 30
0.0
 11
202.660033
 21
5.023967
 31
0.0
  0
LINE
  8
0
  6
CONTINUOUS
 10
202.660033
 20
5.023967
 30
0.0
 11
202.696018
 21
4.976000
 31
0.0
  0
LINE
  8
0
  6
CONTINUOUS
 10
202.696018
 20
4.976000
 30
0.0
 11
202.733635
 21
4.929614
 31
0.0
  0
LINE
  8
0
  6
CONTINUOUS
 10
202.733635
 20
4.929614
 30
0.0
 11
202.772882
 21
4.884812
 31
0.0
  0
LINE
  8
0
  6
CONTINUOUS
 10
202.772882
 20
4.884812
 30
0.0
 11
202.813760
 21
4.841591
 31
0.0
  0
LINE
  8
0
  6
CONTINUOUS
 10
202.813760
 20
4.841591
 30
0.0
 11
202.856268
 21
4.799954
 31
0.0
  0
LINE
  8
0
  6
CONTINUOUS
 10
202.856268
 20
4.799954
 30
0.0
 11
202.900405
 21
4.759900
 31
0.0
  0
LINE
  8
0
  6
CONTINUOUS
 10
202.900405
 20
4.759900
 30
0.0
 11
202.946171
 21
4.721430
 31
0.0
  0
LINE
  8
0
  6
CONTINUOUS
 10
202.946171
 20
4.721430
 30
0.0
 11
202.993566
 21
4.684544
 31
0.0
  0
LINE
  8
0
  6
CONTINUOUS
 10
202.993566
 20
4.684544
 30
0.0
 11
203.042588
 21
4.649243
 31
0.0
  0
LINE
  8
0
  6
CONTINUOUS
 10
203.042588
 20
4.649243
 30
0.0
 11
203.093239
 21
4.615527
 31
0.0
  0
LINE
  8
0
  6
CONTINUOUS
 10
203.093239
 20
4.615527
 30
0.0
 11
203.145515
 21
4.583395
 31
0.0
  0
LINE
  8
0
  6
CONTINUOUS
 10
203.145515
 20
4.583395
 30
0.0
 11
203.199419
 21
4.552850
 31
0.0
  0
LINE
  8
0
  6
CONTINUOUS
 10
203.199419
 20
4.552850
 30
0.0
 11
203.254947
 21
4.523891
 31
0.0
  0
LINE
  8
0
  6
CONTINUOUS
 10
203.254947
 20
4.523891
 30
0.0
 11
203.312101
 21
4.496518
 31
0.0
  0
LINE
  8
0
  6
CONTINUOUS
 10
203.312101
 20
4.496518
 30
0.0
 11
203.370880
 21
4.470731
 31
0.0
  0
LINE
  8
0
  6
CONTINUOUS
 10
203.370880
 20
4.470731
 30
0.0
 11
203.431282
 21
4.446533
 31
0.0
  0
LINE
  8
0
  6
CONTINUOUS
 10
203.431282
 20
4.446533
 30
0.0
 11
203.493308
 21
4.423922
 31
0.0
  0
LINE
  8
0
  6
CONTINUOUS
 10
203.493308
 20
4.423922
 30
0.0
 11
203.556958
 21
4.402898
 31
0.0
  0
LINE
  8
0
  6
CONTINUOUS
 10
203.556958
 20
4.402898
 30
0.0
 11
203.622230
 21
4.383462
 31
0.0
  0
LINE
  8
0
  6
CONTINUOUS
 10
203.622230
 20
4.383462
 30
0.0
 11
203.689123
 21
4.365616
 31
0.0
  0
LINE
  8
0
  6
CONTINUOUS
 10
203.689123
 20
4.365616
 30
0.0
 11
203.757638
 21
4.349358
 31
0.0
  0
LINE
  8
0
  6
CONTINUOUS
 10
203.757638
 20
4.349358
 30
0.0
 11
203.792348
 21
4.342516
 31
0.0
  0
LINE
  8
0
  6
CONTINUOUS
 10
203.792348
 20
4.342516
 30
0.0
 11
203.831515
 21
4.336412
 31
0.0
  0
LINE
  8
0
  6
CONTINUOUS
 10
203.831515
 20
4.336412
 30
0.0
 11
203.874729
 21
4.331038
 31
0.0
  0
LINE
  8
0
  6
CONTINUOUS
 10
203.874729
 20
4.331038
 30
0.0
 11
203.921582
 21
4.326388
 31
0.0
  0
LINE
  8
0
  6
CONTINUOUS
 10
203.921582
 20
4.326388
 30
0.0
 11
203.971664
 21
4.322452
 31
0.0
  0
LINE
  8
0
  6
CONTINUOUS
 10
203.971664
 20
4.322452
 30
0.0
 11
204.024563
 21
4.319224
 31
0.0
  0
LINE
  8
0
  6
CONTINUOUS
 10
204.024563
 20
4.319224
 30
0.0
 11
204.079872
 21
4.316695
 31
0.0
  0
LINE
  8
0
  6
CONTINUOUS
 10
204.079872
 20
4.316695
 30
0.0
 11
204.137178
 21
4.314856
 31
0.0
  0
LINE
  8
0
  6
CONTINUOUS
 10
204.137178
 20
4.314856
 30
0.0
 11
204.196075
 21
4.313701
 31
0.0
  0
LINE
  8
0
  6
CONTINUOUS
 10
204.196075
 20
4.313701
 30
0.0
 11
204.256151
 21
4.313222
 31
0.0
  0
LINE
  8
0
  6
CONTINUOUS
 10
204.256151
 20
4.313222
 30
0.0
 11
204.316997
 21
4.313411
 31
0.0
  0
LINE
  8
0
  6
CONTINUOUS
 10
204.316997
 20
4.313411
 30
0.0
 11
204.378203
 21
4.314259
 31
0.0
  0
LINE
  8
0
  6
CONTINUOUS
 10
204.378203
 20
4.314259
 30
0.0
 11
204.439360
 21
4.315760
 31
0.0
  0
LINE
  8
0
  6
CONTINUOUS
 10
204.439360
 20
4.315760
 30
0.0
 11
204.500056
 21
4.317905
 31
0.0
  0
LINE
  8
0
  6
CONTINUOUS
 10
204.500056
 20
4.317905
 30
0.0
 11
204.559883
 21
4.320685
 31
0.0
  0
LINE
  8
0
  6
CONTINUOUS
 10
204.559883
 20
4.320685
 30
0.0
 11
204.618432
 21
4.324095
 31
0.0
  0
LINE
  8
0
  6
CONTINUOUS
 10
204.618432
 20
4.324095
 30
0.0
 11
204.675292
 21
4.328125
 31
0.0
  0
LINE
  8
0
  6
CONTINUOUS
 10
204.675292
 20
4.328125
 30
0.0
 11
204.730053
 21
4.332767
 31
0.0
  0
LINE
  8
0
  6
CONTINUOUS
 10
204.730053
 20
4.332767
 30
0.0
 11
204.782306
 21
4.338015
 31
0.0
  0
LINE
  8
0
  6
CONTINUOUS
 10
204.782306
 20
4.338015
 30
0.0
 11
204.831642
 21
4.343858
 31
0.0
  0
LINE
  8
0
  6
CONTINUOUS
 10
204.831642
 20
4.343858
 30
0.0
 11
204.877650
 21
4.350292
 31
0.0
  0
LINE
  8
0
  6
CONTINUOUS
 10
204.877650
 20
4.350292
 30
0.0
 11
204.919920
 21
4.357306
 31
0.0
  0
LINE
  8
0
  6
CONTINUOUS
 10
204.919920
 20
4.357306
 30
0.0
 11
204.958043
 21
4.364894
 31
0.0
  0
LINE
  8
0
  6
CONTINUOUS
 10
204.958043
 20
4.364894
 30
0.0
 11
204.991609
 21
4.373047
 31
0.0
  0
LINE
  8
0
  6
CONTINUOUS
 10
212.148409
 20
4.291573
 30
0.0
 11
212.099873
 21
4.302944
 31
0.0
  0
LINE
  8
0
  6
CONTINUOUS
 10
212.099873
 20
4.302944
 30
0.0
 11
212.051785
 21
4.315922
 31
0.0
  0
LINE
  8
0
  6
CONTINUOUS
 10
212.051785
 20
4.315922
 30
0.0
 11
212.004187
 21
4.330479
 31
0.0
  0
LINE
  8
0
  6
CONTINUOUS
 10
212.004187
 20
4.330479
 30
0.0
 11
211.957120
 21
4.346587
 31
0.0
  0
LINE
  8
0
  6
CONTINUOUS
 10
211.957120
 20
4.346587
 30
0.0
 11
211.910628
 21
4.364216
 31
0.0
  0
LINE
  8
0
  6
CONTINUOUS
 10
211.910628
 20
4.364216
 30
0.0
 11
211.864753
 21
4.383337
 31
0.0
  0
LINE
  8
0
  6
CONTINUOUS
 10
211.864753
 20
4.383337
 30
0.0
 11
211.819536
 21
4.403920
 31
0.0
  0
LINE
  8
0
  6
CONTINUOUS
 10
211.819536
 20
4.403920
 30
0.0
 11
211.775022
 21
4.425937
 31
0.0
  0
LINE
  8
0
  6
CONTINUOUS
 10
211.775022
 20
4.425937
 30
0.0
 11
211.731251
 21
4.449358
 31
0.0
  0
LINE
  8
0
  6
CONTINUOUS
 10
211.731251
 20
4.449358
 30
0.0
 11
211.688267
 21
4.474154
 31
0.0
  0
LINE
  8
0
  6
CONTINUOUS
 10
211.688267
 20
4.474154
 30
0.0
 11
211.646111
 21
4.500296
 31
0.0
  0
LINE
  8
0
  6
CONTINUOUS
 10
211.646111
 20
4.500296
 30
0.0
 11
211.604827
 21
4.527754
 31
0.0
  0
LINE
  8
0
  6
CONTINUOUS
 10
211.604827
 20
4.527754
 30
0.0
 11
211.564458
 21
4.556500
 31
0.0
  0
LINE
  8
0
  6
CONTINUOUS
 10
211.564458
 20
4.556500
 30
0.0
 11
211.525043
 21
4.586503
 31
0.0
  0
LINE
  8
0
  6
CONTINUOUS
 10
211.525043
 20
4.586503
 30
0.0
 11
211.486628
 21
4.617736
 31
0.0
  0
LINE
  8
0
  6
CONTINUOUS
 10
211.486628
 20
4.617736
 30
0.0
 11
211.449253
 21
4.650169
 31
0.0
  0
LINE
  8
0
  6
CONTINUOUS
 10
211.449253
 20
4.650169
 30
0.0
 11
211.412962
 21
4.683772
 31
0.0
  0
LINE
  8
0
  6
CONTINUOUS
 10
211.412962
 20
4.683772
 30
0.0
 11
211.377797
 21
4.718517
 31
0.0
  0
LINE
  8
0
  6
CONTINUOUS
 10
211.377797
 20
4.718517
 30
0.0
 11
211.343800
 21
4.754374
 31
0.0
  0
LINE
  8
0
  6
CONTINUOUS
 10
211.343800
 20
4.754374
 30
0.0
 11
211.311013
 21
4.791314
 31
0.0
  0
LINE
  8
0
  6
CONTINUOUS
 10
211.311013
 20
4.791314
 30
0.0
 11
211.279479
 21
4.829308
 31
0.0
  0
LINE
  8
0
  6
CONTINUOUS
 10
211.279479
 20
4.829308
 30
0.0
 11
211.249241
 21
4.868326
 31
0.0
  0
LINE
  8
0
  6
CONTINUOUS
 10
211.249241
 20
4.868326
 30
0.0
 11
211.220341
 21
4.908340
 31
0.0
  0
LINE
  8
0
  6
CONTINUOUS
 10
211.220341
 20
4.908340
 30
0.0
 11
211.192821
 21
4.949320
 31
0.0
  0
LINE
  8
0
  6
CONTINUOUS
 10
211.192821
 20
4.949320
 30
0.0
 11
211.185318
 21
4.961005
 31
0.0
  0
LINE
  8
0
  6
CONTINUOUS
 10
211.185318
 20
4.961005
 30
0.0
 11
211.177946
 21
4.972654
 31
0.0
  0
LINE
  8
0
  6
CONTINUOUS
 10
211.177946
 20
4.972654
 30
0.0
 11
211.170722
 21
4.984236
 31
0.0
  0
LINE
  8
0
  6
CONTINUOUS
 10
211.170722
 20
4.984236
 30
0.0
 11
211.163663
 21
4.995720
 31
0.0
  0
LINE
  8
0
  6
CONTINUOUS
 10
211.163663
 20
4.995720
 30
0.0
 11
211.156785
 21
5.007075
 31
0.0
  0
LINE
  8
0
  6
CONTINUOUS
 10
211.156785
 20
5.007075
 30
0.0
 11
211.150105
 21
5.018267
 31
0.0
  0
LINE
  8
0
  6
CONTINUOUS
 10
211.150105
 20
5.018267
 30
0.0
 11
211.143640
 21
5.029267
 31
0.0
  0
LINE
  8
0
  6
CONTINUOUS
 10
211.143640
 20
5.029267
 30
0.0
 11
211.137408
 21
5.040044
 31
0.0
  0
LINE
  8
0
  6
CONTINUOUS
 10
211.137408
 20
5.040044
 30
0.0
 11
211.131423
 21
5.050564
 31
0.0
  0
LINE
  8
0
  6
CONTINUOUS
 10
211.131423
 20
5.050564
 30
0.0
 11
211.125703
 21
5.060797
 31
0.0
  0
LINE
  8
0
  6
CONTINUOUS
 10
211.125703
 20
5.060797
 30
0.0
 11
211.120265
 21
5.070712
 31
0.0
  0
LINE
  8
0
  6
CONTINUOUS
 10
211.120265
 20
5.070712
 30
0.0
 11
211.115125
 21
5.080276
 31
0.0
  0
LINE
  8
0
  6
CONTINUOUS
 10
211.115125
 20
5.080276
 30
0.0
 11
211.110300
 21
5.089460
 31
0.0
  0
LINE
  8
0
  6
CONTINUOUS
 10
211.110300
 20
5.089460
 30
0.0
 11
211.105808
 21
5.098230
 31
0.0
  0
LINE
  8
0
  6
CONTINUOUS
 10
211.105808
 20
5.098230
 30
0.0
 11
211.101664
 21
5.106557
 31
0.0
  0
LINE
  8
0
  6
CONTINUOUS
 10
211.101664
 20
5.106557
 30
0.0
 11
211.097884
 21
5.114408
 31
0.0
  0
LINE
  8
0
  6
CONTINUOUS
 10
211.097884
 20
5.114408
 30
0.0
 11
211.094488
 21
5.121751
 31
0.0
  0
LINE
  8
0
  6
CONTINUOUS
 10
211.094488
 20
5.121751
 30
0.0
 11
211.091490
 21
5.128556
 31
0.0
  0
LINE
  8
0
  6
CONTINUOUS
 10
211.091490
 20
5.128556
 30
0.0
 11
211.088907
 21
5.134791
 31
0.0
  0
LINE
  8
0
  6
CONTINUOUS
 10
211.088907
 20
5.134791
 30
0.0
 11
211.086756
 21
5.140424
 31
0.0
  0
LINE
  8
0
  6
CONTINUOUS
 10
211.086756
 20
5.140424
 30
0.0
 11
211.085054
 21
5.145425
 31
0.0
  0
LINE
  8
0
  6
CONTINUOUS
 10
211.085054
 20
5.145425
 30
0.0
 11
211.083818
 21
5.149761
 31
0.0
  0
LINE
  8
0
  6
CONTINUOUS
 10
211.083818
 20
5.149761
 30
0.0
 11
211.083064
 21
5.153400
 31
0.0
  0
LINE
  8
0
  6
CONTINUOUS
 10
211.083064
 20
5.153400
 30
0.0
 11
211.082809
 21
5.156314
 31
0.0
  0
LINE
  8
0
  6
CONTINUOUS
 10
211.082809
 20
5.156314
 30
0.0
 11
211.086428
 21
5.163059
 31
0.0
  0
LINE
  8
0
  6
CONTINUOUS
 10
211.086428
 20
5.163059
 30
0.0
 11
211.096894
 21
5.173277
 31
0.0
  0
LINE
  8
0
  6
CONTINUOUS
 10
211.096894
 20
5.173277
 30
0.0
 11
211.113614
 21
5.186632
 31
0.0
  0
LINE
  8
0
  6
CONTINUOUS
 10
211.113614
 20
5.186632
 30
0.0
 11
211.136001
 21
5.202790
 31
0.0
  0
LINE
  8
0
  6
CONTINUOUS
 10
211.136001
 20
5.202790
 30
0.0
 11
211.163466
 21
5.221418
 31
0.0
  0
LINE
  8
0
  6
CONTINUOUS
 10
211.163466
 20
5.221418
 30
0.0
 11
211.195417
 21
5.242180
 31
0.0
  0
LINE
  8
0
  6
CONTINUOUS
 10
211.195417
 20
5.242180
 30
0.0
 11
211.231266
 21
5.264744
 31
0.0
  0
LINE
  8
0
  6
CONTINUOUS
 10
211.231266
 20
5.264744
 30
0.0
 11
211.270423
 21
5.288774
 31
0.0
  0
LINE
  8
0
  6
CONTINUOUS
 10
211.270423
 20
5.288774
 30
0.0
 11
211.312299
 21
5.313937
 31
0.0
  0
LINE
  8
0
  6
CONTINUOUS
 10
211.312299
 20
5.313937
 30
0.0
 11
211.356303
 21
5.339898
 31
0.0
  0
LINE
  8
0
  6
CONTINUOUS
 10
211.356303
 20
5.339898
 30
0.0
 11
211.401848
 21
5.366324
 31
0.0
  0
LINE
  8
0
  6
CONTINUOUS
 10
211.401848
 20
5.366324
 30
0.0
 11
211.448341
 21
5.392880
 31
0.0
  0
LINE
  8
0
  6
CONTINUOUS
 10
211.448341
 20
5.392880
 30
0.0
 11
211.495194
 21
5.419231
 31
0.0
  0
LINE
  8
0
  6
CONTINUOUS
 10
211.495194
 20
5.419231
 30
0.0
 11
211.541818
 21
5.445044
 31
0.0
  0
LINE
  8
0
  6
CONTINUOUS
 10
211.541818
 20
5.445044
 30
0.0
 11
211.587624
 21
5.469985
 31
0.0
  0
LINE
  8
0
  6
CONTINUOUS
 10
211.587624
 20
5.469985
 30
0.0
 11
211.632020
 21
5.493719
 31
0.0
  0
LINE
  8
0
  6
CONTINUOUS
 10
211.632020
 20
5.493719
 30
0.0
 11
211.674418
 21
5.515913
 31
0.0
  0
LINE
  8
0
  6
CONTINUOUS
 10
211.674418
 20
5.515913
 30
0.0
 11
211.714228
 21
5.536232
 31
0.0
  0
LINE
  8
0
  6
CONTINUOUS
 10
211.714228
 20
5.536232
 30
0.0
 11
211.750861
 21
5.554340
 31
0.0
  0
LINE
  8
0
  6
CONTINUOUS
 10
211.750861
 20
5.554340
 30
0.0
 11
211.783727
 21
5.569907
 31
0.0
  0
LINE
  8
0
  6
CONTINUOUS
 10
211.783727
 20
5.569907
 30
0.0
 11
211.812236
 21
5.582595
 31
0.0
  0
LINE
  8
0
  6
CONTINUOUS
 10
211.812236
 20
5.582595
 30
0.0
 11
211.835799
 21
5.592073
 31
0.0
  0
LINE
  8
0
  6
CONTINUOUS
 10
211.835799
 20
5.592073
 30
0.0
 11
211.853826
 21
5.598004
 31
0.0
  0
LINE
  8
0
  6
CONTINUOUS
 10
211.853826
 20
5.598004
 30
0.0
 11
211.865728
 21
5.600055
 31
0.0
  0
LINE
  8
0
  6
CONTINUOUS
 10
211.865728
 20
5.600055
 30
0.0
 11
211.868592
 21
5.599811
 31
0.0
  0
LINE
  8
0
  6
CONTINUOUS
 10
211.868592
 20
5.599811
 30
0.0
 11
211.871581
 21
5.599090
 31
0.0
  0
LINE
  8
0
  6
CONTINUOUS
 10
211.871581
 20
5.599090
 30
0.0
 11
211.874682
 21
5.597909
 31
0.0
  0
LINE
  8
0
  6
CONTINUOUS
 10
211.874682
 20
5.597909
 30
0.0
 11
211.877882
 21
5.596281
 31
0.0
  0
LINE
  8
0
  6
CONTINUOUS
 10
211.877882
 20
5.596281
 30
0.0
 11
211.881172
 21
5.594225
 31
0.0
  0
LINE
  8
0
  6
CONTINUOUS
 10
211.881172
 20
5.594225
 30
0.0
 11
211.884536
 21
5.591755
 31
0.0
  0
LINE
  8
0
  6
CONTINUOUS
 10
211.884536
 20
5.591755
 30
0.0
 11
211.887965
 21
5.588889
 31
0.0
  0
LINE
  8
0
  6
CONTINUOUS
 10
211.887965
 20
5.588889
 30
0.0
 11
211.891446
 21
5.585641
 31
0.0
  0
LINE
  8
0
  6
CONTINUOUS
 10
211.891446
 20
5.585641
 30
0.0
 11
211.894967
 21
5.582027
 31
0.0
  0
LINE
  8
0
  6
CONTINUOUS
 10
211.894967
 20
5.582027
 30
0.0
 11
211.898516
 21
5.578065
 31
0.0
  0
LINE
  8
0
  6
CONTINUOUS
 10
211.898516
 20
5.578065
 30
0.0
 11
211.902082
 21
5.573770
 31
0.0
  0
LINE
  8
0
  6
CONTINUOUS
 10
211.902082
 20
5.573770
 30
0.0
 11
211.905652
 21
5.569156
 31
0.0
  0
LINE
  8
0
  6
CONTINUOUS
 10
211.905652
 20
5.569156
 30
0.0
 11
211.909215
 21
5.564242
 31
0.0
  0
LINE
  8
0
  6
CONTINUOUS
 10
211.909215
 20
5.564242
 30
0.0
 11
211.912757
 21
5.559043
 31
0.0
  0
LINE
  8
0
  6
CONTINUOUS
 10
211.912757
 20
5.559043
 30
0.0
 11
211.916269
 21
5.553574
 31
0.0
  0
LINE
  8
0
  6
CONTINUOUS
 10
211.916269
 20
5.553574
 30
0.0
 11
211.919737
 21
5.547851
 31
0.0
  0
LINE
  8
0
  6
CONTINUOUS
 10
211.919737
 20
5.547851
 30
0.0
 11
211.923148
 21
5.541892
 31
0.0
  0
LINE
  8
0
  6
CONTINUOUS
 10
211.923148
 20
5.541892
 30
0.0
 11
211.926493
 21
5.535710
 31
0.0
  0
LINE
  8
0
  6
CONTINUOUS
 10
211.926493
 20
5.535710
 30
0.0
 11
211.929758
 21
5.529324
 31
0.0
  0
LINE
  8
0
  6
CONTINUOUS
 10
211.929758
 20
5.529324
 30
0.0
 11
211.932931
 21
5.522748
 31
0.0
  0
LINE
  8
0
  6
CONTINUOUS
 10
211.932931
 20
5.522748
 30
0.0
 11
211.936002
 21
5.515999
 31
0.0
  0
LINE
  8
0
  6
CONTINUOUS
 10
211.936002
 20
5.515999
 30
0.0
 11
211.938957
 21
5.509091
 31
0.0
  0
LINE
  8
0
  6
CONTINUOUS
 10
211.938957
 20
5.509091
 30
0.0
 11
211.941785
 21
5.502042
 31
0.0
  0
LINE
  8
0
  6
CONTINUOUS
 10
211.941785
 20
5.502042
 30
0.0
 11
211.944474
 21
5.494868
 31
0.0
  0
LINE
  8
0
  6
CONTINUOUS
 10
211.944474
 20
5.494868
 30
0.0
 11
211.952016
 21
5.475688
 31
0.0
  0
LINE
  8
0
  6
CONTINUOUS
 10
211.952016
 20
5.475688
 30
0.0
 11
211.960854
 21
5.456204
 31
0.0
  0
LINE
  8
0
  6
CONTINUOUS
 10
211.960854
 20
5.456204
 30
0.0
 11
211.970922
 21
5.436484
 31
0.0
  0
LINE
  8
0
  6
CONTINUOUS
 10
211.970922
 20
5.436484
 30
0.0
 11
211.982156
 21
5.416591
 31
0.0
  0
LINE
  8
0
  6
CONTINUOUS
 10
211.982156
 20
5.416591
 30
0.0
 11
211.994491
 21
5.396592
 31
0.0
  0
LINE
  8
0
  6
CONTINUOUS
 10
211.994491
 20
5.396592
 30
0.0
 11
212.007860
 21
5.376553
 31
0.0
  0
LINE
  8
0
  6
CONTINUOUS
 10
212.007860
 20
5.376553
 30
0.0
 11
212.022201
 21
5.356539
 31
0.0
  0
LINE
  8
0
  6
CONTINUOUS
 10
212.022201
 20
5.356539
 30
0.0
 11
212.037447
 21
5.336616
 31
0.0
  0
LINE
  8
0
  6
CONTINUOUS
 10
212.037447
 20
5.336616
 30
0.0
 11
212.053533
 21
5.316849
 31
0.0
  0
LINE
  8
0
  6
CONTINUOUS
 10
212.053533
 20
5.316849
 30
0.0
 11
212.070395
 21
5.297305
 31
0.0
  0
LINE
  8
0
  6
CONTINUOUS
 10
212.070395
 20
5.297305
 30
0.0
 11
212.087967
 21
5.278049
 31
0.0
  0
LINE
  8
0
  6
CONTINUOUS
 10
212.087967
 20
5.278049
 30
0.0
 11
212.106186
 21
5.259145
 31
0.0
  0
LINE
  8
0
  6
CONTINUOUS
 10
212.106186
 20
5.259145
 30
0.0
 11
212.124984
 21
5.240661
 31
0.0
  0
LINE
  8
0
  6
CONTINUOUS
 10
212.124984
 20
5.240661
 30
0.0
 11
212.144299
 21
5.222661
 31
0.0
  0
LINE
  8
0
  6
CONTINUOUS
 10
212.144299
 20
5.222661
 30
0.0
 11
212.164064
 21
5.205211
 31
0.0
  0
LINE
  8
0
  6
CONTINUOUS
 10
212.164064
 20
5.205211
 30
0.0
 11
212.184215
 21
5.188377
 31
0.0
  0
LINE
  8
0
  6
CONTINUOUS
 10
212.184215
 20
5.188377
 30
0.0
 11
212.204687
 21
5.172225
 31
0.0
  0
LINE
  8
0
  6
CONTINUOUS
 10
212.204687
 20
5.172225
 30
0.0
 11
212.225414
 21
5.156820
 31
0.0
  0
LINE
  8
0
  6
CONTINUOUS
 10
212.225414
 20
5.156820
 30
0.0
 11
212.246332
 21
5.142228
 31
0.0
  0
LINE
  8
0
  6
CONTINUOUS
 10
212.246332
 20
5.142228
 30
0.0
 11
212.267376
 21
5.128514
 31
0.0
  0
LINE
  8
0
  6
CONTINUOUS
 10
212.267376
 20
5.128514
 30
0.0
 11
212.288481
 21
5.115744
 31
0.0
  0
LINE
  8
0
  6
CONTINUOUS
 10
212.288481
 20
5.115744
 30
0.0
 11
212.309581
 21
5.103984
 31
0.0
  0
LINE
  8
0
  6
CONTINUOUS
 10
212.309581
 20
5.103984
 30
0.0
 11
212.330613
 21
5.093299
 31
0.0
  0
LINE
  8
0
  6
CONTINUOUS
 10
212.330613
 20
5.093299
 30
0.0
 11
212.351510
 21
5.083756
 31
0.0
  0
LINE
  8
0
  6
CONTINUOUS
 10
212.351510
 20
5.083756
 30
0.0
 11
212.415023
 21
5.058727
 31
0.0
  0
LINE
  8
0
  6
CONTINUOUS
 10
212.415023
 20
5.058727
 30
0.0
 11
212.478808
 21
5.038028
 31
0.0
  0
LINE
  8
0
  6
CONTINUOUS
 10
212.478808
 20
5.038028
 30
0.0
 11
212.542600
 21
5.021560
 31
0.0
  0
LINE
  8
0
  6
CONTINUOUS
 10
212.542600
 20
5.021560
 30
0.0
 11
212.606134
 21
5.009226
 31
0.0
  0
LINE
  8
0
  6
CONTINUOUS
 10
212.606134
 20
5.009226
 30
0.0
 11
212.669148
 21
5.000927
 31
0.0
  0
LINE
  8
0
  6
CONTINUOUS
 10
212.669148
 20
5.000927
 30
0.0
 11
212.731375
 21
4.996564
 31
0.0
  0
LINE
  8
0
  6
CONTINUOUS
 10
212.731375
 20
4.996564
 30
0.0
 11
212.792552
 21
4.996039
 31
0.0
  0
LINE
  8
0
  6
CONTINUOUS
 10
212.792552
 20
4.996039
 30
0.0
 11
212.852414
 21
4.999255
 31
0.0
  0
LINE
  8
0
  6
CONTINUOUS
 10
212.852414
 20
4.999255
 30
0.0
 11
212.910697
 21
5.006112
 31
0.0
  0
LINE
  8
0
  6
CONTINUOUS
 10
212.910697
 20
5.006112
 30
0.0
 11
212.967136
 21
5.016512
 31
0.0
  0
LINE
  8
0
  6
CONTINUOUS
 10
212.967136
 20
5.016512
 30
0.0
 11
213.021467
 21
5.030359
 31
0.0
  0
LINE
  8
0
  6
CONTINUOUS
 10
213.021467
 20
5.030359
 30
0.0
 11
213.073426
 21
5.047551
 31
0.0
  0
LINE
  8
0
  6
CONTINUOUS
 10
213.073426
 20
5.047551
 30
0.0
 11
213.122747
 21
5.067993
 31
0.0
  0
LINE
  8
0
  6
CONTINUOUS
 10
213.122747
 20
5.067993
 30
0.0
 11
213.169167
 21
5.091586
 31
0.0
  0
LINE
  8
0
  6
CONTINUOUS
 10
213.169167
 20
5.091586
 30
0.0
 11
213.212421
 21
5.118230
 31
0.0
  0
LINE
  8
0
  6
CONTINUOUS
 10
213.212421
 20
5.118230
 30
0.0
 11
213.252245
 21
5.147828
 31
0.0
  0
LINE
  8
0
  6
CONTINUOUS
 10
213.252245
 20
5.147828
 30
0.0
 11
213.288374
 21
5.180282
 31
0.0
  0
LINE
  8
0
  6
CONTINUOUS
 10
213.288374
 20
5.180282
 30
0.0
 11
213.320543
 21
5.215494
 31
0.0
  0
LINE
  8
0
  6
CONTINUOUS
 10
213.320543
 20
5.215494
 30
0.0
 11
213.348489
 21
5.253364
 31
0.0
  0
LINE
  8
0
  6
CONTINUOUS
 10
213.348489
 20
5.253364
 30
0.0
 11
213.371947
 21
5.293796
 31
0.0
  0
LINE
  8
0
  6
CONTINUOUS
 10
213.371947
 20
5.293796
 30
0.0
 11
213.390652
 21
5.336690
 31
0.0
  0
LINE
  8
0
  6
CONTINUOUS
 10
213.390652
 20
5.336690
 30
0.0
 11
213.404341
 21
5.381949
 31
0.0
  0
LINE
  8
0
  6
CONTINUOUS
 10
213.404341
 20
5.381949
 30
0.0
 11
213.412747
 21
5.429474
 31
0.0
  0
LINE
  8
0
  6
CONTINUOUS
 10
213.412747
 20
5.429474
 30
0.0
 11
213.415609
 21
5.479166
 31
0.0
  0
LINE
  8
0
  6
CONTINUOUS
 10
213.415609
 20
5.479166
 30
0.0
 11
213.414629
 21
5.508314
 31
0.0
  0
LINE
  8
0
  6
CONTINUOUS
 10
213.414629
 20
5.508314
 30
0.0
 11
213.411636
 21
5.536657
 31
0.0
  0
LINE
  8
0
  6
CONTINUOUS
 10
213.411636
 20
5.536657
 30
0.0
 11
213.406552
 21
5.564260
 31
0.0
  0
LINE
  8
0
  6
CONTINUOUS
 10
213.406552
 20
5.564260
 30
0.0
 11
213.399296
 21
5.591187
 31
0.0
  0
LINE
  8
0
  6
CONTINUOUS
 10
213.399296
 20
5.591187
 30
0.0
 11
213.389789
 21
5.617504
 31
0.0
  0
LINE
  8
0
  6
CONTINUOUS
 10
213.389789
 20
5.617504
 30
0.0
 11
213.377953
 21
5.643278
 31
0.0
  0
LINE
  8
0
  6
CONTINUOUS
 10
213.377953
 20
5.643278
 30
0.0
 11
213.363708
 21
5.668572
 31
0.0
  0
LINE
  8
0
  6
CONTINUOUS
 10
213.363708
 20
5.668572
 30
0.0
 11
213.346975
 21
5.693452
 31
0.0
  0
LINE
  8
0
  6
CONTINUOUS
 10
213.346975
 20
5.693452
 30
0.0
 11
213.327673
 21
5.717984
 31
0.0
  0
LINE
  8
0
  6
CONTINUOUS
 10
213.327673
 20
5.717984
 30
0.0
 11
213.305726
 21
5.742232
 31
0.0
  0
LINE
  8
0
  6
CONTINUOUS
 10
213.305726
 20
5.742232
 30
0.0
 11
213.281051
 21
5.766263
 31
0.0
  0
LINE
  8
0
  6
CONTINUOUS
 10
213.281051
 20
5.766263
 30
0.0
 11
213.253572
 21
5.790140
 31
0.0
  0
LINE
  8
0
  6
CONTINUOUS
 10
213.253572
 20
5.790140
 30
0.0
 11
213.223207
 21
5.813932
 31
0.0
  0
LINE
  8
0
  6
CONTINUOUS
 10
213.223207
 20
5.813932
 30
0.0
 11
213.189880
 21
5.837701
 31
0.0
  0
LINE
  8
0
  6
CONTINUOUS
 10
213.189880
 20
5.837701
 30
0.0
 11
213.153508
 21
5.861514
 31
0.0
  0
LINE
  8
0
  6
CONTINUOUS
 10
213.153508
 20
5.861514
 30
0.0
 11
213.114014
 21
5.885435
 31
0.0
  0
LINE
  8
0
  6
CONTINUOUS
 10
213.114014
 20
5.885435
 30
0.0
 11
213.071319
 21
5.909531
 31
0.0
  0
LINE
  8
0
  6
CONTINUOUS
 10
213.071319
 20
5.909531
 30
0.0
 11
213.025342
 21
5.933866
 31
0.0
  0
LINE
  8
0
  6
CONTINUOUS
 10
213.025342
 20
5.933866
 30
0.0
 11
212.976005
 21
5.958505
 31
0.0
  0
LINE
  8
0
  6
CONTINUOUS
 10
212.976005
 20
5.958505
 30
0.0
 11
212.923229
 21
5.983515
 31
0.0
  0
LINE
  8
0
  6
CONTINUOUS
 10
212.923229
 20
5.983515
 30
0.0
 11
212.866934
 21
6.008961
 31
0.0
  0
LINE
  8
0
  6
CONTINUOUS
 10
212.866934
 20
6.008961
 30
0.0
 11
212.807040
 21
6.034907
 31
0.0
  0
LINE
  8
0
  6
CONTINUOUS
 10
212.807040
 20
6.034907
 30
0.0
 11
212.743470
 21
6.061419
 31
0.0
  0
LINE
  8
0
  6
CONTINUOUS
 10
212.743470
 20
6.061419
 30
0.0
 11
212.676142
 21
6.088562
 31
0.0
  0
LINE
  8
0
  6
CONTINUOUS
 10
212.676142
 20
6.088562
 30
0.0
 11
212.579180
 21
6.127604
 31
0.0
  0
LINE
  8
0
  6
CONTINUOUS
 10
212.579180
 20
6.127604
 30
0.0
 11
212.486857
 21
6.165935
 31
0.0
  0
LINE
  8
0
  6
CONTINUOUS
 10
212.486857
 20
6.165935
 30
0.0
 11
212.399050
 21
6.203645
 31
0.0
  0
LINE
  8
0
  6
CONTINUOUS
 10
212.399050
 20
6.203645
 30
0.0
 11
212.315629
 21
6.240823
 31
0.0
  0
LINE
  8
0
  6
CONTINUOUS
 10
212.315629
 20
6.240823
 30
0.0
 11
212.236471
 21
6.277558
 31
0.0
  0
LINE
  8
0
  6
CONTINUOUS
 10
212.236471
 20
6.277558
 30
0.0
 11
212.161450
 21
6.313940
 31
0.0
  0
LINE
  8
0
  6
CONTINUOUS
 10
212.161450
 20
6.313940
 30
0.0
 11
212.090440
 21
6.350057
 31
0.0
  0
LINE
  8
0
  6
CONTINUOUS
 10
212.090440
 20
6.350057
 30
0.0
 11
212.023313
 21
6.385998
 31
0.0
  0
LINE
  8
0
  6
CONTINUOUS
 10
212.023313
 20
6.385998
 30
0.0
 11
211.959946
 21
6.421853
 31
0.0
  0
LINE
  8
0
  6
CONTINUOUS
 10
211.959946
 20
6.421853
 30
0.0
 11
211.900212
 21
6.457711
 31
0.0
  0
LINE
  8
0
  6
CONTINUOUS
 10
211.900212
 20
6.457711
 30
0.0
 11
211.843984
 21
6.493661
 31
0.0
  0
LINE
  8
0
  6
CONTINUOUS
 10
211.843984
 20
6.493661
 30
0.0
 11
211.791139
 21
6.529792
 31
0.0
  0
LINE
  8
0
  6
CONTINUOUS
 10
211.791139
 20
6.529792
 30
0.0
 11
211.741548
 21
6.566193
 31
0.0
  0
LINE
  8
0
  6
CONTINUOUS
 10
211.741548
 20
6.566193
 30
0.0
 11
211.695087
 21
6.602954
 31
0.0
  0
LINE
  8
0
  6
CONTINUOUS
 10
211.695087
 20
6.602954
 30
0.0
 11
211.651628
 21
6.640163
 31
0.0
  0
LINE
  8
0
  6
CONTINUOUS
 10
211.651628
 20
6.640163
 30
0.0
 11
211.611048
 21
6.677910
 31
0.0
  0
LINE
  8
0
  6
CONTINUOUS
 10
211.611048
 20
6.677910
 30
0.0
 11
211.573219
 21
6.716285
 31
0.0
  0
LINE
  8
0
  6
CONTINUOUS
 10
211.573219
 20
6.716285
 30
0.0
 11
211.538017
 21
6.755374
 31
0.0
  0
LINE
  8
0
  6
CONTINUOUS
 10
211.538017
 20
6.755374
 30
0.0
 11
211.505314
 21
6.795269
 31
0.0
  0
LINE
  8
0
  6
CONTINUOUS
 10
211.505314
 20
6.795269
 30
0.0
 11
211.474984
 21
6.836058
 31
0.0
  0
LINE
  8
0
  6
CONTINUOUS
 10
211.474984
 20
6.836058
 30
0.0
 11
211.446904
 21
6.877831
 31
0.0
  0
LINE
  8
0
  6
CONTINUOUS
 10
211.446904
 20
6.877831
 30
0.0
 11
211.420945
 21
6.920676
 31
0.0
  0
LINE
  8
0
  6
CONTINUOUS
 10
211.420945
 20
6.920676
 30
0.0
 11
211.396982
 21
6.964684
 31
0.0
  0
LINE
  8
0
  6
CONTINUOUS
 10
211.396982
 20
6.964684
 30
0.0
 11
211.374890
 21
7.009941
 31
0.0
  0
LINE
  8
0
  6
CONTINUOUS
 10
211.374890
 20
7.009941
 30
0.0
 11
211.367357
 21
7.026479
 31
0.0
  0
LINE
  8
0
  6
CONTINUOUS
 10
211.367357
 20
7.026479
 30
0.0
 11
211.360340
 21
7.042379
 31
0.0
  0
LINE
  8
0
  6
CONTINUOUS
 10
211.360340
 20
7.042379
 30
0.0
 11
211.353824
 21
7.057739
 31
0.0
  0
LINE
  8
0
  6
CONTINUOUS
 10
211.353824
 20
7.057739
 30
0.0
 11
211.347790
 21
7.072658
 31
0.0
  0
LINE
  8
0
  6
CONTINUOUS
 10
211.347790
 20
7.072658
 30
0.0
 11
211.342223
 21
7.087232
 31
0.0
  0
LINE
  8
0
  6
CONTINUOUS
 10
211.342223
 20
7.087232
 30
0.0
 11
211.337105
 21
7.101561
 31
0.0
  0
LINE
  8
0
  6
CONTINUOUS
 10
211.337105
 20
7.101561
 30
0.0
 11
211.332421
 21
7.115741
 31
0.0
  0
LINE
  8
0
  6
CONTINUOUS
 10
211.332421
 20
7.115741
 30
0.0
 11
211.328151
 21
7.129871
 31
0.0
  0
LINE
  8
0
  6
CONTINUOUS
 10
211.328151
 20
7.129871
 30
0.0
 11
211.324281
 21
7.144047
 31
0.0
  0
LINE
  8
0
  6
CONTINUOUS
 10
211.324281
 20
7.144047
 30
0.0
 11
211.320793
 21
7.158369
 31
0.0
  0
LINE
  8
0
  6
CONTINUOUS
 10
211.320793
 20
7.158369
 30
0.0
 11
211.317670
 21
7.172934
 31
0.0
  0
LINE
  8
0
  6
CONTINUOUS
 10
211.317670
 20
7.172934
 30
0.0
 11
211.314895
 21
7.187839
 31
0.0
  0
LINE
  8
0
  6
CONTINUOUS
 10
211.314895
 20
7.187839
 30
0.0
 11
211.312452
 21
7.203182
 31
0.0
  0
LINE
  8
0
  6
CONTINUOUS
 10
211.312452
 20
7.203182
 30
0.0
 11
211.310323
 21
7.219061
 31
0.0
  0
LINE
  8
0
  6
CONTINUOUS
 10
211.310323
 20
7.219061
 30
0.0
 11
211.308492
 21
7.235575
 31
0.0
  0
LINE
  8
0
  6
CONTINUOUS
 10
211.308492
 20
7.235575
 30
0.0
 11
211.306941
 21
7.252820
 31
0.0
  0
LINE
  8
0
  6
CONTINUOUS
 10
211.306941
 20
7.252820
 30
0.0
 11
211.305655
 21
7.270894
 31
0.0
  0
LINE
  8
0
  6
CONTINUOUS
 10
211.305655
 20
7.270894
 30
0.0
 11
211.304615
 21
7.289896
 31
0.0
  0
LINE
  8
0
  6
CONTINUOUS
 10
211.304615
 20
7.289896
 30
0.0
 11
211.303806
 21
7.309923
 31
0.0
  0
LINE
  8
0
  6
CONTINUOUS
 10
211.303806
 20
7.309923
 30
0.0
 11
211.303210
 21
7.331072
 31
0.0
  0
LINE
  8
0
  6
CONTINUOUS
 10
211.303210
 20
7.331072
 30
0.0
 11
211.302810
 21
7.353442
 31
0.0
  0
LINE
  8
0
  6
CONTINUOUS
 10
211.302810
 20
7.353442
 30
0.0
 11
211.302590
 21
7.377131
 31
0.0
  0
LINE
  8
0
  6
CONTINUOUS
 10
211.302590
 20
7.377131
 30
0.0
 11
211.302533
 21
7.402237
 31
0.0
  0
LINE
  8
0
  6
CONTINUOUS
 10
211.302533
 20
7.402237
 30
0.0
 11
211.302622
 21
7.428855
 31
0.0
  0
LINE
  8
0
  6
CONTINUOUS
 10
211.302622
 20
7.428855
 30
0.0
 11
211.303260
 21
7.473690
 31
0.0
  0
LINE
  8
0
  6
CONTINUOUS
 10
211.303260
 20
7.473690
 30
0.0
 11
211.304685
 21
7.516685
 31
0.0
  0
LINE
  8
0
  6
CONTINUOUS
 10
211.304685
 20
7.516685
 30
0.0
 11
211.306942
 21
7.557952
 31
0.0
  0
LINE
  8
0
  6
CONTINUOUS
 10
211.306942
 20
7.557952
 30
0.0
 11
211.310077
 21
7.597602
 31
0.0
  0
LINE
  8
0
  6
CONTINUOUS
 10
211.310077
 20
7.597602
 30
0.0
 11
211.314134
 21
7.635747
 31
0.0
  0
LINE
  8
0
  6
CONTINUOUS
 10
211.314134
 20
7.635747
 30
0.0
 11
211.319161
 21
7.672499
 31
0.0
  0
LINE
  8
0
  6
CONTINUOUS
 10
211.319161
 20
7.672499
 30
0.0
 11
211.325203
 21
7.707968
 31
0.0
  0
LINE
  8
0
  6
CONTINUOUS
 10
211.325203
 20
7.707968
 30
0.0
 11
211.332305
 21
7.742267
 31
0.0
  0
LINE
  8
0
  6
CONTINUOUS
 10
211.332305
 20
7.742267
 30
0.0
 11
211.340513
 21
7.775508
 31
0.0
  0
LINE
  8
0
  6
CONTINUOUS
 10
211.340513
 20
7.775508
 30
0.0
 11
211.349872
 21
7.807802
 31
0.0
  0
LINE
  8
0
  6
CONTINUOUS
 10
211.349872
 20
7.807802
 30
0.0
 11
211.360429
 21
7.839260
 31
0.0
  0
LINE
  8
0
  6
CONTINUOUS
 10
211.360429
 20
7.839260
 30
0.0
 11
211.372228
 21
7.869994
 31
0.0
  0
LINE
  8
0
  6
CONTINUOUS
 10
211.372228
 20
7.869994
 30
0.0
 11
211.385316
 21
7.900115
 31
0.0
  0
LINE
  8
0
  6
CONTINUOUS
 10
211.385316
 20
7.900115
 30
0.0
 11
211.399738
 21
7.929736
 31
0.0
  0
LINE
  8
0
  6
CONTINUOUS
 10
211.399738
 20
7.929736
 30
0.0
 11
211.415540
 21
7.958968
 31
0.0
  0
LINE
  8
0
  6
CONTINUOUS
 10
211.415540
 20
7.958968
 30
0.0
 11
211.432767
 21
7.987922
 31
0.0
  0
LINE
  8
0
  6
CONTINUOUS
 10
211.432767
 20
7.987922
 30
0.0
 11
211.451466
 21
8.016711
 31
0.0
  0
LINE
  8
0
  6
CONTINUOUS
 10
211.451466
 20
8.016711
 30
0.0
 11
211.471681
 21
8.045445
 31
0.0
  0
LINE
  8
0
  6
CONTINUOUS
 10
211.471681
 20
8.045445
 30
0.0
 11
211.493457
 21
8.074236
 31
0.0
  0
LINE
  8
0
  6
CONTINUOUS
 10
211.493457
 20
8.074236
 30
0.0
 11
211.516843
 21
8.103196
 31
0.0
  0
LINE
  8
0
  6
CONTINUOUS
 10
211.516843
 20
8.103196
 30
0.0
 11
211.541881
 21
8.132437
 31
0.0
  0
LINE
  8
0
  6
CONTINUOUS
 10
211.541881
 20
8.132437
 30
0.0
 11
211.568619
 21
8.162070
 31
0.0
  0
LINE
  8
0
  6
CONTINUOUS
 10
211.568619
 20
8.162070
 30
0.0
 11
211.597102
 21
8.192206
 31
0.0
  0
LINE
  8
0
  6
CONTINUOUS
 10
211.597102
 20
8.192206
 30
0.0
 11
211.627375
 21
8.222957
 31
0.0
  0
LINE
  8
0
  6
CONTINUOUS
 10
211.627375
 20
8.222957
 30
0.0
 11
211.667878
 21
8.262224
 31
0.0
  0
LINE
  8
0
  6
CONTINUOUS
 10
211.667878
 20
8.262224
 30
0.0
 11
211.708590
 21
8.299406
 31
0.0
  0
LINE
  8
0
  6
CONTINUOUS
 10
211.708590
 20
8.299406
 30
0.0
 11
211.749616
 21
8.334543
 31
0.0
  0
LINE
  8
0
  6
CONTINUOUS
 10
211.749616
 20
8.334543
 30
0.0
 11
211.791059
 21
8.367670
 31
0.0
  0
LINE
  8
0
  6
CONTINUOUS
 10
211.791059
 20
8.367670
 30
0.0
 11
211.833025
 21
8.398826
 31
0.0
  0
LINE
  8
0
  6
CONTINUOUS
 10
211.833025
 20
8.398826
 30
0.0
 11
211.875617
 21
8.428049
 31
0.0
  0
LINE
  8
0
  6
CONTINUOUS
 10
211.875617
 20
8.428049
 30
0.0
 11
211.918940
 21
8.455373
 31
0.0
  0
LINE
  8
0
  6
CONTINUOUS
 10
211.918940
 20
8.455373
 30
0.0
 11
211.963099
 21
8.480837
 31
0.0
  0
LINE
  8
0
  6
CONTINUOUS
 10
211.963099
 20
8.480837
 30
0.0
 11
212.008198
 21
8.504479
 31
0.0
  0
LINE
  8
0
  6
CONTINUOUS
 10
212.008198
 20
8.504479
 30
0.0
 11
212.054340
 21
8.526336
 31
0.0
  0
LINE
  8
0
  6
CONTINUOUS
 10
212.054340
 20
8.526336
 30
0.0
 11
212.101630
 21
8.546444
 31
0.0
  0
LINE
  8
0
  6
CONTINUOUS
 10
212.101630
 20
8.546444
 30
0.0
 11
212.150173
 21
8.564840
 31
0.0
  0
LINE
  8
0
  6
CONTINUOUS
 10
212.150173
 20
8.564840
 30
0.0
 11
212.200075
 21
8.581564
 31
0.0
  0
LINE
  8
0
  6
CONTINUOUS
 10
212.200075
 20
8.581564
 30
0.0
 11
212.251437
 21
8.596651
 31
0.0
  0
LINE
  8
0
  6
CONTINUOUS
 10
212.251437
 20
8.596651
 30
0.0
 11
212.304365
 21
8.610138
 31
0.0
  0
LINE
  8
0
  6
CONTINUOUS
 10
212.304365
 20
8.610138
 30
0.0
 11
212.358964
 21
8.622064
 31
0.0
  0
LINE
  8
0
  6
CONTINUOUS
 10
212.358964
 20
8.622064
 30
0.0
 11
212.415338
 21
8.632465
 31
0.0
  0
LINE
  8
0
  6
CONTINUOUS
 10
212.415338
 20
8.632465
 30
0.0
 11
212.473589
 21
8.641377
 31
0.0
  0
LINE
  8
0
  6
CONTINUOUS
 10
212.473589
 20
8.641377
 30
0.0
 11
212.533825
 21
8.648840
 31
0.0
  0
LINE
  8
0
  6
CONTINUOUS
 10
212.533825
 20
8.648840
 30
0.0
 11
212.596149
 21
8.654890
 31
0.0
  0
LINE
  8
0
  6
CONTINUOUS
 10
212.596149
 20
8.654890
 30
0.0
 11
212.660665
 21
8.659564
 31
0.0
  0
LINE
  8
0
  6
CONTINUOUS
 10
212.660665
 20
8.659564
 30
0.0
 11
212.727478
 21
8.662899
 31
0.0
  0
LINE
  8
0
  6
CONTINUOUS
 10
212.727478
 20
8.662899
 30
0.0
 11
212.796690
 21
8.664932
 31
0.0
  0
LINE
  8
0
  6
CONTINUOUS
 10
212.796690
 20
8.664932
 30
0.0
 11
212.868409
 21
8.665702
 31
0.0
  0
LINE
  8
0
  6
CONTINUOUS
 10
212.868409
 20
8.665702
 30
0.0
 11
212.918876
 21
8.665505
 31
0.0
  0
LINE
  8
0
  6
CONTINUOUS
 10
212.918876
 20
8.665505
 30
0.0
 11
212.967614
 21
8.664688
 31
0.0
  0
LINE
  8
0
  6
CONTINUOUS
 10
212.967614
 20
8.664688
 30
0.0
 11
213.014713
 21
8.663228
 31
0.0
  0
LINE
  8
0
  6
CONTINUOUS
 10
213.014713
 20
8.663228
 30
0.0
 11
213.060265
 21
8.661105
 31
0.0
  0
LINE
  8
0
  6
CONTINUOUS
 10
213.060265
 20
8.661105
 30
0.0
 11
213.104364
 21
8.658296
 31
0.0
  0
LINE
  8
0
  6
CONTINUOUS
 10
213.104364
 20
8.658296
 30
0.0
 11
213.147102
 21
8.654778
 31
0.0
  0
LINE
  8
0
  6
CONTINUOUS
 10
213.147102
 20
8.654778
 30
0.0
 11
213.188569
 21
8.650530
 31
0.0
  0
LINE
  8
0
  6
CONTINUOUS
 10
213.188569
 20
8.650530
 30
0.0
 11
213.228860
 21
8.645530
 31
0.0
  0
LINE
  8
0
  6
CONTINUOUS
 10
213.228860
 20
8.645530
 30
0.0
 11
213.268066
 21
8.639755
 31
0.0
  0
LINE
  8
0
  6
CONTINUOUS
 10
213.268066
 20
8.639755
 30
0.0
 11
213.306278
 21
8.633183
 31
0.0
  0
LINE
  8
0
  6
CONTINUOUS
 10
213.306278
 20
8.633183
 30
0.0
 11
213.343591
 21
8.625792
 31
0.0
  0
LINE
  8
0
  6
CONTINUOUS
 10
213.343591
 20
8.625792
 30
0.0
 11
213.380095
 21
8.617561
 31
0.0
  0
LINE
  8
0
  6
CONTINUOUS
 10
213.380095
 20
8.617561
 30
0.0
 11
213.415883
 21
8.608466
 31
0.0
  0
LINE
  8
0
  6
CONTINUOUS
 10
213.415883
 20
8.608466
 30
0.0
 11
213.451047
 21
8.598486
 31
0.0
  0
LINE
  8
0
  6
CONTINUOUS
 10
213.451047
 20
8.598486
 30
0.0
 11
213.485679
 21
8.587600
 31
0.0
  0
LINE
  8
0
  6
CONTINUOUS
 10
213.485679
 20
8.587600
 30
0.0
 11
213.519872
 21
8.575784
 31
0.0
  0
LINE
  8
0
  6
CONTINUOUS
 10
213.519872
 20
8.575784
 30
0.0
 11
213.553717
 21
8.563015
 31
0.0
  0
LINE
  8
0
  6
CONTINUOUS
 10
213.553717
 20
8.563015
 30
0.0
 11
213.587307
 21
8.549274
 31
0.0
  0
LINE
  8
0
  6
CONTINUOUS
 10
213.587307
 20
8.549274
 30
0.0
 11
213.620734
 21
8.534537
 31
0.0
  0
LINE
  8
0
  6
CONTINUOUS
 10
213.620734
 20
8.534537
 30
0.0
 11
213.654091
 21
8.518783
 31
0.0
  0
LINE
  8
0
  6
CONTINUOUS
 10
213.654091
 20
8.518783
 30
0.0
 11
213.687469
 21
8.501989
 31
0.0
  0
LINE
  8
0
  6
CONTINUOUS
 10
213.687469
 20
8.501989
 30
0.0
 11
213.720961
 21
8.484133
 31
0.0
  0
LINE
  8
0
  6
CONTINUOUS
 10
213.720961
 20
8.484133
 30
0.0
 11
213.754657
 21
8.465193
 31
0.0
  0
LINE
  8
0
  6
CONTINUOUS
 10
213.754657
 20
8.465193
 30
0.0
 11
213.788653
 21
8.445147
 31
0.0
  0
LINE
  8
0
  6
CONTINUOUS
 10
213.788653
 20
8.445147
 30
0.0
 11
213.809692
 21
8.431843
 31
0.0
  0
LINE
  8
0
  6
CONTINUOUS
 10
213.809692
 20
8.431843
 30
0.0
 11
213.831363
 21
8.416966
 31
0.0
  0
LINE
  8
0
  6
CONTINUOUS
 10
213.831363
 20
8.416966
 30
0.0
 11
213.853531
 21
8.400666
 31
0.0
  0
LINE
  8
0
  6
CONTINUOUS
 10
213.853531
 20
8.400666
 30
0.0
 11
213.876058
 21
8.383095
 31
0.0
  0
LINE
  8
0
  6
CONTINUOUS
 10
213.876058
 20
8.383095
 30
0.0
 11
213.898811
 21
8.364403
 31
0.0
  0
LINE
  8
0
  6
CONTINUOUS
 10
213.898811
 20
8.364403
 30
0.0
 11
213.921653
 21
8.344740
 31
0.0
  0
LINE
  8
0
  6
CONTINUOUS
 10
213.921653
 20
8.344740
 30
0.0
 11
213.944449
 21
8.324258
 31
0.0
  0
LINE
  8
0
  6
CONTINUOUS
 10
213.944449
 20
8.324258
 30
0.0
 11
213.967061
 21
8.303106
 31
0.0
  0
LINE
  8
0
  6
CONTINUOUS
 10
213.967061
 20
8.303106
 30
0.0
 11
213.989355
 21
8.281436
 31
0.0
  0
LINE
  8
0
  6
CONTINUOUS
 10
213.989355
 20
8.281436
 30
0.0
 11
214.011194
 21
8.259398
 31
0.0
  0
LINE
  8
0
  6
CONTINUOUS
 10
214.011194
 20
8.259398
 30
0.0
 11
214.032443
 21
8.237141
 31
0.0
  0
LINE
  8
0
  6
CONTINUOUS
 10
214.032443
 20
8.237141
 30
0.0
 11
214.052967
 21
8.214820
 31
0.0
  0
LINE
  8
0
  6
CONTINUOUS
 10
214.052967
 20
8.214820
 30
0.0
 11
214.072628
 21
8.192582
 31
0.0
  0
LINE
  8
0
  6
CONTINUOUS
 10
214.072628
 20
8.192582
 30
0.0
 11
214.091293
 21
8.170577
 31
0.0
  0
LINE
  8
0
  6
CONTINUOUS
 10
214.091293
 20
8.170577
 30
0.0
 11
214.108823
 21
8.148959
 31
0.0
  0
LINE
  8
0
  6
CONTINUOUS
 10
214.108823
 20
8.148959
 30
0.0
 11
214.125084
 21
8.127876
 31
0.0
  0
LINE
  8
0
  6
CONTINUOUS
 10
214.125084
 20
8.127876
 30
0.0
 11
214.139940
 21
8.107479
 31
0.0
  0
LINE
  8
0
  6
CONTINUOUS
 10
214.139940
 20
8.107479
 30
0.0
 11
214.153255
 21
8.087921
 31
0.0
  0
LINE
  8
0
  6
CONTINUOUS
 10
214.153255
 20
8.087921
 30
0.0
 11
214.164894
 21
8.069348
 31
0.0
  0
LINE
  8
0
  6
CONTINUOUS
 10
214.164894
 20
8.069348
 30
0.0
 11
214.174719
 21
8.051915
 31
0.0
  0
LINE
  8
0
  6
CONTINUOUS
 10
214.174719
 20
8.051915
 30
0.0
 11
214.182596
 21
8.035770
 31
0.0
  0
LINE
  8
0
  6
CONTINUOUS
 10
214.182596
 20
8.035770
 30
0.0
 11
214.188388
 21
8.021065
 31
0.0
  0
LINE
  8
0
  6
CONTINUOUS
 10
214.188388
 20
8.021065
 30
0.0
 11
214.191961
 21
8.007950
 31
0.0
  0
LINE
  8
0
  6
CONTINUOUS
 10
214.191961
 20
8.007950
 30
0.0
 11
214.193177
 21
7.996576
 31
0.0
  0
LINE
  8
0
  6
CONTINUOUS
 10
214.193177
 20
7.996576
 30
0.0
 11
214.190145
 21
7.988594
 31
0.0
  0
LINE
  8
0
  6
CONTINUOUS
 10
214.190145
 20
7.988594
 30
0.0
 11
214.181374
 21
7.976959
 31
0.0
  0
LINE
  8
0
  6
CONTINUOUS
 10
214.181374
 20
7.976959
 30
0.0
 11
214.167355
 21
7.962026
 31
0.0
  0
LINE
  8
0
  6
CONTINUOUS
 10
214.167355
 20
7.962026
 30
0.0
 11
214.148578
 21
7.944150
 31
0.0
  0
LINE
  8
0
  6
CONTINUOUS
 10
214.148578
 20
7.944150
 30
0.0
 11
214.125533
 21
7.923687
 31
0.0
  0
LINE
  8
0
  6
CONTINUOUS
 10
214.125533
 20
7.923687
 30
0.0
 11
214.098710
 21
7.900991
 31
0.0
  0
LINE
  8
0
  6
CONTINUOUS
 10
214.098710
 20
7.900991
 30
0.0
 11
214.068599
 21
7.876417
 31
0.0
  0
LINE
  8
0
  6
CONTINUOUS
 10
214.068599
 20
7.876417
 30
0.0
 11
214.035691
 21
7.850321
 31
0.0
  0
LINE
  8
0
  6
CONTINUOUS
 10
214.035691
 20
7.850321
 30
0.0
 11
214.000475
 21
7.823055
 31
0.0
  0
LINE
  8
0
  6
CONTINUOUS
 10
214.000475
 20
7.823055
 30
0.0
 11
213.963441
 21
7.794977
 31
0.0
  0
LINE
  8
0
  6
CONTINUOUS
 10
213.963441
 20
7.794977
 30
0.0
 11
213.925081
 21
7.766441
 31
0.0
  0
LINE
  8
0
  6
CONTINUOUS
 10
213.925081
 20
7.766441
 30
0.0
 11
213.885882
 21
7.737802
 31
0.0
  0
LINE
  8
0
  6
CONTINUOUS
 10
213.885882
 20
7.737802
 30
0.0
 11
213.846337
 21
7.709413
 31
0.0
  0
LINE
  8
0
  6
CONTINUOUS
 10
213.846337
 20
7.709413
 30
0.0
 11
213.806934
 21
7.681632
 31
0.0
  0
LINE
  8
0
  6
CONTINUOUS
 10
213.806934
 20
7.681632
 30
0.0
 11
213.768165
 21
7.654812
 31
0.0
  0
LINE
  8
0
  6
CONTINUOUS
 10
213.768165
 20
7.654812
 30
0.0
 11
213.730519
 21
7.629308
 31
0.0
  0
LINE
  8
0
  6
CONTINUOUS
 10
213.730519
 20
7.629308
 30
0.0
 11
213.694484
 21
7.605475
 31
0.0
  0
LINE
  8
0
  6
CONTINUOUS
 10
213.694484
 20
7.605475
 30
0.0
 11
213.660554
 21
7.583669
 31
0.0
  0
LINE
  8
0
  6
CONTINUOUS
 10
213.660554
 20
7.583669
 30
0.0
 11
213.629218
 21
7.564243
 31
0.0
  0
LINE
  8
0
  6
CONTINUOUS
 10
213.629218
 20
7.564243
 30
0.0
 11
213.600964
 21
7.547554
 31
0.0
  0
LINE
  8
0
  6
CONTINUOUS
 10
213.600964
 20
7.547554
 30
0.0
 11
213.576285
 21
7.533955
 31
0.0
  0
LINE
  8
0
  6
CONTINUOUS
 10
213.576285
 20
7.533955
 30
0.0
 11
213.555668
 21
7.523803
 31
0.0
  0
LINE
  8
0
  6
CONTINUOUS
 10
213.555668
 20
7.523803
 30
0.0
 11
213.539606
 21
7.517451
 31
0.0
  0
LINE
  8
0
  6
CONTINUOUS
 10
213.539606
 20
7.517451
 30
0.0
 11
213.528587
 21
7.515255
 31
0.0
  0
LINE
  8
0
  6
CONTINUOUS
 10
213.528587
 20
7.515255
 30
0.0
 11
213.526274
 21
7.515520
 31
0.0
  0
LINE
  8
0
  6
CONTINUOUS
 10
213.526274
 20
7.515520
 30
0.0
 11
213.523646
 21
7.516301
 31
0.0
  0
LINE
  8
0
  6
CONTINUOUS
 10
213.523646
 20
7.516301
 30
0.0
 11
213.520722
 21
7.517582
 31
0.0
  0
LINE
  8
0
  6
CONTINUOUS
 10
213.520722
 20
7.517582
 30
0.0
 11
213.517517
 21
7.519346
 31
0.0
  0
LINE
  8
0
  6
CONTINUOUS
 10
213.517517
 20
7.519346
 30
0.0
 11
213.514048
 21
7.521574
 31
0.0
  0
LINE
  8
0
  6
CONTINUOUS
 10
213.514048
 20
7.521574
 30
0.0
 11
213.510330
 21
7.524250
 31
0.0
  0
LINE
  8
0
  6
CONTINUOUS
 10
213.510330
 20
7.524250
 30
0.0
 11
213.506382
 21
7.527356
 31
0.0
  0
LINE
  8
0
  6
CONTINUOUS
 10
213.506382
 20
7.527356
 30
0.0
 11
213.502218
 21
7.530876
 31
0.0
  0
LINE
  8
0
  6
CONTINUOUS
 10
213.502218
 20
7.530876
 30
0.0
 11
213.497857
 21
7.534792
 31
0.0
  0
LINE
  8
0
  6
CONTINUOUS
 10
213.497857
 20
7.534792
 30
0.0
 11
213.493315
 21
7.539086
 31
0.0
  0
LINE
  8
0
  6
CONTINUOUS
 10
213.493315
 20
7.539086
 30
0.0
 11
213.488606
 21
7.543741
 31
0.0
  0
LINE
  8
0
  6
CONTINUOUS
 10
213.488606
 20
7.543741
 30
0.0
 11
213.483749
 21
7.548740
 31
0.0
  0
LINE
  8
0
  6
CONTINUOUS
 10
213.483749
 20
7.548740
 30
0.0
 11
213.478761
 21
7.554066
 31
0.0
  0
LINE
  8
0
  6
CONTINUOUS
 10
213.478761
 20
7.554066
 30
0.0
 11
213.473656
 21
7.559701
 31
0.0
  0
LINE
  8
0
  6
CONTINUOUS
 10
213.473656
 20
7.559701
 30
0.0
 11
213.468452
 21
7.565628
 31
0.0
  0
LINE
  8
0
  6
CONTINUOUS
 10
213.468452
 20
7.565628
 30
0.0
 11
213.463165
 21
7.571829
 31
0.0
  0
LINE
  8
0
  6
CONTINUOUS
 10
213.463165
 20
7.571829
 30
0.0
 11
213.457813
 21
7.578287
 31
0.0
  0
LINE
  8
0
  6
CONTINUOUS
 10
213.457813
 20
7.578287
 30
0.0
 11
213.452411
 21
7.584986
 31
0.0
  0
LINE
  8
0
  6
CONTINUOUS
 10
213.452411
 20
7.584986
 30
0.0
 11
213.446976
 21
7.591908
 31
0.0
  0
LINE
  8
0
  6
CONTINUOUS
 10
213.446976
 20
7.591908
 30
0.0
 11
213.441525
 21
7.599034
 31
0.0
  0
LINE
  8
0
  6
CONTINUOUS
 10
213.441525
 20
7.599034
 30
0.0
 11
213.436073
 21
7.606349
 31
0.0
  0
LINE
  8
0
  6
CONTINUOUS
 10
213.436073
 20
7.606349
 30
0.0
 11
213.430638
 21
7.613834
 31
0.0
  0
LINE
  8
0
  6
CONTINUOUS
 10
213.430638
 20
7.613834
 30
0.0
 11
213.425236
 21
7.621473
 31
0.0
  0
LINE
  8
0
  6
CONTINUOUS
 10
213.425236
 20
7.621473
 30
0.0
 11
213.419884
 21
7.629247
 31
0.0
  0
LINE
  8
0
  6
CONTINUOUS
 10
213.419884
 20
7.629247
 30
0.0
 11
213.404848
 21
7.650257
 31
0.0
  0
LINE
  8
0
  6
CONTINUOUS
 10
213.404848
 20
7.650257
 30
0.0
 11
213.388777
 21
7.670554
 31
0.0
  0
LINE
  8
0
  6
CONTINUOUS
 10
213.388777
 20
7.670554
 30
0.0
 11
213.371704
 21
7.690121
 31
0.0
  0
LINE
  8
0
  6
CONTINUOUS
 10
213.371704
 20
7.690121
 30
0.0
 11
213.353665
 21
7.708944
 31
0.0
  0
LINE
  8
0
  6
CONTINUOUS
 10
213.353665
 20
7.708944
 30
0.0
 11
213.334695
 21
7.727005
 31
0.0
  0
LINE
  8
0
  6
CONTINUOUS
 10
213.334695
 20
7.727005
 30
0.0
 11
213.314827
 21
7.744288
 31
0.0
  0
LINE
  8
0
  6
CONTINUOUS
 10
213.314827
 20
7.744288
 30
0.0
 11
213.294099
 21
7.760776
 31
0.0
  0
LINE
  8
0
  6
CONTINUOUS
 10
213.294099
 20
7.760776
 30
0.0
 11
213.272542
 21
7.776452
 31
0.0
  0
LINE
  8
0
  6
CONTINUOUS
 10
213.272542
 20
7.776452
 30
0.0
 11
213.250193
 21
7.791301
 31
0.0
  0
LINE
  8
0
  6
CONTINUOUS
 10
213.250193
 20
7.791301
 30
0.0
 11
213.227086
 21
7.805305
 31
0.0
  0
LINE
  8
0
  6
CONTINUOUS
 10
213.227086
 20
7.805305
 30
0.0
 11
213.203257
 21
7.818448
 31
0.0
  0
LINE
  8
0
  6
CONTINUOUS
 10
213.203257
 20
7.818448
 30
0.0
 11
213.178740
 21
7.830713
 31
0.0
  0
LINE
  8
0
  6
CONTINUOUS
 10
213.178740
 20
7.830713
 30
0.0
 11
213.153569
 21
7.842085
 31
0.0
  0
LINE
  8
0
  6
CONTINUOUS
 10
213.153569
 20
7.842085
 30
0.0
 11
213.127780
 21
7.852545
 31
0.0
  0
LINE
  8
0
  6
CONTINUOUS
 10
213.127780
 20
7.852545
 30
0.0
 11
213.101407
 21
7.862078
 31
0.0
  0
LINE
  8
0
  6
CONTINUOUS
 10
213.101407
 20
7.862078
 30
0.0
 11
213.074485
 21
7.870668
 31
0.0
  0
LINE
  8
0
  6
CONTINUOUS
 10
213.074485
 20
7.870668
 30
0.0
 11
213.047049
 21
7.878297
 31
0.0
  0
LINE
  8
0
  6
CONTINUOUS
 10
213.047049
 20
7.878297
 30
0.0
 11
213.019133
 21
7.884950
 31
0.0
  0
LINE
  8
0
  6
CONTINUOUS
 10
213.019133
 20
7.884950
 30
0.0
 11
212.990773
 21
7.890608
 31
0.0
  0
LINE
  8
0
  6
CONTINUOUS
 10
212.990773
 20
7.890608
 30
0.0
 11
212.962003
 21
7.895258
 31
0.0
  0
LINE
  8
0
  6
CONTINUOUS
 10
212.962003
 20
7.895258
 30
0.0
 11
212.932858
 21
7.898880
 31
0.0
  0
LINE
  8
0
  6
CONTINUOUS
 10
212.932858
 20
7.898880
 30
0.0
 11
212.903373
 21
7.901459
 31
0.0
  0
LINE
  8
0
  6
CONTINUOUS
 10
212.903373
 20
7.901459
 30
0.0
 11
212.873582
 21
7.902979
 31
0.0
  0
LINE
  8
0
  6
CONTINUOUS
 10
212.873582
 20
7.902979
 30
0.0
 11
212.843520
 21
7.903422
 31
0.0
  0
LINE
  8
0
  6
CONTINUOUS
 10
212.843520
 20
7.903422
 30
0.0
 11
212.801728
 21
7.902476
 31
0.0
  0
LINE
  8
0
  6
CONTINUOUS
 10
212.801728
 20
7.902476
 30
0.0
 11
212.761312
 21
7.899931
 31
0.0
  0
LINE
  8
0
  6
CONTINUOUS
 10
212.761312
 20
7.899931
 30
0.0
 11
212.722309
 21
7.895818
 31
0.0
  0
LINE
  8
0
  6
CONTINUOUS
 10
212.722309
 20
7.895818
 30
0.0
 11
212.684754
 21
7.890162
 31
0.0
  0
LINE
  8
0
  6
CONTINUOUS
 10
212.684754
 20
7.890162
 30
0.0
 11
212.648682
 21
7.882990
 31
0.0
  0
LINE
  8
0
  6
CONTINUOUS
 10
212.648682
 20
7.882990
 30
0.0
 11
212.614130
 21
7.874326
 31
0.0
  0
LINE
  8
0
  6
CONTINUOUS
 10
212.614130
 20
7.874326
 30
0.0
 11
212.581131
 21
7.864199
 31
0.0
  0
LINE
  8
0
  6
CONTINUOUS
 10
212.581131
 20
7.864199
 30
0.0
 11
212.549723
 21
7.852635
 31
0.0
  0
LINE
  8
0
  6
CONTINUOUS
 10
212.549723
 20
7.852635
 30
0.0
 11
212.519941
 21
7.839661
 31
0.0
  0
LINE
  8
0
  6
CONTINUOUS
 10
212.519941
 20
7.839661
 30
0.0
 11
212.491821
 21
7.825301
 31
0.0
  0
LINE
  8
0
  6
CONTINUOUS
 10
212.491821
 20
7.825301
 30
0.0
 11
212.465398
 21
7.809585
 31
0.0
  0
LINE
  8
0
  6
CONTINUOUS
 10
212.465398
 20
7.809585
 30
0.0
 11
212.440706
 21
7.792536
 31
0.0
  0
LINE
  8
0
  6
CONTINUOUS
 10
212.440706
 20
7.792536
 30
0.0
 11
212.417784
 21
7.774182
 31
0.0
  0
LINE
  8
0
  6
CONTINUOUS
 10
212.417784
 20
7.774182
 30
0.0
 11
212.396665
 21
7.754551
 31
0.0
  0
LINE
  8
0
  6
CONTINUOUS
 10
212.396665
 20
7.754551
 30
0.0
 11
212.377386
 21
7.733667
 31
0.0
  0
LINE
  8
0
  6
CONTINUOUS
 10
212.377386
 20
7.733667
 30
0.0
 11
212.359981
 21
7.711558
 31
0.0
  0
LINE
  8
0
  6
CONTINUOUS
 10
212.359981
 20
7.711558
 30
0.0
 11
212.344487
 21
7.688249
 31
0.0
  0
LINE
  8
0
  6
CONTINUOUS
 10
212.344487
 20
7.688249
 30
0.0
 11
212.330939
 21
7.663768
 31
0.0
  0
LINE
  8
0
  6
CONTINUOUS
 10
212.330939
 20
7.663768
 30
0.0
 11
212.319373
 21
7.638141
 31
0.0
  0
LINE
  8
0
  6
CONTINUOUS
 10
212.319373
 20
7.638141
 30
0.0
 11
212.309825
 21
7.611394
 31
0.0
  0
LINE
  8
0
  6
CONTINUOUS
 10
212.309825
 20
7.611394
 30
0.0
 11
212.302329
 21
7.583553
 31
0.0
  0
LINE
  8
0
  6
CONTINUOUS
 10
212.302329
 20
7.583553
 30
0.0
 11
212.296923
 21
7.554646
 31
0.0
  0
LINE
  8
0
  6
CONTINUOUS
 10
212.296923
 20
7.554646
 30
0.0
 11
212.293640
 21
7.524700
 31
0.0
  0
LINE
  8
0
  6
CONTINUOUS
 10
212.293640
 20
7.524700
 30
0.0
 11
212.292517
 21
7.493738
 31
0.0
  0
LINE
  8
0
  6
CONTINUOUS
 10
212.292517
 20
7.493738
 30
0.0
 11
212.292629
 21
7.483567
 31
0.0
  0
LINE
  8
0
  6
CONTINUOUS
 10
212.292629
 20
7.483567
 30
0.0
 11
212.292997
 21
7.473698
 31
0.0
  0
LINE
  8
0
  6
CONTINUOUS
 10
212.292997
 20
7.473698
 30
0.0
 11
212.293634
 21
7.464102
 31
0.0
  0
LINE
  8
0
  6
CONTINUOUS
 10
212.293634
 20
7.464102
 30
0.0
 11
212.294552
 21
7.454752
 31
0.0
  0
LINE
  8
0
  6
CONTINUOUS
 10
212.294552
 20
7.454752
 30
0.0
 11
212.295764
 21
7.445618
 31
0.0
  0
LINE
  8
0
  6
CONTINUOUS
 10
212.295764
 20
7.445618
 30
0.0
 11
212.297282
 21
7.436674
 31
0.0
  0
LINE
  8
0
  6
CONTINUOUS
 10
212.297282
 20
7.436674
 30
0.0
 11
212.299120
 21
7.427891
 31
0.0
  0
LINE
  8
0
  6
CONTINUOUS
 10
212.299120
 20
7.427891
 30
0.0
 11
212.301291
 21
7.419240
 31
0.0
  0
LINE
  8
0
  6
CONTINUOUS
 10
212.301291
 20
7.419240
 30
0.0
 11
212.303806
 21
7.410696
 31
0.0
  0
LINE
  8
0
  6
CONTINUOUS
 10
212.303806
 20
7.410696
 30
0.0
 11
212.306680
 21
7.402227
 31
0.0
  0
LINE
  8
0
  6
CONTINUOUS
 10
212.306680
 20
7.402227
 30
0.0
 11
212.309924
 21
7.393806
 31
0.0
  0
LINE
  8
0
  6
CONTINUOUS
 10
212.309924
 20
7.393806
 30
0.0
 11
212.313552
 21
7.385407
 31
0.0
  0
LINE
  8
0
  6
CONTINUOUS
 10
212.313552
 20
7.385407
 30
0.0
 11
212.317576
 21
7.376999
 31
0.0
  0
LINE
  8
0
  6
CONTINUOUS
 10
212.317576
 20
7.376999
 30
0.0
 11
212.322010
 21
7.368555
 31
0.0
  0
LINE
  8
0
  6
CONTINUOUS
 10
212.322010
 20
7.368555
 30
0.0
 11
212.326865
 21
7.360047
 31
0.0
  0
LINE
  8
0
  6
CONTINUOUS
 10
212.326865
 20
7.360047
 30
0.0
 11
212.332156
 21
7.351448
 31
0.0
  0
LINE
  8
0
  6
CONTINUOUS
 10
212.332156
 20
7.351448
 30
0.0
 11
212.337894
 21
7.342728
 31
0.0
  0
LINE
  8
0
  6
CONTINUOUS
 10
212.337894
 20
7.342728
 30
0.0
 11
212.344092
 21
7.333859
 31
0.0
  0
LINE
  8
0
  6
CONTINUOUS
 10
212.344092
 20
7.333859
 30
0.0
 11
212.350764
 21
7.324813
 31
0.0
  0
LINE
  8
0
  6
CONTINUOUS
 10
212.350764
 20
7.324813
 30
0.0
 11
212.357920
 21
7.315564
 31
0.0
  0
LINE
  8
0
  6
CONTINUOUS
 10
212.357920
 20
7.315564
 30
0.0
 11
212.365577
 21
7.306082
 31
0.0
  0
LINE
  8
0
  6
CONTINUOUS
 10
212.365577
 20
7.306082
 30
0.0
 11
212.373745
 21
7.296337
 31
0.0
  0
LINE
  8
0
  6
CONTINUOUS
 10
212.373745
 20
7.296337
 30
0.0
 11
212.382437
 21
7.286305
 31
0.0
  0
LINE
  8
0
  6
CONTINUOUS
 10
212.382437
 20
7.286305
 30
0.0
 11
212.391667
 21
7.275955
 31
0.0
  0
LINE
  8
0
  6
CONTINUOUS
 10
212.391667
 20
7.275955
 30
0.0
 11
212.407381
 21
7.259037
 31
0.0
  0
LINE
  8
0
  6
CONTINUOUS
 10
212.407381
 20
7.259037
 30
0.0
 11
212.423570
 21
7.242584
 31
0.0
  0
LINE
  8
0
  6
CONTINUOUS
 10
212.423570
 20
7.242584
 30
0.0
 11
212.440338
 21
7.226538
 31
0.0
  0
LINE
  8
0
  6
CONTINUOUS
 10
212.440338
 20
7.226538
 30
0.0
 11
212.457788
 21
7.210843
 31
0.0
  0
LINE
  8
0
  6
CONTINUOUS
 10
212.457788
 20
7.210843
 30
0.0
 11
212.476022
 21
7.195444
 31
0.0
  0
LINE
  8
0
  6
CONTINUOUS
 10
212.476022
 20
7.195444
 30
0.0
 11
212.495144
 21
7.180282
 31
0.0
  0
LINE
  8
0
  6
CONTINUOUS
 10
212.495144
 20
7.180282
 30
0.0
 11
212.515258
 21
7.165304
 31
0.0
  0
LINE
  8
0
  6
CONTINUOUS
 10
212.515258
 20
7.165304
 30
0.0
 11
212.536464
 21
7.150451
 31
0.0
  0
LINE
  8
0
  6
CONTINUOUS
 10
212.536464
 20
7.150451
 30
0.0
 11
212.558869
 21
7.135667
 31
0.0
  0
LINE
  8
0
  6
CONTINUOUS
 10
212.558869
 20
7.135667
 30
0.0
 11
212.582573
 21
7.120898
 31
0.0
  0
LINE
  8
0
  6
CONTINUOUS
 10
212.582573
 20
7.120898
 30
0.0
 11
212.607680
 21
7.106084
 31
0.0
  0
LINE
  8
0
  6
CONTINUOUS
 10
212.607680
 20
7.106084
 30
0.0
 11
212.634294
 21
7.091171
 31
0.0
  0
LINE
  8
0
  6
CONTINUOUS
 10
212.634294
 20
7.091171
 30
0.0
 11
212.662517
 21
7.076102
 31
0.0
  0
LINE
  8
0
  6
CONTINUOUS
 10
212.662517
 20
7.076102
 30
0.0
 11
212.692454
 21
7.060821
 31
0.0
  0
LINE
  8
0
  6
CONTINUOUS
 10
212.692454
 20
7.060821
 30
0.0
 11
212.724205
 21
7.045271
 31
0.0
  0
LINE
  8
0
  6
CONTINUOUS
 10
212.724205
 20
7.045271
 30
0.0
 11
212.757876
 21
7.029395
 31
0.0
  0
LINE
  8
0
  6
CONTINUOUS
 10
212.757876
 20
7.029395
 30
0.0
 11
212.793568
 21
7.013140
 31
0.0
  0
LINE
  8
0
  6
CONTINUOUS
 10
212.793568
 20
7.013140
 30
0.0
 11
212.831386
 21
6.996445
 31
0.0
  0
LINE
  8
0
  6
CONTINUOUS
 10
212.831386
 20
6.996445
 30
0.0
 11
212.871431
 21
6.979256
 31
0.0
  0
LINE
  8
0
  6
CONTINUOUS
 10
212.871431
 20
6.979256
 30
0.0
 11
212.913808
 21
6.961517
 31
0.0
  0
LINE
  8
0
  6
CONTINUOUS
 10
212.913808
 20
6.961517
 30
0.0
 11
212.958619
 21
6.943172
 31
0.0
  0
LINE
  8
0
  6
CONTINUOUS
 10
212.958619
 20
6.943172
 30
0.0
 11
213.005967
 21
6.924163
 31
0.0
  0
LINE
  8
0
  6
CONTINUOUS
 10
213.005967
 20
6.924163
 30
0.0
 11
213.055956
 21
6.904434
 31
0.0
  0
LINE
  8
0
  6
CONTINUOUS
 10
213.055956
 20
6.904434
 30
0.0
 11
213.108688
 21
6.883929
 31
0.0
  0
LINE
  8
0
  6
CONTINUOUS
 10
213.108688
 20
6.883929
 30
0.0
 11
213.195551
 21
6.849888
 31
0.0
  0
LINE
  8
0
  6
CONTINUOUS
 10
213.195551
 20
6.849888
 30
0.0
 11
213.278259
 21
6.816450
 31
0.0
  0
LINE
  8
0
  6
CONTINUOUS
 10
213.278259
 20
6.816450
 30
0.0
 11
213.356928
 21
6.783533
 31
0.0
  0
LINE
  8
0
  6
CONTINUOUS
 10
213.356928
 20
6.783533
 30
0.0
 11
213.431676
 21
6.751057
 31
0.0
  0
LINE
  8
0
  6
CONTINUOUS
 10
213.431676
 20
6.751057
 30
0.0
 11
213.502624
 21
6.718937
 31
0.0
  0
LINE
  8
0
  6
CONTINUOUS
 10
213.502624
 20
6.718937
 30
0.0
 11
213.569888
 21
6.687092
 31
0.0
  0
LINE
  8
0
  6
CONTINUOUS
 10
213.569888
 20
6.687092
 30
0.0
 11
213.633587
 21
6.655440
 31
0.0
  0
LINE
  8
0
  6
CONTINUOUS
 10
213.633587
 20
6.655440
 30
0.0
 11
213.693839
 21
6.623900
 31
0.0
  0
LINE
  8
0
  6
CONTINUOUS
 10
213.693839
 20
6.623900
 30
0.0
 11
213.750762
 21
6.592388
 31
0.0
  0
LINE
  8
0
  6
CONTINUOUS
 10
213.750762
 20
6.592388
 30
0.0
 11
213.804474
 21
6.560823
 31
0.0
  0
LINE
  8
0
  6
CONTINUOUS
 10
213.804474
 20
6.560823
 30
0.0
 11
213.855095
 21
6.529123
 31
0.0
  0
LINE
  8
0
  6
CONTINUOUS
 10
213.855095
 20
6.529123
 30
0.0
 11
213.902742
 21
6.497207
 31
0.0
  0
LINE
  8
0
  6
CONTINUOUS
 10
213.902742
 20
6.497207
 30
0.0
 11
213.947532
 21
6.464990
 31
0.0
  0
LINE
  8
0
  6
CONTINUOUS
 10
213.947532
 20
6.464990
 30
0.0
 11
213.989585
 21
6.432393
 31
0.0
  0
LINE
  8
0
  6
CONTINUOUS
 10
213.989585
 20
6.432393
 30
0.0
 11
214.029020
 21
6.399333
 31
0.0
  0
LINE
  8
0
  6
CONTINUOUS
 10
214.029020
 20
6.399333
 30
0.0
 11
214.065953
 21
6.365727
 31
0.0
  0
LINE
  8
0
  6
CONTINUOUS
 10
214.065953
 20
6.365727
 30
0.0
 11
214.100503
 21
6.331495
 31
0.0
  0
LINE
  8
0
  6
CONTINUOUS
 10
214.100503
 20
6.331495
 30
0.0
 11
214.132789
 21
6.296553
 31
0.0
  0
LINE
  8
0
  6
CONTINUOUS
 10
214.132789
 20
6.296553
 30
0.0
 11
214.162928
 21
6.260820
 31
0.0
  0
LINE
  8
0
  6
CONTINUOUS
 10
214.162928
 20
6.260820
 30
0.0
 11
214.191040
 21
6.224213
 31
0.0
  0
LINE
  8
0
  6
CONTINUOUS
 10
214.191040
 20
6.224213
 30
0.0
 11
214.217241
 21
6.186651
 31
0.0
  0
LINE
  8
0
  6
CONTINUOUS
 10
214.217241
 20
6.186651
 30
0.0
 11
214.241652
 21
6.148051
 31
0.0
  0
LINE
  8
0
  6
CONTINUOUS
 10
214.241652
 20
6.148051
 30
0.0
 11
214.264389
 21
6.108332
 31
0.0
  0
LINE
  8
0
  6
CONTINUOUS
 10
214.264389
 20
6.108332
 30
0.0
 11
214.285570
 21
6.067412
 31
0.0
  0
LINE
  8
0
  6
CONTINUOUS
 10
214.285570
 20
6.067412
 30
0.0
 11
214.296452
 21
6.045198
 31
0.0
  0
LINE
  8
0
  6
CONTINUOUS
 10
214.296452
 20
6.045198
 30
0.0
 11
214.306470
 21
6.024462
 31
0.0
  0
LINE
  8
0
  6
CONTINUOUS
 10
214.306470
 20
6.024462
 30
0.0
 11
214.315659
 21
6.005006
 31
0.0
  0
LINE
  8
0
  6
CONTINUOUS
 10
214.315659
 20
6.005006
 30
0.0
 11
214.324056
 21
5.986632
 31
0.0
  0
LINE
  8
0
  6
CONTINUOUS
 10
214.324056
 20
5.986632
 30
0.0
 11
214.331695
 21
5.969144
 31
0.0
  0
LINE
  8
0
  6
CONTINUOUS
 10
214.331695
 20
5.969144
 30
0.0
 11
214.338613
 21
5.952346
 31
0.0
  0
LINE
  8
0
  6
CONTINUOUS
 10
214.338613
 20
5.952346
 30
0.0
 11
214.344845
 21
5.936038
 31
0.0
  0
LINE
  8
0
  6
CONTINUOUS
 10
214.344845
 20
5.936038
 30
0.0
 11
214.350427
 21
5.920025
 31
0.0
  0
LINE
  8
0
  6
CONTINUOUS
 10
214.350427
 20
5.920025
 30
0.0
 11
214.355395
 21
5.904108
 31
0.0
  0
LINE
  8
0
  6
CONTINUOUS
 10
214.355395
 20
5.904108
 30
0.0
 11
214.359783
 21
5.888092
 31
0.0
  0
LINE
  8
0
  6
CONTINUOUS
 10
214.359783
 20
5.888092
 30
0.0
 11
214.363629
 21
5.871779
 31
0.0
  0
LINE
  8
0
  6
CONTINUOUS
 10
214.363629
 20
5.871779
 30
0.0
 11
214.366966
 21
5.854971
 31
0.0
  0
LINE
  8
0
  6
CONTINUOUS
 10
214.366966
 20
5.854971
 30
0.0
 11
214.369833
 21
5.837471
 31
0.0
  0
LINE
  8
0
  6
CONTINUOUS
 10
214.369833
 20
5.837471
 30
0.0
 11
214.372262
 21
5.819084
 31
0.0
  0
LINE
  8
0
  6
CONTINUOUS
 10
214.372262
 20
5.819084
 30
0.0
 11
214.374291
 21
5.799610
 31
0.0
  0
LINE
  8
0
  6
CONTINUOUS
 10
214.374291
 20
5.799610
 30
0.0
 11
214.375955
 21
5.778854
 31
0.0
  0
LINE
  8
0
  6
CONTINUOUS
 10
214.375955
 20
5.778854
 30
0.0
 11
214.377290
 21
5.756617
 31
0.0
  0
LINE
  8
0
  6
CONTINUOUS
 10
214.377290
 20
5.756617
 30
0.0
 11
214.378331
 21
5.732704
 31
0.0
  0
LINE
  8
0
  6
CONTINUOUS
 10
214.378331
 20
5.732704
 30
0.0
 11
214.379115
 21
5.706916
 31
0.0
  0
LINE
  8
0
  6
CONTINUOUS
 10
214.379115
 20
5.706916
 30
0.0
 11
214.379676
 21
5.679056
 31
0.0
  0
LINE
  8
0
  6
CONTINUOUS
 10
214.379676
 20
5.679056
 30
0.0
 11
214.380050
 21
5.648929
 31
0.0
  0
LINE
  8
0
  6
CONTINUOUS
 10
214.380050
 20
5.648929
 30
0.0
 11
214.380274
 21
5.616334
 31
0.0
  0
LINE
  8
0
  6
CONTINUOUS
 10
214.380274
 20
5.616334
 30
0.0
 11
214.380381
 21
5.581078
 31
0.0
  0
LINE
  8
0
  6
CONTINUOUS
 10
214.380381
 20
5.581078
 30
0.0
 11
214.380409
 21
5.542961
 31
0.0
  0
LINE
  8
0
  6
CONTINUOUS
 10
214.380409
 20
5.542961
 30
0.0
 11
214.380377
 21
5.505248
 31
0.0
  0
LINE
  8
0
  6
CONTINUOUS
 10
214.380377
 20
5.505248
 30
0.0
 11
214.380258
 21
5.470304
 31
0.0
  0
LINE
  8
0
  6
CONTINUOUS
 10
214.380258
 20
5.470304
 30
0.0
 11
214.380020
 21
5.437939
 31
0.0
  0
LINE
  8
0
  6
CONTINUOUS
 10
214.380020
 20
5.437939
 30
0.0
 11
214.379628
 21
5.407962
 31
0.0
  0
LINE
  8
0
  6
CONTINUOUS
 10
214.379628
 20
5.407962
 30
0.0
 11
214.379051
 21
5.380184
 31
0.0
  0
LINE
  8
0
  6
CONTINUOUS
 10
214.379051
 20
5.380184
 30
0.0
 11
214.378254
 21
5.354414
 31
0.0
  0
LINE
  8
0
  6
CONTINUOUS
 10
214.378254
 20
5.354414
 30
0.0
 11
214.377204
 21
5.330462
 31
0.0
  0
LINE
  8
0
  6
CONTINUOUS
 10
214.377204
 20
5.330462
 30
0.0
 11
214.375868
 21
5.308138
 31
0.0
  0
LINE
  8
0
  6
CONTINUOUS
 10
214.375868
 20
5.308138
 30
0.0
 11
214.374213
 21
5.287252
 31
0.0
  0
LINE
  8
0
  6
CONTINUOUS
 10
214.374213
 20
5.287252
 30
0.0
 11
214.372205
 21
5.267613
 31
0.0
  0
LINE
  8
0
  6
CONTINUOUS
 10
214.372205
 20
5.267613
 30
0.0
 11
214.369812
 21
5.249031
 31
0.0
  0
LINE
  8
0
  6
CONTINUOUS
 10
214.369812
 20
5.249031
 30
0.0
 11
214.366999
 21
5.231316
 31
0.0
  0
LINE
  8
0
  6
CONTINUOUS
 10
214.366999
 20
5.231316
 30
0.0
 11
214.363733
 21
5.214278
 31
0.0
  0
LINE
  8
0
  6
CONTINUOUS
 10
214.363733
 20
5.214278
 30
0.0
 11
214.359983
 21
5.197726
 31
0.0
  0
LINE
  8
0
  6
CONTINUOUS
 10
214.359983
 20
5.197726
 30
0.0
 11
214.355713
 21
5.181470
 31
0.0
  0
LINE
  8
0
  6
CONTINUOUS
 10
214.355713
 20
5.181470
 30
0.0
 11
214.350891
 21
5.165322
 31
0.0
  0
LINE
  8
0
  6
CONTINUOUS
 10
214.350891
 20
5.165322
 30
0.0
 11
214.345484
 21
5.149088
 31
0.0
  0
LINE
  8
0
  6
CONTINUOUS
 10
214.345484
 20
5.149088
 30
0.0
 11
214.339459
 21
5.132581
 31
0.0
  0
LINE
  8
0
  6
CONTINUOUS
 10
214.339459
 20
5.132581
 30
0.0
 11
214.332781
 21
5.115608
 31
0.0
  0
LINE
  8
0
  6
CONTINUOUS
 10
214.332781
 20
5.115608
 30
0.0
 11
214.325418
 21
5.097981
 31
0.0
  0
LINE
  8
0
  6
CONTINUOUS
 10
214.325418
 20
5.097981
 30
0.0
 11
214.317336
 21
5.079509
 31
0.0
  0
LINE
  8
0
  6
CONTINUOUS
 10
214.317336
 20
5.079509
 30
0.0
 11
214.308502
 21
5.060002
 31
0.0
  0
LINE
  8
0
  6
CONTINUOUS
 10
214.308502
 20
5.060002
 30
0.0
 11
214.298884
 21
5.039270
 31
0.0
  0
LINE
  8
0
  6
CONTINUOUS
 10
214.298884
 20
5.039270
 30
0.0
 11
214.288447
 21
5.017121
 31
0.0
  0
LINE
  8
0
  6
CONTINUOUS
 10
214.288447
 20
5.017121
 30
0.0
 11
214.281625
 21
5.003061
 31
0.0
  0
LINE
  8
0
  6
CONTINUOUS
 10
214.281625
 20
5.003061
 30
0.0
 11
214.274348
 21
4.988714
 31
0.0
  0
LINE
  8
0
  6
CONTINUOUS
 10
214.274348
 20
4.988714
 30
0.0
 11
214.266646
 21
4.974122
 31
0.0
  0
LINE
  8
0
  6
CONTINUOUS
 10
214.266646
 20
4.974122
 30
0.0
 11
214.258546
 21
4.959325
 31
0.0
  0
LINE
  8
0
  6
CONTINUOUS
 10
214.258546
 20
4.959325
 30
0.0
 11
214.250077
 21
4.944365
 31
0.0
  0
LINE
  8
0
  6
CONTINUOUS
 10
214.250077
 20
4.944365
 30
0.0
 11
214.241268
 21
4.929281
 31
0.0
  0
LINE
  8
0
  6
CONTINUOUS
 10
214.241268
 20
4.929281
 30
0.0
 11
214.232146
 21
4.914116
 31
0.0
  0
LINE
  8
0
  6
CONTINUOUS
 10
214.232146
 20
4.914116
 30
0.0
 11
214.222740
 21
4.898907
 31
0.0
  0
LINE
  8
0
  6
CONTINUOUS
 10
214.222740
 20
4.898907
 30
0.0
 11
214.213078
 21
4.883699
 31
0.0
  0
LINE
  8
0
  6
CONTINUOUS
 10
214.213078
 20
4.883699
 30
0.0
 11
214.203189
 21
4.868531
 31
0.0
  0
LINE
  8
0
  6
CONTINUOUS
 10
214.203189
 20
4.868531
 30
0.0
 11
214.193100
 21
4.853443
 31
0.0
  0
LINE
  8
0
  6
CONTINUOUS
 10
214.193100
 20
4.853443
 30
0.0
 11
214.182840
 21
4.838476
 31
0.0
  0
LINE
  8
0
  6
CONTINUOUS
 10
214.182840
 20
4.838476
 30
0.0
 11
214.172437
 21
4.823671
 31
0.0
  0
LINE
  8
0
  6
CONTINUOUS
 10
214.172437
 20
4.823671
 30
0.0
 11
214.161919
 21
4.809069
 31
0.0
  0
LINE
  8
0
  6
CONTINUOUS
 10
214.161919
 20
4.809069
 30
0.0
 11
214.151315
 21
4.794712
 31
0.0
  0
LINE
  8
0
  6
CONTINUOUS
 10
214.151315
 20
4.794712
 30
0.0
 11
214.140654
 21
4.780637
 31
0.0
  0
LINE
  8
0
  6
CONTINUOUS
 10
214.140654
 20
4.780637
 30
0.0
 11
214.129963
 21
4.766889
 31
0.0
  0
LINE
  8
0
  6
CONTINUOUS
 10
214.129963
 20
4.766889
 30
0.0
 11
214.119271
 21
4.753506
 31
0.0
  0
LINE
  8
0
  6
CONTINUOUS
 10
214.119271
 20
4.753506
 30
0.0
 11
214.108605
 21
4.740530
 31
0.0
  0
LINE
  8
0
  6
CONTINUOUS
 10
214.108605
 20
4.740530
 30
0.0
 11
214.097994
 21
4.728000
 31
0.0
  0
LINE
  8
0
  6
CONTINUOUS
 10
214.097994
 20
4.728000
 30
0.0
 11
214.087467
 21
4.715960
 31
0.0
  0
LINE
  8
0
  6
CONTINUOUS
 10
214.087467
 20
4.715960
 30
0.0
 11
214.077051
 21
4.704447
 31
0.0
  0
LINE
  8
0
  6
CONTINUOUS
 10
214.077051
 20
4.704447
 30
0.0
 11
214.066776
 21
4.693505
 31
0.0
  0
LINE
  8
0
  6
CONTINUOUS
 10
214.066776
 20
4.693505
 30
0.0
 11
214.056669
 21
4.683172
 31
0.0
  0
LINE
  8
0
  6
CONTINUOUS
 10
214.056669
 20
4.683172
 30
0.0
 11
214.034665
 21
4.661989
 31
0.0
  0
LINE
  8
0
  6
CONTINUOUS
 10
214.034665
 20
4.661989
 30
0.0
 11
214.011137
 21
4.640893
 31
0.0
  0
LINE
  8
0
  6
CONTINUOUS
 10
214.011137
 20
4.640893
 30
0.0
 11
213.986173
 21
4.619929
 31
0.0
  0
LINE
  8
0
  6
CONTINUOUS
 10
213.986173
 20
4.619929
 30
0.0
 11
213.959858
 21
4.599142
 31
0.0
  0
LINE
  8
0
  6
CONTINUOUS
 10
213.959858
 20
4.599142
 30
0.0
 11
213.932285
 21
4.578576
 31
0.0
  0
LINE
  8
0
  6
CONTINUOUS
 10
213.932285
 20
4.578576
 30
0.0
 11
213.903538
 21
4.558277
 31
0.0
  0
LINE
  8
0
  6
CONTINUOUS
 10
213.903538
 20
4.558277
 30
0.0
 11
213.873707
 21
4.538291
 31
0.0
  0
LINE
  8
0
  6
CONTINUOUS
 10
213.873707
 20
4.538291
 30
0.0
 11
213.842880
 21
4.518661
 31
0.0
  0
LINE
  8
0
  6
CONTINUOUS
 10
213.842880
 20
4.518661
 30
0.0
 11
213.811144
 21
4.499432
 31
0.0
  0
LINE
  8
0
  6
CONTINUOUS
 10
213.811144
 20
4.499432
 30
0.0
 11
213.778588
 21
4.480650
 31
0.0
  0
LINE
  8
0
  6
CONTINUOUS
 10
213.778588
 20
4.480650
 30
0.0
 11
213.745300
 21
4.462361
 31
0.0
  0
LINE
  8
0
  6
CONTINUOUS
 10
213.745300
 20
4.462361
 30
0.0
 11
213.711368
 21
4.444607
 31
0.0
  0
LINE
  8
0
  6
CONTINUOUS
 10
213.711368
 20
4.444607
 30
0.0
 11
213.676880
 21
4.427435
 31
0.0
  0
LINE
  8
0
  6
CONTINUOUS
 10
213.676880
 20
4.427435
 30
0.0
 11
213.641924
 21
4.410890
 31
0.0
  0
LINE
  8
0
  6
CONTINUOUS
 10
213.641924
 20
4.410890
 30
0.0
 11
213.606589
 21
4.395015
 31
0.0
  0
LINE
  8
0
  6
CONTINUOUS
 10
213.606589
 20
4.395015
 30
0.0
 11
213.570961
 21
4.379858
 31
0.0
  0
LINE
  8
0
  6
CONTINUOUS
 10
213.570961
 20
4.379858
 30
0.0
 11
213.535130
 21
4.365461
 31
0.0
  0
LINE
  8
0
  6
CONTINUOUS
 10
213.535130
 20
4.365461
 30
0.0
 11
213.499184
 21
4.351871
 31
0.0
  0
LINE
  8
0
  6
CONTINUOUS
 10
213.499184
 20
4.351871
 30
0.0
 11
213.463210
 21
4.339133
 31
0.0
  0
LINE
  8
0
  6
CONTINUOUS
 10
213.463210
 20
4.339133
 30
0.0
 11
213.427296
 21
4.327290
 31
0.0
  0
LINE
  8
0
  6
CONTINUOUS
 10
213.427296
 20
4.327290
 30
0.0
 11
213.391531
 21
4.316389
 31
0.0
  0
LINE
  8
0
  6
CONTINUOUS
 10
213.391531
 20
4.316389
 30
0.0
 11
213.356003
 21
4.306473
 31
0.0
  0
LINE
  8
0
  6
CONTINUOUS
 10
213.356003
 20
4.306473
 30
0.0
 11
213.320800
 21
4.297589
 31
0.0
  0
LINE
  8
0
  6
CONTINUOUS
 10
213.320800
 20
4.297589
 30
0.0
 11
213.286009
 21
4.289782
 31
0.0
  0
LINE
  8
0
  6
CONTINUOUS
 10
213.286009
 20
4.289782
 30
0.0
 11
213.252160
 21
4.283359
 31
0.0
  0
LINE
  8
0
  6
CONTINUOUS
 10
213.252160
 20
4.283359
 30
0.0
 11
213.214734
 21
4.277504
 31
0.0
  0
LINE
  8
0
  6
CONTINUOUS
 10
213.214734
 20
4.277504
 30
0.0
 11
213.174057
 21
4.272218
 31
0.0
  0
LINE
  8
0
  6
CONTINUOUS
 10
213.174057
 20
4.272218
 30
0.0
 11
213.130456
 21
4.267499
 31
0.0
  0
LINE
  8
0
  6
CONTINUOUS
 10
213.130456
 20
4.267499
 30
0.0
 11
213.084259
 21
4.263347
 31
0.0
  0
LINE
  8
0
  6
CONTINUOUS
 10
213.084259
 20
4.263347
 30
0.0
 11
213.035793
 21
4.259763
 31
0.0
  0
LINE
  8
0
  6
CONTINUOUS
 10
213.035793
 20
4.259763
 30
0.0
 11
212.985385
 21
4.256745
 31
0.0
  0
LINE
  8
0
  6
CONTINUOUS
 10
212.985385
 20
4.256745
 30
0.0
 11
212.933362
 21
4.254292
 31
0.0
  0
LINE
  8
0
  6
CONTINUOUS
 10
212.933362
 20
4.254292
 30
0.0
 11
212.880053
 21
4.252405
 31
0.0
  0
LINE
  8
0
  6
CONTINUOUS
 10
212.880053
 20
4.252405
 30
0.0
 11
212.825783
 21
4.251083
 31
0.0
  0
LINE
  8
0
  6
CONTINUOUS
 10
212.825783
 20
4.251083
 30
0.0
 11
212.770879
 21
4.250324
 31
0.0
  0
LINE
  8
0
  6
CONTINUOUS
 10
212.770879
 20
4.250324
 30
0.0
 11
212.715670
 21
4.250130
 31
0.0
  0
LINE
  8
0
  6
CONTINUOUS
 10
212.715670
 20
4.250130
 30
0.0
 11
212.660482
 21
4.250498
 31
0.0
  0
LINE
  8
0
  6
CONTINUOUS
 10
212.660482
 20
4.250498
 30
0.0
 11
212.605643
 21
4.251429
 31
0.0
  0
LINE
  8
0
  6
CONTINUOUS
 10
212.605643
 20
4.251429
 30
0.0
 11
212.551480
 21
4.252922
 31
0.0
  0
LINE
  8
0
  6
CONTINUOUS
 10
212.551480
 20
4.252922
 30
0.0
 11
212.498319
 21
4.254977
 31
0.0
  0
LINE
  8
0
  6
CONTINUOUS
 10
212.498319
 20
4.254977
 30
0.0
 11
212.446489
 21
4.257593
 31
0.0
  0
LINE
  8
0
  6
CONTINUOUS
 10
212.446489
 20
4.257593
 30
0.0
 11
212.396316
 21
4.260770
 31
0.0
  0
LINE
  8
0
  6
CONTINUOUS
 10
212.396316
 20
4.260770
 30
0.0
 11
212.348128
 21
4.264507
 31
0.0
  0
LINE
  8
0
  6
CONTINUOUS
 10
212.348128
 20
4.264507
 30
0.0
 11
212.302252
 21
4.268803
 31
0.0
  0
LINE
  8
0
  6
CONTINUOUS
 10
212.302252
 20
4.268803
 30
0.0
 11
212.259014
 21
4.273658
 31
0.0
  0
LINE
  8
0
  6
CONTINUOUS
 10
212.259014
 20
4.273658
 30
0.0
 11
212.218744
 21
4.279072
 31
0.0
  0
LINE
  8
0
  6
CONTINUOUS
 10
212.218744
 20
4.279072
 30
0.0
 11
212.181766
 21
4.285044
 31
0.0
  0
LINE
  8
0
  6
CONTINUOUS
 10
212.181766
 20
4.285044
 30
0.0
 11
212.148409
 21
4.291573
 31
0.0
  0
LINE
  8
0
  6
CONTINUOUS
 10
213.236823
 20
4.348324
 30
0.0
 11
213.326968
 21
4.368510
 31
0.0
  0
LINE
  8
0
  6
CONTINUOUS
 10
213.326968
 20
4.368510
 30
0.0
 11
213.413757
 21
4.392399
 31
0.0
  0
LINE
  8
0
  6
CONTINUOUS
 10
213.413757
 20
4.392399
 30
0.0
 11
213.497118
 21
4.419901
 31
0.0
  0
LINE
  8
0
  6
CONTINUOUS
 10
213.497118
 20
4.419901
 30
0.0
 11
213.576978
 21
4.450929
 31
0.0
  0
LINE
  8
0
  6
CONTINUOUS
 10
213.576978
 20
4.450929
 30
0.0
 11
213.653264
 21
4.485393
 31
0.0
  0
LINE
  8
0
  6
CONTINUOUS
 10
213.653264
 20
4.485393
 30
0.0
 11
213.725905
 21
4.523208
 31
0.0
  0
LINE
  8
0
  6
CONTINUOUS
 10
213.725905
 20
4.523208
 30
0.0
 11
213.794828
 21
4.564284
 31
0.0
  0
LINE
  8
0
  6
CONTINUOUS
 10
213.794828
 20
4.564284
 30
0.0
 11
213.859961
 21
4.608533
 31
0.0
  0
LINE
  8
0
  6
CONTINUOUS
 10
213.859961
 20
4.608533
 30
0.0
 11
213.921232
 21
4.655868
 31
0.0
  0
LINE
  8
0
  6
CONTINUOUS
 10
213.921232
 20
4.655868
 30
0.0
 11
213.978568
 21
4.706200
 31
0.0
  0
LINE
  8
0
  6
CONTINUOUS
 10
213.978568
 20
4.706200
 30
0.0
 11
214.031897
 21
4.759442
 31
0.0
  0
LINE
  8
0
  6
CONTINUOUS
 10
214.031897
 20
4.759442
 30
0.0
 11
214.081147
 21
4.815505
 31
0.0
  0
LINE
  8
0
  6
CONTINUOUS
 10
214.081147
 20
4.815505
 30
0.0
 11
214.126245
 21
4.874302
 31
0.0
  0
LINE
  8
0
  6
CONTINUOUS
 10
214.126245
 20
4.874302
 30
0.0
 11
214.167120
 21
4.935745
 31
0.0
  0
LINE
  8
0
  6
CONTINUOUS
 10
214.167120
 20
4.935745
 30
0.0
 11
214.203699
 21
4.999745
 31
0.0
  0
LINE
  8
0
  6
CONTINUOUS
 10
214.203699
 20
4.999745
 30
0.0
 11
214.235909
 21
5.066215
 31
0.0
  0
LINE
  8
0
  6
CONTINUOUS
 10
214.235909
 20
5.066215
 30
0.0
 11
214.263679
 21
5.135066
 31
0.0
  0
LINE
  8
0
  6
CONTINUOUS
 10
214.263679
 20
5.135066
 30
0.0
 11
214.286935
 21
5.206211
 31
0.0
  0
LINE
  8
0
  6
CONTINUOUS
 10
214.286935
 20
5.206211
 30
0.0
 11
214.305608
 21
5.279561
 31
0.0
  0
LINE
  8
0
  6
CONTINUOUS
 10
214.305608
 20
5.279561
 30
0.0
 11
214.319622
 21
5.355028
 31
0.0
  0
LINE
  8
0
  6
CONTINUOUS
 10
214.319622
 20
5.355028
 30
0.0
 11
214.328906
 21
5.432525
 31
0.0
  0
LINE
  8
0
  6
CONTINUOUS
 10
214.328906
 20
5.432525
 30
0.0
 11
214.333389
 21
5.511964
 31
0.0
  0
LINE
  8
0
  6
CONTINUOUS
 10
214.333389
 20
5.511964
 30
0.0
 11
214.332997
 21
5.593256
 31
0.0
  0
LINE
  8
0
  6
CONTINUOUS
 10
214.332997
 20
5.593256
 30
0.0
 11
214.327659
 21
5.676315
 31
0.0
  0
LINE
  8
0
  6
CONTINUOUS
 10
214.327659
 20
5.676315
 30
0.0
 11
214.320202
 21
5.740337
 31
0.0
  0
LINE
  8
0
  6
CONTINUOUS
 10
214.320202
 20
5.740337
 30
0.0
 11
214.309924
 21
5.802001
 31
0.0
  0
LINE
  8
0
  6
CONTINUOUS
 10
214.309924
 20
5.802001
 30
0.0
 11
214.296684
 21
5.861434
 31
0.0
  0
LINE
  8
0
  6
CONTINUOUS
 10
214.296684
 20
5.861434
 30
0.0
 11
214.280342
 21
5.918768
 31
0.0
  0
LINE
  8
0
  6
CONTINUOUS
 10
214.280342
 20
5.918768
 30
0.0
 11
214.260759
 21
5.974130
 31
0.0
  0
LINE
  8
0
  6
CONTINUOUS
 10
214.260759
 20
5.974130
 30
0.0
 11
214.237794
 21
6.027652
 31
0.0
  0
LINE
  8
0
  6
CONTINUOUS
 10
214.237794
 20
6.027652
 30
0.0
 11
214.211306
 21
6.079463
 31
0.0
  0
LINE
  8
0
  6
CONTINUOUS
 10
214.211306
 20
6.079463
 30
0.0
 11
214.181156
 21
6.129692
 31
0.0
  0
LINE
  8
0
  6
CONTINUOUS
 10
214.181156
 20
6.129692
 30
0.0
 11
214.147204
 21
6.178467
 31
0.0
  0
LINE
  8
0
  6
CONTINUOUS
 10
214.147204
 20
6.178467
 30
0.0
 11
214.109309
 21
6.225920
 31
0.0
  0
LINE
  8
0
  6
CONTINUOUS
 10
214.109309
 20
6.225920
 30
0.0
 11
214.067332
 21
6.272180
 31
0.0
  0
LINE
  8
0
  6
CONTINUOUS
 10
214.067332
 20
6.272180
 30
0.0
 11
214.021131
 21
6.317377
 31
0.0
  0
LINE
  8
0
  6
CONTINUOUS
 10
214.021131
 20
6.317377
 30
0.0
 11
213.970568
 21
6.361639
 31
0.0
  0
LINE
  8
0
  6
CONTINUOUS
 10
213.970568
 20
6.361639
 30
0.0
 11
213.915503
 21
6.405095
 31
0.0
  0
LINE
  8
0
  6
CONTINUOUS
 10
213.915503
 20
6.405095
 30
0.0
 11
213.855794
 21
6.447878
 31
0.0
  0
LINE
  8
0
  6
CONTINUOUS
 10
213.855794
 20
6.447878
 30
0.0
 11
213.791302
 21
6.490114
 31
0.0
  0
LINE
  8
0
  6
CONTINUOUS
 10
213.791302
 20
6.490114
 30
0.0
 11
213.721886
 21
6.531934
 31
0.0
  0
LINE
  8
0
  6
CONTINUOUS
 10
213.721886
 20
6.531934
 30
0.0
 11
213.647407
 21
6.573468
 31
0.0
  0
LINE
  8
0
  6
CONTINUOUS
 10
213.647407
 20
6.573468
 30
0.0
 11
213.567725
 21
6.614845
 31
0.0
  0
LINE
  8
0
  6
CONTINUOUS
 10
213.567725
 20
6.614845
 30
0.0
 11
213.482698
 21
6.656194
 31
0.0
  0
LINE
  8
0
  6
CONTINUOUS
 10
213.482698
 20
6.656194
 30
0.0
 11
213.392189
 21
6.697646
 31
0.0
  0
LINE
  8
0
  6
CONTINUOUS
 10
213.392189
 20
6.697646
 30
0.0
 11
213.296054
 21
6.739329
 31
0.0
  0
LINE
  8
0
  6
CONTINUOUS
 10
213.296054
 20
6.739329
 30
0.0
 11
213.194156
 21
6.781373
 31
0.0
  0
LINE
  8
0
  6
CONTINUOUS
 10
213.194156
 20
6.781373
 30
0.0
 11
213.086354
 21
6.823908
 31
0.0
  0
LINE
  8
0
  6
CONTINUOUS
 10
213.086354
 20
6.823908
 30
0.0
 11
213.002489
 21
6.856678
 31
0.0
  0
LINE
  8
0
  6
CONTINUOUS
 10
213.002489
 20
6.856678
 30
0.0
 11
212.924028
 21
6.888121
 31
0.0
  0
LINE
  8
0
  6
CONTINUOUS
 10
212.924028
 20
6.888121
 30
0.0
 11
212.850806
 21
6.918365
 31
0.0
  0
LINE
  8
0
  6
CONTINUOUS
 10
212.850806
 20
6.918365
 30
0.0
 11
212.782663
 21
6.947544
 31
0.0
  0
LINE
  8
0
  6
CONTINUOUS
 10
212.782663
 20
6.947544
 30
0.0
 11
212.719432
 21
6.975789
 31
0.0
  0
LINE
  8
0
  6
CONTINUOUS
 10
212.719432
 20
6.975789
 30
0.0
 11
212.660954
 21
7.003230
 31
0.0
  0
LINE
  8
0
  6
CONTINUOUS
 10
212.660954
 20
7.003230
 30
0.0
 11
212.607063
 21
7.029999
 31
0.0
  0
LINE
  8
0
  6
CONTINUOUS
 10
212.607063
 20
7.029999
 30
0.0
 11
212.557597
 21
7.056228
 31
0.0
  0
LINE
  8
0
  6
CONTINUOUS
 10
212.557597
 20
7.056228
 30
0.0
 11
212.512393
 21
7.082048
 31
0.0
  0
LINE
  8
0
  6
CONTINUOUS
 10
212.512393
 20
7.082048
 30
0.0
 11
212.471287
 21
7.107590
 31
0.0
  0
LINE
  8
0
  6
CONTINUOUS
 10
212.471287
 20
7.107590
 30
0.0
 11
212.434116
 21
7.132986
 31
0.0
  0
LINE
  8
0
  6
CONTINUOUS
 10
212.434116
 20
7.132986
 30
0.0
 11
212.400718
 21
7.158367
 31
0.0
  0
LINE
  8
0
  6
CONTINUOUS
 10
212.400718
 20
7.158367
 30
0.0
 11
212.370929
 21
7.183864
 31
0.0
  0
LINE
  8
0
  6
CONTINUOUS
 10
212.370929
 20
7.183864
 30
0.0
 11
212.344587
 21
7.209609
 31
0.0
  0
LINE
  8
0
  6
CONTINUOUS
 10
212.344587
 20
7.209609
 30
0.0
 11
212.321527
 21
7.235732
 31
0.0
  0
LINE
  8
0
  6
CONTINUOUS
 10
212.321527
 20
7.235732
 30
0.0
 11
212.301587
 21
7.262366
 31
0.0
  0
LINE
  8
0
  6
CONTINUOUS
 10
212.301587
 20
7.262366
 30
0.0
 11
212.284604
 21
7.289641
 31
0.0
  0
LINE
  8
0
  6
CONTINUOUS
 10
212.284604
 20
7.289641
 30
0.0
 11
212.270414
 21
7.317690
 31
0.0
  0
LINE
  8
0
  6
CONTINUOUS
 10
212.270414
 20
7.317690
 30
0.0
 11
212.258855
 21
7.346642
 31
0.0
  0
LINE
  8
0
  6
CONTINUOUS
 10
212.258855
 20
7.346642
 30
0.0
 11
212.249764
 21
7.376631
 31
0.0
  0
LINE
  8
0
  6
CONTINUOUS
 10
212.249764
 20
7.376631
 30
0.0
 11
212.242976
 21
7.407785
 31
0.0
  0
LINE
  8
0
  6
CONTINUOUS
 10
212.242976
 20
7.407785
 30
0.0
 11
212.238330
 21
7.440239
 31
0.0
  0
LINE
  8
0
  6
CONTINUOUS
 10
212.238330
 20
7.440239
 30
0.0
 11
212.235662
 21
7.474122
 31
0.0
  0
LINE
  8
0
  6
CONTINUOUS
 10
212.235662
 20
7.474122
 30
0.0
 11
212.234809
 21
7.509566
 31
0.0
  0
LINE
  8
0
  6
CONTINUOUS
 10
212.234809
 20
7.509566
 30
0.0
 11
212.236011
 21
7.543862
 31
0.0
  0
LINE
  8
0
  6
CONTINUOUS
 10
212.236011
 20
7.543862
 30
0.0
 11
212.239589
 21
7.577030
 31
0.0
  0
LINE
  8
0
  6
CONTINUOUS
 10
212.239589
 20
7.577030
 30
0.0
 11
212.245506
 21
7.609040
 31
0.0
  0
LINE
  8
0
  6
CONTINUOUS
 10
212.245506
 20
7.609040
 30
0.0
 11
212.253721
 21
7.639863
 31
0.0
  0
LINE
  8
0
  6
CONTINUOUS
 10
212.253721
 20
7.639863
 30
0.0
 11
212.264195
 21
7.669467
 31
0.0
  0
LINE
  8
0
  6
CONTINUOUS
 10
212.264195
 20
7.669467
 30
0.0
 11
212.276889
 21
7.697827
 31
0.0
  0
LINE
  8
0
  6
CONTINUOUS
 10
212.276889
 20
7.697827
 30
0.0
 11
212.291763
 21
7.724910
 31
0.0
  0
LINE
  8
0
  6
CONTINUOUS
 10
212.291763
 20
7.724910
 30
0.0
 11
212.308778
 21
7.750689
 31
0.0
  0
LINE
  8
0
  6
CONTINUOUS
 10
212.308778
 20
7.750689
 30
0.0
 11
212.327895
 21
7.775133
 31
0.0
  0
LINE
  8
0
  6
CONTINUOUS
 10
212.327895
 20
7.775133
 30
0.0
 11
212.349073
 21
7.798212
 31
0.0
  0
LINE
  8
0
  6
CONTINUOUS
 10
212.349073
 20
7.798212
 30
0.0
 11
212.372275
 21
7.819900
 31
0.0
  0
LINE
  8
0
  6
CONTINUOUS
 10
212.372275
 20
7.819900
 30
0.0
 11
212.397459
 21
7.840163
 31
0.0
  0
LINE
  8
0
  6
CONTINUOUS
 10
212.397459
 20
7.840163
 30
0.0
 11
212.424589
 21
7.858975
 31
0.0
  0
LINE
  8
0
  6
CONTINUOUS
 10
212.424589
 20
7.858975
 30
0.0
 11
212.453622
 21
7.876305
 31
0.0
  0
LINE
  8
0
  6
CONTINUOUS
 10
212.453622
 20
7.876305
 30
0.0
 11
212.484522
 21
7.892125
 31
0.0
  0
LINE
  8
0
  6
CONTINUOUS
 10
212.484522
 20
7.892125
 30
0.0
 11
212.517247
 21
7.906404
 31
0.0
  0
LINE
  8
0
  6
CONTINUOUS
 10
212.517247
 20
7.906404
 30
0.0
 11
212.551758
 21
7.919114
 31
0.0
  0
LINE
  8
0
  6
CONTINUOUS
 10
212.551758
 20
7.919114
 30
0.0
 11
212.588017
 21
7.930223
 31
0.0
  0
LINE
  8
0
  6
CONTINUOUS
 10
212.588017
 20
7.930223
 30
0.0
 11
212.625984
 21
7.939705
 31
0.0
  0
LINE
  8
0
  6
CONTINUOUS
 10
212.625984
 20
7.939705
 30
0.0
 11
212.665619
 21
7.947529
 31
0.0
  0
LINE
  8
0
  6
CONTINUOUS
 10
212.665619
 20
7.947529
 30
0.0
 11
212.706883
 21
7.953665
 31
0.0
  0
LINE
  8
0
  6
CONTINUOUS
 10
212.706883
 20
7.953665
 30
0.0
 11
212.749737
 21
7.958085
 31
0.0
  0
LINE
  8
0
  6
CONTINUOUS
 10
212.749737
 20
7.958085
 30
0.0
 11
212.794141
 21
7.960758
 31
0.0
  0
LINE
  8
0
  6
CONTINUOUS
 10
212.794141
 20
7.960758
 30
0.0
 11
212.840057
 21
7.961655
 31
0.0
  0
LINE
  8
0
  6
CONTINUOUS
 10
212.840057
 20
7.961655
 30
0.0
 11
212.861664
 21
7.961579
 31
0.0
  0
LINE
  8
0
  6
CONTINUOUS
 10
212.861664
 20
7.961579
 30
0.0
 11
212.882218
 21
7.961344
 31
0.0
  0
LINE
  8
0
  6
CONTINUOUS
 10
212.882218
 20
7.961344
 30
0.0
 11
212.901789
 21
7.960933
 31
0.0
  0
LINE
  8
0
  6
CONTINUOUS
 10
212.901789
 20
7.960933
 30
0.0
 11
212.920446
 21
7.960336
 31
0.0
  0
LINE
  8
0
  6
CONTINUOUS
 10
212.920446
 20
7.960336
 30
0.0
 11
212.938257
 21
7.959535
 31
0.0
  0
LINE
  8
0
  6
CONTINUOUS
 10
212.938257
 20
7.959535
 30
0.0
 11
212.955290
 21
7.958519
 31
0.0
  0
LINE
  8
0
  6
CONTINUOUS
 10
212.955290
 20
7.958519
 30
0.0
 11
212.971617
 21
7.957272
 31
0.0
  0
LINE
  8
0
  6
CONTINUOUS
 10
212.971617
 20
7.957272
 30
0.0
 11
212.987305
 21
7.955783
 31
0.0
  0
LINE
  8
0
  6
CONTINUOUS
 10
212.987305
 20
7.955783
 30
0.0
 11
213.002422
 21
7.954034
 31
0.0
  0
LINE
  8
0
  6
CONTINUOUS
 10
213.002422
 20
7.954034
 30
0.0
 11
213.017039
 21
7.952014
 31
0.0
  0
LINE
  8
0
  6
CONTINUOUS
 10
213.017039
 20
7.952014
 30
0.0
 11
213.031224
 21
7.949709
 31
0.0
  0
LINE
  8
0
  6
CONTINUOUS
 10
213.031224
 20
7.949709
 30
0.0
 11
213.045045
 21
7.947105
 31
0.0
  0
LINE
  8
0
  6
CONTINUOUS
 10
213.045045
 20
7.947105
 30
0.0
 11
213.058573
 21
7.944186
 31
0.0
  0
LINE
  8
0
  6
CONTINUOUS
 10
213.058573
 20
7.944186
 30
0.0
 11
213.071875
 21
7.940941
 31
0.0
  0
LINE
  8
0
  6
CONTINUOUS
 10
213.071875
 20
7.940941
 30
0.0
 11
213.085021
 21
7.937354
 31
0.0
  0
LINE
  8
0
  6
CONTINUOUS
 10
213.085021
 20
7.937354
 30
0.0
 11
213.098080
 21
7.933411
 31
0.0
  0
LINE
  8
0
  6
CONTINUOUS
 10
213.098080
 20
7.933411
 30
0.0
 11
213.111121
 21
7.929100
 31
0.0
  0
LINE
  8
0
  6
CONTINUOUS
 10
213.111121
 20
7.929100
 30
0.0
 11
213.124212
 21
7.924406
 31
0.0
  0
LINE
  8
0
  6
CONTINUOUS
 10
213.124212
 20
7.924406
 30
0.0
 11
213.137422
 21
7.919315
 31
0.0
  0
LINE
  8
0
  6
CONTINUOUS
 10
213.137422
 20
7.919315
 30
0.0
 11
213.150820
 21
7.913812
 31
0.0
  0
LINE
  8
0
  6
CONTINUOUS
 10
213.150820
 20
7.913812
 30
0.0
 11
213.164477
 21
7.907885
 31
0.0
  0
LINE
  8
0
  6
CONTINUOUS
 10
213.164477
 20
7.907885
 30
0.0
 11
213.178459
 21
7.901520
 31
0.0
  0
LINE
  8
0
  6
CONTINUOUS
 10
213.178459
 20
7.901520
 30
0.0
 11
213.192837
 21
7.894701
 31
0.0
  0
LINE
  8
0
  6
CONTINUOUS
 10
213.192837
 20
7.894701
 30
0.0
 11
213.207678
 21
7.887416
 31
0.0
  0
LINE
  8
0
  6
CONTINUOUS
 10
213.207678
 20
7.887416
 30
0.0
 11
213.225011
 21
7.878490
 31
0.0
  0
LINE
  8
0
  6
CONTINUOUS
 10
213.225011
 20
7.878490
 30
0.0
 11
213.242238
 21
7.869050
 31
0.0
  0
LINE
  8
0
  6
CONTINUOUS
 10
213.242238
 20
7.869050
 30
0.0
 11
213.259317
 21
7.859137
 31
0.0
  0
LINE
  8
0
  6
CONTINUOUS
 10
213.259317
 20
7.859137
 30
0.0
 11
213.276208
 21
7.848787
 31
0.0
  0
LINE
  8
0
  6
CONTINUOUS
 10
213.276208
 20
7.848787
 30
0.0
 11
213.292866
 21
7.838040
 31
0.0
  0
LINE
  8
0
  6
CONTINUOUS
 10
213.292866
 20
7.838040
 30
0.0
 11
213.309250
 21
7.826935
 31
0.0
  0
LINE
  8
0
  6
CONTINUOUS
 10
213.309250
 20
7.826935
 30
0.0
 11
213.325319
 21
7.815510
 31
0.0
  0
LINE
  8
0
  6
CONTINUOUS
 10
213.325319
 20
7.815510
 30
0.0
 11
213.341029
 21
7.803804
 31
0.0
  0
LINE
  8
0
  6
CONTINUOUS
 10
213.341029
 20
7.803804
 30
0.0
 11
213.356340
 21
7.791857
 31
0.0
  0
LINE
  8
0
  6
CONTINUOUS
 10
213.356340
 20
7.791857
 30
0.0
 11
213.371208
 21
7.779706
 31
0.0
  0
LINE
  8
0
  6
CONTINUOUS
 10
213.371208
 20
7.779706
 30
0.0
 11
213.385592
 21
7.767389
 31
0.0
  0
LINE
  8
0
  6
CONTINUOUS
 10
213.385592
 20
7.767389
 30
0.0
 11
213.399449
 21
7.754948
 31
0.0
  0
LINE
  8
0
  6
CONTINUOUS
 10
213.399449
 20
7.754948
 30
0.0
 11
213.412738
 21
7.742418
 31
0.0
  0
LINE
  8
0
  6
CONTINUOUS
 10
213.412738
 20
7.742418
 30
0.0
 11
213.425416
 21
7.729840
 31
0.0
  0
LINE
  8
0
  6
CONTINUOUS
 10
213.425416
 20
7.729840
 30
0.0
 11
213.437441
 21
7.717253
 31
0.0
  0
LINE
  8
0
  6
CONTINUOUS
 10
213.437441
 20
7.717253
 30
0.0
 11
213.448771
 21
7.704694
 31
0.0
  0
LINE
  8
0
  6
CONTINUOUS
 10
213.448771
 20
7.704694
 30
0.0
 11
213.459365
 21
7.692204
 31
0.0
  0
LINE
  8
0
  6
CONTINUOUS
 10
213.459365
 20
7.692204
 30
0.0
 11
213.469178
 21
7.679820
 31
0.0
  0
LINE
  8
0
  6
CONTINUOUS
 10
213.469178
 20
7.679820
 30
0.0
 11
213.478171
 21
7.667581
 31
0.0
  0
LINE
  8
0
  6
CONTINUOUS
 10
213.478171
 20
7.667581
 30
0.0
 11
213.486301
 21
7.655525
 31
0.0
  0
LINE
  8
0
  6
CONTINUOUS
 10
213.486301
 20
7.655525
 30
0.0
 11
213.493525
 21
7.643693
 31
0.0
  0
LINE
  8
0
  6
CONTINUOUS
 10
213.493525
 20
7.643693
 30
0.0
 11
213.499802
 21
7.632122
 31
0.0
  0
LINE
  8
0
  6
CONTINUOUS
 10
213.499802
 20
7.632122
 30
0.0
 11
213.505088
 21
7.620851
 31
0.0
  0
LINE
  8
0
  6
CONTINUOUS
 10
213.505088
 20
7.620851
 30
0.0
 11
213.509343
 21
7.609920
 31
0.0
  0
LINE
  8
0
  6
CONTINUOUS
 10
213.509343
 20
7.609920
 30
0.0
 11
213.510898
 21
7.607243
 31
0.0
  0
LINE
  8
0
  6
CONTINUOUS
 10
213.510898
 20
7.607243
 30
0.0
 11
213.513425
 21
7.605379
 31
0.0
  0
LINE
  8
0
  6
CONTINUOUS
 10
213.513425
 20
7.605379
 30
0.0
 11
213.516925
 21
7.604327
 31
0.0
  0
LINE
  8
0
  6
CONTINUOUS
 10
213.516925
 20
7.604327
 30
0.0
 11
213.521397
 21
7.604088
 31
0.0
  0
LINE
  8
0
  6
CONTINUOUS
 10
213.521397
 20
7.604088
 30
0.0
 11
213.526840
 21
7.604660
 31
0.0
  0
LINE
  8
0
  6
CONTINUOUS
 10
213.526840
 20
7.604660
 30
0.0
 11
213.533254
 21
7.606043
 31
0.0
  0
LINE
  8
0
  6
CONTINUOUS
 10
213.533254
 20
7.606043
 30
0.0
 11
213.540637
 21
7.608238
 31
0.0
  0
LINE
  8
0
  6
CONTINUOUS
 10
213.540637
 20
7.608238
 30
0.0
 11
213.548991
 21
7.611243
 31
0.0
  0
LINE
  8
0
  6
CONTINUOUS
 10
213.548991
 20
7.611243
 30
0.0
 11
213.558314
 21
7.615059
 31
0.0
  0
LINE
  8
0
  6
CONTINUOUS
 10
213.558314
 20
7.615059
 30
0.0
 11
213.568606
 21
7.619686
 31
0.0
  0
LINE
  8
0
  6
CONTINUOUS
 10
213.568606
 20
7.619686
 30
0.0
 11
213.579866
 21
7.625122
 31
0.0
  0
LINE
  8
0
  6
CONTINUOUS
 10
213.579866
 20
7.625122
 30
0.0
 11
213.592094
 21
7.631369
 31
0.0
  0
LINE
  8
0
  6
CONTINUOUS
 10
213.592094
 20
7.631369
 30
0.0
 11
213.605288
 21
7.638424
 31
0.0
  0
LINE
  8
0
  6
CONTINUOUS
 10
213.605288
 20
7.638424
 30
0.0
 11
213.619450
 21
7.646289
 31
0.0
  0
LINE
  8
0
  6
CONTINUOUS
 10
213.619450
 20
7.646289
 30
0.0
 11
213.634578
 21
7.654963
 31
0.0
  0
LINE
  8
0
  6
CONTINUOUS
 10
213.634578
 20
7.654963
 30
0.0
 11
213.650671
 21
7.664445
 31
0.0
  0
LINE
  8
0
  6
CONTINUOUS
 10
213.650671
 20
7.664445
 30
0.0
 11
213.667729
 21
7.674737
 31
0.0
  0
LINE
  8
0
  6
CONTINUOUS
 10
213.667729
 20
7.674737
 30
0.0
 11
213.685752
 21
7.685837
 31
0.0
  0
LINE
  8
0
  6
CONTINUOUS
 10
213.685752
 20
7.685837
 30
0.0
 11
213.704739
 21
7.697744
 31
0.0
  0
LINE
  8
0
  6
CONTINUOUS
 10
213.704739
 20
7.697744
 30
0.0
 11
213.724689
 21
7.710459
 31
0.0
  0
LINE
  8
0
  6
CONTINUOUS
 10
213.724689
 20
7.710459
 30
0.0
 11
213.745603
 21
7.723980
 31
0.0
  0
LINE
  8
0
  6
CONTINUOUS
 10
213.745603
 20
7.723980
 30
0.0
 11
213.767479
 21
7.738310
 31
0.0
  0
LINE
  8
0
  6
CONTINUOUS
 10
213.767479
 20
7.738310
 30
0.0
 11
213.790317
 21
7.753446
 31
0.0
  0
LINE
  8
0
  6
CONTINUOUS
 10
213.790317
 20
7.753446
 30
0.0
 11
213.814117
 21
7.769389
 31
0.0
  0
LINE
  8
0
  6
CONTINUOUS
 10
213.814117
 20
7.769389
 30
0.0
 11
213.834056
 21
7.782840
 31
0.0
  0
LINE
  8
0
  6
CONTINUOUS
 10
213.834056
 20
7.782840
 30
0.0
 11
213.853704
 21
7.796149
 31
0.0
  0
LINE
  8
0
  6
CONTINUOUS
 10
213.853704
 20
7.796149
 30
0.0
 11
213.873014
 21
7.809281
 31
0.0
  0
LINE
  8
0
  6
CONTINUOUS
 10
213.873014
 20
7.809281
 30
0.0
 11
213.891939
 21
7.822204
 31
0.0
  0
LINE
  8
0
  6
CONTINUOUS
 10
213.891939
 20
7.822204
 30
0.0
 11
213.910434
 21
7.834885
 31
0.0
  0
LINE
  8
0
  6
CONTINUOUS
 10
213.910434
 20
7.834885
 30
0.0
 11
213.928452
 21
7.847291
 31
0.0
  0
LINE
  8
0
  6
CONTINUOUS
 10
213.928452
 20
7.847291
 30
0.0
 11
213.945946
 21
7.859390
 31
0.0
  0
LINE
  8
0
  6
CONTINUOUS
 10
213.945946
 20
7.859390
 30
0.0
 11
213.962872
 21
7.871148
 31
0.0
  0
LINE
  8
0
  6
CONTINUOUS
 10
213.962872
 20
7.871148
 30
0.0
 11
213.979181
 21
7.882533
 31
0.0
  0
LINE
  8
0
  6
CONTINUOUS
 10
213.979181
 20
7.882533
 30
0.0
 11
213.994829
 21
7.893512
 31
0.0
  0
LINE
  8
0
  6
CONTINUOUS
 10
213.994829
 20
7.893512
 30
0.0
 11
214.009769
 21
7.904050
 31
0.0
  0
LINE
  8
0
  6
CONTINUOUS
 10
214.009769
 20
7.904050
 30
0.0
 11
214.023955
 21
7.914116
 31
0.0
  0
LINE
  8
0
  6
CONTINUOUS
 10
214.023955
 20
7.914116
 30
0.0
 11
214.037339
 21
7.923678
 31
0.0
  0
LINE
  8
0
  6
CONTINUOUS
 10
214.037339
 20
7.923678
 30
0.0
 11
214.049877
 21
7.932701
 31
0.0
  0
LINE
  8
0
  6
CONTINUOUS
 10
214.049877
 20
7.932701
 30
0.0
 11
214.061522
 21
7.941153
 31
0.0
  0
LINE
  8
0
  6
CONTINUOUS
 10
214.061522
 20
7.941153
 30
0.0
 11
214.072229
 21
7.949001
 31
0.0
  0
LINE
  8
0
  6
CONTINUOUS
 10
214.072229
 20
7.949001
 30
0.0
 11
214.081949
 21
7.956213
 31
0.0
  0
LINE
  8
0
  6
CONTINUOUS
 10
214.081949
 20
7.956213
 30
0.0
 11
214.090637
 21
7.962754
 31
0.0
  0
LINE
  8
0
  6
CONTINUOUS
 10
214.090637
 20
7.962754
 30
0.0
 11
214.098248
 21
7.968593
 31
0.0
  0
LINE
  8
0
  6
CONTINUOUS
 10
214.098248
 20
7.968593
 30
0.0
 11
214.104734
 21
7.973696
 31
0.0
  0
LINE
  8
0
  6
CONTINUOUS
 10
214.104734
 20
7.973696
 30
0.0
 11
214.110050
 21
7.978031
 31
0.0
  0
LINE
  8
0
  6
CONTINUOUS
 10
214.110050
 20
7.978031
 30
0.0
 11
214.114150
 21
7.981563
 31
0.0
  0
LINE
  8
0
  6
CONTINUOUS
 10
214.114150
 20
7.981563
 30
0.0
 11
214.116986
 21
7.984262
 31
0.0
  0
LINE
  8
0
  6
CONTINUOUS
 10
214.116986
 20
7.984262
 30
0.0
 11
214.118513
 21
7.986094
 31
0.0
  0
LINE
  8
0
  6
CONTINUOUS
 10
214.118513
 20
7.986094
 30
0.0
 11
214.120445
 21
7.992171
 31
0.0
  0
LINE
  8
0
  6
CONTINUOUS
 10
214.120445
 20
7.992171
 30
0.0
 11
214.120101
 21
8.000220
 31
0.0
  0
LINE
  8
0
  6
CONTINUOUS
 10
214.120101
 20
8.000220
 30
0.0
 11
214.117610
 21
8.010084
 31
0.0
  0
LINE
  8
0
  6
CONTINUOUS
 10
214.117610
 20
8.010084
 30
0.0
 11
214.113108
 21
8.021607
 31
0.0
  0
LINE
  8
0
  6
CONTINUOUS
 10
214.113108
 20
8.021607
 30
0.0
 11
214.106724
 21
8.034631
 31
0.0
  0
LINE
  8
0
  6
CONTINUOUS
 10
214.106724
 20
8.034631
 30
0.0
 11
214.098591
 21
8.049001
 31
0.0
  0
LINE
  8
0
  6
CONTINUOUS
 10
214.098591
 20
8.049001
 30
0.0
 11
214.088840
 21
8.064560
 31
0.0
  0
LINE
  8
0
  6
CONTINUOUS
 10
214.088840
 20
8.064560
 30
0.0
 11
214.077604
 21
8.081153
 31
0.0
  0
LINE
  8
0
  6
CONTINUOUS
 10
214.077604
 20
8.081153
 30
0.0
 11
214.065014
 21
8.098621
 31
0.0
  0
LINE
  8
0
  6
CONTINUOUS
 10
214.065014
 20
8.098621
 30
0.0
 11
214.051204
 21
8.116810
 31
0.0
  0
LINE
  8
0
  6
CONTINUOUS
 10
214.051204
 20
8.116810
 30
0.0
 11
214.036303
 21
8.135562
 31
0.0
  0
LINE
  8
0
  6
CONTINUOUS
 10
214.036303
 20
8.135562
 30
0.0
 11
214.020445
 21
8.154721
 31
0.0
  0
LINE
  8
0
  6
CONTINUOUS
 10
214.020445
 20
8.154721
 30
0.0
 11
214.003762
 21
8.174132
 31
0.0
  0
LINE
  8
0
  6
CONTINUOUS
 10
214.003762
 20
8.174132
 30
0.0
 11
213.986386
 21
8.193637
 31
0.0
  0
LINE
  8
0
  6
CONTINUOUS
 10
213.986386
 20
8.193637
 30
0.0
 11
213.968447
 21
8.213080
 31
0.0
  0
LINE
  8
0
  6
CONTINUOUS
 10
213.968447
 20
8.213080
 30
0.0
 11
213.950078
 21
8.232305
 31
0.0
  0
LINE
  8
0
  6
CONTINUOUS
 10
213.950078
 20
8.232305
 30
0.0
 11
213.931412
 21
8.251155
 31
0.0
  0
LINE
  8
0
  6
CONTINUOUS
 10
213.931412
 20
8.251155
 30
0.0
 11
213.912580
 21
8.269474
 31
0.0
  0
LINE
  8
0
  6
CONTINUOUS
 10
213.912580
 20
8.269474
 30
0.0
 11
213.893715
 21
8.287105
 31
0.0
  0
LINE
  8
0
  6
CONTINUOUS
 10
213.893715
 20
8.287105
 30
0.0
 11
213.874947
 21
8.303893
 31
0.0
  0
LINE
  8
0
  6
CONTINUOUS
 10
213.874947
 20
8.303893
 30
0.0
 11
213.856409
 21
8.319680
 31
0.0
  0
LINE
  8
0
  6
CONTINUOUS
 10
213.856409
 20
8.319680
 30
0.0
 11
213.838233
 21
8.334311
 31
0.0
  0
LINE
  8
0
  6
CONTINUOUS
 10
213.838233
 20
8.334311
 30
0.0
 11
213.820551
 21
8.347628
 31
0.0
  0
LINE
  8
0
  6
CONTINUOUS
 10
213.820551
 20
8.347628
 30
0.0
 11
213.803495
 21
8.359477
 31
0.0
  0
LINE
  8
0
  6
CONTINUOUS
 10
213.803495
 20
8.359477
 30
0.0
 11
213.738308
 21
8.399622
 31
0.0
  0
LINE
  8
0
  6
CONTINUOUS
 10
213.738308
 20
8.399622
 30
0.0
 11
213.669428
 21
8.436294
 31
0.0
  0
LINE
  8
0
  6
CONTINUOUS
 10
213.669428
 20
8.436294
 30
0.0
 11
213.597185
 21
8.469493
 31
0.0
  0
LINE
  8
0
  6
CONTINUOUS
 10
213.597185
 20
8.469493
 30
0.0
 11
213.521907
 21
8.499217
 31
0.0
  0
LINE
  8
0
  6
CONTINUOUS
 10
213.521907
 20
8.499217
 30
0.0
 11
213.443923
 21
8.525467
 31
0.0
  0
LINE
  8
0
  6
CONTINUOUS
 10
213.443923
 20
8.525467
 30
0.0
 11
213.363565
 21
8.548241
 31
0.0
  0
LINE
  8
0
  6
CONTINUOUS
 10
213.363565
 20
8.548241
 30
0.0
 11
213.281161
 21
8.567539
 31
0.0
  0
LINE
  8
0
  6
CONTINUOUS
 10
213.281161
 20
8.567539
 30
0.0
 11
213.197040
 21
8.583360
 31
0.0
  0
LINE
  8
0
  6
CONTINUOUS
 10
213.197040
 20
8.583360
 30
0.0
 11
213.111533
 21
8.595704
 31
0.0
  0
LINE
  8
0
  6
CONTINUOUS
 10
213.111533
 20
8.595704
 30
0.0
 11
213.024967
 21
8.604569
 31
0.0
  0
LINE
  8
0
  6
CONTINUOUS
 10
213.024967
 20
8.604569
 30
0.0
 11
212.937674
 21
8.609957
 31
0.0
  0
LINE
  8
0
  6
CONTINUOUS
 10
212.937674
 20
8.609957
 30
0.0
 11
212.849983
 21
8.611865
 31
0.0
  0
LINE
  8
0
  6
CONTINUOUS
 10
212.849983
 20
8.611865
 30
0.0
 11
212.762222
 21
8.610292
 31
0.0
  0
LINE
  8
0
  6
CONTINUOUS
 10
212.762222
 20
8.610292
 30
0.0
 11
212.674722
 21
8.605240
 31
0.0
  0
LINE
  8
0
  6
CONTINUOUS
 10
212.674722
 20
8.605240
 30
0.0
 11
212.587812
 21
8.596705
 31
0.0
  0
LINE
  8
0
  6
CONTINUOUS
 10
212.587812
 20
8.596705
 30
0.0
 11
212.501821
 21
8.584689
 31
0.0
  0
LINE
  8
0
  6
CONTINUOUS
 10
212.501821
 20
8.584689
 30
0.0
 11
212.417080
 21
8.569191
 31
0.0
  0
LINE
  8
0
  6
CONTINUOUS
 10
212.417080
 20
8.569191
 30
0.0
 11
212.333917
 21
8.550210
 31
0.0
  0
LINE
  8
0
  6
CONTINUOUS
 10
212.333917
 20
8.550210
 30
0.0
 11
212.252662
 21
8.527745
 31
0.0
  0
LINE
  8
0
  6
CONTINUOUS
 10
212.252662
 20
8.527745
 30
0.0
 11
212.173645
 21
8.501795
 31
0.0
  0
LINE
  8
0
  6
CONTINUOUS
 10
212.173645
 20
8.501795
 30
0.0
 11
212.097193
 21
8.472361
 31
0.0
  0
LINE
  8
0
  6
CONTINUOUS
 10
212.097193
 20
8.472361
 30
0.0
 11
212.023639
 21
8.439441
 31
0.0
  0
LINE
  8
0
  6
CONTINUOUS
 10
212.023639
 20
8.439441
 30
0.0
 11
211.953311
 21
8.403035
 31
0.0
  0
LINE
  8
0
  6
CONTINUOUS
 10
211.953311
 20
8.403035
 30
0.0
 11
211.886538
 21
8.363141
 31
0.0
  0
LINE
  8
0
  6
CONTINUOUS
 10
211.886538
 20
8.363141
 30
0.0
 11
211.838201
 21
8.330595
 31
0.0
  0
LINE
  8
0
  6
CONTINUOUS
 10
211.838201
 20
8.330595
 30
0.0
 11
211.791989
 21
8.296382
 31
0.0
  0
LINE
  8
0
  6
CONTINUOUS
 10
211.791989
 20
8.296382
 30
0.0
 11
211.747930
 21
8.260570
 31
0.0
  0
LINE
  8
0
  6
CONTINUOUS
 10
211.747930
 20
8.260570
 30
0.0
 11
211.706055
 21
8.223222
 31
0.0
  0
LINE
  8
0
  6
CONTINUOUS
 10
211.706055
 20
8.223222
 30
0.0
 11
211.666395
 21
8.184403
 31
0.0
  0
LINE
  8
0
  6
CONTINUOUS
 10
211.666395
 20
8.184403
 30
0.0
 11
211.628978
 21
8.144180
 31
0.0
  0
LINE
  8
0
  6
CONTINUOUS
 10
211.628978
 20
8.144180
 30
0.0
 11
211.593836
 21
8.102613
 31
0.0
  0
LINE
  8
0
  6
CONTINUOUS
 10
211.593836
 20
8.102613
 30
0.0
 11
211.560997
 21
8.059771
 31
0.0
  0
LINE
  8
0
  6
CONTINUOUS
 10
211.560997
 20
8.059771
 30
0.0
 11
211.530492
 21
8.015717
 31
0.0
  0
LINE
  8
0
  6
CONTINUOUS
 10
211.530492
 20
8.015717
 30
0.0
 11
211.502351
 21
7.970517
 31
0.0
  0
LINE
  8
0
  6
CONTINUOUS
 10
211.502351
 20
7.970517
 30
0.0
 11
211.476604
 21
7.924234
 31
0.0
  0
LINE
  8
0
  6
CONTINUOUS
 10
211.476604
 20
7.924234
 30
0.0
 11
211.453280
 21
7.876934
 31
0.0
  0
LINE
  8
0
  6
CONTINUOUS
 10
211.453280
 20
7.876934
 30
0.0
 11
211.432410
 21
7.828682
 31
0.0
  0
LINE
  8
0
  6
CONTINUOUS
 10
211.432410
 20
7.828682
 30
0.0
 11
211.414024
 21
7.779542
 31
0.0
  0
LINE
  8
0
  6
CONTINUOUS
 10
211.414024
 20
7.779542
 30
0.0
 11
211.398151
 21
7.729578
 31
0.0
  0
LINE
  8
0
  6
CONTINUOUS
 10
211.398151
 20
7.729578
 30
0.0
 11
211.384822
 21
7.678857
 31
0.0
  0
LINE
  8
0
  6
CONTINUOUS
 10
211.384822
 20
7.678857
 30
0.0
 11
211.374067
 21
7.627443
 31
0.0
  0
LINE
  8
0
  6
CONTINUOUS
 10
211.374067
 20
7.627443
 30
0.0
 11
211.365915
 21
7.575399
 31
0.0
  0
LINE
  8
0
  6
CONTINUOUS
 10
211.365915
 20
7.575399
 30
0.0
 11
211.360397
 21
7.522793
 31
0.0
  0
LINE
  8
0
  6
CONTINUOUS
 10
211.360397
 20
7.522793
 30
0.0
 11
211.357543
 21
7.469686
 31
0.0
  0
LINE
  8
0
  6
CONTINUOUS
 10
211.357543
 20
7.469686
 30
0.0
 11
211.357381
 21
7.416145
 31
0.0
  0
LINE
  8
0
  6
CONTINUOUS
 10
211.357381
 20
7.416145
 30
0.0
 11
211.359943
 21
7.362235
 31
0.0
  0
LINE
  8
0
  6
CONTINUOUS
 10
211.359943
 20
7.362235
 30
0.0
 11
211.365257
 21
7.308021
 31
0.0
  0
LINE
  8
0
  6
CONTINUOUS
 10
211.365257
 20
7.308021
 30
0.0
 11
211.373356
 21
7.253566
 31
0.0
  0
LINE
  8
0
  6
CONTINUOUS
 10
211.373356
 20
7.253566
 30
0.0
 11
211.384820
 21
7.196460
 31
0.0
  0
LINE
  8
0
  6
CONTINUOUS
 10
211.384820
 20
7.196460
 30
0.0
 11
211.399087
 21
7.141170
 31
0.0
  0
LINE
  8
0
  6
CONTINUOUS
 10
211.399087
 20
7.141170
 30
0.0
 11
211.416301
 21
7.087579
 31
0.0
  0
LINE
  8
0
  6
CONTINUOUS
 10
211.416301
 20
7.087579
 30
0.0
 11
211.436602
 21
7.035569
 31
0.0
  0
LINE
  8
0
  6
CONTINUOUS
 10
211.436602
 20
7.035569
 30
0.0
 11
211.460132
 21
6.985022
 31
0.0
  0
LINE
  8
0
  6
CONTINUOUS
 10
211.460132
 20
6.985022
 30
0.0
 11
211.487032
 21
6.935821
 31
0.0
  0
LINE
  8
0
  6
CONTINUOUS
 10
211.487032
 20
6.935821
 30
0.0
 11
211.517446
 21
6.887848
 31
0.0
  0
LINE
  8
0
  6
CONTINUOUS
 10
211.517446
 20
6.887848
 30
0.0
 11
211.551513
 21
6.840987
 31
0.0
  0
LINE
  8
0
  6
CONTINUOUS
 10
211.551513
 20
6.840987
 30
0.0
 11
211.589377
 21
6.795119
 31
0.0
  0
LINE
  8
0
  6
CONTINUOUS
 10
211.589377
 20
6.795119
 30
0.0
 11
211.631179
 21
6.750127
 31
0.0
  0
LINE
  8
0
  6
CONTINUOUS
 10
211.631179
 20
6.750127
 30
0.0
 11
211.677061
 21
6.705894
 31
0.0
  0
LINE
  8
0
  6
CONTINUOUS
 10
211.677061
 20
6.705894
 30
0.0
 11
211.727165
 21
6.662302
 31
0.0
  0
LINE
  8
0
  6
CONTINUOUS
 10
211.727165
 20
6.662302
 30
0.0
 11
211.781632
 21
6.619233
 31
0.0
  0
LINE
  8
0
  6
CONTINUOUS
 10
211.781632
 20
6.619233
 30
0.0
 11
211.840605
 21
6.576569
 31
0.0
  0
LINE
  8
0
  6
CONTINUOUS
 10
211.840605
 20
6.576569
 30
0.0
 11
211.904224
 21
6.534195
 31
0.0
  0
LINE
  8
0
  6
CONTINUOUS
 10
211.904224
 20
6.534195
 30
0.0
 11
211.972633
 21
6.491991
 31
0.0
  0
LINE
  8
0
  6
CONTINUOUS
 10
211.972633
 20
6.491991
 30
0.0
 11
212.045971
 21
6.449841
 31
0.0
  0
LINE
  8
0
  6
CONTINUOUS
 10
212.045971
 20
6.449841
 30
0.0
 11
212.124383
 21
6.407627
 31
0.0
  0
LINE
  8
0
  6
CONTINUOUS
 10
212.124383
 20
6.407627
 30
0.0
 11
212.208008
 21
6.365231
 31
0.0
  0
LINE
  8
0
  6
CONTINUOUS
 10
212.208008
 20
6.365231
 30
0.0
 11
212.296990
 21
6.322535
 31
0.0
  0
LINE
  8
0
  6
CONTINUOUS
 10
212.296990
 20
6.322535
 30
0.0
 11
212.391470
 21
6.279425
 31
0.0
  0
LINE
  8
0
  6
CONTINUOUS
 10
212.391470
 20
6.279425
 30
0.0
 11
212.491588
 21
6.235778
 31
0.0
  0
LINE
  8
0
  6
CONTINUOUS
 10
212.491588
 20
6.235778
 30
0.0
 11
212.597489
 21
6.191481
 31
0.0
  0
LINE
  8
0
  6
CONTINUOUS
 10
212.597489
 20
6.191481
 30
0.0
 11
212.709313
 21
6.146414
 31
0.0
  0
LINE
  8
0
  6
CONTINUOUS
 10
212.709313
 20
6.146414
 30
0.0
 11
212.759575
 21
6.126381
 31
0.0
  0
LINE
  8
0
  6
CONTINUOUS
 10
212.759575
 20
6.126381
 30
0.0
 11
212.806978
 21
6.107223
 31
0.0
  0
LINE
  8
0
  6
CONTINUOUS
 10
212.806978
 20
6.107223
 30
0.0
 11
212.851646
 21
6.088868
 31
0.0
  0
LINE
  8
0
  6
CONTINUOUS
 10
212.851646
 20
6.088868
 30
0.0
 11
212.893705
 21
6.071243
 31
0.0
  0
LINE
  8
0
  6
CONTINUOUS
 10
212.893705
 20
6.071243
 30
0.0
 11
212.933281
 21
6.054275
 31
0.0
  0
LINE
  8
0
  6
CONTINUOUS
 10
212.933281
 20
6.054275
 30
0.0
 11
212.970500
 21
6.037894
 31
0.0
  0
LINE
  8
0
  6
CONTINUOUS
 10
212.970500
 20
6.037894
 30
0.0
 11
213.005488
 21
6.022027
 31
0.0
  0
LINE
  8
0
  6
CONTINUOUS
 10
213.005488
 20
6.022027
 30
0.0
 11
213.038370
 21
6.006601
 31
0.0
  0
LINE
  8
0
  6
CONTINUOUS
 10
213.038370
 20
6.006601
 30
0.0
 11
213.069272
 21
5.991544
 31
0.0
  0
LINE
  8
0
  6
CONTINUOUS
 10
213.069272
 20
5.991544
 30
0.0
 11
213.098321
 21
5.976785
 31
0.0
  0
LINE
  8
0
  6
CONTINUOUS
 10
213.098321
 20
5.976785
 30
0.0
 11
213.125642
 21
5.962250
 31
0.0
  0
LINE
  8
0
  6
CONTINUOUS
 10
213.125642
 20
5.962250
 30
0.0
 11
213.151360
 21
5.947867
 31
0.0
  0
LINE
  8
0
  6
CONTINUOUS
 10
213.151360
 20
5.947867
 30
0.0
 11
213.175604
 21
5.933564
 31
0.0
  0
LINE
  8
0
  6
CONTINUOUS
 10
213.175604
 20
5.933564
 30
0.0
 11
213.198495
 21
5.919271
 31
0.0
  0
LINE
  8
0
  6
CONTINUOUS
 10
213.198495
 20
5.919271
 30
0.0
 11
213.220163
 21
5.904911
 31
0.0
  0
LINE
  8
0
  6
CONTINUOUS
 10
213.220163
 20
5.904911
 30
0.0
 11
213.240732
 21
5.890416
 31
0.0
  0
LINE
  8
0
  6
CONTINUOUS
 10
213.240732
 20
5.890416
 30
0.0
 11
213.260328
 21
5.875712
 31
0.0
  0
LINE
  8
0
  6
CONTINUOUS
 10
213.260328
 20
5.875712
 30
0.0
 11
213.279077
 21
5.860727
 31
0.0
  0
LINE
  8
0
  6
CONTINUOUS
 10
213.279077
 20
5.860727
 30
0.0
 11
213.297104
 21
5.845388
 31
0.0
  0
LINE
  8
0
  6
CONTINUOUS
 10
213.297104
 20
5.845388
 30
0.0
 11
213.314536
 21
5.829624
 31
0.0
  0
LINE
  8
0
  6
CONTINUOUS
 10
213.314536
 20
5.829624
 30
0.0
 11
213.331499
 21
5.813362
 31
0.0
  0
LINE
  8
0
  6
CONTINUOUS
 10
213.331499
 20
5.813362
 30
0.0
 11
213.348118
 21
5.796530
 31
0.0
  0
LINE
  8
0
  6
CONTINUOUS
 10
213.348118
 20
5.796530
 30
0.0
 11
213.364518
 21
5.779056
 31
0.0
  0
LINE
  8
0
  6
CONTINUOUS
 10
213.364518
 20
5.779056
 30
0.0
 11
213.380827
 21
5.760868
 31
0.0
  0
LINE
  8
0
  6
CONTINUOUS
 10
213.380827
 20
5.760868
 30
0.0
 11
213.391984
 21
5.747999
 31
0.0
  0
LINE
  8
0
  6
CONTINUOUS
 10
213.391984
 20
5.747999
 30
0.0
 11
213.402332
 21
5.735691
 31
0.0
  0
LINE
  8
0
  6
CONTINUOUS
 10
213.402332
 20
5.735691
 30
0.0
 11
213.411895
 21
5.723858
 31
0.0
  0
LINE
  8
0
  6
CONTINUOUS
 10
213.411895
 20
5.723858
 30
0.0
 11
213.420698
 21
5.712411
 31
0.0
  0
LINE
  8
0
  6
CONTINUOUS
 10
213.420698
 20
5.712411
 30
0.0
 11
213.428767
 21
5.701264
 31
0.0
  0
LINE
  8
0
  6
CONTINUOUS
 10
213.428767
 20
5.701264
 30
0.0
 11
213.436126
 21
5.690329
 31
0.0
  0
LINE
  8
0
  6
CONTINUOUS
 10
213.436126
 20
5.690329
 30
0.0
 11
213.442801
 21
5.679519
 31
0.0
  0
LINE
  8
0
  6
CONTINUOUS
 10
213.442801
 20
5.679519
 30
0.0
 11
213.448816
 21
5.668747
 31
0.0
  0
LINE
  8
0
  6
CONTINUOUS
 10
213.448816
 20
5.668747
 30
0.0
 11
213.454197
 21
5.657925
 31
0.0
  0
LINE
  8
0
  6
CONTINUOUS
 10
213.454197
 20
5.657925
 30
0.0
 11
213.458970
 21
5.646968
 31
0.0
  0
LINE
  8
0
  6
CONTINUOUS
 10
213.458970
 20
5.646968
 30
0.0
 11
213.463157
 21
5.635786
 31
0.0
  0
LINE
  8
0
  6
CONTINUOUS
 10
213.463157
 20
5.635786
 30
0.0
 11
213.466786
 21
5.624294
 31
0.0
  0
LINE
  8
0
  6
CONTINUOUS
 10
213.466786
 20
5.624294
 30
0.0
 11
213.469881
 21
5.612403
 31
0.0
  0
LINE
  8
0
  6
CONTINUOUS
 10
213.469881
 20
5.612403
 30
0.0
 11
213.472467
 21
5.600028
 31
0.0
  0
LINE
  8
0
  6
CONTINUOUS
 10
213.472467
 20
5.600028
 30
0.0
 11
213.474569
 21
5.587081
 31
0.0
  0
LINE
  8
0
  6
CONTINUOUS
 10
213.474569
 20
5.587081
 30
0.0
 11
213.476212
 21
5.573473
 31
0.0
  0
LINE
  8
0
  6
CONTINUOUS
 10
213.476212
 20
5.573473
 30
0.0
 11
213.477421
 21
5.559119
 31
0.0
  0
LINE
  8
0
  6
CONTINUOUS
 10
213.477421
 20
5.559119
 30
0.0
 11
213.478222
 21
5.543931
 31
0.0
  0
LINE
  8
0
  6
CONTINUOUS
 10
213.478222
 20
5.543931
 30
0.0
 11
213.478640
 21
5.527822
 31
0.0
  0
LINE
  8
0
  6
CONTINUOUS
 10
213.478640
 20
5.527822
 30
0.0
 11
213.478699
 21
5.510704
 31
0.0
  0
LINE
  8
0
  6
CONTINUOUS
 10
213.478699
 20
5.510704
 30
0.0
 11
213.478425
 21
5.492492
 31
0.0
  0
LINE
  8
0
  6
CONTINUOUS
 10
213.478425
 20
5.492492
 30
0.0
 11
213.477842
 21
5.473096
 31
0.0
  0
LINE
  8
0
  6
CONTINUOUS
 10
213.477842
 20
5.473096
 30
0.0
 11
213.476976
 21
5.452431
 31
0.0
  0
LINE
  8
0
  6
CONTINUOUS
 10
213.476976
 20
5.452431
 30
0.0
 11
213.475851
 21
5.430408
 31
0.0
  0
LINE
  8
0
  6
CONTINUOUS
 10
213.475851
 20
5.430408
 30
0.0
 11
213.472479
 21
5.394126
 31
0.0
  0
LINE
  8
0
  6
CONTINUOUS
 10
213.472479
 20
5.394126
 30
0.0
 11
213.466432
 21
5.358887
 31
0.0
  0
LINE
  8
0
  6
CONTINUOUS
 10
213.466432
 20
5.358887
 30
0.0
 11
213.457774
 21
5.324737
 31
0.0
  0
LINE
  8
0
  6
CONTINUOUS
 10
213.457774
 20
5.324737
 30
0.0
 11
213.446569
 21
5.291718
 31
0.0
  0
LINE
  8
0
  6
CONTINUOUS
 10
213.446569
 20
5.291718
 30
0.0
 11
213.432878
 21
5.259876
 31
0.0
  0
LINE
  8
0
  6
CONTINUOUS
 10
213.432878
 20
5.259876
 30
0.0
 11
213.416762
 21
5.229255
 31
0.0
  0
LINE
  8
0
  6
CONTINUOUS
 10
213.416762
 20
5.229255
 30
0.0
 11
213.398287
 21
5.199900
 31
0.0
  0
LINE
  8
0
  6
CONTINUOUS
 10
213.398287
 20
5.199900
 30
0.0
 11
213.377513
 21
5.171854
 31
0.0
  0
LINE
  8
0
  6
CONTINUOUS
 10
213.377513
 20
5.171854
 30
0.0
 11
213.354504
 21
5.145164
 31
0.0
  0
LINE
  8
0
  6
CONTINUOUS
 10
213.354504
 20
5.145164
 30
0.0
 11
213.329321
 21
5.119873
 31
0.0
  0
LINE
  8
0
  6
CONTINUOUS
 10
213.329321
 20
5.119873
 30
0.0
 11
213.302028
 21
5.096025
 31
0.0
  0
LINE
  8
0
  6
CONTINUOUS
 10
213.302028
 20
5.096025
 30
0.0
 11
213.272687
 21
5.073667
 31
0.0
  0
LINE
  8
0
  6
CONTINUOUS
 10
213.272687
 20
5.073667
 30
0.0
 11
213.241360
 21
5.052841
 31
0.0
  0
LINE
  8
0
  6
CONTINUOUS
 10
213.241360
 20
5.052841
 30
0.0
 11
213.208110
 21
5.033591
 31
0.0
  0
LINE
  8
0
  6
CONTINUOUS
 10
213.208110
 20
5.033591
 30
0.0
 11
213.173000
 21
5.015965
 31
0.0
  0
LINE
  8
0
  6
CONTINUOUS
 10
213.173000
 20
5.015965
 30
0.0
 11
213.136093
 21
5.000004
 31
0.0
  0
LINE
  8
0
  6
CONTINUOUS
 10
213.136093
 20
5.000004
 30
0.0
 11
213.097450
 21
4.985755
 31
0.0
  0
LINE
  8
0
  6
CONTINUOUS
 10
213.097450
 20
4.985755
 30
0.0
 11
213.057134
 21
4.973261
 31
0.0
  0
LINE
  8
0
  6
CONTINUOUS
 10
213.057134
 20
4.973261
 30
0.0
 11
213.015208
 21
4.962567
 31
0.0
  0
LINE
  8
0
  6
CONTINUOUS
 10
213.015208
 20
4.962567
 30
0.0
 11
212.971734
 21
4.953717
 31
0.0
  0
LINE
  8
0
  6
CONTINUOUS
 10
212.971734
 20
4.953717
 30
0.0
 11
212.926775
 21
4.946757
 31
0.0
  0
LINE
  8
0
  6
CONTINUOUS
 10
212.926775
 20
4.946757
 30
0.0
 11
212.880395
 21
4.941730
 31
0.0
  0
LINE
  8
0
  6
CONTINUOUS
 10
212.880395
 20
4.941730
 30
0.0
 11
212.832653
 21
4.938681
 31
0.0
  0
LINE
  8
0
  6
CONTINUOUS
 10
212.832653
 20
4.938681
 30
0.0
 11
212.783615
 21
4.937655
 31
0.0
  0
LINE
  8
0
  6
CONTINUOUS
 10
212.783615
 20
4.937655
 30
0.0
 11
212.735355
 21
4.938477
 31
0.0
  0
LINE
  8
0
  6
CONTINUOUS
 10
212.735355
 20
4.938477
 30
0.0
 11
212.687977
 21
4.940930
 31
0.0
  0
LINE
  8
0
  6
CONTINUOUS
 10
212.687977
 20
4.940930
 30
0.0
 11
212.641513
 21
4.944998
 31
0.0
  0
LINE
  8
0
  6
CONTINUOUS
 10
212.641513
 20
4.944998
 30
0.0
 11
212.595994
 21
4.950666
 31
0.0
  0
LINE
  8
0
  6
CONTINUOUS
 10
212.595994
 20
4.950666
 30
0.0
 11
212.551452
 21
4.957916
 31
0.0
  0
LINE
  8
0
  6
CONTINUOUS
 10
212.551452
 20
4.957916
 30
0.0
 11
212.507919
 21
4.966733
 31
0.0
  0
LINE
  8
0
  6
CONTINUOUS
 10
212.507919
 20
4.966733
 30
0.0
 11
212.465427
 21
4.977099
 31
0.0
  0
LINE
  8
0
  6
CONTINUOUS
 10
212.465427
 20
4.977099
 30
0.0
 11
212.424008
 21
4.988999
 31
0.0
  0
LINE
  8
0
  6
CONTINUOUS
 10
212.424008
 20
4.988999
 30
0.0
 11
212.383695
 21
5.002415
 31
0.0
  0
LINE
  8
0
  6
CONTINUOUS
 10
212.383695
 20
5.002415
 30
0.0
 11
212.344518
 21
5.017333
 31
0.0
  0
LINE
  8
0
  6
CONTINUOUS
 10
212.344518
 20
5.017333
 30
0.0
 11
212.306510
 21
5.033735
 31
0.0
  0
LINE
  8
0
  6
CONTINUOUS
 10
212.306510
 20
5.033735
 30
0.0
 11
212.269702
 21
5.051604
 31
0.0
  0
LINE
  8
0
  6
CONTINUOUS
 10
212.269702
 20
5.051604
 30
0.0
 11
212.234128
 21
5.070925
 31
0.0
  0
LINE
  8
0
  6
CONTINUOUS
 10
212.234128
 20
5.070925
 30
0.0
 11
212.199817
 21
5.091681
 31
0.0
  0
LINE
  8
0
  6
CONTINUOUS
 10
212.199817
 20
5.091681
 30
0.0
 11
212.166804
 21
5.113856
 31
0.0
  0
LINE
  8
0
  6
CONTINUOUS
 10
212.166804
 20
5.113856
 30
0.0
 11
212.135118
 21
5.137433
 31
0.0
  0
LINE
  8
0
  6
CONTINUOUS
 10
212.135118
 20
5.137433
 30
0.0
 11
212.104793
 21
5.162396
 31
0.0
  0
LINE
  8
0
  6
CONTINUOUS
 10
212.104793
 20
5.162396
 30
0.0
 11
212.075860
 21
5.188728
 31
0.0
  0
LINE
  8
0
  6
CONTINUOUS
 10
212.075860
 20
5.188728
 30
0.0
 11
212.048350
 21
5.216413
 31
0.0
  0
LINE
  8
0
  6
CONTINUOUS
 10
212.048350
 20
5.216413
 30
0.0
 11
212.022298
 21
5.245435
 31
0.0
  0
LINE
  8
0
  6
CONTINUOUS
 10
212.022298
 20
5.245435
 30
0.0
 11
211.997732
 21
5.275778
 31
0.0
  0
LINE
  8
0
  6
CONTINUOUS
 10
211.997732
 20
5.275778
 30
0.0
 11
211.974687
 21
5.307424
 31
0.0
  0
LINE
  8
0
  6
CONTINUOUS
 10
211.974687
 20
5.307424
 30
0.0
 11
211.953193
 21
5.340357
 31
0.0
  0
LINE
  8
0
  6
CONTINUOUS
 10
211.953193
 20
5.340357
 30
0.0
 11
211.933283
 21
5.374562
 31
0.0
  0
LINE
  8
0
  6
CONTINUOUS
 10
211.514842
 20
5.356515
 30
0.0
 11
211.492385
 21
5.344065
 31
0.0
  0
LINE
  8
0
  6
CONTINUOUS
 10
211.492385
 20
5.344065
 30
0.0
 11
211.470268
 21
5.331675
 31
0.0
  0
LINE
  8
0
  6
CONTINUOUS
 10
211.470268
 20
5.331675
 30
0.0
 11
211.448544
 21
5.319377
 31
0.0
  0
LINE
  8
0
  6
CONTINUOUS
 10
211.448544
 20
5.319377
 30
0.0
 11
211.427263
 21
5.307203
 31
0.0
  0
LINE
  8
0
  6
CONTINUOUS
 10
211.427263
 20
5.307203
 30
0.0
 11
211.406476
 21
5.295187
 31
0.0
  0
LINE
  8
0
  6
CONTINUOUS
 10
211.406476
 20
5.295187
 30
0.0
 11
211.386237
 21
5.283361
 31
0.0
  0
LINE
  8
0
  6
CONTINUOUS
 10
211.386237
 20
5.283361
 30
0.0
 11
211.366597
 21
5.271758
 31
0.0
  0
LINE
  8
0
  6
CONTINUOUS
 10
211.366597
 20
5.271758
 30
0.0
 11
211.347607
 21
5.260412
 31
0.0
  0
LINE
  8
0
  6
CONTINUOUS
 10
211.347607
 20
5.260412
 30
0.0
 11
211.329319
 21
5.249355
 31
0.0
  0
LINE
  8
0
  6
CONTINUOUS
 10
211.329319
 20
5.249355
 30
0.0
 11
211.311785
 21
5.238620
 31
0.0
  0
LINE
  8
0
  6
CONTINUOUS
 10
211.311785
 20
5.238620
 30
0.0
 11
211.295056
 21
5.228238
 31
0.0
  0
LINE
  8
0
  6
CONTINUOUS
 10
211.295056
 20
5.228238
 30
0.0
 11
211.279185
 21
5.218244
 31
0.0
  0
LINE
  8
0
  6
CONTINUOUS
 10
211.279185
 20
5.218244
 30
0.0
 11
211.264222
 21
5.208670
 31
0.0
  0
LINE
  8
0
  6
CONTINUOUS
 10
211.264222
 20
5.208670
 30
0.0
 11
211.250220
 21
5.199549
 31
0.0
  0
LINE
  8
0
  6
CONTINUOUS
 10
211.250220
 20
5.199549
 30
0.0
 11
211.237231
 21
5.190914
 31
0.0
  0
LINE
  8
0
  6
CONTINUOUS
 10
211.237231
 20
5.190914
 30
0.0
 11
211.225306
 21
5.182797
 31
0.0
  0
LINE
  8
0
  6
CONTINUOUS
 10
211.225306
 20
5.182797
 30
0.0
 11
211.214496
 21
5.175233
 31
0.0
  0
LINE
  8
0
  6
CONTINUOUS
 10
211.214496
 20
5.175233
 30
0.0
 11
211.204854
 21
5.168251
 31
0.0
  0
LINE
  8
0
  6
CONTINUOUS
 10
211.204854
 20
5.168251
 30
0.0
 11
211.196431
 21
5.161887
 31
0.0
  0
LINE
  8
0
  6
CONTINUOUS
 10
211.196431
 20
5.161887
 30
0.0
 11
211.189279
 21
5.156173
 31
0.0
  0
LINE
  8
0
  6
CONTINUOUS
 10
211.189279
 20
5.156173
 30
0.0
 11
211.183449
 21
5.151142
 31
0.0
  0
LINE
  8
0
  6
CONTINUOUS
 10
211.183449
 20
5.151142
 30
0.0
 11
211.178994
 21
5.146827
 31
0.0
  0
LINE
  8
0
  6
CONTINUOUS
 10
211.178994
 20
5.146827
 30
0.0
 11
211.175966
 21
5.143259
 31
0.0
  0
LINE
  8
0
  6
CONTINUOUS
 10
211.175966
 20
5.143259
 30
0.0
 11
211.174415
 21
5.140473
 31
0.0
  0
LINE
  8
0
  6
CONTINUOUS
 10
211.174415
 20
5.140473
 30
0.0
 11
211.173403
 21
5.132873
 31
0.0
  0
LINE
  8
0
  6
CONTINUOUS
 10
211.173403
 20
5.132873
 30
0.0
 11
211.174572
 21
5.123038
 31
0.0
  0
LINE
  8
0
  6
CONTINUOUS
 10
211.174572
 20
5.123038
 30
0.0
 11
211.177803
 21
5.111134
 31
0.0
  0
LINE
  8
0
  6
CONTINUOUS
 10
211.177803
 20
5.111134
 30
0.0
 11
211.182976
 21
5.097324
 31
0.0
  0
LINE
  8
0
  6
CONTINUOUS
 10
211.182976
 20
5.097324
 30
0.0
 11
211.189972
 21
5.081776
 31
0.0
  0
LINE
  8
0
  6
CONTINUOUS
 10
211.189972
 20
5.081776
 30
0.0
 11
211.198670
 21
5.064654
 31
0.0
  0
LINE
  8
0
  6
CONTINUOUS
 10
211.198670
 20
5.064654
 30
0.0
 11
211.208952
 21
5.046123
 31
0.0
  0
LINE
  8
0
  6
CONTINUOUS
 10
211.208952
 20
5.046123
 30
0.0
 11
211.220698
 21
5.026349
 31
0.0
  0
LINE
  8
0
  6
CONTINUOUS
 10
211.220698
 20
5.026349
 30
0.0
 11
211.233789
 21
5.005497
 31
0.0
  0
LINE
  8
0
  6
CONTINUOUS
 10
211.233789
 20
5.005497
 30
0.0
 11
211.248105
 21
4.983733
 31
0.0
  0
LINE
  8
0
  6
CONTINUOUS
 10
211.248105
 20
4.983733
 30
0.0
 11
211.263527
 21
4.961222
 31
0.0
  0
LINE
  8
0
  6
CONTINUOUS
 10
211.263527
 20
4.961222
 30
0.0
 11
211.279934
 21
4.938128
 31
0.0
  0
LINE
  8
0
  6
CONTINUOUS
 10
211.279934
 20
4.938128
 30
0.0
 11
211.297208
 21
4.914619
 31
0.0
  0
LINE
  8
0
  6
CONTINUOUS
 10
211.297208
 20
4.914619
 30
0.0
 11
211.315230
 21
4.890859
 31
0.0
  0
LINE
  8
0
  6
CONTINUOUS
 10
211.315230
 20
4.890859
 30
0.0
 11
211.333879
 21
4.867012
 31
0.0
  0
LINE
  8
0
  6
CONTINUOUS
 10
211.333879
 20
4.867012
 30
0.0
 11
211.353035
 21
4.843245
 31
0.0
  0
LINE
  8
0
  6
CONTINUOUS
 10
211.353035
 20
4.843245
 30
0.0
 11
211.372581
 21
4.819724
 31
0.0
  0
LINE
  8
0
  6
CONTINUOUS
 10
211.372581
 20
4.819724
 30
0.0
 11
211.392395
 21
4.796612
 31
0.0
  0
LINE
  8
0
  6
CONTINUOUS
 10
211.392395
 20
4.796612
 30
0.0
 11
211.412360
 21
4.774076
 31
0.0
  0
LINE
  8
0
  6
CONTINUOUS
 10
211.412360
 20
4.774076
 30
0.0
 11
211.432353
 21
4.752280
 31
0.0
  0
LINE
  8
0
  6
CONTINUOUS
 10
211.432353
 20
4.752280
 30
0.0
 11
211.452259
 21
4.731392
 31
0.0
  0
LINE
  8
0
  6
CONTINUOUS
 10
211.452259
 20
4.731392
 30
0.0
 11
211.471954
 21
4.711575
 31
0.0
  0
LINE
  8
0
  6
CONTINUOUS
 10
211.471954
 20
4.711575
 30
0.0
 11
211.491321
 21
4.692995
 31
0.0
  0
LINE
  8
0
  6
CONTINUOUS
 10
211.491321
 20
4.692995
 30
0.0
 11
211.510241
 21
4.675817
 31
0.0
  0
LINE
  8
0
  6
CONTINUOUS
 10
211.510241
 20
4.675817
 30
0.0
 11
211.531490
 21
4.657655
 31
0.0
  0
LINE
  8
0
  6
CONTINUOUS
 10
211.531490
 20
4.657655
 30
0.0
 11
211.553662
 21
4.639755
 31
0.0
  0
LINE
  8
0
  6
CONTINUOUS
 10
211.553662
 20
4.639755
 30
0.0
 11
211.576715
 21
4.622137
 31
0.0
  0
LINE
  8
0
  6
CONTINUOUS
 10
211.576715
 20
4.622137
 30
0.0
 11
211.600608
 21
4.604819
 31
0.0
  0
LINE
  8
0
  6
CONTINUOUS
 10
211.600608
 20
4.604819
 30
0.0
 11
211.625301
 21
4.587821
 31
0.0
  0
LINE
  8
0
  6
CONTINUOUS
 10
211.625301
 20
4.587821
 30
0.0
 11
211.650751
 21
4.571164
 31
0.0
  0
LINE
  8
0
  6
CONTINUOUS
 10
211.650751
 20
4.571164
 30
0.0
 11
211.676917
 21
4.554867
 31
0.0
  0
LINE
  8
0
  6
CONTINUOUS
 10
211.676917
 20
4.554867
 30
0.0
 11
211.703760
 21
4.538948
 31
0.0
  0
LINE
  8
0
  6
CONTINUOUS
 10
211.703760
 20
4.538948
 30
0.0
 11
211.731237
 21
4.523428
 31
0.0
  0
LINE
  8
0
  6
CONTINUOUS
 10
211.731237
 20
4.523428
 30
0.0
 11
211.759308
 21
4.508327
 31
0.0
  0
LINE
  8
0
  6
CONTINUOUS
 10
211.759308
 20
4.508327
 30
0.0
 11
211.787932
 21
4.493663
 31
0.0
  0
LINE
  8
0
  6
CONTINUOUS
 10
211.787932
 20
4.493663
 30
0.0
 11
211.817066
 21
4.479457
 31
0.0
  0
LINE
  8
0
  6
CONTINUOUS
 10
211.817066
 20
4.479457
 30
0.0
 11
211.846671
 21
4.465728
 31
0.0
  0
LINE
  8
0
  6
CONTINUOUS
 10
211.846671
 20
4.465728
 30
0.0
 11
211.876705
 21
4.452495
 31
0.0
  0
LINE
  8
0
  6
CONTINUOUS
 10
211.876705
 20
4.452495
 30
0.0
 11
211.907128
 21
4.439778
 31
0.0
  0
LINE
  8
0
  6
CONTINUOUS
 10
211.907128
 20
4.439778
 30
0.0
 11
211.937897
 21
4.427596
 31
0.0
  0
LINE
  8
0
  6
CONTINUOUS
 10
211.937897
 20
4.427596
 30
0.0
 11
211.968971
 21
4.415970
 31
0.0
  0
LINE
  8
0
  6
CONTINUOUS
 10
211.968971
 20
4.415970
 30
0.0
 11
212.000311
 21
4.404918
 31
0.0
  0
LINE
  8
0
  6
CONTINUOUS
 10
212.000311
 20
4.404918
 30
0.0
 11
212.031875
 21
4.394461
 31
0.0
  0
LINE
  8
0
  6
CONTINUOUS
 10
212.031875
 20
4.394461
 30
0.0
 11
212.063620
 21
4.384617
 31
0.0
  0
LINE
  8
0
  6
CONTINUOUS
 10
212.063620
 20
4.384617
 30
0.0
 11
212.095508
 21
4.375406
 31
0.0
  0
LINE
  8
0
  6
CONTINUOUS
 10
212.095508
 20
4.375406
 30
0.0
 11
212.127496
 21
4.366848
 31
0.0
  0
LINE
  8
0
  6
CONTINUOUS
 10
212.127496
 20
4.366848
 30
0.0
 11
212.159543
 21
4.358962
 31
0.0
  0
LINE
  8
0
  6
CONTINUOUS
 10
212.159543
 20
4.358962
 30
0.0
 11
212.191609
 21
4.351769
 31
0.0
  0
LINE
  8
0
  6
CONTINUOUS
 10
212.191609
 20
4.351769
 30
0.0
 11
212.226199
 21
4.344929
 31
0.0
  0
LINE
  8
0
  6
CONTINUOUS
 10
212.226199
 20
4.344929
 30
0.0
 11
212.263026
 21
4.338667
 31
0.0
  0
LINE
  8
0
  6
CONTINUOUS
 10
212.263026
 20
4.338667
 30
0.0
 11
212.301890
 21
4.332983
 31
0.0
  0
LINE
  8
0
  6
CONTINUOUS
 10
212.301890
 20
4.332983
 30
0.0
 11
212.342593
 21
4.327877
 31
0.0
  0
LINE
  8
0
  6
CONTINUOUS
 10
212.342593
 20
4.327877
 30
0.0
 11
212.384937
 21
4.323351
 31
0.0
  0
LINE
  8
0
  6
CONTINUOUS
 10
212.384937
 20
4.323351
 30
0.0
 11
212.428721
 21
4.319405
 31
0.0
  0
LINE
  8
0
  6
CONTINUOUS
 10
212.428721
 20
4.319405
 30
0.0
 11
212.473749
 21
4.316040
 31
0.0
  0
LINE
  8
0
  6
CONTINUOUS
 10
212.473749
 20
4.316040
 30
0.0
 11
212.519820
 21
4.313257
 31
0.0
  0
LINE
  8
0
  6
CONTINUOUS
 10
212.519820
 20
4.313257
 30
0.0
 11
212.566737
 21
4.311055
 31
0.0
  0
LINE
  8
0
  6
CONTINUOUS
 10
212.566737
 20
4.311055
 30
0.0
 11
212.614301
 21
4.309436
 31
0.0
  0
LINE
  8
0
  6
CONTINUOUS
 10
212.614301
 20
4.309436
 30
0.0
 11
212.662312
 21
4.308401
 31
0.0
  0
LINE
  8
0
  6
CONTINUOUS
 10
212.662312
 20
4.308401
 30
0.0
 11
212.710573
 21
4.307949
 31
0.0
  0
LINE
  8
0
  6
CONTINUOUS
 10
212.710573
 20
4.307949
 30
0.0
 11
212.758884
 21
4.308083
 31
0.0
  0
LINE
  8
0
  6
CONTINUOUS
 10
212.758884
 20
4.308083
 30
0.0
 11
212.807047
 21
4.308801
 31
0.0
  0
LINE
  8
0
  6
CONTINUOUS
 10
212.807047
 20
4.308801
 30
0.0
 11
212.854864
 21
4.310106
 31
0.0
  0
LINE
  8
0
  6
CONTINUOUS
 10
212.854864
 20
4.310106
 30
0.0
 11
212.902135
 21
4.311997
 31
0.0
  0
LINE
  8
0
  6
CONTINUOUS
 10
212.902135
 20
4.311997
 30
0.0
 11
212.948662
 21
4.314475
 31
0.0
  0
LINE
  8
0
  6
CONTINUOUS
 10
212.948662
 20
4.314475
 30
0.0
 11
212.994246
 21
4.317542
 31
0.0
  0
LINE
  8
0
  6
CONTINUOUS
 10
212.994246
 20
4.317542
 30
0.0
 11
213.038689
 21
4.321196
 31
0.0
  0
LINE
  8
0
  6
CONTINUOUS
 10
213.038689
 20
4.321196
 30
0.0
 11
213.081790
 21
4.325441
 31
0.0
  0
LINE
  8
0
  6
CONTINUOUS
 10
213.081790
 20
4.325441
 30
0.0
 11
213.123354
 21
4.330276
 31
0.0
  0
LINE
  8
0
  6
CONTINUOUS
 10
213.123354
 20
4.330276
 30
0.0
 11
213.163179
 21
4.335700
 31
0.0
  0
LINE
  8
0
  6
CONTINUOUS
 10
213.163179
 20
4.335700
 30
0.0
 11
213.201069
 21
4.341716
 31
0.0
  0
LINE
  8
0
  6
CONTINUOUS
 10
213.201069
 20
4.341716
 30
0.0
 11
213.236823
 21
4.348324
 31
0.0
  0
LINE
  8
0
  6
CONTINUOUS
 10
217.836409
 20
4.276736
 30
0.0
 11
217.667049
 21
4.307185
 31
0.0
  0
LINE
  8
0
  6
CONTINUOUS
 10
217.667049
 20
4.307185
 30
0.0
 11
217.501167
 21
4.345857
 31
0.0
  0
LINE
  8
0
  6
CONTINUOUS
 10
217.501167
 20
4.345857
 30
0.0
 11
217.338964
 21
4.392557
 31
0.0
  0
LINE
  8
0
  6
CONTINUOUS
 10
217.338964
 20
4.392557
 30
0.0
 11
217.180642
 21
4.447088
 31
0.0
  0
LINE
  8
0
  6
CONTINUOUS
 10
217.180642
 20
4.447088
 30
0.0
 11
217.026403
 21
4.509255
 31
0.0
  0
LINE
  8
0
  6
CONTINUOUS
 10
217.026403
 20
4.509255
 30
0.0
 11
216.876451
 21
4.578864
 31
0.0
  0
LINE
  8
0
  6
CONTINUOUS
 10
216.876451
 20
4.578864
 30
0.0
 11
216.730985
 21
4.655718
 31
0.0
  0
LINE
  8
0
  6
CONTINUOUS
 10
216.730985
 20
4.655718
 30
0.0
 11
216.590209
 21
4.739624
 31
0.0
  0
LINE
  8
0
  6
CONTINUOUS
 10
216.590209
 20
4.739624
 30
0.0
 11
216.454325
 21
4.830385
 31
0.0
  0
LINE
  8
0
  6
CONTINUOUS
 10
216.454325
 20
4.830385
 30
0.0
 11
216.323536
 21
4.927805
 31
0.0
  0
LINE
  8
0
  6
CONTINUOUS
 10
216.323536
 20
4.927805
 30
0.0
 11
216.198041
 21
5.031692
 31
0.0
  0
LINE
  8
0
  6
CONTINUOUS
 10
216.198041
 20
5.031692
 30
0.0
 11
216.078046
 21
5.141847
 31
0.0
  0
LINE
  8
0
  6
CONTINUOUS
 10
216.078046
 20
5.141847
 30
0.0
 11
215.963750
 21
5.258077
 31
0.0
  0
LINE
  8
0
  6
CONTINUOUS
 10
215.963750
 20
5.258077
 30
0.0
 11
215.855356
 21
5.380185
 31
0.0
  0
LINE
  8
0
  6
CONTINUOUS
 10
215.855356
 20
5.380185
 30
0.0
 11
215.753068
 21
5.507977
 31
0.0
  0
LINE
  8
0
  6
CONTINUOUS
 10
215.753068
 20
5.507977
 30
0.0
 11
215.657086
 21
5.641258
 31
0.0
  0
LINE
  8
0
  6
CONTINUOUS
 10
215.657086
 20
5.641258
 30
0.0
 11
215.567611
 21
5.779832
 31
0.0
  0
LINE
  8
0
  6
CONTINUOUS
 10
215.567611
 20
5.779832
 30
0.0
 11
215.484848
 21
5.923504
 31
0.0
  0
LINE
  8
0
  6
CONTINUOUS
 10
215.484848
 20
5.923504
 30
0.0
 11
215.408998
 21
6.072078
 31
0.0
  0
LINE
  8
0
  6
CONTINUOUS
 10
215.408998
 20
6.072078
 30
0.0
 11
215.340263
 21
6.225361
 31
0.0
  0
LINE
  8
0
  6
CONTINUOUS
 10
215.340263
 20
6.225361
 30
0.0
 11
215.278844
 21
6.383154
 31
0.0
  0
LINE
  8
0
  6
CONTINUOUS
 10
215.278844
 20
6.383154
 30
0.0
 11
215.224945
 21
6.545265
 31
0.0
  0
LINE
  8
0
  6
CONTINUOUS
 10
215.224945
 20
6.545265
 30
0.0
 11
215.178767
 21
6.711497
 31
0.0
  0
LINE
  8
0
  6
CONTINUOUS
 10
215.178767
 20
6.711497
 30
0.0
 11
215.140513
 21
6.881655
 31
0.0
  0
LINE
  8
0
  6
CONTINUOUS
 10
215.140513
 20
6.881655
 30
0.0
 11
215.134316
 21
6.917157
 31
0.0
  0
LINE
  8
0
  6
CONTINUOUS
 10
215.134316
 20
6.917157
 30
0.0
 11
215.128647
 21
6.958350
 31
0.0
  0
LINE
  8
0
  6
CONTINUOUS
 10
215.128647
 20
6.958350
 30
0.0
 11
215.123508
 21
7.004705
 31
0.0
  0
LINE
  8
0
  6
CONTINUOUS
 10
215.123508
 20
7.004705
 30
0.0
 11
215.118899
 21
7.055693
 31
0.0
  0
LINE
  8
0
  6
CONTINUOUS
 10
215.118899
 20
7.055693
 30
0.0
 11
215.114820
 21
7.110789
 31
0.0
  0
LINE
  8
0
  6
CONTINUOUS
 10
215.114820
 20
7.110789
 30
0.0
 11
215.111272
 21
7.169461
 31
0.0
  0
LINE
  8
0
  6
CONTINUOUS
 10
215.111272
 20
7.169461
 30
0.0
 11
215.108257
 21
7.231183
 31
0.0
  0
LINE
  8
0
  6
CONTINUOUS
 10
215.108257
 20
7.231183
 30
0.0
 11
215.105773
 21
7.295426
 31
0.0
  0
LINE
  8
0
  6
CONTINUOUS
 10
215.105773
 20
7.295426
 30
0.0
 11
215.103822
 21
7.361663
 31
0.0
  0
LINE
  8
0
  6
CONTINUOUS
 10
215.103822
 20
7.361663
 30
0.0
 11
215.102405
 21
7.429364
 31
0.0
  0
LINE
  8
0
  6
CONTINUOUS
 10
215.102405
 20
7.429364
 30
0.0
 11
215.101522
 21
7.498003
 31
0.0
  0
LINE
  8
0
  6
CONTINUOUS
 10
215.101522
 20
7.498003
 30
0.0
 11
215.101174
 21
7.567050
 31
0.0
  0
LINE
  8
0
  6
CONTINUOUS
 10
215.101174
 20
7.567050
 30
0.0
 11
215.101361
 21
7.635978
 31
0.0
  0
LINE
  8
0
  6
CONTINUOUS
 10
215.101361
 20
7.635978
 30
0.0
 11
215.102083
 21
7.704259
 31
0.0
  0
LINE
  8
0
  6
CONTINUOUS
 10
215.102083
 20
7.704259
 30
0.0
 11
215.103343
 21
7.771364
 31
0.0
  0
LINE
  8
0
  6
CONTINUOUS
 10
215.103343
 20
7.771364
 30
0.0
 11
215.105141
 21
7.836765
 31
0.0
  0
LINE
  8
0
  6
CONTINUOUS
 10
215.105141
 20
7.836765
 30
0.0
 11
215.107475
 21
7.899934
 31
0.0
  0
LINE
  8
0
  6
CONTINUOUS
 10
215.107475
 20
7.899934
 30
0.0
 11
215.110348
 21
7.960342
 31
0.0
  0
LINE
  8
0
  6
CONTINUOUS
 10
215.110348
 20
7.960342
 30
0.0
 11
215.113761
 21
8.017463
 31
0.0
  0
LINE
  8
0
  6
CONTINUOUS
 10
215.113761
 20
8.017463
 30
0.0
 11
215.117713
 21
8.070767
 31
0.0
  0
LINE
  8
0
  6
CONTINUOUS
 10
215.117713
 20
8.070767
 30
0.0
 11
215.122205
 21
8.119727
 31
0.0
  0
LINE
  8
0
  6
CONTINUOUS
 10
215.122205
 20
8.119727
 30
0.0
 11
215.127238
 21
8.163813
 31
0.0
  0
LINE
  8
0
  6
CONTINUOUS
 10
215.127238
 20
8.163813
 30
0.0
 11
215.132812
 21
8.202499
 31
0.0
  0
LINE
  8
0
  6
CONTINUOUS
 10
215.132812
 20
8.202499
 30
0.0
 11
215.138929
 21
8.235255
 31
0.0
  0
LINE
  8
0
  6
CONTINUOUS
 10
215.138929
 20
8.235255
 30
0.0
 11
215.165587
 21
8.350459
 31
0.0
  0
LINE
  8
0
  6
CONTINUOUS
 10
215.165587
 20
8.350459
 30
0.0
 11
215.195408
 21
8.463635
 31
0.0
  0
LINE
  8
0
  6
CONTINUOUS
 10
215.195408
 20
8.463635
 30
0.0
 11
215.228377
 21
8.574758
 31
0.0
  0
LINE
  8
0
  6
CONTINUOUS
 10
215.228377
 20
8.574758
 30
0.0
 11
215.264474
 21
8.683799
 31
0.0
  0
LINE
  8
0
  6
CONTINUOUS
 10
215.264474
 20
8.683799
 30
0.0
 11
215.303681
 21
8.790734
 31
0.0
  0
LINE
  8
0
  6
CONTINUOUS
 10
215.303681
 20
8.790734
 30
0.0
 11
215.345980
 21
8.895536
 31
0.0
  0
LINE
  8
0
  6
CONTINUOUS
 10
215.345980
 20
8.895536
 30
0.0
 11
215.391352
 21
8.998178
 31
0.0
  0
LINE
  8
0
  6
CONTINUOUS
 10
215.391352
 20
8.998178
 30
0.0
 11
215.439781
 21
9.098633
 31
0.0
  0
LINE
  8
0
  6
CONTINUOUS
 10
215.439781
 20
9.098633
 30
0.0
 11
215.491246
 21
9.196875
 31
0.0
  0
LINE
  8
0
  6
CONTINUOUS
 10
215.491246
 20
9.196875
 30
0.0
 11
215.545731
 21
9.292879
 31
0.0
  0
LINE
  8
0
  6
CONTINUOUS
 10
215.545731
 20
9.292879
 30
0.0
 11
215.603217
 21
9.386616
 31
0.0
  0
LINE
  8
0
  6
CONTINUOUS
 10
215.603217
 20
9.386616
 30
0.0
 11
215.663686
 21
9.478061
 31
0.0
  0
LINE
  8
0
  6
CONTINUOUS
 10
215.663686
 20
9.478061
 30
0.0
 11
215.727119
 21
9.567188
 31
0.0
  0
LINE
  8
0
  6
CONTINUOUS
 10
215.727119
 20
9.567188
 30
0.0
 11
215.793499
 21
9.653968
 31
0.0
  0
LINE
  8
0
  6
CONTINUOUS
 10
215.793499
 20
9.653968
 30
0.0
 11
215.862808
 21
9.738377
 31
0.0
  0
LINE
  8
0
  6
CONTINUOUS
 10
215.862808
 20
9.738377
 30
0.0
 11
215.935025
 21
9.820387
 31
0.0
  0
LINE
  8
0
  6
CONTINUOUS
 10
215.935025
 20
9.820387
 30
0.0
 11
216.010136
 21
9.899973
 31
0.0
  0
LINE
  8
0
  6
CONTINUOUS
 10
216.010136
 20
9.899973
 30
0.0
 11
216.088120
 21
9.977108
 31
0.0
  0
LINE
  8
0
  6
CONTINUOUS
 10
216.088120
 20
9.977108
 30
0.0
 11
216.168959
 21
10.051764
 31
0.0
  0
LINE
  8
0
  6
CONTINUOUS
 10
216.168959
 20
10.051764
 30
0.0
 11
216.252635
 21
10.123916
 31
0.0
  0
LINE
  8
0
  6
CONTINUOUS
 10
216.252635
 20
10.123916
 30
0.0
 11
216.339132
 21
10.193537
 31
0.0
  0
LINE
  8
0
  6
CONTINUOUS
 10
216.339132
 20
10.193537
 30
0.0
 11
216.428429
 21
10.260602
 31
0.0
  0
LINE
  8
0
  6
CONTINUOUS
 10
216.428429
 20
10.260602
 30
0.0
 11
216.520508
 21
10.325081
 31
0.0
  0
LINE
  8
0
  6
CONTINUOUS
 10
216.520508
 20
10.325081
 30
0.0
 11
216.615352
 21
10.386951
 31
0.0
  0
LINE
  8
0
  6
CONTINUOUS
 10
216.615352
 20
10.386951
 30
0.0
 11
216.670481
 21
10.420927
 31
0.0
  0
LINE
  8
0
  6
CONTINUOUS
 10
216.670481
 20
10.420927
 30
0.0
 11
216.725812
 21
10.453580
 31
0.0
  0
LINE
  8
0
  6
CONTINUOUS
 10
216.725812
 20
10.453580
 30
0.0
 11
216.781395
 21
10.484930
 31
0.0
  0
LINE
  8
0
  6
CONTINUOUS
 10
216.781395
 20
10.484930
 30
0.0
 11
216.837280
 21
10.514991
 31
0.0
  0
LINE
  8
0
  6
CONTINUOUS
 10
216.837280
 20
10.514991
 30
0.0
 11
216.893514
 21
10.543779
 31
0.0
  0
LINE
  8
0
  6
CONTINUOUS
 10
216.893514
 20
10.543779
 30
0.0
 11
216.950146
 21
10.571310
 31
0.0
  0
LINE
  8
0
  6
CONTINUOUS
 10
216.950146
 20
10.571310
 30
0.0
 11
217.007228
 21
10.597601
 31
0.0
  0
LINE
  8
0
  6
CONTINUOUS
 10
217.007228
 20
10.597601
 30
0.0
 11
217.064806
 21
10.622667
 31
0.0
  0
LINE
  8
0
  6
CONTINUOUS
 10
217.064806
 20
10.622667
 30
0.0
 11
217.122931
 21
10.646524
 31
0.0
  0
LINE
  8
0
  6
CONTINUOUS
 10
217.122931
 20
10.646524
 30
0.0
 11
217.181651
 21
10.669189
 31
0.0
  0
LINE
  8
0
  6
CONTINUOUS
 10
217.181651
 20
10.669189
 30
0.0
 11
217.241017
 21
10.690677
 31
0.0
  0
LINE
  8
0
  6
CONTINUOUS
 10
217.241017
 20
10.690677
 30
0.0
 11
217.301076
 21
10.711005
 31
0.0
  0
LINE
  8
0
  6
CONTINUOUS
 10
217.301076
 20
10.711005
 30
0.0
 11
217.361878
 21
10.730188
 31
0.0
  0
LINE
  8
0
  6
CONTINUOUS
 10
217.361878
 20
10.730188
 30
0.0
 11
217.423472
 21
10.748244
 31
0.0
  0
LINE
  8
0
  6
CONTINUOUS
 10
217.423472
 20
10.748244
 30
0.0
 11
217.485908
 21
10.765187
 31
0.0
  0
LINE
  8
0
  6
CONTINUOUS
 10
217.485908
 20
10.765187
 30
0.0
 11
217.549234
 21
10.781035
 31
0.0
  0
LINE
  8
0
  6
CONTINUOUS
 10
217.549234
 20
10.781035
 30
0.0
 11
217.613500
 21
10.795801
 31
0.0
  0
LINE
  8
0
  6
CONTINUOUS
 10
217.613500
 20
10.795801
 30
0.0
 11
217.678754
 21
10.809504
 31
0.0
  0
LINE
  8
0
  6
CONTINUOUS
 10
217.678754
 20
10.809504
 30
0.0
 11
217.745046
 21
10.822159
 31
0.0
  0
LINE
  8
0
  6
CONTINUOUS
 10
217.745046
 20
10.822159
 30
0.0
 11
217.812424
 21
10.833782
 31
0.0
  0
LINE
  8
0
  6
CONTINUOUS
 10
217.812424
 20
10.833782
 30
0.0
 11
217.880940
 21
10.844389
 31
0.0
  0
LINE
  8
0
  6
CONTINUOUS
 10
217.880940
 20
10.844389
 30
0.0
 11
217.950639
 21
10.853997
 31
0.0
  0
LINE
  8
0
  6
CONTINUOUS
 10
217.950639
 20
10.853997
 30
0.0
 11
218.021574
 21
10.862621
 31
0.0
  0
LINE
  8
0
  6
CONTINUOUS
 10
218.021574
 20
10.862621
 30
0.0
 11
218.093791
 21
10.870277
 31
0.0
  0
LINE
  8
0
  6
CONTINUOUS
 10
218.093791
 20
10.870277
 30
0.0
 11
218.193560
 21
10.878722
 31
0.0
  0
LINE
  8
0
  6
CONTINUOUS
 10
218.193560
 20
10.878722
 30
0.0
 11
218.293177
 21
10.884403
 31
0.0
  0
LINE
  8
0
  6
CONTINUOUS
 10
218.293177
 20
10.884403
 30
0.0
 11
218.392595
 21
10.887328
 31
0.0
  0
LINE
  8
0
  6
CONTINUOUS
 10
218.392595
 20
10.887328
 30
0.0
 11
218.491770
 21
10.887510
 31
0.0
  0
LINE
  8
0
  6
CONTINUOUS
 10
218.491770
 20
10.887510
 30
0.0
 11
218.590653
 21
10.884959
 31
0.0
  0
LINE
  8
0
  6
CONTINUOUS
 10
218.590653
 20
10.884959
 30
0.0
 11
218.689199
 21
10.879687
 31
0.0
  0
LINE
  8
0
  6
CONTINUOUS
 10
218.689199
 20
10.879687
 30
0.0
 11
218.787362
 21
10.871704
 31
0.0
  0
LINE
  8
0
  6
CONTINUOUS
 10
218.787362
 20
10.871704
 30
0.0
 11
218.885095
 21
10.861022
 31
0.0
  0
LINE
  8
0
  6
CONTINUOUS
 10
218.885095
 20
10.861022
 30
0.0
 11
218.982352
 21
10.847651
 31
0.0
  0
LINE
  8
0
  6
CONTINUOUS
 10
218.982352
 20
10.847651
 30
0.0
 11
219.079087
 21
10.831603
 31
0.0
  0
LINE
  8
0
  6
CONTINUOUS
 10
219.079087
 20
10.831603
 30
0.0
 11
219.175253
 21
10.812888
 31
0.0
  0
LINE
  8
0
  6
CONTINUOUS
 10
219.175253
 20
10.812888
 30
0.0
 11
219.270804
 21
10.791519
 31
0.0
  0
LINE
  8
0
  6
CONTINUOUS
 10
219.270804
 20
10.791519
 30
0.0
 11
219.365694
 21
10.767504
 31
0.0
  0
LINE
  8
0
  6
CONTINUOUS
 10
219.365694
 20
10.767504
 30
0.0
 11
219.459876
 21
10.740857
 31
0.0
  0
LINE
  8
0
  6
CONTINUOUS
 10
219.459876
 20
10.740857
 30
0.0
 11
219.553304
 21
10.711587
 31
0.0
  0
LINE
  8
0
  6
CONTINUOUS
 10
219.553304
 20
10.711587
 30
0.0
 11
219.645932
 21
10.679706
 31
0.0
  0
LINE
  8
0
  6
CONTINUOUS
 10
219.645932
 20
10.679706
 30
0.0
 11
219.737714
 21
10.645226
 31
0.0
  0
LINE
  8
0
  6
CONTINUOUS
 10
219.737714
 20
10.645226
 30
0.0
 11
219.828603
 21
10.608155
 31
0.0
  0
LINE
  8
0
  6
CONTINUOUS
 10
219.828603
 20
10.608155
 30
0.0
 11
219.918552
 21
10.568507
 31
0.0
  0
LINE
  8
0
  6
CONTINUOUS
 10
219.918552
 20
10.568507
 30
0.0
 11
220.007517
 21
10.526292
 31
0.0
  0
LINE
  8
0
  6
CONTINUOUS
 10
220.007517
 20
10.526292
 30
0.0
 11
220.095449
 21
10.481521
 31
0.0
  0
LINE
  8
0
  6
CONTINUOUS
 10
220.095449
 20
10.481521
 30
0.0
 11
220.182304
 21
10.434204
 31
0.0
  0
LINE
  8
0
  6
CONTINUOUS
 10
220.182304
 20
10.434204
 30
0.0
 11
220.268034
 21
10.384354
 31
0.0
  0
LINE
  8
0
  6
CONTINUOUS
 10
220.268034
 20
10.384354
 30
0.0
 11
220.352593
 21
10.331981
 31
0.0
  0
LINE
  8
0
  6
CONTINUOUS
 10
220.488341
 20
9.810243
 30
0.0
 11
220.485667
 21
9.751579
 31
0.0
  0
LINE
  8
0
  6
CONTINUOUS
 10
220.485667
 20
9.751579
 30
0.0
 11
220.483017
 21
9.696242
 31
0.0
  0
LINE
  8
0
  6
CONTINUOUS
 10
220.483017
 20
9.696242
 30
0.0
 11
220.480380
 21
9.644161
 31
0.0
  0
LINE
  8
0
  6
CONTINUOUS
 10
220.480380
 20
9.644161
 30
0.0
 11
220.477749
 21
9.595260
 31
0.0
  0
LINE
  8
0
  6
CONTINUOUS
 10
220.477749
 20
9.595260
 30
0.0
 11
220.475114
 21
9.549467
 31
0.0
  0
LINE
  8
0
  6
CONTINUOUS
 10
220.475114
 20
9.549467
 30
0.0
 11
220.472468
 21
9.506707
 31
0.0
  0
LINE
  8
0
  6
CONTINUOUS
 10
220.472468
 20
9.506707
 30
0.0
 11
220.469800
 21
9.466904
 31
0.0
  0
LINE
  8
0
  6
CONTINUOUS
 10
220.469800
 20
9.466904
 30
0.0
 11
220.467103
 21
9.429987
 31
0.0
  0
LINE
  8
0
  6
CONTINUOUS
 10
220.467103
 20
9.429987
 30
0.0
 11
220.464367
 21
9.395881
 31
0.0
  0
LINE
  8
0
  6
CONTINUOUS
 10
220.464367
 20
9.395881
 30
0.0
 11
220.461585
 21
9.364511
 31
0.0
  0
LINE
  8
0
  6
CONTINUOUS
 10
220.461585
 20
9.364511
 30
0.0
 11
220.458747
 21
9.335805
 31
0.0
  0
LINE
  8
0
  6
CONTINUOUS
 10
220.458747
 20
9.335805
 30
0.0
 11
220.455843
 21
9.309687
 31
0.0
  0
LINE
  8
0
  6
CONTINUOUS
 10
220.455843
 20
9.309687
 30
0.0
 11
220.452867
 21
9.286083
 31
0.0
  0
LINE
  8
0
  6
CONTINUOUS
 10
220.452867
 20
9.286083
 30
0.0
 11
220.449809
 21
9.264922
 31
0.0
  0
LINE
  8
0
  6
CONTINUOUS
 10
220.449809
 20
9.264922
 30
0.0
 11
220.446660
 21
9.246125
 31
0.0
  0
LINE
  8
0
  6
CONTINUOUS
 10
220.446660
 20
9.246125
 30
0.0
 11
220.443411
 21
9.229623
 31
0.0
  0
LINE
  8
0
  6
CONTINUOUS
 10
220.443411
 20
9.229623
 30
0.0
 11
220.440054
 21
9.215338
 31
0.0
  0
LINE
  8
0
  6
CONTINUOUS
 10
220.440054
 20
9.215338
 30
0.0
 11
220.436579
 21
9.203199
 31
0.0
  0
LINE
  8
0
  6
CONTINUOUS
 10
220.436579
 20
9.203199
 30
0.0
 11
220.432979
 21
9.193130
 31
0.0
  0
LINE
  8
0
  6
CONTINUOUS
 10
220.432979
 20
9.193130
 30
0.0
 11
220.429245
 21
9.185057
 31
0.0
  0
LINE
  8
0
  6
CONTINUOUS
 10
220.429245
 20
9.185057
 30
0.0
 11
220.425367
 21
9.178908
 31
0.0
  0
LINE
  8
0
  6
CONTINUOUS
 10
220.425367
 20
9.178908
 30
0.0
 11
220.421336
 21
9.174607
 31
0.0
  0
LINE
  8
0
  6
CONTINUOUS
 10
220.421336
 20
9.174607
 30
0.0
 11
220.417145
 21
9.172081
 31
0.0
  0
LINE
  8
0
  6
CONTINUOUS
 10
220.417145
 20
9.172081
 30
0.0
 11
220.412785
 21
9.171255
 31
0.0
  0
LINE
  8
0
  6
CONTINUOUS
 10
220.412785
 20
9.171255
 30
0.0
 11
220.410647
 21
9.171581
 31
0.0
  0
LINE
  8
0
  6
CONTINUOUS
 10
220.410647
 20
9.171581
 30
0.0
 11
220.407687
 21
9.172544
 31
0.0
  0
LINE
  8
0
  6
CONTINUOUS
 10
220.407687
 20
9.172544
 30
0.0
 11
220.403937
 21
9.174122
 31
0.0
  0
LINE
  8
0
  6
CONTINUOUS
 10
220.403937
 20
9.174122
 30
0.0
 11
220.399428
 21
9.176296
 31
0.0
  0
LINE
  8
0
  6
CONTINUOUS
 10
220.399428
 20
9.176296
 30
0.0
 11
220.394194
 21
9.179043
 31
0.0
  0
LINE
  8
0
  6
CONTINUOUS
 10
220.394194
 20
9.179043
 30
0.0
 11
220.388266
 21
9.182341
 31
0.0
  0
LINE
  8
0
  6
CONTINUOUS
 10
220.388266
 20
9.182341
 30
0.0
 11
220.381678
 21
9.186171
 31
0.0
  0
LINE
  8
0
  6
CONTINUOUS
 10
220.381678
 20
9.186171
 30
0.0
 11
220.374461
 21
9.190509
 31
0.0
  0
LINE
  8
0
  6
CONTINUOUS
 10
220.374461
 20
9.190509
 30
0.0
 11
220.366647
 21
9.195335
 31
0.0
  0
LINE
  8
0
  6
CONTINUOUS
 10
220.366647
 20
9.195335
 30
0.0
 11
220.358270
 21
9.200627
 31
0.0
  0
LINE
  8
0
  6
CONTINUOUS
 10
220.358270
 20
9.200627
 30
0.0
 11
220.349361
 21
9.206365
 31
0.0
  0
LINE
  8
0
  6
CONTINUOUS
 10
220.349361
 20
9.206365
 30
0.0
 11
220.339952
 21
9.212526
 31
0.0
  0
LINE
  8
0
  6
CONTINUOUS
 10
220.339952
 20
9.212526
 30
0.0
 11
220.330077
 21
9.219090
 31
0.0
  0
LINE
  8
0
  6
CONTINUOUS
 10
220.330077
 20
9.219090
 30
0.0
 11
220.319767
 21
9.226035
 31
0.0
  0
LINE
  8
0
  6
CONTINUOUS
 10
220.319767
 20
9.226035
 30
0.0
 11
220.309055
 21
9.233340
 31
0.0
  0
LINE
  8
0
  6
CONTINUOUS
 10
220.309055
 20
9.233340
 30
0.0
 11
220.297973
 21
9.240983
 31
0.0
  0
LINE
  8
0
  6
CONTINUOUS
 10
220.297973
 20
9.240983
 30
0.0
 11
220.286553
 21
9.248944
 31
0.0
  0
LINE
  8
0
  6
CONTINUOUS
 10
220.286553
 20
9.248944
 30
0.0
 11
220.274828
 21
9.257200
 31
0.0
  0
LINE
  8
0
  6
CONTINUOUS
 10
220.274828
 20
9.257200
 30
0.0
 11
220.262831
 21
9.265731
 31
0.0
  0
LINE
  8
0
  6
CONTINUOUS
 10
220.262831
 20
9.265731
 30
0.0
 11
220.250593
 21
9.274514
 31
0.0
  0
LINE
  8
0
  6
CONTINUOUS
 10
220.250593
 20
9.274514
 30
0.0
 11
220.238146
 21
9.283529
 31
0.0
  0
LINE
  8
0
  6
CONTINUOUS
 10
220.238146
 20
9.283529
 30
0.0
 11
220.225523
 21
9.292755
 31
0.0
  0
LINE
  8
0
  6
CONTINUOUS
 10
220.225523
 20
9.292755
 30
0.0
 11
220.212758
 21
9.302170
 31
0.0
  0
LINE
  8
0
  6
CONTINUOUS
 10
220.212758
 20
9.302170
 30
0.0
 11
220.199881
 21
9.311752
 31
0.0
  0
LINE
  8
0
  6
CONTINUOUS
 10
220.199881
 20
9.311752
 30
0.0
 11
220.074921
 21
9.400059
 31
0.0
  0
LINE
  8
0
  6
CONTINUOUS
 10
220.074921
 20
9.400059
 30
0.0
 11
219.946366
 21
9.481039
 31
0.0
  0
LINE
  8
0
  6
CONTINUOUS
 10
219.946366
 20
9.481039
 30
0.0
 11
219.814611
 21
9.554680
 31
0.0
  0
LINE
  8
0
  6
CONTINUOUS
 10
219.814611
 20
9.554680
 30
0.0
 11
219.680055
 21
9.620975
 31
0.0
  0
LINE
  8
0
  6
CONTINUOUS
 10
219.680055
 20
9.620975
 30
0.0
 11
219.543090
 21
9.679914
 31
0.0
  0
LINE
  8
0
  6
CONTINUOUS
 10
219.543090
 20
9.679914
 30
0.0
 11
219.404115
 21
9.731486
 31
0.0
  0
LINE
  8
0
  6
CONTINUOUS
 10
219.404115
 20
9.731486
 30
0.0
 11
219.263524
 21
9.775683
 31
0.0
  0
LINE
  8
0
  6
CONTINUOUS
 10
219.263524
 20
9.775683
 30
0.0
 11
219.121714
 21
9.812495
 31
0.0
  0
LINE
  8
0
  6
CONTINUOUS
 10
219.121714
 20
9.812495
 30
0.0
 11
218.979080
 21
9.841912
 31
0.0
  0
LINE
  8
0
  6
CONTINUOUS
 10
218.979080
 20
9.841912
 30
0.0
 11
218.836019
 21
9.863924
 31
0.0
  0
LINE
  8
0
  6
CONTINUOUS
 10
218.836019
 20
9.863924
 30
0.0
 11
218.692926
 21
9.878522
 31
0.0
  0
LINE
  8
0
  6
CONTINUOUS
 10
218.692926
 20
9.878522
 30
0.0
 11
218.550197
 21
9.885697
 31
0.0
  0
LINE
  8
0
  6
CONTINUOUS
 10
218.550197
 20
9.885697
 30
0.0
 11
218.408228
 21
9.885437
 31
0.0
  0
LINE
  8
0
  6
CONTINUOUS
 10
218.408228
 20
9.885437
 30
0.0
 11
218.267415
 21
9.877735
 31
0.0
  0
LINE
  8
0
  6
CONTINUOUS
 10
218.267415
 20
9.877735
 30
0.0
 11
218.128154
 21
9.862581
 31
0.0
  0
LINE
  8
0
  6
CONTINUOUS
 10
218.128154
 20
9.862581
 30
0.0
 11
217.990842
 21
9.839964
 31
0.0
  0
LINE
  8
0
  6
CONTINUOUS
 10
217.990842
 20
9.839964
 30
0.0
 11
217.855873
 21
9.809875
 31
0.0
  0
LINE
  8
0
  6
CONTINUOUS
 10
217.855873
 20
9.809875
 30
0.0
 11
217.723644
 21
9.772305
 31
0.0
  0
LINE
  8
0
  6
CONTINUOUS
 10
217.723644
 20
9.772305
 30
0.0
 11
217.594550
 21
9.727244
 31
0.0
  0
LINE
  8
0
  6
CONTINUOUS
 10
217.594550
 20
9.727244
 30
0.0
 11
217.468988
 21
9.674682
 31
0.0
  0
LINE
  8
0
  6
CONTINUOUS
 10
217.468988
 20
9.674682
 30
0.0
 11
217.347353
 21
9.614609
 31
0.0
  0
LINE
  8
0
  6
CONTINUOUS
 10
217.347353
 20
9.614609
 30
0.0
 11
217.230042
 21
9.547018
 31
0.0
  0
LINE
  8
0
  6
CONTINUOUS
 10
217.230042
 20
9.547018
 30
0.0
 11
217.117450
 21
9.471896
 31
0.0
  0
LINE
  8
0
  6
CONTINUOUS
 10
217.117450
 20
9.471896
 30
0.0
 11
217.009973
 21
9.389235
 31
0.0
  0
LINE
  8
0
  6
CONTINUOUS
 10
217.009973
 20
9.389235
 30
0.0
 11
216.946990
 21
9.335105
 31
0.0
  0
LINE
  8
0
  6
CONTINUOUS
 10
216.946990
 20
9.335105
 30
0.0
 11
216.886394
 21
9.278611
 31
0.0
  0
LINE
  8
0
  6
CONTINUOUS
 10
216.886394
 20
9.278611
 30
0.0
 11
216.828211
 21
9.219814
 31
0.0
  0
LINE
  8
0
  6
CONTINUOUS
 10
216.828211
 20
9.219814
 30
0.0
 11
216.772467
 21
9.158772
 31
0.0
  0
LINE
  8
0
  6
CONTINUOUS
 10
216.772467
 20
9.158772
 30
0.0
 11
216.719189
 21
9.095546
 31
0.0
  0
LINE
  8
0
  6
CONTINUOUS
 10
216.719189
 20
9.095546
 30
0.0
 11
216.668403
 21
9.030195
 31
0.0
  0
LINE
  8
0
  6
CONTINUOUS
 10
216.668403
 20
9.030195
 30
0.0
 11
216.620133
 21
8.962779
 31
0.0
  0
LINE
  8
0
  6
CONTINUOUS
 10
216.620133
 20
8.962779
 30
0.0
 11
216.574408
 21
8.893358
 31
0.0
  0
LINE
  8
0
  6
CONTINUOUS
 10
216.574408
 20
8.893358
 30
0.0
 11
216.531252
 21
8.821989
 31
0.0
  0
LINE
  8
0
  6
CONTINUOUS
 10
216.531252
 20
8.821989
 30
0.0
 11
216.490691
 21
8.748736
 31
0.0
  0
LINE
  8
0
  6
CONTINUOUS
 10
216.490691
 20
8.748736
 30
0.0
 11
216.452752
 21
8.673654
 31
0.0
  0
LINE
  8
0
  6
CONTINUOUS
 10
216.452752
 20
8.673654
 30
0.0
 11
216.417460
 21
8.596805
 31
0.0
  0
LINE
  8
0
  6
CONTINUOUS
 10
216.417460
 20
8.596805
 30
0.0
 11
216.384843
 21
8.518248
 31
0.0
  0
LINE
  8
0
  6
CONTINUOUS
 10
216.384843
 20
8.518248
 30
0.0
 11
216.354925
 21
8.438044
 31
0.0
  0
LINE
  8
0
  6
CONTINUOUS
 10
216.354925
 20
8.438044
 30
0.0
 11
216.327732
 21
8.356250
 31
0.0
  0
LINE
  8
0
  6
CONTINUOUS
 10
216.327732
 20
8.356250
 30
0.0
 11
216.303292
 21
8.272928
 31
0.0
  0
LINE
  8
0
  6
CONTINUOUS
 10
216.303292
 20
8.272928
 30
0.0
 11
216.281630
 21
8.188136
 31
0.0
  0
LINE
  8
0
  6
CONTINUOUS
 10
216.281630
 20
8.188136
 30
0.0
 11
216.262771
 21
8.101934
 31
0.0
  0
LINE
  8
0
  6
CONTINUOUS
 10
216.262771
 20
8.101934
 30
0.0
 11
216.246742
 21
8.014382
 31
0.0
  0
LINE
  8
0
  6
CONTINUOUS
 10
216.246742
 20
8.014382
 30
0.0
 11
216.233569
 21
7.925540
 31
0.0
  0
LINE
  8
0
  6
CONTINUOUS
 10
216.233569
 20
7.925540
 30
0.0
 11
216.223278
 21
7.835467
 31
0.0
  0
LINE
  8
0
  6
CONTINUOUS
 10
216.223278
 20
7.835467
 30
0.0
 11
216.215896
 21
7.744221
 31
0.0
  0
LINE
  8
0
  6
CONTINUOUS
 10
216.215896
 20
7.744221
 30
0.0
 11
216.211446
 21
7.651864
 31
0.0
  0
LINE
  8
0
  6
CONTINUOUS
 10
216.211446
 20
7.651864
 30
0.0
 11
216.209957
 21
7.558455
 31
0.0
  0
LINE
  8
0
  6
CONTINUOUS
 10
216.209957
 20
7.558455
 30
0.0
 11
216.213439
 21
7.417574
 31
0.0
  0
LINE
  8
0
  6
CONTINUOUS
 10
216.213439
 20
7.417574
 30
0.0
 11
216.223784
 21
7.279293
 31
0.0
  0
LINE
  8
0
  6
CONTINUOUS
 10
216.223784
 20
7.279293
 30
0.0
 11
216.240845
 21
7.143812
 31
0.0
  0
LINE
  8
0
  6
CONTINUOUS
 10
216.240845
 20
7.143812
 30
0.0
 11
216.264478
 21
7.011327
 31
0.0
  0
LINE
  8
0
  6
CONTINUOUS
 10
216.264478
 20
7.011327
 30
0.0
 11
216.294531
 21
6.882039
 31
0.0
  0
LINE
  8
0
  6
CONTINUOUS
 10
216.294531
 20
6.882039
 30
0.0
 11
216.330860
 21
6.756146
 31
0.0
  0
LINE
  8
0
  6
CONTINUOUS
 10
216.330860
 20
6.756146
 30
0.0
 11
216.373316
 21
6.633845
 31
0.0
  0
LINE
  8
0
  6
CONTINUOUS
 10
216.373316
 20
6.633845
 30
0.0
 11
216.421753
 21
6.515333
 31
0.0
  0
LINE
  8
0
  6
CONTINUOUS
 10
216.421753
 20
6.515333
 30
0.0
 11
216.476023
 21
6.400811
 31
0.0
  0
LINE
  8
0
  6
CONTINUOUS
 10
216.476023
 20
6.400811
 30
0.0
 11
216.535981
 21
6.290477
 31
0.0
  0
LINE
  8
0
  6
CONTINUOUS
 10
216.535981
 20
6.290477
 30
0.0
 11
216.601475
 21
6.184527
 31
0.0
  0
LINE
  8
0
  6
CONTINUOUS
 10
216.601475
 20
6.184527
 30
0.0
 11
216.672362
 21
6.083161
 31
0.0
  0
LINE
  8
0
  6
CONTINUOUS
 10
216.672362
 20
6.083161
 30
0.0
 11
216.748493
 21
5.986577
 31
0.0
  0
LINE
  8
0
  6
CONTINUOUS
 10
216.748493
 20
5.986577
 30
0.0
 11
216.829722
 21
5.894973
 31
0.0
  0
LINE
  8
0
  6
CONTINUOUS
 10
216.829722
 20
5.894973
 30
0.0
 11
216.915899
 21
5.808547
 31
0.0
  0
LINE
  8
0
  6
CONTINUOUS
 10
216.915899
 20
5.808547
 30
0.0
 11
217.006880
 21
5.727499
 31
0.0
  0
LINE
  8
0
  6
CONTINUOUS
 10
217.006880
 20
5.727499
 30
0.0
 11
217.102516
 21
5.652025
 31
0.0
  0
LINE
  8
0
  6
CONTINUOUS
 10
217.102516
 20
5.652025
 30
0.0
 11
217.202660
 21
5.582324
 31
0.0
  0
LINE
  8
0
  6
CONTINUOUS
 10
217.202660
 20
5.582324
 30
0.0
 11
217.307164
 21
5.518595
 31
0.0
  0
LINE
  8
0
  6
CONTINUOUS
 10
217.307164
 20
5.518595
 30
0.0
 11
217.415884
 21
5.461036
 31
0.0
  0
LINE
  8
0
  6
CONTINUOUS
 10
217.415884
 20
5.461036
 30
0.0
 11
217.528668
 21
5.409844
 31
0.0
  0
LINE
  8
0
  6
CONTINUOUS
 10
217.528668
 20
5.409844
 30
0.0
 11
217.645372
 21
5.365218
 31
0.0
  0
LINE
  8
0
  6
CONTINUOUS
 10
217.645372
 20
5.365218
 30
0.0
 11
217.765848
 21
5.327358
 31
0.0
  0
LINE
  8
0
  6
CONTINUOUS
 10
217.765848
 20
5.327358
 30
0.0
 11
217.889948
 21
5.296459
 31
0.0
  0
LINE
  8
0
  6
CONTINUOUS
 10
217.889948
 20
5.296459
 30
0.0
 11
217.930001
 21
5.288541
 31
0.0
  0
LINE
  8
0
  6
CONTINUOUS
 10
217.930001
 20
5.288541
 30
0.0
 11
217.972903
 21
5.281531
 31
0.0
  0
LINE
  8
0
  6
CONTINUOUS
 10
217.972903
 20
5.281531
 30
0.0
 11
218.018403
 21
5.275421
 31
0.0
  0
LINE
  8
0
  6
CONTINUOUS
 10
218.018403
 20
5.275421
 30
0.0
 11
218.066252
 21
5.270205
 31
0.0
  0
LINE
  8
0
  6
CONTINUOUS
 10
218.066252
 20
5.270205
 30
0.0
 11
218.116201
 21
5.265871
 31
0.0
  0
LINE
  8
0
  6
CONTINUOUS
 10
218.116201
 20
5.265871
 30
0.0
 11
218.168001
 21
5.262412
 31
0.0
  0
LINE
  8
0
  6
CONTINUOUS
 10
218.168001
 20
5.262412
 30
0.0
 11
218.221402
 21
5.259818
 31
0.0
  0
LINE
  8
0
  6
CONTINUOUS
 10
218.221402
 20
5.259818
 30
0.0
 11
218.276153
 21
5.258081
 31
0.0
  0
LINE
  8
0
  6
CONTINUOUS
 10
218.276153
 20
5.258081
 30
0.0
 11
218.332006
 21
5.257194
 31
0.0
  0
LINE
  8
0
  6
CONTINUOUS
 10
218.332006
 20
5.257194
 30
0.0
 11
218.388712
 21
5.257145
 31
0.0
  0
LINE
  8
0
  6
CONTINUOUS
 10
218.388712
 20
5.257145
 30
0.0
 11
218.446021
 21
5.257928
 31
0.0
  0
LINE
  8
0
  6
CONTINUOUS
 10
218.446021
 20
5.257928
 30
0.0
 11
218.503683
 21
5.259533
 31
0.0
  0
LINE
  8
0
  6
CONTINUOUS
 10
218.503683
 20
5.259533
 30
0.0
 11
218.561449
 21
5.261951
 31
0.0
  0
LINE
  8
0
  6
CONTINUOUS
 10
218.561449
 20
5.261951
 30
0.0
 11
218.619070
 21
5.265175
 31
0.0
  0
LINE
  8
0
  6
CONTINUOUS
 10
218.619070
 20
5.265175
 30
0.0
 11
218.676297
 21
5.269194
 31
0.0
  0
LINE
  8
0
  6
CONTINUOUS
 10
218.676297
 20
5.269194
 30
0.0
 11
218.732878
 21
5.274002
 31
0.0
  0
LINE
  8
0
  6
CONTINUOUS
 10
218.732878
 20
5.274002
 30
0.0
 11
218.788566
 21
5.279588
 31
0.0
  0
LINE
  8
0
  6
CONTINUOUS
 10
218.788566
 20
5.279588
 30
0.0
 11
218.843111
 21
5.285944
 31
0.0
  0
LINE
  8
0
  6
CONTINUOUS
 10
218.843111
 20
5.285944
 30
0.0
 11
218.896263
 21
5.293062
 31
0.0
  0
LINE
  8
0
  6
CONTINUOUS
 10
218.896263
 20
5.293062
 30
0.0
 11
218.947773
 21
5.300933
 31
0.0
  0
LINE
  8
0
  6
CONTINUOUS
 10
218.947773
 20
5.300933
 30
0.0
 11
218.997391
 21
5.309548
 31
0.0
  0
LINE
  8
0
  6
CONTINUOUS
 10
218.997391
 20
5.309548
 30
0.0
 11
219.044867
 21
5.318898
 31
0.0
  0
LINE
  8
0
  6
CONTINUOUS
 10
219.044867
 20
5.318898
 30
0.0
 11
219.089954
 21
5.328974
 31
0.0
  0
LINE
  8
0
  6
CONTINUOUS
 10
219.089954
 20
5.328974
 30
0.0
 11
219.132400
 21
5.339769
 31
0.0
  0
LINE
  8
0
  6
CONTINUOUS
 10
219.132400
 20
5.339769
 30
0.0
 11
219.171988
 21
5.350958
 31
0.0
  0
LINE
  8
0
  6
CONTINUOUS
 10
219.171988
 20
5.350958
 30
0.0
 11
219.212255
 21
5.363193
 31
0.0
  0
LINE
  8
0
  6
CONTINUOUS
 10
219.212255
 20
5.363193
 30
0.0
 11
219.253129
 21
5.376437
 31
0.0
  0
LINE
  8
0
  6
CONTINUOUS
 10
219.253129
 20
5.376437
 30
0.0
 11
219.294540
 21
5.390654
 31
0.0
  0
LINE
  8
0
  6
CONTINUOUS
 10
219.294540
 20
5.390654
 30
0.0
 11
219.336416
 21
5.405811
 31
0.0
  0
LINE
  8
0
  6
CONTINUOUS
 10
219.336416
 20
5.405811
 30
0.0
 11
219.378686
 21
5.421873
 31
0.0
  0
LINE
  8
0
  6
CONTINUOUS
 10
219.378686
 20
5.421873
 30
0.0
 11
219.421281
 21
5.438806
 31
0.0
  0
LINE
  8
0
  6
CONTINUOUS
 10
219.421281
 20
5.438806
 30
0.0
 11
219.464127
 21
5.456573
 31
0.0
  0
LINE
  8
0
  6
CONTINUOUS
 10
219.464127
 20
5.456573
 30
0.0
 11
219.507154
 21
5.475140
 31
0.0
  0
LINE
  8
0
  6
CONTINUOUS
 10
219.507154
 20
5.475140
 30
0.0
 11
219.550292
 21
5.494474
 31
0.0
  0
LINE
  8
0
  6
CONTINUOUS
 10
219.550292
 20
5.494474
 30
0.0
 11
219.593470
 21
5.514539
 31
0.0
  0
LINE
  8
0
  6
CONTINUOUS
 10
219.593470
 20
5.514539
 30
0.0
 11
219.636615
 21
5.535299
 31
0.0
  0
LINE
  8
0
  6
CONTINUOUS
 10
219.636615
 20
5.535299
 30
0.0
 11
219.679656
 21
5.556722
 31
0.0
  0
LINE
  8
0
  6
CONTINUOUS
 10
219.679656
 20
5.556722
 30
0.0
 11
219.722524
 21
5.578770
 31
0.0
  0
LINE
  8
0
  6
CONTINUOUS
 10
219.722524
 20
5.578770
 30
0.0
 11
219.765147
 21
5.601410
 31
0.0
  0
LINE
  8
0
  6
CONTINUOUS
 10
219.765147
 20
5.601410
 30
0.0
 11
219.807454
 21
5.624608
 31
0.0
  0
LINE
  8
0
  6
CONTINUOUS
 10
219.807454
 20
5.624608
 30
0.0
 11
219.849374
 21
5.648327
 31
0.0
  0
LINE
  8
0
  6
CONTINUOUS
 10
219.849374
 20
5.648327
 30
0.0
 11
219.890835
 21
5.672535
 31
0.0
  0
LINE
  8
0
  6
CONTINUOUS
 10
219.890835
 20
5.672535
 30
0.0
 11
219.931767
 21
5.697195
 31
0.0
  0
LINE
  8
0
  6
CONTINUOUS
 10
219.931767
 20
5.697195
 30
0.0
 11
219.972099
 21
5.722272
 31
0.0
  0
LINE
  8
0
  6
CONTINUOUS
 10
219.972099
 20
5.722272
 30
0.0
 11
220.011759
 21
5.747733
 31
0.0
  0
LINE
  8
0
  6
CONTINUOUS
 10
220.011759
 20
5.747733
 30
0.0
 11
220.050677
 21
5.773543
 31
0.0
  0
LINE
  8
0
  6
CONTINUOUS
 10
220.050677
 20
5.773543
 30
0.0
 11
220.088781
 21
5.799666
 31
0.0
  0
LINE
  8
0
  6
CONTINUOUS
 10
220.088781
 20
5.799666
 30
0.0
 11
220.126000
 21
5.826068
 31
0.0
  0
LINE
  8
0
  6
CONTINUOUS
 10
220.126000
 20
5.826068
 30
0.0
 11
220.142781
 21
5.838120
 31
0.0
  0
LINE
  8
0
  6
CONTINUOUS
 10
220.142781
 20
5.838120
 30
0.0
 11
220.159436
 21
5.849963
 31
0.0
  0
LINE
  8
0
  6
CONTINUOUS
 10
220.159436
 20
5.849963
 30
0.0
 11
220.175922
 21
5.861568
 31
0.0
  0
LINE
  8
0
  6
CONTINUOUS
 10
220.175922
 20
5.861568
 30
0.0
 11
220.192196
 21
5.872911
 31
0.0
  0
LINE
  8
0
  6
CONTINUOUS
 10
220.192196
 20
5.872911
 30
0.0
 11
220.208215
 21
5.883963
 31
0.0
  0
LINE
  8
0
  6
CONTINUOUS
 10
220.208215
 20
5.883963
 30
0.0
 11
220.223938
 21
5.894697
 31
0.0
  0
LINE
  8
0
  6
CONTINUOUS
 10
220.223938
 20
5.894697
 30
0.0
 11
220.239320
 21
5.905088
 31
0.0
  0
LINE
  8
0
  6
CONTINUOUS
 10
220.239320
 20
5.905088
 30
0.0
 11
220.254320
 21
5.915106
 31
0.0
  0
LINE
  8
0
  6
CONTINUOUS
 10
220.254320
 20
5.915106
 30
0.0
 11
220.268894
 21
5.924728
 31
0.0
  0
LINE
  8
0
  6
CONTINUOUS
 10
220.268894
 20
5.924728
 30
0.0
 11
220.283000
 21
5.933924
 31
0.0
  0
LINE
  8
0
  6
CONTINUOUS
 10
220.283000
 20
5.933924
 30
0.0
 11
220.296595
 21
5.942669
 31
0.0
  0
LINE
  8
0
  6
CONTINUOUS
 10
220.296595
 20
5.942669
 30
0.0
 11
220.309636
 21
5.950935
 31
0.0
  0
LINE
  8
0
  6
CONTINUOUS
 10
220.309636
 20
5.950935
 30
0.0
 11
220.322082
 21
5.958696
 31
0.0
  0
LINE
  8
0
  6
CONTINUOUS
 10
220.322082
 20
5.958696
 30
0.0
 11
220.333887
 21
5.965924
 31
0.0
  0
LINE
  8
0
  6
CONTINUOUS
 10
220.333887
 20
5.965924
 30
0.0
 11
220.345011
 21
5.972593
 31
0.0
  0
LINE
  8
0
  6
CONTINUOUS
 10
220.345011
 20
5.972593
 30
0.0
 11
220.355410
 21
5.978676
 31
0.0
  0
LINE
  8
0
  6
CONTINUOUS
 10
220.355410
 20
5.978676
 30
0.0
 11
220.365041
 21
5.984145
 31
0.0
  0
LINE
  8
0
  6
CONTINUOUS
 10
220.365041
 20
5.984145
 30
0.0
 11
220.373863
 21
5.988976
 31
0.0
  0
LINE
  8
0
  6
CONTINUOUS
 10
220.373863
 20
5.988976
 30
0.0
 11
220.381832
 21
5.993139
 31
0.0
  0
LINE
  8
0
  6
CONTINUOUS
 10
220.381832
 20
5.993139
 30
0.0
 11
220.388905
 21
5.996609
 31
0.0
  0
LINE
  8
0
  6
CONTINUOUS
 10
220.388905
 20
5.996609
 30
0.0
 11
220.395039
 21
5.999357
 31
0.0
  0
LINE
  8
0
  6
CONTINUOUS
 10
220.395039
 20
5.999357
 30
0.0
 11
220.400193
 21
6.001359
 31
0.0
  0
LINE
  8
0
  6
CONTINUOUS
 10
220.400193
 20
6.001359
 30
0.0
 11
220.404322
 21
6.002586
 31
0.0
  0
LINE
  8
0
  6
CONTINUOUS
 10
220.404322
 20
6.002586
 30
0.0
 11
220.407385
 21
6.003013
 31
0.0
  0
LINE
  8
0
  6
CONTINUOUS
 10
220.407385
 20
6.003013
 30
0.0
 11
220.410850
 21
6.002352
 31
0.0
  0
LINE
  8
0
  6
CONTINUOUS
 10
220.410850
 20
6.002352
 30
0.0
 11
220.414087
 21
6.000260
 31
0.0
  0
LINE
  8
0
  6
CONTINUOUS
 10
220.414087
 20
6.000260
 30
0.0
 11
220.417099
 21
5.996646
 31
0.0
  0
LINE
  8
0
  6
CONTINUOUS
 10
220.417099
 20
5.996646
 30
0.0
 11
220.419891
 21
5.991421
 31
0.0
  0
LINE
  8
0
  6
CONTINUOUS
 10
220.419891
 20
5.991421
 30
0.0
 11
220.422466
 21
5.984494
 31
0.0
  0
LINE
  8
0
  6
CONTINUOUS
 10
220.422466
 20
5.984494
 30
0.0
 11
220.424830
 21
5.975775
 31
0.0
  0
LINE
  8
0
  6
CONTINUOUS
 10
220.424830
 20
5.975775
 30
0.0
 11
220.426987
 21
5.965175
 31
0.0
  0
LINE
  8
0
  6
CONTINUOUS
 10
220.426987
 20
5.965175
 30
0.0
 11
220.428941
 21
5.952603
 31
0.0
  0
LINE
  8
0
  6
CONTINUOUS
 10
220.428941
 20
5.952603
 30
0.0
 11
220.430696
 21
5.937970
 31
0.0
  0
LINE
  8
0
  6
CONTINUOUS
 10
220.430696
 20
5.937970
 30
0.0
 11
220.432258
 21
5.921186
 31
0.0
  0
LINE
  8
0
  6
CONTINUOUS
 10
220.432258
 20
5.921186
 30
0.0
 11
220.433629
 21
5.902159
 31
0.0
  0
LINE
  8
0
  6
CONTINUOUS
 10
220.433629
 20
5.902159
 30
0.0
 11
220.434817
 21
5.880801
 31
0.0
  0
LINE
  8
0
  6
CONTINUOUS
 10
220.434817
 20
5.880801
 30
0.0
 11
220.435822
 21
5.857022
 31
0.0
  0
LINE
  8
0
  6
CONTINUOUS
 10
220.435822
 20
5.857022
 30
0.0
 11
220.436650
 21
5.830731
 31
0.0
  0
LINE
  8
0
  6
CONTINUOUS
 10
220.436650
 20
5.830731
 30
0.0
 11
220.437307
 21
5.801839
 31
0.0
  0
LINE
  8
0
  6
CONTINUOUS
 10
220.437307
 20
5.801839
 30
0.0
 11
220.437796
 21
5.770255
 31
0.0
  0
LINE
  8
0
  6
CONTINUOUS
 10
220.437796
 20
5.770255
 30
0.0
 11
220.438120
 21
5.735890
 31
0.0
  0
LINE
  8
0
  6
CONTINUOUS
 10
220.438120
 20
5.735890
 30
0.0
 11
220.438286
 21
5.698653
 31
0.0
  0
LINE
  8
0
  6
CONTINUOUS
 10
220.438286
 20
5.698653
 30
0.0
 11
220.438298
 21
5.658455
 31
0.0
  0
LINE
  8
0
  6
CONTINUOUS
 10
220.438298
 20
5.658455
 30
0.0
 11
220.438158
 21
5.615205
 31
0.0
  0
LINE
  8
0
  6
CONTINUOUS
 10
220.438158
 20
5.615205
 30
0.0
 11
220.437873
 21
5.568814
 31
0.0
  0
LINE
  8
0
  6
CONTINUOUS
 10
220.437873
 20
5.568814
 30
0.0
 11
220.437446
 21
5.519192
 31
0.0
  0
LINE
  8
0
  6
CONTINUOUS
 10
220.437446
 20
5.519192
 30
0.0
 11
220.436882
 21
5.466248
 31
0.0
  0
LINE
  8
0
  6
CONTINUOUS
 10
220.436882
 20
5.466248
 30
0.0
 11
220.436185
 21
5.409892
 31
0.0
  0
LINE
  8
0
  6
CONTINUOUS
 10
220.217342
 20
4.688117
 30
0.0
 11
220.185223
 21
4.668878
 31
0.0
  0
LINE
  8
0
  6
CONTINUOUS
 10
220.185223
 20
4.668878
 30
0.0
 11
220.152700
 21
4.650002
 31
0.0
  0
LINE
  8
0
  6
CONTINUOUS
 10
220.152700
 20
4.650002
 30
0.0
 11
220.119778
 21
4.631489
 31
0.0
  0
LINE
  8
0
  6
CONTINUOUS
 10
220.119778
 20
4.631489
 30
0.0
 11
220.086460
 21
4.613342
 31
0.0
  0
LINE
  8
0
  6
CONTINUOUS
 10
220.086460
 20
4.613342
 30
0.0
 11
220.052752
 21
4.595562
 31
0.0
  0
LINE
  8
0
  6
CONTINUOUS
 10
220.052752
 20
4.595562
 30
0.0
 11
220.018658
 21
4.578151
 31
0.0
  0
LINE
  8
0
  6
CONTINUOUS
 10
220.018658
 20
4.578151
 30
0.0
 11
219.984185
 21
4.561111
 31
0.0
  0
LINE
  8
0
  6
CONTINUOUS
 10
219.984185
 20
4.561111
 30
0.0
 11
219.949335
 21
4.544445
 31
0.0
  0
LINE
  8
0
  6
CONTINUOUS
 10
219.949335
 20
4.544445
 30
0.0
 11
219.914113
 21
4.528153
 31
0.0
  0
LINE
  8
0
  6
CONTINUOUS
 10
219.914113
 20
4.528153
 30
0.0
 11
219.878526
 21
4.512239
 31
0.0
  0
LINE
  8
0
  6
CONTINUOUS
 10
219.878526
 20
4.512239
 30
0.0
 11
219.842576
 21
4.496704
 31
0.0
  0
LINE
  8
0
  6
CONTINUOUS
 10
219.842576
 20
4.496704
 30
0.0
 11
219.806269
 21
4.481549
 31
0.0
  0
LINE
  8
0
  6
CONTINUOUS
 10
219.806269
 20
4.481549
 30
0.0
 11
219.769610
 21
4.466777
 31
0.0
  0
LINE
  8
0
  6
CONTINUOUS
 10
219.769610
 20
4.466777
 30
0.0
 11
219.732603
 21
4.452389
 31
0.0
  0
LINE
  8
0
  6
CONTINUOUS
 10
219.732603
 20
4.452389
 30
0.0
 11
219.695254
 21
4.438389
 31
0.0
  0
LINE
  8
0
  6
CONTINUOUS
 10
219.695254
 20
4.438389
 30
0.0
 11
219.657566
 21
4.424777
 31
0.0
  0
LINE
  8
0
  6
CONTINUOUS
 10
219.657566
 20
4.424777
 30
0.0
 11
219.619545
 21
4.411556
 31
0.0
  0
LINE
  8
0
  6
CONTINUOUS
 10
219.619545
 20
4.411556
 30
0.0
 11
219.581195
 21
4.398727
 31
0.0
  0
LINE
  8
0
  6
CONTINUOUS
 10
219.581195
 20
4.398727
 30
0.0
 11
219.542521
 21
4.386293
 31
0.0
  0
LINE
  8
0
  6
CONTINUOUS
 10
219.542521
 20
4.386293
 30
0.0
 11
219.503528
 21
4.374254
 31
0.0
  0
LINE
  8
0
  6
CONTINUOUS
 10
219.503528
 20
4.374254
 30
0.0
 11
219.464221
 21
4.362614
 31
0.0
  0
LINE
  8
0
  6
CONTINUOUS
 10
219.464221
 20
4.362614
 30
0.0
 11
219.424603
 21
4.351375
 31
0.0
  0
LINE
  8
0
  6
CONTINUOUS
 10
219.424603
 20
4.351375
 30
0.0
 11
219.384680
 21
4.340537
 31
0.0
  0
LINE
  8
0
  6
CONTINUOUS
 10
219.384680
 20
4.340537
 30
0.0
 11
219.344458
 21
4.330105
 31
0.0
  0
LINE
  8
0
  6
CONTINUOUS
 10
219.344458
 20
4.330105
 30
0.0
 11
219.320439
 21
4.324154
 31
0.0
  0
LINE
  8
0
  6
CONTINUOUS
 10
219.320439
 20
4.324154
 30
0.0
 11
219.296685
 21
4.318558
 31
0.0
  0
LINE
  8
0
  6
CONTINUOUS
 10
219.296685
 20
4.318558
 30
0.0
 11
219.273055
 21
4.313303
 31
0.0
  0
LINE
  8
0
  6
CONTINUOUS
 10
219.273055
 20
4.313303
 30
0.0
 11
219.249409
 21
4.308378
 31
0.0
  0
LINE
  8
0
  6
CONTINUOUS
 10
219.249409
 20
4.308378
 30
0.0
 11
219.225604
 21
4.303770
 31
0.0
  0
LINE
  8
0
  6
CONTINUOUS
 10
219.225604
 20
4.303770
 30
0.0
 11
219.201502
 21
4.299465
 31
0.0
  0
LINE
  8
0
  6
CONTINUOUS
 10
219.201502
 20
4.299465
 30
0.0
 11
219.176962
 21
4.295451
 31
0.0
  0
LINE
  8
0
  6
CONTINUOUS
 10
219.176962
 20
4.295451
 30
0.0
 11
219.151843
 21
4.291717
 31
0.0
  0
LINE
  8
0
  6
CONTINUOUS
 10
219.151843
 20
4.291717
 30
0.0
 11
219.126003
 21
4.288249
 31
0.0
  0
LINE
  8
0
  6
CONTINUOUS
 10
219.126003
 20
4.288249
 30
0.0
 11
219.099304
 21
4.285034
 31
0.0
  0
LINE
  8
0
  6
CONTINUOUS
 10
219.099304
 20
4.285034
 30
0.0
 11
219.071603
 21
4.282062
 31
0.0
  0
LINE
  8
0
  6
CONTINUOUS
 10
219.071603
 20
4.282062
 30
0.0
 11
219.042760
 21
4.279317
 31
0.0
  0
LINE
  8
0
  6
CONTINUOUS
 10
219.042760
 20
4.279317
 30
0.0
 11
219.012635
 21
4.276788
 31
0.0
  0
LINE
  8
0
  6
CONTINUOUS
 10
219.012635
 20
4.276788
 30
0.0
 11
218.981087
 21
4.274463
 31
0.0
  0
LINE
  8
0
  6
CONTINUOUS
 10
218.981087
 20
4.274463
 30
0.0
 11
218.947975
 21
4.272328
 31
0.0
  0
LINE
  8
0
  6
CONTINUOUS
 10
218.947975
 20
4.272328
 30
0.0
 11
218.913160
 21
4.270373
 31
0.0
  0
LINE
  8
0
  6
CONTINUOUS
 10
218.913160
 20
4.270373
 30
0.0
 11
218.876498
 21
4.268582
 31
0.0
  0
LINE
  8
0
  6
CONTINUOUS
 10
218.876498
 20
4.268582
 30
0.0
 11
218.837852
 21
4.266944
 31
0.0
  0
LINE
  8
0
  6
CONTINUOUS
 10
218.837852
 20
4.266944
 30
0.0
 11
218.797079
 21
4.265448
 31
0.0
  0
LINE
  8
0
  6
CONTINUOUS
 10
218.797079
 20
4.265448
 30
0.0
 11
218.754040
 21
4.264078
 31
0.0
  0
LINE
  8
0
  6
CONTINUOUS
 10
218.754040
 20
4.264078
 30
0.0
 11
218.708592
 21
4.262825
 31
0.0
  0
LINE
  8
0
  6
CONTINUOUS
 10
218.708592
 20
4.262825
 30
0.0
 11
218.660597
 21
4.261674
 31
0.0
  0
LINE
  8
0
  6
CONTINUOUS
 10
218.660597
 20
4.261674
 30
0.0
 11
218.609914
 21
4.260613
 31
0.0
  0
LINE
  8
0
  6
CONTINUOUS
 10
218.609914
 20
4.260613
 30
0.0
 11
218.556400
 21
4.259630
 31
0.0
  0
LINE
  8
0
  6
CONTINUOUS
 10
218.556400
 20
4.259630
 30
0.0
 11
218.518679
 21
4.259048
 31
0.0
  0
LINE
  8
0
  6
CONTINUOUS
 10
218.518679
 20
4.259048
 30
0.0
 11
218.480826
 21
4.258597
 31
0.0
  0
LINE
  8
0
  6
CONTINUOUS
 10
218.480826
 20
4.258597
 30
0.0
 11
218.442953
 21
4.258276
 31
0.0
  0
LINE
  8
0
  6
CONTINUOUS
 10
218.442953
 20
4.258276
 30
0.0
 11
218.405167
 21
4.258080
 31
0.0
  0
LINE
  8
0
  6
CONTINUOUS
 10
218.405167
 20
4.258080
 30
0.0
 11
218.367579
 21
4.258009
 31
0.0
  0
LINE
  8
0
  6
CONTINUOUS
 10
218.367579
 20
4.258009
 30
0.0
 11
218.330298
 21
4.258060
 31
0.0
  0
LINE
  8
0
  6
CONTINUOUS
 10
218.330298
 20
4.258060
 30
0.0
 11
218.293433
 21
4.258228
 31
0.0
  0
LINE
  8
0
  6
CONTINUOUS
 10
218.293433
 20
4.258228
 30
0.0
 11
218.257094
 21
4.258513
 31
0.0
  0
LINE
  8
0
  6
CONTINUOUS
 10
218.257094
 20
4.258513
 30
0.0
 11
218.221389
 21
4.258911
 31
0.0
  0
LINE
  8
0
  6
CONTINUOUS
 10
218.221389
 20
4.258911
 30
0.0
 11
218.186429
 21
4.259420
 31
0.0
  0
LINE
  8
0
  6
CONTINUOUS
 10
218.186429
 20
4.259420
 30
0.0
 11
218.152323
 21
4.260038
 31
0.0
  0
LINE
  8
0
  6
CONTINUOUS
 10
218.152323
 20
4.260038
 30
0.0
 11
218.119180
 21
4.260761
 31
0.0
  0
LINE
  8
0
  6
CONTINUOUS
 10
218.119180
 20
4.260761
 30
0.0
 11
218.087110
 21
4.261588
 31
0.0
  0
LINE
  8
0
  6
CONTINUOUS
 10
218.087110
 20
4.261588
 30
0.0
 11
218.056221
 21
4.262514
 31
0.0
  0
LINE
  8
0
  6
CONTINUOUS
 10
218.056221
 20
4.262514
 30
0.0
 11
218.026624
 21
4.263539
 31
0.0
  0
LINE
  8
0
  6
CONTINUOUS
 10
218.026624
 20
4.263539
 30
0.0
 11
217.998427
 21
4.264658
 31
0.0
  0
LINE
  8
0
  6
CONTINUOUS
 10
217.998427
 20
4.264658
 30
0.0
 11
217.971740
 21
4.265871
 31
0.0
  0
LINE
  8
0
  6
CONTINUOUS
 10
217.971740
 20
4.265871
 30
0.0
 11
217.946673
 21
4.267174
 31
0.0
  0
LINE
  8
0
  6
CONTINUOUS
 10
217.946673
 20
4.267174
 30
0.0
 11
217.923334
 21
4.268564
 31
0.0
  0
LINE
  8
0
  6
CONTINUOUS
 10
217.923334
 20
4.268564
 30
0.0
 11
217.901833
 21
4.270039
 31
0.0
  0
LINE
  8
0
  6
CONTINUOUS
 10
217.901833
 20
4.270039
 30
0.0
 11
217.882281
 21
4.271596
 31
0.0
  0
LINE
  8
0
  6
CONTINUOUS
 10
217.882281
 20
4.271596
 30
0.0
 11
217.864785
 21
4.273233
 31
0.0
  0
LINE
  8
0
  6
CONTINUOUS
 10
217.864785
 20
4.273233
 30
0.0
 11
217.849454
 21
4.274947
 31
0.0
  0
LINE
  8
0
  6
CONTINUOUS
 10
217.849454
 20
4.274947
 30
0.0
 11
217.836400
 21
4.276736
 31
0.0
  0
LINE
  8
0
  6
CONTINUOUS
 10
219.076468
 20
4.346596
 30
0.0
 11
219.131093
 21
4.355869
 31
0.0
  0
LINE
  8
0
  6
CONTINUOUS
 10
219.131093
 20
4.355869
 30
0.0
 11
219.185066
 21
4.365865
 31
0.0
  0
LINE
  8
0
  6
CONTINUOUS
 10
219.185066
 20
4.365865
 30
0.0
 11
219.238413
 21
4.376595
 31
0.0
  0
LINE
  8
0
  6
CONTINUOUS
 10
219.238413
 20
4.376595
 30
0.0
 11
219.291164
 21
4.388068
 31
0.0
  0
LINE
  8
0
  6
CONTINUOUS
 10
219.291164
 20
4.388068
 30
0.0
 11
219.343344
 21
4.400297
 31
0.0
  0
LINE
  8
0
  6
CONTINUOUS
 10
219.343344
 20
4.400297
 30
0.0
 11
219.394982
 21
4.413288
 31
0.0
  0
LINE
  8
0
  6
CONTINUOUS
 10
219.394982
 20
4.413288
 30
0.0
 11
219.446104
 21
4.427054
 31
0.0
  0
LINE
  8
0
  6
CONTINUOUS
 10
219.446104
 20
4.427054
 30
0.0
 11
219.496738
 21
4.441607
 31
0.0
  0
LINE
  8
0
  6
CONTINUOUS
 10
219.496738
 20
4.441607
 30
0.0
 11
219.546911
 21
4.456952
 31
0.0
  0
LINE
  8
0
  6
CONTINUOUS
 10
219.546911
 20
4.456952
 30
0.0
 11
219.596649
 21
4.473104
 31
0.0
  0
LINE
  8
0
  6
CONTINUOUS
 10
219.596649
 20
4.473104
 30
0.0
 11
219.645983
 21
4.490070
 31
0.0
  0
LINE
  8
0
  6
CONTINUOUS
 10
219.645983
 20
4.490070
 30
0.0
 11
219.694936
 21
4.507862
 31
0.0
  0
LINE
  8
0
  6
CONTINUOUS
 10
219.694936
 20
4.507862
 30
0.0
 11
219.743538
 21
4.526489
 31
0.0
  0
LINE
  8
0
  6
CONTINUOUS
 10
219.743538
 20
4.526489
 30
0.0
 11
219.791816
 21
4.545963
 31
0.0
  0
LINE
  8
0
  6
CONTINUOUS
 10
219.791816
 20
4.545963
 30
0.0
 11
219.839796
 21
4.566293
 31
0.0
  0
LINE
  8
0
  6
CONTINUOUS
 10
219.839796
 20
4.566293
 30
0.0
 11
219.887507
 21
4.587488
 31
0.0
  0
LINE
  8
0
  6
CONTINUOUS
 10
219.887507
 20
4.587488
 30
0.0
 11
219.934975
 21
4.609560
 31
0.0
  0
LINE
  8
0
  6
CONTINUOUS
 10
219.934975
 20
4.609560
 30
0.0
 11
219.982228
 21
4.632519
 31
0.0
  0
LINE
  8
0
  6
CONTINUOUS
 10
219.982228
 20
4.632519
 30
0.0
 11
220.029294
 21
4.656374
 31
0.0
  0
LINE
  8
0
  6
CONTINUOUS
 10
220.029294
 20
4.656374
 30
0.0
 11
220.076198
 21
4.681137
 31
0.0
  0
LINE
  8
0
  6
CONTINUOUS
 10
220.076198
 20
4.681137
 30
0.0
 11
220.122969
 21
4.706818
 31
0.0
  0
LINE
  8
0
  6
CONTINUOUS
 10
220.122969
 20
4.706818
 30
0.0
 11
220.169635
 21
4.733424
 31
0.0
  0
LINE
  8
0
  6
CONTINUOUS
 10
220.169635
 20
4.733424
 30
0.0
 11
220.216222
 21
4.760969
 31
0.0
  0
LINE
  8
0
  6
CONTINUOUS
 10
220.216222
 20
4.760969
 30
0.0
 11
220.262757
 21
4.789462
 31
0.0
  0
LINE
  8
0
  6
CONTINUOUS
 10
220.385105
 20
5.391255
 30
0.0
 11
220.385023
 21
5.449508
 31
0.0
  0
LINE
  8
0
  6
CONTINUOUS
 10
220.385023
 20
5.449508
 30
0.0
 11
220.384768
 21
5.503933
 31
0.0
  0
LINE
  8
0
  6
CONTINUOUS
 10
220.384768
 20
5.503933
 30
0.0
 11
220.384329
 21
5.554605
 31
0.0
  0
LINE
  8
0
  6
CONTINUOUS
 10
220.384329
 20
5.554605
 30
0.0
 11
220.383697
 21
5.601602
 31
0.0
  0
LINE
  8
0
  6
CONTINUOUS
 10
220.383697
 20
5.601602
 30
0.0
 11
220.382857
 21
5.645000
 31
0.0
  0
LINE
  8
0
  6
CONTINUOUS
 10
220.382857
 20
5.645000
 30
0.0
 11
220.381801
 21
5.684876
 31
0.0
  0
LINE
  8
0
  6
CONTINUOUS
 10
220.381801
 20
5.684876
 30
0.0
 11
220.380516
 21
5.721305
 31
0.0
  0
LINE
  8
0
  6
CONTINUOUS
 10
220.380516
 20
5.721305
 30
0.0
 11
220.378991
 21
5.754365
 31
0.0
  0
LINE
  8
0
  6
CONTINUOUS
 10
220.378991
 20
5.754365
 30
0.0
 11
220.377217
 21
5.784133
 31
0.0
  0
LINE
  8
0
  6
CONTINUOUS
 10
220.377217
 20
5.784133
 30
0.0
 11
220.375180
 21
5.810684
 31
0.0
  0
LINE
  8
0
  6
CONTINUOUS
 10
220.375180
 20
5.810684
 30
0.0
 11
220.372869
 21
5.834096
 31
0.0
  0
LINE
  8
0
  6
CONTINUOUS
 10
220.372869
 20
5.834096
 30
0.0
 11
220.370274
 21
5.854445
 31
0.0
  0
LINE
  8
0
  6
CONTINUOUS
 10
220.370274
 20
5.854445
 30
0.0
 11
220.367384
 21
5.871807
 31
0.0
  0
LINE
  8
0
  6
CONTINUOUS
 10
220.367384
 20
5.871807
 30
0.0
 11
220.364186
 21
5.886260
 31
0.0
  0
LINE
  8
0
  6
CONTINUOUS
 10
220.364186
 20
5.886260
 30
0.0
 11
220.360671
 21
5.897879
 31
0.0
  0
LINE
  8
0
  6
CONTINUOUS
 10
220.360671
 20
5.897879
 30
0.0
 11
220.356826
 21
5.906742
 31
0.0
  0
LINE
  8
0
  6
CONTINUOUS
 10
220.356826
 20
5.906742
 30
0.0
 11
220.352641
 21
5.912925
 31
0.0
  0
LINE
  8
0
  6
CONTINUOUS
 10
220.352641
 20
5.912925
 30
0.0
 11
220.348105
 21
5.916504
 31
0.0
  0
LINE
  8
0
  6
CONTINUOUS
 10
220.348105
 20
5.916504
 30
0.0
 11
220.343206
 21
5.917556
 31
0.0
  0
LINE
  8
0
  6
CONTINUOUS
 10
220.343206
 20
5.917556
 30
0.0
 11
220.337932
 21
5.916158
 31
0.0
  0
LINE
  8
0
  6
CONTINUOUS
 10
220.337932
 20
5.916158
 30
0.0
 11
220.332272
 21
5.912386
 31
0.0
  0
LINE
  8
0
  6
CONTINUOUS
 10
220.332272
 20
5.912386
 30
0.0
 11
220.326217
 21
5.906317
 31
0.0
  0
LINE
  8
0
  6
CONTINUOUS
 10
220.326217
 20
5.906317
 30
0.0
 11
220.319754
 21
5.898027
 31
0.0
  0
LINE
  8
0
  6
CONTINUOUS
 10
220.319754
 20
5.898027
 30
0.0
 11
220.312872
 21
5.887593
 31
0.0
  0
LINE
  8
0
  6
CONTINUOUS
 10
220.312872
 20
5.887593
 30
0.0
 11
220.306284
 21
5.879086
 31
0.0
  0
LINE
  8
0
  6
CONTINUOUS
 10
220.306284
 20
5.879086
 30
0.0
 11
220.295896
 21
5.868564
 31
0.0
  0
LINE
  8
0
  6
CONTINUOUS
 10
220.295896
 20
5.868564
 30
0.0
 11
220.281963
 21
5.856189
 31
0.0
  0
LINE
  8
0
  6
CONTINUOUS
 10
220.281963
 20
5.856189
 30
0.0
 11
220.264742
 21
5.842122
 31
0.0
  0
LINE
  8
0
  6
CONTINUOUS
 10
220.264742
 20
5.842122
 30
0.0
 11
220.244488
 21
5.826525
 31
0.0
  0
LINE
  8
0
  6
CONTINUOUS
 10
220.244488
 20
5.826525
 30
0.0
 11
220.221459
 21
5.809558
 31
0.0
  0
LINE
  8
0
  6
CONTINUOUS
 10
220.221459
 20
5.809558
 30
0.0
 11
220.195910
 21
5.791383
 31
0.0
  0
LINE
  8
0
  6
CONTINUOUS
 10
220.195910
 20
5.791383
 30
0.0
 11
220.168098
 21
5.772162
 31
0.0
  0
LINE
  8
0
  6
CONTINUOUS
 10
220.168098
 20
5.772162
 30
0.0
 11
220.138278
 21
5.752056
 31
0.0
  0
LINE
  8
0
  6
CONTINUOUS
 10
220.138278
 20
5.752056
 30
0.0
 11
220.106707
 21
5.731226
 31
0.0
  0
LINE
  8
0
  6
CONTINUOUS
 10
220.106707
 20
5.731226
 30
0.0
 11
220.073642
 21
5.709834
 31
0.0
  0
LINE
  8
0
  6
CONTINUOUS
 10
220.073642
 20
5.709834
 30
0.0
 11
220.039339
 21
5.688041
 31
0.0
  0
LINE
  8
0
  6
CONTINUOUS
 10
220.039339
 20
5.688041
 30
0.0
 11
220.004052
 21
5.666009
 31
0.0
  0
LINE
  8
0
  6
CONTINUOUS
 10
220.004052
 20
5.666009
 30
0.0
 11
219.968041
 21
5.643898
 31
0.0
  0
LINE
  8
0
  6
CONTINUOUS
 10
219.968041
 20
5.643898
 30
0.0
 11
219.931558
 21
5.621869
 31
0.0
  0
LINE
  8
0
  6
CONTINUOUS
 10
219.931558
 20
5.621869
 30
0.0
 11
219.894862
 21
5.600086
 31
0.0
  0
LINE
  8
0
  6
CONTINUOUS
 10
219.894862
 20
5.600086
 30
0.0
 11
219.858209
 21
5.578708
 31
0.0
  0
LINE
  8
0
  6
CONTINUOUS
 10
219.858209
 20
5.578708
 30
0.0
 11
219.821855
 21
5.557898
 31
0.0
  0
LINE
  8
0
  6
CONTINUOUS
 10
219.821855
 20
5.557898
 30
0.0
 11
219.786056
 21
5.537816
 31
0.0
  0
LINE
  8
0
  6
CONTINUOUS
 10
219.786056
 20
5.537816
 30
0.0
 11
219.751068
 21
5.518624
 31
0.0
  0
LINE
  8
0
  6
CONTINUOUS
 10
219.751068
 20
5.518624
 30
0.0
 11
219.717148
 21
5.500483
 31
0.0
  0
LINE
  8
0
  6
CONTINUOUS
 10
219.717148
 20
5.500483
 30
0.0
 11
219.684550
 21
5.483555
 31
0.0
  0
LINE
  8
0
  6
CONTINUOUS
 10
219.684550
 20
5.483555
 30
0.0
 11
219.653534
 21
5.468000
 31
0.0
  0
LINE
  8
0
  6
CONTINUOUS
 10
219.653534
 20
5.468000
 30
0.0
 11
219.624353
 21
5.453981
 31
0.0
  0
LINE
  8
0
  6
CONTINUOUS
 10
219.624353
 20
5.453981
 30
0.0
 11
219.546589
 21
5.419105
 31
0.0
  0
LINE
  8
0
  6
CONTINUOUS
 10
219.546589
 20
5.419105
 30
0.0
 11
219.467266
 21
5.386546
 31
0.0
  0
LINE
  8
0
  6
CONTINUOUS
 10
219.467266
 20
5.386546
 30
0.0
 11
219.386553
 21
5.356321
 31
0.0
  0
LINE
  8
0
  6
CONTINUOUS
 10
219.386553
 20
5.356321
 30
0.0
 11
219.304619
 21
5.328441
 31
0.0
  0
LINE
  8
0
  6
CONTINUOUS
 10
219.304619
 20
5.328441
 30
0.0
 11
219.221631
 21
5.302925
 31
0.0
  0
LINE
  8
0
  6
CONTINUOUS
 10
219.221631
 20
5.302925
 30
0.0
 11
219.137757
 21
5.279784
 31
0.0
  0
LINE
  8
0
  6
CONTINUOUS
 10
219.137757
 20
5.279784
 30
0.0
 11
219.053169
 21
5.259033
 31
0.0
  0
LINE
  8
0
  6
CONTINUOUS
 10
219.053169
 20
5.259033
 30
0.0
 11
218.968032
 21
5.240688
 31
0.0
  0
LINE
  8
0
  6
CONTINUOUS
 10
218.968032
 20
5.240688
 30
0.0
 11
218.882515
 21
5.224762
 31
0.0
  0
LINE
  8
0
  6
CONTINUOUS
 10
218.882515
 20
5.224762
 30
0.0
 11
218.796789
 21
5.211270
 31
0.0
  0
LINE
  8
0
  6
CONTINUOUS
 10
218.796789
 20
5.211270
 30
0.0
 11
218.711019
 21
5.200227
 31
0.0
  0
LINE
  8
0
  6
CONTINUOUS
 10
218.711019
 20
5.200227
 30
0.0
 11
218.625376
 21
5.191647
 31
0.0
  0
LINE
  8
0
  6
CONTINUOUS
 10
218.625376
 20
5.191647
 30
0.0
 11
218.540028
 21
5.185544
 31
0.0
  0
LINE
  8
0
  6
CONTINUOUS
 10
218.540028
 20
5.185544
 30
0.0
 11
218.455142
 21
5.181933
 31
0.0
  0
LINE
  8
0
  6
CONTINUOUS
 10
218.455142
 20
5.181933
 30
0.0
 11
218.370889
 21
5.180828
 31
0.0
  0
LINE
  8
0
  6
CONTINUOUS
 10
218.370889
 20
5.180828
 30
0.0
 11
218.287435
 21
5.182244
 31
0.0
  0
LINE
  8
0
  6
CONTINUOUS
 10
218.287435
 20
5.182244
 30
0.0
 11
218.204950
 21
5.186195
 31
0.0
  0
LINE
  8
0
  6
CONTINUOUS
 10
218.204950
 20
5.186195
 30
0.0
 11
218.123603
 21
5.192696
 31
0.0
  0
LINE
  8
0
  6
CONTINUOUS
 10
218.123603
 20
5.192696
 30
0.0
 11
218.043562
 21
5.201761
 31
0.0
  0
LINE
  8
0
  6
CONTINUOUS
 10
218.043562
 20
5.201761
 30
0.0
 11
217.964994
 21
5.213405
 31
0.0
  0
LINE
  8
0
  6
CONTINUOUS
 10
217.964994
 20
5.213405
 30
0.0
 11
217.888069
 21
5.227642
 31
0.0
  0
LINE
  8
0
  6
CONTINUOUS
 10
217.888069
 20
5.227642
 30
0.0
 11
217.812955
 21
5.244487
 31
0.0
  0
LINE
  8
0
  6
CONTINUOUS
 10
217.812955
 20
5.244487
 30
0.0
 11
217.739821
 21
5.263954
 31
0.0
  0
LINE
  8
0
  6
CONTINUOUS
 10
217.739821
 20
5.263954
 30
0.0
 11
217.668836
 21
5.286057
 31
0.0
  0
LINE
  8
0
  6
CONTINUOUS
 10
217.668836
 20
5.286057
 30
0.0
 11
217.582819
 21
5.316919
 31
0.0
  0
LINE
  8
0
  6
CONTINUOUS
 10
217.582819
 20
5.316919
 30
0.0
 11
217.498622
 21
5.351171
 31
0.0
  0
LINE
  8
0
  6
CONTINUOUS
 10
217.498622
 20
5.351171
 30
0.0
 11
217.416306
 21
5.388749
 31
0.0
  0
LINE
  8
0
  6
CONTINUOUS
 10
217.416306
 20
5.388749
 30
0.0
 11
217.335932
 21
5.429584
 31
0.0
  0
LINE
  8
0
  6
CONTINUOUS
 10
217.335932
 20
5.429584
 30
0.0
 11
217.257563
 21
5.473612
 31
0.0
  0
LINE
  8
0
  6
CONTINUOUS
 10
217.257563
 20
5.473612
 30
0.0
 11
217.181259
 21
5.520766
 31
0.0
  0
LINE
  8
0
  6
CONTINUOUS
 10
217.181259
 20
5.520766
 30
0.0
 11
217.107083
 21
5.570980
 31
0.0
  0
LINE
  8
0
  6
CONTINUOUS
 10
217.107083
 20
5.570980
 30
0.0
 11
217.035096
 21
5.624187
 31
0.0
  0
LINE
  8
0
  6
CONTINUOUS
 10
217.035096
 20
5.624187
 30
0.0
 11
216.965362
 21
5.680322
 31
0.0
  0
LINE
  8
0
  6
CONTINUOUS
 10
216.965362
 20
5.680322
 30
0.0
 11
216.897938
 21
5.739318
 31
0.0
  0
LINE
  8
0
  6
CONTINUOUS
 10
216.897938
 20
5.739318
 30
0.0
 11
216.832890
 21
5.801110
 31
0.0
  0
LINE
  8
0
  6
CONTINUOUS
 10
216.832890
 20
5.801110
 30
0.0
 11
216.770278
 21
5.865630
 31
0.0
  0
LINE
  8
0
  6
CONTINUOUS
 10
216.770278
 20
5.865630
 30
0.0
 11
216.710163
 21
5.932813
 31
0.0
  0
LINE
  8
0
  6
CONTINUOUS
 10
216.710163
 20
5.932813
 30
0.0
 11
216.652607
 21
6.002593
 31
0.0
  0
LINE
  8
0
  6
CONTINUOUS
 10
216.652607
 20
6.002593
 30
0.0
 11
216.597673
 21
6.074903
 31
0.0
  0
LINE
  8
0
  6
CONTINUOUS
 10
216.597673
 20
6.074903
 30
0.0
 11
216.545422
 21
6.149678
 31
0.0
  0
LINE
  8
0
  6
CONTINUOUS
 10
216.545422
 20
6.149678
 30
0.0
 11
216.495913
 21
6.226850
 31
0.0
  0
LINE
  8
0
  6
CONTINUOUS
 10
216.495913
 20
6.226850
 30
0.0
 11
216.449212
 21
6.306354
 31
0.0
  0
LINE
  8
0
  6
CONTINUOUS
 10
216.449212
 20
6.306354
 30
0.0
 11
216.405379
 21
6.388125
 31
0.0
  0
LINE
  8
0
  6
CONTINUOUS
 10
216.405379
 20
6.388125
 30
0.0
 11
216.364475
 21
6.472095
 31
0.0
  0
LINE
  8
0
  6
CONTINUOUS
 10
216.364475
 20
6.472095
 30
0.0
 11
216.326561
 21
6.558198
 31
0.0
  0
LINE
  8
0
  6
CONTINUOUS
 10
216.326561
 20
6.558198
 30
0.0
 11
216.291701
 21
6.646368
 31
0.0
  0
LINE
  8
0
  6
CONTINUOUS
 10
216.291701
 20
6.646368
 30
0.0
 11
216.259955
 21
6.736539
 31
0.0
  0
LINE
  8
0
  6
CONTINUOUS
 10
216.259955
 20
6.736539
 30
0.0
 11
216.231385
 21
6.828645
 31
0.0
  0
LINE
  8
0
  6
CONTINUOUS
 10
216.231385
 20
6.828645
 30
0.0
 11
216.224523
 21
6.852712
 31
0.0
  0
LINE
  8
0
  6
CONTINUOUS
 10
216.224523
 20
6.852712
 30
0.0
 11
216.218147
 21
6.875912
 31
0.0
  0
LINE
  8
0
  6
CONTINUOUS
 10
216.218147
 20
6.875912
 30
0.0
 11
216.212242
 21
6.898437
 31
0.0
  0
LINE
  8
0
  6
CONTINUOUS
 10
216.212242
 20
6.898437
 30
0.0
 11
216.206788
 21
6.920482
 31
0.0
  0
LINE
  8
0
  6
CONTINUOUS
 10
216.206788
 20
6.920482
 30
0.0
 11
216.201770
 21
6.942239
 31
0.0
  0
LINE
  8
0
  6
CONTINUOUS
 10
216.201770
 20
6.942239
 30
0.0
 11
216.197168
 21
6.963903
 31
0.0
  0
LINE
  8
0
  6
CONTINUOUS
 10
216.197168
 20
6.963903
 30
0.0
 11
216.192968
 21
6.985667
 31
0.0
  0
LINE
  8
0
  6
CONTINUOUS
 10
216.192968
 20
6.985667
 30
0.0
 11
216.189150
 21
7.007724
 31
0.0
  0
LINE
  8
0
  6
CONTINUOUS
 10
216.189150
 20
7.007724
 30
0.0
 11
216.185699
 21
7.030269
 31
0.0
  0
LINE
  8
0
  6
CONTINUOUS
 10
216.185699
 20
7.030269
 30
0.0
 11
216.182595
 21
7.053494
 31
0.0
  0
LINE
  8
0
  6
CONTINUOUS
 10
216.182595
 20
7.053494
 30
0.0
 11
216.179822
 21
7.077592
 31
0.0
  0
LINE
  8
0
  6
CONTINUOUS
 10
216.179822
 20
7.077592
 30
0.0
 11
216.177363
 21
7.102759
 31
0.0
  0
LINE
  8
0
  6
CONTINUOUS
 10
216.177363
 20
7.102759
 30
0.0
 11
216.175199
 21
7.129186
 31
0.0
  0
LINE
  8
0
  6
CONTINUOUS
 10
216.175199
 20
7.129186
 30
0.0
 11
216.173316
 21
7.157068
 31
0.0
  0
LINE
  8
0
  6
CONTINUOUS
 10
216.173316
 20
7.157068
 30
0.0
 11
216.171694
 21
7.186597
 31
0.0
  0
LINE
  8
0
  6
CONTINUOUS
 10
216.171694
 20
7.186597
 30
0.0
 11
216.170316
 21
7.217968
 31
0.0
  0
LINE
  8
0
  6
CONTINUOUS
 10
216.170316
 20
7.217968
 30
0.0
 11
216.169165
 21
7.251374
 31
0.0
  0
LINE
  8
0
  6
CONTINUOUS
 10
216.169165
 20
7.251374
 30
0.0
 11
216.168223
 21
7.287010
 31
0.0
  0
LINE
  8
0
  6
CONTINUOUS
 10
216.168223
 20
7.287010
 30
0.0
 11
216.167475
 21
7.325066
 31
0.0
  0
LINE
  8
0
  6
CONTINUOUS
 10
216.167475
 20
7.325066
 30
0.0
 11
216.166900
 21
7.365739
 31
0.0
  0
LINE
  8
0
  6
CONTINUOUS
 10
216.166900
 20
7.365739
 30
0.0
 11
216.166485
 21
7.409221
 31
0.0
  0
LINE
  8
0
  6
CONTINUOUS
 10
216.166485
 20
7.409221
 30
0.0
 11
216.166208
 21
7.455705
 31
0.0
  0
LINE
  8
0
  6
CONTINUOUS
 10
216.166208
 20
7.455705
 30
0.0
 11
216.166056
 21
7.505385
 31
0.0
  0
LINE
  8
0
  6
CONTINUOUS
 10
216.166056
 20
7.505385
 30
0.0
 11
216.166009
 21
7.558455
 31
0.0
  0
LINE
  8
0
  6
CONTINUOUS
 10
216.166009
 20
7.558455
 30
0.0
 11
216.166056
 21
7.611443
 31
0.0
  0
LINE
  8
0
  6
CONTINUOUS
 10
216.166056
 20
7.611443
 30
0.0
 11
216.166209
 21
7.661056
 31
0.0
  0
LINE
  8
0
  6
CONTINUOUS
 10
216.166209
 20
7.661056
 30
0.0
 11
216.166486
 21
7.707486
 31
0.0
  0
LINE
  8
0
  6
CONTINUOUS
 10
216.166486
 20
7.707486
 30
0.0
 11
216.166903
 21
7.750926
 31
0.0
  0
LINE
  8
0
  6
CONTINUOUS
 10
216.166903
 20
7.750926
 30
0.0
 11
216.167477
 21
7.791567
 31
0.0
  0
LINE
  8
0
  6
CONTINUOUS
 10
216.167477
 20
7.791567
 30
0.0
 11
216.168226
 21
7.829600
 31
0.0
  0
LINE
  8
0
  6
CONTINUOUS
 10
216.168226
 20
7.829600
 30
0.0
 11
216.169168
 21
7.865218
 31
0.0
  0
LINE
  8
0
  6
CONTINUOUS
 10
216.169168
 20
7.865218
 30
0.0
 11
216.170317
 21
7.898613
 31
0.0
  0
LINE
  8
0
  6
CONTINUOUS
 10
216.170317
 20
7.898613
 30
0.0
 11
216.171693
 21
7.929976
 31
0.0
  0
LINE
  8
0
  6
CONTINUOUS
 10
216.171693
 20
7.929976
 30
0.0
 11
216.173311
 21
7.959500
 31
0.0
  0
LINE
  8
0
  6
CONTINUOUS
 10
216.173311
 20
7.959500
 30
0.0
 11
216.175190
 21
7.987374
 31
0.0
  0
LINE
  8
0
  6
CONTINUOUS
 10
216.175190
 20
7.987374
 30
0.0
 11
216.177348
 21
8.013794
 31
0.0
  0
LINE
  8
0
  6
CONTINUOUS
 10
216.177348
 20
8.013794
 30
0.0
 11
216.179798
 21
8.038949
 31
0.0
  0
LINE
  8
0
  6
CONTINUOUS
 10
216.179798
 20
8.038949
 30
0.0
 11
216.182561
 21
8.063031
 31
0.0
  0
LINE
  8
0
  6
CONTINUOUS
 10
216.182561
 20
8.063031
 30
0.0
 11
216.185654
 21
8.086233
 31
0.0
  0
LINE
  8
0
  6
CONTINUOUS
 10
216.185654
 20
8.086233
 30
0.0
 11
216.189092
 21
8.108746
 31
0.0
  0
LINE
  8
0
  6
CONTINUOUS
 10
216.189092
 20
8.108746
 30
0.0
 11
216.192892
 21
8.130761
 31
0.0
  0
LINE
  8
0
  6
CONTINUOUS
 10
216.192892
 20
8.130761
 30
0.0
 11
216.197074
 21
8.152472
 31
0.0
  0
LINE
  8
0
  6
CONTINUOUS
 10
216.197074
 20
8.152472
 30
0.0
 11
216.201653
 21
8.174069
 31
0.0
  0
LINE
  8
0
  6
CONTINUOUS
 10
216.201653
 20
8.174069
 30
0.0
 11
216.206646
 21
8.195746
 31
0.0
  0
LINE
  8
0
  6
CONTINUOUS
 10
216.206646
 20
8.195746
 30
0.0
 11
216.212071
 21
8.217692
 31
0.0
  0
LINE
  8
0
  6
CONTINUOUS
 10
216.212071
 20
8.217692
 30
0.0
 11
216.217945
 21
8.240101
 31
0.0
  0
LINE
  8
0
  6
CONTINUOUS
 10
216.217945
 20
8.240101
 30
0.0
 11
216.224285
 21
8.263163
 31
0.0
  0
LINE
  8
0
  6
CONTINUOUS
 10
216.224285
 20
8.263163
 30
0.0
 11
216.231108
 21
8.287072
 31
0.0
  0
LINE
  8
0
  6
CONTINUOUS
 10
216.231108
 20
8.287072
 30
0.0
 11
216.265436
 21
8.396551
 31
0.0
  0
LINE
  8
0
  6
CONTINUOUS
 10
216.265436
 20
8.396551
 30
0.0
 11
216.304030
 21
8.502972
 31
0.0
  0
LINE
  8
0
  6
CONTINUOUS
 10
216.304030
 20
8.502972
 30
0.0
 11
216.346807
 21
8.606259
 31
0.0
  0
LINE
  8
0
  6
CONTINUOUS
 10
216.346807
 20
8.606259
 30
0.0
 11
216.393685
 21
8.706340
 31
0.0
  0
LINE
  8
0
  6
CONTINUOUS
 10
216.393685
 20
8.706340
 30
0.0
 11
216.444584
 21
8.803142
 31
0.0
  0
LINE
  8
0
  6
CONTINUOUS
 10
216.444584
 20
8.803142
 30
0.0
 11
216.499418
 21
8.896590
 31
0.0
  0
LINE
  8
0
  6
CONTINUOUS
 10
216.499418
 20
8.896590
 30
0.0
 11
216.558108
 21
8.986613
 31
0.0
  0
LINE
  8
0
  6
CONTINUOUS
 10
216.558108
 20
8.986613
 30
0.0
 11
216.620570
 21
9.073136
 31
0.0
  0
LINE
  8
0
  6
CONTINUOUS
 10
216.620570
 20
9.073136
 30
0.0
 11
216.686722
 21
9.156086
 31
0.0
  0
LINE
  8
0
  6
CONTINUOUS
 10
216.686722
 20
9.156086
 30
0.0
 11
216.756481
 21
9.235391
 31
0.0
  0
LINE
  8
0
  6
CONTINUOUS
 10
216.756481
 20
9.235391
 30
0.0
 11
216.829767
 21
9.310976
 31
0.0
  0
LINE
  8
0
  6
CONTINUOUS
 10
216.829767
 20
9.310976
 30
0.0
 11
216.906495
 21
9.382768
 31
0.0
  0
LINE
  8
0
  6
CONTINUOUS
 10
216.906495
 20
9.382768
 30
0.0
 11
216.986584
 21
9.450693
 31
0.0
  0
LINE
  8
0
  6
CONTINUOUS
 10
216.986584
 20
9.450693
 30
0.0
 11
217.069953
 21
9.514681
 31
0.0
  0
LINE
  8
0
  6
CONTINUOUS
 10
217.069953
 20
9.514681
 30
0.0
 11
217.156518
 21
9.574655
 31
0.0
  0
LINE
  8
0
  6
CONTINUOUS
 10
217.156518
 20
9.574655
 30
0.0
 11
217.246197
 21
9.630543
 31
0.0
  0
LINE
  8
0
  6
CONTINUOUS
 10
217.246197
 20
9.630543
 30
0.0
 11
217.338907
 21
9.682272
 31
0.0
  0
LINE
  8
0
  6
CONTINUOUS
 10
217.338907
 20
9.682272
 30
0.0
 11
217.434568
 21
9.729769
 31
0.0
  0
LINE
  8
0
  6
CONTINUOUS
 10
217.434568
 20
9.729769
 30
0.0
 11
217.533095
 21
9.772960
 31
0.0
  0
LINE
  8
0
  6
CONTINUOUS
 10
217.533095
 20
9.772960
 30
0.0
 11
217.634408
 21
9.811772
 31
0.0
  0
LINE
  8
0
  6
CONTINUOUS
 10
217.634408
 20
9.811772
 30
0.0
 11
217.738424
 21
9.846131
 31
0.0
  0
LINE
  8
0
  6
CONTINUOUS
 10
217.738424
 20
9.846131
 30
0.0
 11
217.845059
 21
9.875964
 31
0.0
  0
LINE
  8
0
  6
CONTINUOUS
 10
217.845059
 20
9.875964
 30
0.0
 11
217.954234
 21
9.901199
 31
0.0
  0
LINE
  8
0
  6
CONTINUOUS
 10
217.954234
 20
9.901199
 30
0.0
 11
218.065864
 21
9.921761
 31
0.0
  0
LINE
  8
0
  6
CONTINUOUS
 10
218.065864
 20
9.921761
 30
0.0
 11
218.104516
 21
9.927388
 31
0.0
  0
LINE
  8
0
  6
CONTINUOUS
 10
218.104516
 20
9.927388
 30
0.0
 11
218.145636
 21
9.932229
 31
0.0
  0
LINE
  8
0
  6
CONTINUOUS
 10
218.145636
 20
9.932229
 30
0.0
 11
218.188997
 21
9.936296
 31
0.0
  0
LINE
  8
0
  6
CONTINUOUS
 10
218.188997
 20
9.936296
 30
0.0
 11
218.234376
 21
9.939599
 31
0.0
  0
LINE
  8
0
  6
CONTINUOUS
 10
218.234376
 20
9.939599
 30
0.0
 11
218.281548
 21
9.942149
 31
0.0
  0
LINE
  8
0
  6
CONTINUOUS
 10
218.281548
 20
9.942149
 30
0.0
 11
218.330285
 21
9.943960
 31
0.0
  0
LINE
  8
0
  6
CONTINUOUS
 10
218.330285
 20
9.943960
 30
0.0
 11
218.380364
 21
9.945043
 31
0.0
  0
LINE
  8
0
  6
CONTINUOUS
 10
218.380364
 20
9.945043
 30
0.0
 11
218.431561
 21
9.945407
 31
0.0
  0
LINE
  8
0
  6
CONTINUOUS
 10
218.431561
 20
9.945407
 30
0.0
 11
218.483648
 21
9.945065
 31
0.0
  0
LINE
  8
0
  6
CONTINUOUS
 10
218.483648
 20
9.945065
 30
0.0
 11
218.536402
 21
9.944030
 31
0.0
  0
LINE
  8
0
  6
CONTINUOUS
 10
218.536402
 20
9.944030
 30
0.0
 11
218.589596
 21
9.942311
 31
0.0
  0
LINE
  8
0
  6
CONTINUOUS
 10
218.589596
 20
9.942311
 30
0.0
 11
218.643007
 21
9.939921
 31
0.0
  0
LINE
  8
0
  6
CONTINUOUS
 10
218.643007
 20
9.939921
 30
0.0
 11
218.696407
 21
9.936871
 31
0.0
  0
LINE
  8
0
  6
CONTINUOUS
 10
218.696407
 20
9.936871
 30
0.0
 11
218.749574
 21
9.933172
 31
0.0
  0
LINE
  8
0
  6
CONTINUOUS
 10
218.749574
 20
9.933172
 30
0.0
 11
218.802280
 21
9.928835
 31
0.0
  0
LINE
  8
0
  6
CONTINUOUS
 10
218.802280
 20
9.928835
 30
0.0
 11
218.854303
 21
9.923874
 31
0.0
  0
LINE
  8
0
  6
CONTINUOUS
 10
218.854303
 20
9.923874
 30
0.0
 11
218.905415
 21
9.918298
 31
0.0
  0
LINE
  8
0
  6
CONTINUOUS
 10
218.905415
 20
9.918298
 30
0.0
 11
218.955392
 21
9.912120
 31
0.0
  0
LINE
  8
0
  6
CONTINUOUS
 10
218.955392
 20
9.912120
 30
0.0
 11
219.004009
 21
9.905350
 31
0.0
  0
LINE
  8
0
  6
CONTINUOUS
 10
219.004009
 20
9.905350
 30
0.0
 11
219.051040
 21
9.898001
 31
0.0
  0
LINE
  8
0
  6
CONTINUOUS
 10
219.051040
 20
9.898001
 30
0.0
 11
219.096262
 21
9.890083
 31
0.0
  0
LINE
  8
0
  6
CONTINUOUS
 10
219.096262
 20
9.890083
 30
0.0
 11
219.139447
 21
9.881609
 31
0.0
  0
LINE
  8
0
  6
CONTINUOUS
 10
219.139447
 20
9.881609
 30
0.0
 11
219.180370
 21
9.872589
 31
0.0
  0
LINE
  8
0
  6
CONTINUOUS
 10
219.180370
 20
9.872589
 30
0.0
 11
219.218809
 21
9.863035
 31
0.0
  0
LINE
  8
0
  6
CONTINUOUS
 10
219.218809
 20
9.863035
 30
0.0
 11
219.255322
 21
9.852868
 31
0.0
  0
LINE
  8
0
  6
CONTINUOUS
 10
219.255322
 20
9.852868
 30
0.0
 11
219.293511
 21
9.841263
 31
0.0
  0
LINE
  8
0
  6
CONTINUOUS
 10
219.293511
 20
9.841263
 30
0.0
 11
219.333201
 21
9.828303
 31
0.0
  0
LINE
  8
0
  6
CONTINUOUS
 10
219.333201
 20
9.828303
 30
0.0
 11
219.374217
 21
9.814071
 31
0.0
  0
LINE
  8
0
  6
CONTINUOUS
 10
219.374217
 20
9.814071
 30
0.0
 11
219.416385
 21
9.798651
 31
0.0
  0
LINE
  8
0
  6
CONTINUOUS
 10
219.416385
 20
9.798651
 30
0.0
 11
219.459528
 21
9.782129
 31
0.0
  0
LINE
  8
0
  6
CONTINUOUS
 10
219.459528
 20
9.782129
 30
0.0
 11
219.503472
 21
9.764586
 31
0.0
  0
LINE
  8
0
  6
CONTINUOUS
 10
219.503472
 20
9.764586
 30
0.0
 11
219.548043
 21
9.746107
 31
0.0
  0
LINE
  8
0
  6
CONTINUOUS
 10
219.548043
 20
9.746107
 30
0.0
 11
219.593065
 21
9.726776
 31
0.0
  0
LINE
  8
0
  6
CONTINUOUS
 10
219.593065
 20
9.726776
 30
0.0
 11
219.638364
 21
9.706676
 31
0.0
  0
LINE
  8
0
  6
CONTINUOUS
 10
219.638364
 20
9.706676
 30
0.0
 11
219.683765
 21
9.685890
 31
0.0
  0
LINE
  8
0
  6
CONTINUOUS
 10
219.683765
 20
9.685890
 30
0.0
 11
219.729092
 21
9.664505
 31
0.0
  0
LINE
  8
0
  6
CONTINUOUS
 10
219.729092
 20
9.664505
 30
0.0
 11
219.774172
 21
9.642600
 31
0.0
  0
LINE
  8
0
  6
CONTINUOUS
 10
219.774172
 20
9.642600
 30
0.0
 11
219.818827
 21
9.620263
 31
0.0
  0
LINE
  8
0
  6
CONTINUOUS
 10
219.818827
 20
9.620263
 30
0.0
 11
219.862885
 21
9.597576
 31
0.0
  0
LINE
  8
0
  6
CONTINUOUS
 10
219.862885
 20
9.597576
 30
0.0
 11
219.906169
 21
9.574623
 31
0.0
  0
LINE
  8
0
  6
CONTINUOUS
 10
219.906169
 20
9.574623
 30
0.0
 11
219.948506
 21
9.551487
 31
0.0
  0
LINE
  8
0
  6
CONTINUOUS
 10
219.948506
 20
9.551487
 30
0.0
 11
219.989720
 21
9.528254
 31
0.0
  0
LINE
  8
0
  6
CONTINUOUS
 10
219.989720
 20
9.528254
 30
0.0
 11
220.029636
 21
9.505004
 31
0.0
  0
LINE
  8
0
  6
CONTINUOUS
 10
220.029636
 20
9.505004
 30
0.0
 11
220.068079
 21
9.481824
 31
0.0
  0
LINE
  8
0
  6
CONTINUOUS
 10
220.068079
 20
9.481824
 30
0.0
 11
220.104875
 21
9.458796
 31
0.0
  0
LINE
  8
0
  6
CONTINUOUS
 10
220.104875
 20
9.458796
 30
0.0
 11
220.139849
 21
9.436005
 31
0.0
  0
LINE
  8
0
  6
CONTINUOUS
 10
220.139849
 20
9.436005
 30
0.0
 11
220.172824
 21
9.413534
 31
0.0
  0
LINE
  8
0
  6
CONTINUOUS
 10
220.172824
 20
9.413534
 30
0.0
 11
220.203628
 21
9.391467
 31
0.0
  0
LINE
  8
0
  6
CONTINUOUS
 10
220.397380
 20
9.381279
 30
0.0
 11
220.398444
 21
9.390370
 31
0.0
  0
LINE
  8
0
  6
CONTINUOUS
 10
220.398444
 20
9.390370
 30
0.0
 11
220.399526
 21
9.400935
 31
0.0
  0
LINE
  8
0
  6
CONTINUOUS
 10
220.399526
 20
9.400935
 30
0.0
 11
220.400621
 21
9.412901
 31
0.0
  0
LINE
  8
0
  6
CONTINUOUS
 10
220.400621
 20
9.412901
 30
0.0
 11
220.401726
 21
9.426194
 31
0.0
  0
LINE
  8
0
  6
CONTINUOUS
 10
220.401726
 20
9.426194
 30
0.0
 11
220.402839
 21
9.440743
 31
0.0
  0
LINE
  8
0
  6
CONTINUOUS
 10
220.402839
 20
9.440743
 30
0.0
 11
220.403954
 21
9.456475
 31
0.0
  0
LINE
  8
0
  6
CONTINUOUS
 10
220.403954
 20
9.456475
 30
0.0
 11
220.405069
 21
9.473317
 31
0.0
  0
LINE
  8
0
  6
CONTINUOUS
 10
220.405069
 20
9.473317
 30
0.0
 11
220.406180
 21
9.491196
 31
0.0
  0
LINE
  8
0
  6
CONTINUOUS
 10
220.406180
 20
9.491196
 30
0.0
 11
220.407284
 21
9.510040
 31
0.0
  0
LINE
  8
0
  6
CONTINUOUS
 10
220.407284
 20
9.510040
 30
0.0
 11
220.408376
 21
9.529777
 31
0.0
  0
LINE
  8
0
  6
CONTINUOUS
 10
220.408376
 20
9.529777
 30
0.0
 11
220.409455
 21
9.550334
 31
0.0
  0
LINE
  8
0
  6
CONTINUOUS
 10
220.409455
 20
9.550334
 30
0.0
 11
220.410516
 21
9.571638
 31
0.0
  0
LINE
  8
0
  6
CONTINUOUS
 10
220.410516
 20
9.571638
 30
0.0
 11
220.411555
 21
9.593617
 31
0.0
  0
LINE
  8
0
  6
CONTINUOUS
 10
220.411555
 20
9.593617
 30
0.0
 11
220.412569
 21
9.616198
 31
0.0
  0
LINE
  8
0
  6
CONTINUOUS
 10
220.412569
 20
9.616198
 30
0.0
 11
220.413555
 21
9.639308
 31
0.0
  0
LINE
  8
0
  6
CONTINUOUS
 10
220.413555
 20
9.639308
 30
0.0
 11
220.414508
 21
9.662875
 31
0.0
  0
LINE
  8
0
  6
CONTINUOUS
 10
220.414508
 20
9.662875
 30
0.0
 11
220.415426
 21
9.686826
 31
0.0
  0
LINE
  8
0
  6
CONTINUOUS
 10
220.415426
 20
9.686826
 30
0.0
 11
220.416305
 21
9.711089
 31
0.0
  0
LINE
  8
0
  6
CONTINUOUS
 10
220.416305
 20
9.711089
 30
0.0
 11
220.417141
 21
9.735592
 31
0.0
  0
LINE
  8
0
  6
CONTINUOUS
 10
220.417141
 20
9.735592
 30
0.0
 11
220.417932
 21
9.760260
 31
0.0
  0
LINE
  8
0
  6
CONTINUOUS
 10
220.417932
 20
9.760260
 30
0.0
 11
220.418672
 21
9.785023
 31
0.0
  0
LINE
  8
0
  6
CONTINUOUS
 10
220.418672
 20
9.785023
 30
0.0
 11
220.419360
 21
9.809807
 31
0.0
  0
LINE
  8
0
  6
CONTINUOUS
 10
220.419360
 20
9.809807
 30
0.0
 11
220.419990
 21
9.834540
 31
0.0
  0
LINE
  8
0
  6
CONTINUOUS
 10
220.419990
 20
9.834540
 30
0.0
 11
220.420561
 21
9.859148
 31
0.0
  0
LINE
  8
0
  6
CONTINUOUS
 10
220.183609
 20
10.356629
 30
0.0
 11
220.104929
 21
10.400688
 31
0.0
  0
LINE
  8
0
  6
CONTINUOUS
 10
220.104929
 20
10.400688
 30
0.0
 11
220.026060
 21
10.442464
 31
0.0
  0
LINE
  8
0
  6
CONTINUOUS
 10
220.026060
 20
10.442464
 30
0.0
 11
219.946952
 21
10.481966
 31
0.0
  0
LINE
  8
0
  6
CONTINUOUS
 10
219.946952
 20
10.481966
 30
0.0
 11
219.867550
 21
10.519206
 31
0.0
  0
LINE
  8
0
  6
CONTINUOUS
 10
219.867550
 20
10.519206
 30
0.0
 11
219.787807
 21
10.554197
 31
0.0
  0
LINE
  8
0
  6
CONTINUOUS
 10
219.787807
 20
10.554197
 30
0.0
 11
219.707667
 21
10.586948
 31
0.0
  0
LINE
  8
0
  6
CONTINUOUS
 10
219.707667
 20
10.586948
 30
0.0
 11
219.627081
 21
10.617471
 31
0.0
  0
LINE
  8
0
  6
CONTINUOUS
 10
219.627081
 20
10.617471
 30
0.0
 11
219.545997
 21
10.645779
 31
0.0
  0
LINE
  8
0
  6
CONTINUOUS
 10
219.545997
 20
10.645779
 30
0.0
 11
219.464364
 21
10.671882
 31
0.0
  0
LINE
  8
0
  6
CONTINUOUS
 10
219.464364
 20
10.671882
 30
0.0
 11
219.382128
 21
10.695791
 31
0.0
  0
LINE
  8
0
  6
CONTINUOUS
 10
219.382128
 20
10.695791
 30
0.0
 11
219.299240
 21
10.717518
 31
0.0
  0
LINE
  8
0
  6
CONTINUOUS
 10
219.299240
 20
10.717518
 30
0.0
 11
219.215648
 21
10.737075
 31
0.0
  0
LINE
  8
0
  6
CONTINUOUS
 10
219.215648
 20
10.737075
 30
0.0
 11
219.131299
 21
10.754471
 31
0.0
  0
LINE
  8
0
  6
CONTINUOUS
 10
219.131299
 20
10.754471
 30
0.0
 11
219.046143
 21
10.769720
 31
0.0
  0
LINE
  8
0
  6
CONTINUOUS
 10
219.046143
 20
10.769720
 30
0.0
 11
218.960127
 21
10.782832
 31
0.0
  0
LINE
  8
0
  6
CONTINUOUS
 10
218.960127
 20
10.782832
 30
0.0
 11
218.873200
 21
10.793819
 31
0.0
  0
LINE
  8
0
  6
CONTINUOUS
 10
218.873200
 20
10.793819
 30
0.0
 11
218.785311
 21
10.802691
 31
0.0
  0
LINE
  8
0
  6
CONTINUOUS
 10
218.785311
 20
10.802691
 30
0.0
 11
218.696408
 21
10.809461
 31
0.0
  0
LINE
  8
0
  6
CONTINUOUS
 10
218.696408
 20
10.809461
 30
0.0
 11
218.606440
 21
10.814139
 31
0.0
  0
LINE
  8
0
  6
CONTINUOUS
 10
218.606440
 20
10.814139
 30
0.0
 11
218.515354
 21
10.816738
 31
0.0
  0
LINE
  8
0
  6
CONTINUOUS
 10
218.515354
 20
10.816738
 30
0.0
 11
218.423100
 21
10.817268
 31
0.0
  0
LINE
  8
0
  6
CONTINUOUS
 10
218.423100
 20
10.817268
 30
0.0
 11
218.329626
 21
10.815740
 31
0.0
  0
LINE
  8
0
  6
CONTINUOUS
 10
218.329626
 20
10.815740
 30
0.0
 11
218.234879
 21
10.812167
 31
0.0
  0
LINE
  8
0
  6
CONTINUOUS
 10
218.234879
 20
10.812167
 30
0.0
 11
218.138809
 21
10.806559
 31
0.0
  0
LINE
  8
0
  6
CONTINUOUS
 10
218.138809
 20
10.806559
 30
0.0
 11
217.919362
 21
10.784426
 31
0.0
  0
LINE
  8
0
  6
CONTINUOUS
 10
217.919362
 20
10.784426
 30
0.0
 11
217.705355
 21
10.748713
 31
0.0
  0
LINE
  8
0
  6
CONTINUOUS
 10
217.705355
 20
10.748713
 30
0.0
 11
217.497177
 21
10.699859
 31
0.0
  0
LINE
  8
0
  6
CONTINUOUS
 10
217.497177
 20
10.699859
 30
0.0
 11
217.295211
 21
10.638303
 31
0.0
  0
LINE
  8
0
  6
CONTINUOUS
 10
217.295211
 20
10.638303
 30
0.0
 11
217.099843
 21
10.564480
 31
0.0
  0
LINE
  8
0
  6
CONTINUOUS
 10
217.099843
 20
10.564480
 30
0.0
 11
216.911460
 21
10.478832
 31
0.0
  0
LINE
  8
0
  6
CONTINUOUS
 10
216.911460
 20
10.478832
 30
0.0
 11
216.730445
 21
10.381796
 31
0.0
  0
LINE
  8
0
  6
CONTINUOUS
 10
216.730445
 20
10.381796
 30
0.0
 11
216.557186
 21
10.273808
 31
0.0
  0
LINE
  8
0
  6
CONTINUOUS
 10
216.557186
 20
10.273808
 30
0.0
 11
216.392069
 21
10.155310
 31
0.0
  0
LINE
  8
0
  6
CONTINUOUS
 10
216.392069
 20
10.155310
 30
0.0
 11
216.235477
 21
10.026738
 31
0.0
  0
LINE
  8
0
  6
CONTINUOUS
 10
216.235477
 20
10.026738
 30
0.0
 11
216.087797
 21
9.888531
 31
0.0
  0
LINE
  8
0
  6
CONTINUOUS
 10
216.087797
 20
9.888531
 30
0.0
 11
215.949415
 21
9.741127
 31
0.0
  0
LINE
  8
0
  6
CONTINUOUS
 10
215.949415
 20
9.741127
 30
0.0
 11
215.820715
 21
9.584964
 31
0.0
  0
LINE
  8
0
  6
CONTINUOUS
 10
215.820715
 20
9.584964
 30
0.0
 11
215.702086
 21
9.420481
 31
0.0
  0
LINE
  8
0
  6
CONTINUOUS
 10
215.702086
 20
9.420481
 30
0.0
 11
215.593910
 21
9.248116
 31
0.0
  0
LINE
  8
0
  6
CONTINUOUS
 10
215.593910
 20
9.248116
 30
0.0
 11
215.496574
 21
9.068308
 31
0.0
  0
LINE
  8
0
  6
CONTINUOUS
 10
215.496574
 20
9.068308
 30
0.0
 11
215.410464
 21
8.881493
 31
0.0
  0
LINE
  8
0
  6
CONTINUOUS
 10
215.410464
 20
8.881493
 30
0.0
 11
215.335965
 21
8.688112
 31
0.0
  0
LINE
  8
0
  6
CONTINUOUS
 10
215.335965
 20
8.688112
 30
0.0
 11
215.273463
 21
8.488601
 31
0.0
  0
LINE
  8
0
  6
CONTINUOUS
 10
215.273463
 20
8.488601
 30
0.0
 11
215.223343
 21
8.283401
 31
0.0
  0
LINE
  8
0
  6
CONTINUOUS
 10
215.223343
 20
8.283401
 30
0.0
 11
215.185991
 21
8.072947
 31
0.0
  0
LINE
  8
0
  6
CONTINUOUS
 10
215.185991
 20
8.072947
 30
0.0
 11
215.161793
 21
7.857679
 31
0.0
  0
LINE
  8
0
  6
CONTINUOUS
 10
215.161793
 20
7.857679
 30
0.0
 11
215.151134
 21
7.638036
 31
0.0
  0
LINE
  8
0
  6
CONTINUOUS
 10
215.151134
 20
7.638036
 30
0.0
 11
215.154400
 21
7.414455
 31
0.0
  0
LINE
  8
0
  6
CONTINUOUS
 10
215.154400
 20
7.414455
 30
0.0
 11
215.160864
 21
7.303451
 31
0.0
  0
LINE
  8
0
  6
CONTINUOUS
 10
215.160864
 20
7.303451
 30
0.0
 11
215.169970
 21
7.194547
 31
0.0
  0
LINE
  8
0
  6
CONTINUOUS
 10
215.169970
 20
7.194547
 30
0.0
 11
215.181738
 21
7.087699
 31
0.0
  0
LINE
  8
0
  6
CONTINUOUS
 10
215.181738
 20
7.087699
 30
0.0
 11
215.196187
 21
6.982862
 31
0.0
  0
LINE
  8
0
  6
CONTINUOUS
 10
215.196187
 20
6.982862
 30
0.0
 11
215.213334
 21
6.879989
 31
0.0
  0
LINE
  8
0
  6
CONTINUOUS
 10
215.213334
 20
6.879989
 30
0.0
 11
215.233201
 21
6.779036
 31
0.0
  0
LINE
  8
0
  6
CONTINUOUS
 10
215.233201
 20
6.779036
 30
0.0
 11
215.255806
 21
6.679957
 31
0.0
  0
LINE
  8
0
  6
CONTINUOUS
 10
215.255806
 20
6.679957
 30
0.0
 11
215.281169
 21
6.582707
 31
0.0
  0
LINE
  8
0
  6
CONTINUOUS
 10
215.281169
 20
6.582707
 30
0.0
 11
215.309309
 21
6.487238
 31
0.0
  0
LINE
  8
0
  6
CONTINUOUS
 10
215.309309
 20
6.487238
 30
0.0
 11
215.340245
 21
6.393508
 31
0.0
  0
LINE
  8
0
  6
CONTINUOUS
 10
215.340245
 20
6.393508
 30
0.0
 11
215.373997
 21
6.301469
 31
0.0
  0
LINE
  8
0
  6
CONTINUOUS
 10
215.373997
 20
6.301469
 30
0.0
 11
215.410585
 21
6.211077
 31
0.0
  0
LINE
  8
0
  6
CONTINUOUS
 10
215.410585
 20
6.211077
 30
0.0
 11
215.450025
 21
6.122285
 31
0.0
  0
LINE
  8
0
  6
CONTINUOUS
 10
215.450025
 20
6.122285
 30
0.0
 11
215.492340
 21
6.035050
 31
0.0
  0
LINE
  8
0
  6
CONTINUOUS
 10
215.492340
 20
6.035050
 30
0.0
 11
215.537548
 21
5.949324
 31
0.0
  0
LINE
  8
0
  6
CONTINUOUS
 10
215.537548
 20
5.949324
 30
0.0
 11
215.585667
 21
5.865063
 31
0.0
  0
LINE
  8
0
  6
CONTINUOUS
 10
215.585667
 20
5.865063
 30
0.0
 11
215.636718
 21
5.782220
 31
0.0
  0
LINE
  8
0
  6
CONTINUOUS
 10
215.636718
 20
5.782220
 30
0.0
 11
215.690719
 21
5.700752
 31
0.0
  0
LINE
  8
0
  6
CONTINUOUS
 10
215.690719
 20
5.700752
 30
0.0
 11
215.747691
 21
5.620611
 31
0.0
  0
LINE
  8
0
  6
CONTINUOUS
 10
215.747691
 20
5.620611
 30
0.0
 11
215.807653
 21
5.541753
 31
0.0
  0
LINE
  8
0
  6
CONTINUOUS
 10
215.807653
 20
5.541753
 30
0.0
 11
215.870623
 21
5.464132
 31
0.0
  0
LINE
  8
0
  6
CONTINUOUS
 10
215.870623
 20
5.464132
 30
0.0
 11
215.936620
 21
5.387703
 31
0.0
  0
LINE
  8
0
  6
CONTINUOUS
 10
215.936620
 20
5.387703
 30
0.0
 11
216.005665
 21
5.312420
 31
0.0
  0
LINE
  8
0
  6
CONTINUOUS
 10
216.005665
 20
5.312420
 30
0.0
 11
216.077777
 21
5.238236
 31
0.0
  0
LINE
  8
0
  6
CONTINUOUS
 10
216.077777
 20
5.238236
 30
0.0
 11
216.140038
 21
5.177362
 31
0.0
  0
LINE
  8
0
  6
CONTINUOUS
 10
216.140038
 20
5.177362
 30
0.0
 11
216.202740
 21
5.118838
 31
0.0
  0
LINE
  8
0
  6
CONTINUOUS
 10
216.202740
 20
5.118838
 30
0.0
 11
216.265963
 21
5.062624
 31
0.0
  0
LINE
  8
0
  6
CONTINUOUS
 10
216.265963
 20
5.062624
 30
0.0
 11
216.329782
 21
5.008681
 31
0.0
  0
LINE
  8
0
  6
CONTINUOUS
 10
216.329782
 20
5.008681
 30
0.0
 11
216.394275
 21
4.956972
 31
0.0
  0
LINE
  8
0
  6
CONTINUOUS
 10
216.394275
 20
4.956972
 30
0.0
 11
216.459519
 21
4.907456
 31
0.0
  0
LINE
  8
0
  6
CONTINUOUS
 10
216.459519
 20
4.907456
 30
0.0
 11
216.525594
 21
4.860097
 31
0.0
  0
LINE
  8
0
  6
CONTINUOUS
 10
216.525594
 20
4.860097
 30
0.0
 11
216.592575
 21
4.814852
 31
0.0
  0
LINE
  8
0
  6
CONTINUOUS
 10
216.592575
 20
4.814852
 30
0.0
 11
216.660541
 21
4.771685
 31
0.0
  0
LINE
  8
0
  6
CONTINUOUS
 10
216.660541
 20
4.771685
 30
0.0
 11
216.729568
 21
4.730556
 31
0.0
  0
LINE
  8
0
  6
CONTINUOUS
 10
216.729568
 20
4.730556
 30
0.0
 11
216.799735
 21
4.691427
 31
0.0
  0
LINE
  8
0
  6
CONTINUOUS
 10
216.799735
 20
4.691427
 30
0.0
 11
216.871117
 21
4.654258
 31
0.0
  0
LINE
  8
0
  6
CONTINUOUS
 10
216.871117
 20
4.654258
 30
0.0
 11
216.943794
 21
4.619009
 31
0.0
  0
LINE
  8
0
  6
CONTINUOUS
 10
216.943794
 20
4.619009
 30
0.0
 11
217.017843
 21
4.585644
 31
0.0
  0
LINE
  8
0
  6
CONTINUOUS
 10
217.017843
 20
4.585644
 30
0.0
 11
217.093341
 21
4.554122
 31
0.0
  0
LINE
  8
0
  6
CONTINUOUS
 10
217.093341
 20
4.554122
 30
0.0
 11
217.170364
 21
4.524405
 31
0.0
  0
LINE
  8
0
  6
CONTINUOUS
 10
217.170364
 20
4.524405
 30
0.0
 11
217.248993
 21
4.496453
 31
0.0
  0
LINE
  8
0
  6
CONTINUOUS
 10
217.248993
 20
4.496453
 30
0.0
 11
217.329303
 21
4.470227
 31
0.0
  0
LINE
  8
0
  6
CONTINUOUS
 10
217.329303
 20
4.470227
 30
0.0
 11
217.411371
 21
4.445690
 31
0.0
  0
LINE
  8
0
  6
CONTINUOUS
 10
217.411371
 20
4.445690
 30
0.0
 11
217.495276
 21
4.422801
 31
0.0
  0
LINE
  8
0
  6
CONTINUOUS
 10
217.495276
 20
4.422801
 30
0.0
 11
217.581095
 21
4.401522
 31
0.0
  0
LINE
  8
0
  6
CONTINUOUS
 10
217.581095
 20
4.401522
 30
0.0
 11
217.668905
 21
4.381814
 31
0.0
  0
LINE
  8
0
  6
CONTINUOUS
 10
217.668905
 20
4.381814
 30
0.0
 11
217.758784
 21
4.363638
 31
0.0
  0
LINE
  8
0
  6
CONTINUOUS
 10
217.758784
 20
4.363638
 30
0.0
 11
217.850809
 21
4.346955
 31
0.0
  0
LINE
  8
0
  6
CONTINUOUS
 10
217.850809
 20
4.346955
 30
0.0
 11
217.889672
 21
4.340838
 31
0.0
  0
LINE
  8
0
  6
CONTINUOUS
 10
217.889672
 20
4.340838
 30
0.0
 11
217.931557
 21
4.335251
 31
0.0
  0
LINE
  8
0
  6
CONTINUOUS
 10
217.931557
 20
4.335251
 30
0.0
 11
217.976197
 21
4.330194
 31
0.0
  0
LINE
  8
0
  6
CONTINUOUS
 10
217.976197
 20
4.330194
 30
0.0
 11
218.023324
 21
4.325667
 31
0.0
  0
LINE
  8
0
  6
CONTINUOUS
 10
218.023324
 20
4.325667
 30
0.0
 11
218.072671
 21
4.321671
 31
0.0
  0
LINE
  8
0
  6
CONTINUOUS
 10
218.072671
 20
4.321671
 30
0.0
 11
218.123970
 21
4.318205
 31
0.0
  0
LINE
  8
0
  6
CONTINUOUS
 10
218.123970
 20
4.318205
 30
0.0
 11
218.176954
 21
4.315269
 31
0.0
  0
LINE
  8
0
  6
CONTINUOUS
 10
218.176954
 20
4.315269
 30
0.0
 11
218.231356
 21
4.312863
 31
0.0
  0
LINE
  8
0
  6
CONTINUOUS
 10
218.231356
 20
4.312863
 30
0.0
 11
218.286909
 21
4.310990
 31
0.0
  0
LINE
  8
0
  6
CONTINUOUS
 10
218.286909
 20
4.310990
 30
0.0
 11
218.343344
 21
4.309645
 31
0.0
  0
LINE
  8
0
  6
CONTINUOUS
 10
218.343344
 20
4.309645
 30
0.0
 11
218.400395
 21
4.308832
 31
0.0
  0
LINE
  8
0
  6
CONTINUOUS
 10
218.400395
 20
4.308832
 30
0.0
 11
218.457796
 21
4.308550
 31
0.0
  0
LINE
  8
0
  6
CONTINUOUS
 10
218.457796
 20
4.308550
 30
0.0
 11
218.515277
 21
4.308798
 31
0.0
  0
LINE
  8
0
  6
CONTINUOUS
 10
218.515277
 20
4.308798
 30
0.0
 11
218.572572
 21
4.309578
 31
0.0
  0
LINE
  8
0
  6
CONTINUOUS
 10
218.572572
 20
4.309578
 30
0.0
 11
218.629413
 21
4.310889
 31
0.0
  0
LINE
  8
0
  6
CONTINUOUS
 10
218.629413
 20
4.310889
 30
0.0
 11
218.685533
 21
4.312730
 31
0.0
  0
LINE
  8
0
  6
CONTINUOUS
 10
218.685533
 20
4.312730
 30
0.0
 11
218.740666
 21
4.315103
 31
0.0
  0
LINE
  8
0
  6
CONTINUOUS
 10
218.740666
 20
4.315103
 30
0.0
 11
218.794542
 21
4.318008
 31
0.0
  0
LINE
  8
0
  6
CONTINUOUS
 10
218.794542
 20
4.318008
 30
0.0
 11
218.846896
 21
4.321443
 31
0.0
  0
LINE
  8
0
  6
CONTINUOUS
 10
218.846896
 20
4.321443
 30
0.0
 11
218.897460
 21
4.325410
 31
0.0
  0
LINE
  8
0
  6
CONTINUOUS
 10
218.897460
 20
4.325410
 30
0.0
 11
218.945966
 21
4.329909
 31
0.0
  0
LINE
  8
0
  6
CONTINUOUS
 10
218.945966
 20
4.329909
 30
0.0
 11
218.992148
 21
4.334939
 31
0.0
  0
LINE
  8
0
  6
CONTINUOUS
 10
218.992148
 20
4.334939
 30
0.0
 11
219.035738
 21
4.340501
 31
0.0
  0
LINE
  8
0
  6
CONTINUOUS
 10
219.035738
 20
4.340501
 30
0.0
 11
219.076468
 21
4.346595
 31
0.0
  0
LINE
  8
0
  6
CONTINUOUS
 10
220.829265
 20
4.429378
 30
0.0
 11
220.841916
 21
4.468829
 31
0.0
  0
LINE
  8
0
  6
CONTINUOUS
 10
220.841916
 20
4.468829
 30
0.0
 11
220.883553
 21
4.569350
 31
0.0
  0
LINE
  8
0
  6
CONTINUOUS
 10
220.883553
 20
4.569350
 30
0.0
 11
220.951577
 21
4.725367
 31
0.0
  0
LINE
  8
0
  6
CONTINUOUS
 10
220.951577
 20
4.725367
 30
0.0
 11
221.043386
 21
4.931306
 31
0.0
  0
LINE
  8
0
  6
CONTINUOUS
 10
221.043386
 20
4.931306
 30
0.0
 11
221.156382
 21
5.181591
 31
0.0
  0
LINE
  8
0
  6
CONTINUOUS
 10
221.156382
 20
5.181591
 30
0.0
 11
221.287963
 21
5.470651
 31
0.0
  0
LINE
  8
0
  6
CONTINUOUS
 10
221.287963
 20
5.470651
 30
0.0
 11
221.435529
 21
5.792911
 31
0.0
  0
LINE
  8
0
  6
CONTINUOUS
 10
221.435529
 20
5.792911
 30
0.0
 11
221.596482
 21
6.142795
 31
0.0
  0
LINE
  8
0
  6
CONTINUOUS
 10
221.596482
 20
6.142795
 30
0.0
 11
221.768220
 21
6.514730
 31
0.0
  0
LINE
  8
0
  6
CONTINUOUS
 10
221.768220
 20
6.514730
 30
0.0
 11
221.948143
 21
6.903142
 31
0.0
  0
LINE
  8
0
  6
CONTINUOUS
 10
221.948143
 20
6.903142
 30
0.0
 11
222.133653
 21
7.302457
 31
0.0
  0
LINE
  8
0
  6
CONTINUOUS
 10
222.133653
 20
7.302457
 30
0.0
 11
222.322147
 21
7.707100
 31
0.0
  0
LINE
  8
0
  6
CONTINUOUS
 10
222.322147
 20
7.707100
 30
0.0
 11
222.511027
 21
8.111498
 31
0.0
  0
LINE
  8
0
  6
CONTINUOUS
 10
222.511027
 20
8.111498
 30
0.0
 11
222.697694
 21
8.510076
 31
0.0
  0
LINE
  8
0
  6
CONTINUOUS
 10
222.697694
 20
8.510076
 30
0.0
 11
222.879544
 21
8.897261
 31
0.0
  0
LINE
  8
0
  6
CONTINUOUS
 10
222.879544
 20
8.897261
 30
0.0
 11
223.053980
 21
9.267477
 31
0.0
  0
LINE
  8
0
  6
CONTINUOUS
 10
223.053980
 20
9.267477
 30
0.0
 11
223.218402
 21
9.615150
 31
0.0
  0
LINE
  8
0
  6
CONTINUOUS
 10
223.218402
 20
9.615150
 30
0.0
 11
223.370209
 21
9.934708
 31
0.0
  0
LINE
  8
0
  6
CONTINUOUS
 10
223.370209
 20
9.934708
 30
0.0
 11
223.506801
 21
10.220575
 31
0.0
  0
LINE
  8
0
  6
CONTINUOUS
 10
223.506801
 20
10.220575
 30
0.0
 11
223.625578
 21
10.467178
 31
0.0
  0
LINE
  8
0
  6
CONTINUOUS
 10
223.625578
 20
10.467178
 30
0.0
 11
223.723940
 21
10.668941
 31
0.0
  0
LINE
  8
0
  6
CONTINUOUS
 10
223.723940
 20
10.668941
 30
0.0
 11
223.799287
 21
10.820291
 31
0.0
  0
LINE
  8
0
  6
CONTINUOUS
 10
223.799287
 20
10.820291
 30
0.0
 11
223.849019
 21
10.915655
 31
0.0
  0
LINE
  8
0
  6
CONTINUOUS
 10
223.849019
 20
10.915655
 30
0.0
 11
223.870536
 21
10.949456
 31
0.0
  0
LINE
  8
0
  6
CONTINUOUS
 10
223.870536
 20
10.949456
 30
0.0
 11
223.876493
 21
10.945357
 31
0.0
  0
LINE
  8
0
  6
CONTINUOUS
 10
223.876493
 20
10.945357
 30
0.0
 11
223.886751
 21
10.931543
 31
0.0
  0
LINE
  8
0
  6
CONTINUOUS
 10
223.886751
 20
10.931543
 30
0.0
 11
223.901419
 21
10.907786
 31
0.0
  0
LINE
  8
0
  6
CONTINUOUS
 10
223.901419
 20
10.907786
 30
0.0
 11
223.920605
 21
10.873863
 31
0.0
  0
LINE
  8
0
  6
CONTINUOUS
 10
223.920605
 20
10.873863
 30
0.0
 11
223.944416
 21
10.829548
 31
0.0
  0
LINE
  8
0
  6
CONTINUOUS
 10
223.944416
 20
10.829548
 30
0.0
 11
223.972961
 21
10.774614
 31
0.0
  0
LINE
  8
0
  6
CONTINUOUS
 10
223.972961
 20
10.774614
 30
0.0
 11
224.006349
 21
10.708836
 31
0.0
  0
LINE
  8
0
  6
CONTINUOUS
 10
224.006349
 20
10.708836
 30
0.0
 11
224.044686
 21
10.631987
 31
0.0
  0
LINE
  8
0
  6
CONTINUOUS
 10
224.044686
 20
10.631987
 30
0.0
 11
224.088080
 21
10.543842
 31
0.0
  0
LINE
  8
0
  6
CONTINUOUS
 10
224.088080
 20
10.543842
 30
0.0
 11
224.136642
 21
10.444176
 31
0.0
  0
LINE
  8
0
  6
CONTINUOUS
 10
224.136642
 20
10.444176
 30
0.0
 11
224.190477
 21
10.332763
 31
0.0
  0
LINE
  8
0
  6
CONTINUOUS
 10
224.190477
 20
10.332763
 30
0.0
 11
224.249694
 21
10.209376
 31
0.0
  0
LINE
  8
0
  6
CONTINUOUS
 10
224.249694
 20
10.209376
 30
0.0
 11
224.314402
 21
10.073790
 31
0.0
  0
LINE
  8
0
  6
CONTINUOUS
 10
224.314402
 20
10.073790
 30
0.0
 11
224.384707
 21
9.925779
 31
0.0
  0
LINE
  8
0
  6
CONTINUOUS
 10
224.384707
 20
9.925779
 30
0.0
 11
224.460718
 21
9.765118
 31
0.0
  0
LINE
  8
0
  6
CONTINUOUS
 10
224.460718
 20
9.765118
 30
0.0
 11
224.542544
 21
9.591580
 31
0.0
  0
LINE
  8
0
  6
CONTINUOUS
 10
224.542544
 20
9.591580
 30
0.0
 11
224.630293
 21
9.404940
 31
0.0
  0
LINE
  8
0
  6
CONTINUOUS
 10
224.630293
 20
9.404940
 30
0.0
 11
224.724072
 21
9.204972
 31
0.0
  0
LINE
  8
0
  6
CONTINUOUS
 10
224.724072
 20
9.204972
 30
0.0
 11
224.823989
 21
8.991449
 31
0.0
  0
LINE
  8
0
  6
CONTINUOUS
 10
224.823989
 20
8.991449
 30
0.0
 11
224.930152
 21
8.764148
 31
0.0
  0
LINE
  8
0
  6
CONTINUOUS
 10
224.930152
 20
8.764148
 30
0.0
 11
225.042670
 21
8.522841
 31
0.0
  0
LINE
  8
0
  6
CONTINUOUS
 10
225.042670
 20
8.522841
 30
0.0
 11
225.161651
 21
8.267303
 31
0.0
  0
LINE
  8
0
  6
CONTINUOUS
 10
225.161651
 20
8.267303
 30
0.0
 11
225.287202
 21
7.997309
 31
0.0
  0
LINE
  8
0
  6
CONTINUOUS
 10
225.287202
 20
7.997309
 30
0.0
 11
225.419431
 21
7.712630
 31
0.0
  0
LINE
  8
0
  6
CONTINUOUS
 10
225.419431
 20
7.712630
 30
0.0
 11
225.522127
 21
7.491257
 31
0.0
  0
LINE
  8
0
  6
CONTINUOUS
 10
225.522127
 20
7.491257
 30
0.0
 11
225.622956
 21
7.273577
 31
0.0
  0
LINE
  8
0
  6
CONTINUOUS
 10
225.622956
 20
7.273577
 30
0.0
 11
225.721691
 21
7.060090
 31
0.0
  0
LINE
  8
0
  6
CONTINUOUS
 10
225.721691
 20
7.060090
 30
0.0
 11
225.818106
 21
6.851293
 31
0.0
  0
LINE
  8
0
  6
CONTINUOUS
 10
225.818106
 20
6.851293
 30
0.0
 11
225.911976
 21
6.647686
 31
0.0
  0
LINE
  8
0
  6
CONTINUOUS
 10
225.911976
 20
6.647686
 30
0.0
 11
226.003073
 21
6.449768
 31
0.0
  0
LINE
  8
0
  6
CONTINUOUS
 10
226.003073
 20
6.449768
 30
0.0
 11
226.091172
 21
6.258036
 31
0.0
  0
LINE
  8
0
  6
CONTINUOUS
 10
226.091172
 20
6.258036
 30
0.0
 11
226.176044
 21
6.072992
 31
0.0
  0
LINE
  8
0
  6
CONTINUOUS
 10
226.176044
 20
6.072992
 30
0.0
 11
226.257465
 21
5.895133
 31
0.0
  0
LINE
  8
0
  6
CONTINUOUS
 10
226.257465
 20
5.895133
 30
0.0
 11
226.335207
 21
5.724958
 31
0.0
  0
LINE
  8
0
  6
CONTINUOUS
 10
226.335207
 20
5.724958
 30
0.0
 11
226.409043
 21
5.562965
 31
0.0
  0
LINE
  8
0
  6
CONTINUOUS
 10
226.409043
 20
5.562965
 30
0.0
 11
226.478748
 21
5.409655
 31
0.0
  0
LINE
  8
0
  6
CONTINUOUS
 10
226.478748
 20
5.409655
 30
0.0
 11
226.544095
 21
5.265525
 31
0.0
  0
LINE
  8
0
  6
CONTINUOUS
 10
226.544095
 20
5.265525
 30
0.0
 11
226.604857
 21
5.131075
 31
0.0
  0
LINE
  8
0
  6
CONTINUOUS
 10
226.604857
 20
5.131075
 30
0.0
 11
226.660808
 21
5.006804
 31
0.0
  0
LINE
  8
0
  6
CONTINUOUS
 10
226.660808
 20
5.006804
 30
0.0
 11
226.711721
 21
4.893209
 31
0.0
  0
LINE
  8
0
  6
CONTINUOUS
 10
226.711721
 20
4.893209
 30
0.0
 11
226.757371
 21
4.790790
 31
0.0
  0
LINE
  8
0
  6
CONTINUOUS
 10
226.757371
 20
4.790790
 30
0.0
 11
226.797529
 21
4.700047
 31
0.0
  0
LINE
  8
0
  6
CONTINUOUS
 10
226.797529
 20
4.700047
 30
0.0
 11
226.831970
 21
4.621478
 31
0.0
  0
LINE
  8
0
  6
CONTINUOUS
 10
226.831970
 20
4.621478
 30
0.0
 11
226.860467
 21
4.555581
 31
0.0
  0
LINE
  8
0
  6
CONTINUOUS
 10
226.860467
 20
4.555581
 30
0.0
 11
226.882795
 21
4.502856
 31
0.0
  0
LINE
  8
0
  6
CONTINUOUS
 10
226.882795
 20
4.502856
 30
0.0
 11
226.898725
 21
4.463801
 31
0.0
  0
LINE
  8
0
  6
CONTINUOUS
 10
226.898725
 20
4.463801
 30
0.0
 11
226.908033
 21
4.438916
 31
0.0
  0
LINE
  8
0
  6
CONTINUOUS
 10
226.908033
 20
4.438916
 30
0.0
 11
226.910491
 21
4.428699
 31
0.0
  0
LINE
  8
0
  6
CONTINUOUS
 10
226.910491
 20
4.428699
 30
0.0
 11
226.908452
 21
4.424840
 31
0.0
  0
LINE
  8
0
  6
CONTINUOUS
 10
226.908452
 20
4.424840
 30
0.0
 11
226.905330
 21
4.421244
 31
0.0
  0
LINE
  8
0
  6
CONTINUOUS
 10
226.905330
 20
4.421244
 30
0.0
 11
226.901022
 21
4.417907
 31
0.0
  0
LINE
  8
0
  6
CONTINUOUS
 10
226.901022
 20
4.417907
 30
0.0
 11
226.895428
 21
4.414822
 31
0.0
  0
LINE
  8
0
  6
CONTINUOUS
 10
226.895428
 20
4.414822
 30
0.0
 11
226.888445
 21
4.411982
 31
0.0
  0
LINE
  8
0
  6
CONTINUOUS
 10
226.888445
 20
4.411982
 30
0.0
 11
226.879969
 21
4.409382
 31
0.0
  0
LINE
  8
0
  6
CONTINUOUS
 10
226.879969
 20
4.409382
 30
0.0
 11
226.869899
 21
4.407018
 31
0.0
  0
LINE
  8
0
  6
CONTINUOUS
 10
226.869899
 20
4.407018
 30
0.0
 11
226.858134
 21
4.404881
 31
0.0
  0
LINE
  8
0
  6
CONTINUOUS
 10
226.858134
 20
4.404881
 30
0.0
 11
226.844570
 21
4.402968
 31
0.0
  0
LINE
  8
0
  6
CONTINUOUS
 10
226.844570
 20
4.402968
 30
0.0
 11
226.829104
 21
4.401271
 31
0.0
  0
LINE
  8
0
  6
CONTINUOUS
 10
226.829104
 20
4.401271
 30
0.0
 11
226.811636
 21
4.399785
 31
0.0
  0
LINE
  8
0
  6
CONTINUOUS
 10
226.811636
 20
4.399785
 30
0.0
 11
226.792063
 21
4.398505
 31
0.0
  0
LINE
  8
0
  6
CONTINUOUS
 10
226.792063
 20
4.398505
 30
0.0
 11
226.770282
 21
4.397424
 31
0.0
  0
LINE
  8
0
  6
CONTINUOUS
 10
226.770282
 20
4.397424
 30
0.0
 11
226.746191
 21
4.396535
 31
0.0
  0
LINE
  8
0
  6
CONTINUOUS
 10
226.746191
 20
4.396535
 30
0.0
 11
226.719688
 21
4.395835
 31
0.0
  0
LINE
  8
0
  6
CONTINUOUS
 10
226.719688
 20
4.395835
 30
0.0
 11
226.690671
 21
4.395318
 31
0.0
  0
LINE
  8
0
  6
CONTINUOUS
 10
226.690671
 20
4.395318
 30
0.0
 11
226.659037
 21
4.394976
 31
0.0
  0
LINE
  8
0
  6
CONTINUOUS
 10
226.659037
 20
4.394976
 30
0.0
 11
226.624684
 21
4.394803
 31
0.0
  0
LINE
  8
0
  6
CONTINUOUS
 10
226.624684
 20
4.394803
 30
0.0
 11
226.587509
 21
4.394796
 31
0.0
  0
LINE
  8
0
  6
CONTINUOUS
 10
226.587509
 20
4.394796
 30
0.0
 11
226.547412
 21
4.394946
 31
0.0
  0
LINE
  8
0
  6
CONTINUOUS
 10
226.547412
 20
4.394946
 30
0.0
 11
226.504289
 21
4.395249
 31
0.0
  0
LINE
  8
0
  6
CONTINUOUS
 10
226.504289
 20
4.395249
 30
0.0
 11
226.458038
 21
4.395700
 31
0.0
  0
LINE
  8
0
  6
CONTINUOUS
 10
226.458038
 20
4.395700
 30
0.0
 11
226.408557
 21
4.396291
 31
0.0
  0
LINE
  8
0
  6
CONTINUOUS
 10
226.408557
 20
4.396291
 30
0.0
 11
226.355743
 21
4.397017
 31
0.0
  0
LINE
  8
0
  6
CONTINUOUS
 10
225.778332
 20
4.476855
 30
0.0
 11
225.775002
 21
4.483468
 31
0.0
  0
LINE
  8
0
  6
CONTINUOUS
 10
225.775002
 20
4.483468
 30
0.0
 11
225.770251
 21
4.493327
 31
0.0
  0
LINE
  8
0
  6
CONTINUOUS
 10
225.770251
 20
4.493327
 30
0.0
 11
225.764134
 21
4.506308
 31
0.0
  0
LINE
  8
0
  6
CONTINUOUS
 10
225.764134
 20
4.506308
 30
0.0
 11
225.756706
 21
4.522289
 31
0.0
  0
LINE
  8
0
  6
CONTINUOUS
 10
225.756706
 20
4.522289
 30
0.0
 11
225.748021
 21
4.541147
 31
0.0
  0
LINE
  8
0
  6
CONTINUOUS
 10
225.748021
 20
4.541147
 30
0.0
 11
225.738136
 21
4.562760
 31
0.0
  0
LINE
  8
0
  6
CONTINUOUS
 10
225.738136
 20
4.562760
 30
0.0
 11
225.727103
 21
4.587006
 31
0.0
  0
LINE
  8
0
  6
CONTINUOUS
 10
225.727103
 20
4.587006
 30
0.0
 11
225.714979
 21
4.613762
 31
0.0
  0
LINE
  8
0
  6
CONTINUOUS
 10
225.714979
 20
4.613762
 30
0.0
 11
225.701817
 21
4.642905
 31
0.0
  0
LINE
  8
0
  6
CONTINUOUS
 10
225.701817
 20
4.642905
 30
0.0
 11
225.687674
 21
4.674313
 31
0.0
  0
LINE
  8
0
  6
CONTINUOUS
 10
225.687674
 20
4.674313
 30
0.0
 11
225.672602
 21
4.707864
 31
0.0
  0
LINE
  8
0
  6
CONTINUOUS
 10
225.672602
 20
4.707864
 30
0.0
 11
225.656660
 21
4.743435
 31
0.0
  0
LINE
  8
0
  6
CONTINUOUS
 10
225.656660
 20
4.743435
 30
0.0
 11
225.639898
 21
4.780904
 31
0.0
  0
LINE
  8
0
  6
CONTINUOUS
 10
225.639898
 20
4.780904
 30
0.0
 11
225.622375
 21
4.820147
 31
0.0
  0
LINE
  8
0
  6
CONTINUOUS
 10
225.622375
 20
4.820147
 30
0.0
 11
225.604143
 21
4.861043
 31
0.0
  0
LINE
  8
0
  6
CONTINUOUS
 10
225.604143
 20
4.861043
 30
0.0
 11
225.585258
 21
4.903469
 31
0.0
  0
LINE
  8
0
  6
CONTINUOUS
 10
225.585258
 20
4.903469
 30
0.0
 11
225.565776
 21
4.947302
 31
0.0
  0
LINE
  8
0
  6
CONTINUOUS
 10
225.565776
 20
4.947302
 30
0.0
 11
225.545750
 21
4.992420
 31
0.0
  0
LINE
  8
0
  6
CONTINUOUS
 10
225.545750
 20
4.992420
 30
0.0
 11
225.525235
 21
5.038701
 31
0.0
  0
LINE
  8
0
  6
CONTINUOUS
 10
225.525235
 20
5.038701
 30
0.0
 11
225.504287
 21
5.086022
 31
0.0
  0
LINE
  8
0
  6
CONTINUOUS
 10
225.504287
 20
5.086022
 30
0.0
 11
225.482960
 21
5.134260
 31
0.0
  0
LINE
  8
0
  6
CONTINUOUS
 10
225.482960
 20
5.134260
 30
0.0
 11
225.461308
 21
5.183294
 31
0.0
  0
LINE
  8
0
  6
CONTINUOUS
 10
225.461308
 20
5.183294
 30
0.0
 11
225.439389
 21
5.232999
 31
0.0
  0
LINE
  8
0
  6
CONTINUOUS
 10
225.439389
 20
5.232999
 30
0.0
 11
225.417254
 21
5.283255
 31
0.0
  0
LINE
  8
0
  6
CONTINUOUS
 10
222.305333
 20
5.240055
 30
0.0
 11
222.281313
 21
5.186936
 31
0.0
  0
LINE
  8
0
  6
CONTINUOUS
 10
222.281313
 20
5.186936
 30
0.0
 11
222.257608
 21
5.134582
 31
0.0
  0
LINE
  8
0
  6
CONTINUOUS
 10
222.257608
 20
5.134582
 30
0.0
 11
222.234276
 21
5.083117
 31
0.0
  0
LINE
  8
0
  6
CONTINUOUS
 10
222.234276
 20
5.083117
 30
0.0
 11
222.211373
 21
5.032664
 31
0.0
  0
LINE
  8
0
  6
CONTINUOUS
 10
222.211373
 20
5.032664
 30
0.0
 11
222.188956
 21
4.983345
 31
0.0
  0
LINE
  8
0
  6
CONTINUOUS
 10
222.188956
 20
4.983345
 30
0.0
 11
222.167083
 21
4.935287
 31
0.0
  0
LINE
  8
0
  6
CONTINUOUS
 10
222.167083
 20
4.935287
 30
0.0
 11
222.145810
 21
4.888611
 31
0.0
  0
LINE
  8
0
  6
CONTINUOUS
 10
222.145810
 20
4.888611
 30
0.0
 11
222.125193
 21
4.843442
 31
0.0
  0
LINE
  8
0
  6
CONTINUOUS
 10
222.125193
 20
4.843442
 30
0.0
 11
222.105290
 21
4.799903
 31
0.0
  0
LINE
  8
0
  6
CONTINUOUS
 10
222.105290
 20
4.799903
 30
0.0
 11
222.086159
 21
4.758117
 31
0.0
  0
LINE
  8
0
  6
CONTINUOUS
 10
222.086159
 20
4.758117
 30
0.0
 11
222.067854
 21
4.718208
 31
0.0
  0
LINE
  8
0
  6
CONTINUOUS
 10
222.067854
 20
4.718208
 30
0.0
 11
222.050434
 21
4.680300
 31
0.0
  0
LINE
  8
0
  6
CONTINUOUS
 10
222.050434
 20
4.680300
 30
0.0
 11
222.033955
 21
4.644517
 31
0.0
  0
LINE
  8
0
  6
CONTINUOUS
 10
222.033955
 20
4.644517
 30
0.0
 11
222.018474
 21
4.610981
 31
0.0
  0
LINE
  8
0
  6
CONTINUOUS
 10
222.018474
 20
4.610981
 30
0.0
 11
222.004048
 21
4.579817
 31
0.0
  0
LINE
  8
0
  6
CONTINUOUS
 10
222.004048
 20
4.579817
 30
0.0
 11
221.990733
 21
4.551148
 31
0.0
  0
LINE
  8
0
  6
CONTINUOUS
 10
221.990733
 20
4.551148
 30
0.0
 11
221.978587
 21
4.525099
 31
0.0
  0
LINE
  8
0
  6
CONTINUOUS
 10
221.978587
 20
4.525099
 30
0.0
 11
221.967667
 21
4.501790
 31
0.0
  0
LINE
  8
0
  6
CONTINUOUS
 10
221.967667
 20
4.501790
 30
0.0
 11
221.958029
 21
4.481349
 31
0.0
  0
LINE
  8
0
  6
CONTINUOUS
 10
221.958029
 20
4.481349
 30
0.0
 11
221.949730
 21
4.463897
 31
0.0
  0
LINE
  8
0
  6
CONTINUOUS
 10
221.949730
 20
4.463897
 30
0.0
 11
221.942827
 21
4.449558
 31
0.0
  0
LINE
  8
0
  6
CONTINUOUS
 10
221.942827
 20
4.449558
 30
0.0
 11
221.937377
 21
4.438456
 31
0.0
  0
LINE
  8
0
  6
CONTINUOUS
 10
221.937377
 20
4.438456
 30
0.0
 11
221.933437
 21
4.430713
 31
0.0
  0
LINE
  8
0
  6
CONTINUOUS
 10
221.933437
 20
4.430713
 30
0.0
 11
221.931063
 21
4.426455
 31
0.0
  0
LINE
  8
0
  6
CONTINUOUS
 10
221.931063
 20
4.426455
 30
0.0
 11
221.921636
 21
4.419973
 31
0.0
  0
LINE
  8
0
  6
CONTINUOUS
 10
221.921636
 20
4.419973
 30
0.0
 11
221.902551
 21
4.414083
 31
0.0
  0
LINE
  8
0
  6
CONTINUOUS
 10
221.902551
 20
4.414083
 30
0.0
 11
221.874692
 21
4.408781
 31
0.0
  0
LINE
  8
0
  6
CONTINUOUS
 10
221.874692
 20
4.408781
 30
0.0
 11
221.838944
 21
4.404067
 31
0.0
  0
LINE
  8
0
  6
CONTINUOUS
 10
221.838944
 20
4.404067
 30
0.0
 11
221.796192
 21
4.399937
 31
0.0
  0
LINE
  8
0
  6
CONTINUOUS
 10
221.796192
 20
4.399937
 30
0.0
 11
221.747319
 21
4.396388
 31
0.0
  0
LINE
  8
0
  6
CONTINUOUS
 10
221.747319
 20
4.396388
 30
0.0
 11
221.693209
 21
4.393420
 31
0.0
  0
LINE
  8
0
  6
CONTINUOUS
 10
221.693209
 20
4.393420
 30
0.0
 11
221.634749
 21
4.391028
 31
0.0
  0
LINE
  8
0
  6
CONTINUOUS
 10
221.634749
 20
4.391028
 30
0.0
 11
221.572821
 21
4.389213
 31
0.0
  0
LINE
  8
0
  6
CONTINUOUS
 10
221.572821
 20
4.389213
 30
0.0
 11
221.508310
 21
4.387969
 31
0.0
  0
LINE
  8
0
  6
CONTINUOUS
 10
221.508310
 20
4.387969
 30
0.0
 11
221.442102
 21
4.387296
 31
0.0
  0
LINE
  8
0
  6
CONTINUOUS
 10
221.442102
 20
4.387296
 30
0.0
 11
221.375079
 21
4.387191
 31
0.0
  0
LINE
  8
0
  6
CONTINUOUS
 10
221.375079
 20
4.387191
 30
0.0
 11
221.308127
 21
4.387652
 31
0.0
  0
LINE
  8
0
  6
CONTINUOUS
 10
221.308127
 20
4.387652
 30
0.0
 11
221.242131
 21
4.388676
 31
0.0
  0
LINE
  8
0
  6
CONTINUOUS
 10
221.242131
 20
4.388676
 30
0.0
 11
221.177974
 21
4.390261
 31
0.0
  0
LINE
  8
0
  6
CONTINUOUS
 10
221.177974
 20
4.390261
 30
0.0
 11
221.116540
 21
4.392404
 31
0.0
  0
LINE
  8
0
  6
CONTINUOUS
 10
221.116540
 20
4.392404
 30
0.0
 11
221.058715
 21
4.395104
 31
0.0
  0
LINE
  8
0
  6
CONTINUOUS
 10
221.058715
 20
4.395104
 30
0.0
 11
221.005382
 21
4.398357
 31
0.0
  0
LINE
  8
0
  6
CONTINUOUS
 10
221.005382
 20
4.398357
 30
0.0
 11
220.957427
 21
4.402162
 31
0.0
  0
LINE
  8
0
  6
CONTINUOUS
 10
220.957427
 20
4.402162
 30
0.0
 11
220.915733
 21
4.406516
 31
0.0
  0
LINE
  8
0
  6
CONTINUOUS
 10
220.915733
 20
4.406516
 30
0.0
 11
220.881186
 21
4.411418
 31
0.0
  0
LINE
  8
0
  6
CONTINUOUS
 10
220.881186
 20
4.411418
 30
0.0
 11
220.854669
 21
4.416863
 31
0.0
  0
LINE
  8
0
  6
CONTINUOUS
 10
220.854669
 20
4.416863
 30
0.0
 11
220.837067
 21
4.422851
 31
0.0
  0
LINE
  8
0
  6
CONTINUOUS
 10
220.837067
 20
4.422851
 30
0.0
 11
220.829265
 21
4.429378
 31
0.0
  0
LINE
  8
0
  6
CONTINUOUS
 10
222.232951
 20
5.240055
 30
0.0
 11
222.256021
 21
5.291243
 31
0.0
  0
LINE
  8
0
  6
CONTINUOUS
 10
222.256021
 20
5.291243
 30
0.0
 11
222.278829
 21
5.341766
 31
0.0
  0
LINE
  8
0
  6
CONTINUOUS
 10
222.278829
 20
5.341766
 30
0.0
 11
222.301319
 21
5.391502
 31
0.0
  0
LINE
  8
0
  6
CONTINUOUS
 10
222.301319
 20
5.391502
 30
0.0
 11
222.323436
 21
5.440330
 31
0.0
  0
LINE
  8
0
  6
CONTINUOUS
 10
222.323436
 20
5.440330
 30
0.0
 11
222.345122
 21
5.488129
 31
0.0
  0
LINE
  8
0
  6
CONTINUOUS
 10
222.345122
 20
5.488129
 30
0.0
 11
222.366324
 21
5.534777
 31
0.0
  0
LINE
  8
0
  6
CONTINUOUS
 10
222.366324
 20
5.534777
 30
0.0
 11
222.386982
 21
5.580153
 31
0.0
  0
LINE
  8
0
  6
CONTINUOUS
 10
222.386982
 20
5.580153
 30
0.0
 11
222.407044
 21
5.624135
 31
0.0
  0
LINE
  8
0
  6
CONTINUOUS
 10
222.407044
 20
5.624135
 30
0.0
 11
222.426453
 21
5.666603
 31
0.0
  0
LINE
  8
0
  6
CONTINUOUS
 10
222.426453
 20
5.666603
 30
0.0
 11
222.445151
 21
5.707433
 31
0.0
  0
LINE
  8
0
  6
CONTINUOUS
 10
222.445151
 20
5.707433
 30
0.0
 11
222.463084
 21
5.746507
 31
0.0
  0
LINE
  8
0
  6
CONTINUOUS
 10
222.463084
 20
5.746507
 30
0.0
 11
222.480197
 21
5.783700
 31
0.0
  0
LINE
  8
0
  6
CONTINUOUS
 10
222.480197
 20
5.783700
 30
0.0
 11
222.496432
 21
5.818894
 31
0.0
  0
LINE
  8
0
  6
CONTINUOUS
 10
222.496432
 20
5.818894
 30
0.0
 11
222.511734
 21
5.851964
 31
0.0
  0
LINE
  8
0
  6
CONTINUOUS
 10
222.511734
 20
5.851964
 30
0.0
 11
222.526047
 21
5.882792
 31
0.0
  0
LINE
  8
0
  6
CONTINUOUS
 10
222.526047
 20
5.882792
 30
0.0
 11
222.539314
 21
5.911255
 31
0.0
  0
LINE
  8
0
  6
CONTINUOUS
 10
222.539314
 20
5.911255
 30
0.0
 11
222.551481
 21
5.937232
 31
0.0
  0
LINE
  8
0
  6
CONTINUOUS
 10
222.551481
 20
5.937232
 30
0.0
 11
222.562490
 21
5.960600
 31
0.0
  0
LINE
  8
0
  6
CONTINUOUS
 10
222.562490
 20
5.960600
 30
0.0
 11
222.572288
 21
5.981241
 31
0.0
  0
LINE
  8
0
  6
CONTINUOUS
 10
222.572288
 20
5.981241
 30
0.0
 11
222.580816
 21
5.999030
 31
0.0
  0
LINE
  8
0
  6
CONTINUOUS
 10
222.580816
 20
5.999030
 30
0.0
 11
222.588020
 21
6.013848
 31
0.0
  0
LINE
  8
0
  6
CONTINUOUS
 10
222.588020
 20
6.013848
 30
0.0
 11
222.593843
 21
6.025572
 31
0.0
  0
LINE
  8
0
  6
CONTINUOUS
 10
222.593843
 20
6.025572
 30
0.0
 11
222.598229
 21
6.034082
 31
0.0
  0
LINE
  8
0
  6
CONTINUOUS
 10
222.598229
 20
6.034082
 30
0.0
 11
222.601124
 21
6.039255
 31
0.0
  0
LINE
  8
0
  6
CONTINUOUS
 10
225.125568
 20
6.067614
 30
0.0
 11
225.128515
 21
6.064352
 31
0.0
  0
LINE
  8
0
  6
CONTINUOUS
 10
225.128515
 20
6.064352
 30
0.0
 11
225.132979
 21
6.057559
 31
0.0
  0
LINE
  8
0
  6
CONTINUOUS
 10
225.132979
 20
6.057559
 30
0.0
 11
225.138904
 21
6.047356
 31
0.0
  0
LINE
  8
0
  6
CONTINUOUS
 10
225.138904
 20
6.047356
 30
0.0
 11
225.146233
 21
6.033865
 31
0.0
  0
LINE
  8
0
  6
CONTINUOUS
 10
225.146233
 20
6.033865
 30
0.0
 11
225.154908
 21
6.017210
 31
0.0
  0
LINE
  8
0
  6
CONTINUOUS
 10
225.154908
 20
6.017210
 30
0.0
 11
225.164873
 21
5.997511
 31
0.0
  0
LINE
  8
0
  6
CONTINUOUS
 10
225.164873
 20
5.997511
 30
0.0
 11
225.176071
 21
5.974893
 31
0.0
  0
LINE
  8
0
  6
CONTINUOUS
 10
225.176071
 20
5.974893
 30
0.0
 11
225.188445
 21
5.949476
 31
0.0
  0
LINE
  8
0
  6
CONTINUOUS
 10
225.188445
 20
5.949476
 30
0.0
 11
225.201937
 21
5.921385
 31
0.0
  0
LINE
  8
0
  6
CONTINUOUS
 10
225.201937
 20
5.921385
 30
0.0
 11
225.216493
 21
5.890740
 31
0.0
  0
LINE
  8
0
  6
CONTINUOUS
 10
225.216493
 20
5.890740
 30
0.0
 11
225.232054
 21
5.857664
 31
0.0
  0
LINE
  8
0
  6
CONTINUOUS
 10
225.232054
 20
5.857664
 30
0.0
 11
225.248564
 21
5.822279
 31
0.0
  0
LINE
  8
0
  6
CONTINUOUS
 10
225.248564
 20
5.822279
 30
0.0
 11
225.265965
 21
5.784709
 31
0.0
  0
LINE
  8
0
  6
CONTINUOUS
 10
225.265965
 20
5.784709
 30
0.0
 11
225.284202
 21
5.745075
 31
0.0
  0
LINE
  8
0
  6
CONTINUOUS
 10
225.284202
 20
5.745075
 30
0.0
 11
225.303216
 21
5.703499
 31
0.0
  0
LINE
  8
0
  6
CONTINUOUS
 10
225.303216
 20
5.703499
 30
0.0
 11
225.322951
 21
5.660105
 31
0.0
  0
LINE
  8
0
  6
CONTINUOUS
 10
225.322951
 20
5.660105
 30
0.0
 11
225.343351
 21
5.615013
 31
0.0
  0
LINE
  8
0
  6
CONTINUOUS
 10
225.343351
 20
5.615013
 30
0.0
 11
225.364358
 21
5.568347
 31
0.0
  0
LINE
  8
0
  6
CONTINUOUS
 10
225.364358
 20
5.568347
 30
0.0
 11
225.385915
 21
5.520230
 31
0.0
  0
LINE
  8
0
  6
CONTINUOUS
 10
225.385915
 20
5.520230
 30
0.0
 11
225.407965
 21
5.470783
 31
0.0
  0
LINE
  8
0
  6
CONTINUOUS
 10
225.407965
 20
5.470783
 30
0.0
 11
225.430454
 21
5.420128
 31
0.0
  0
LINE
  8
0
  6
CONTINUOUS
 10
225.430454
 20
5.420128
 30
0.0
 11
225.453321
 21
5.368389
 31
0.0
  0
LINE
  8
0
  6
CONTINUOUS
 10
225.453321
 20
5.368389
 30
0.0
 11
225.476511
 21
5.315687
 31
0.0
  0
LINE
  8
0
  6
CONTINUOUS
 10
225.476511
 20
5.315687
 30
0.0
 11
225.499968
 21
5.262145
 31
0.0
  0
LINE
  8
0
  6
CONTINUOUS
 10
226.342690
 20
4.477346
 30
0.0
 11
226.394496
 21
4.477328
 31
0.0
  0
LINE
  8
0
  6
CONTINUOUS
 10
226.394496
 20
4.477328
 30
0.0
 11
226.442662
 21
4.477387
 31
0.0
  0
LINE
  8
0
  6
CONTINUOUS
 10
226.442662
 20
4.477387
 30
0.0
 11
226.487308
 21
4.477533
 31
0.0
  0
LINE
  8
0
  6
CONTINUOUS
 10
226.487308
 20
4.477533
 30
0.0
 11
226.528555
 21
4.477778
 31
0.0
  0
LINE
  8
0
  6
CONTINUOUS
 10
226.528555
 20
4.477778
 30
0.0
 11
226.566526
 21
4.478130
 31
0.0
  0
LINE
  8
0
  6
CONTINUOUS
 10
226.566526
 20
4.478130
 30
0.0
 11
226.601341
 21
4.478601
 31
0.0
  0
LINE
  8
0
  6
CONTINUOUS
 10
226.601341
 20
4.478601
 30
0.0
 11
226.633120
 21
4.479202
 31
0.0
  0
LINE
  8
0
  6
CONTINUOUS
 10
226.633120
 20
4.479202
 30
0.0
 11
226.661985
 21
4.479943
 31
0.0
  0
LINE
  8
0
  6
CONTINUOUS
 10
226.661985
 20
4.479943
 30
0.0
 11
226.688057
 21
4.480834
 31
0.0
  0
LINE
  8
0
  6
CONTINUOUS
 10
226.688057
 20
4.480834
 30
0.0
 11
226.711456
 21
4.481887
 31
0.0
  0
LINE
  8
0
  6
CONTINUOUS
 10
226.711456
 20
4.481887
 30
0.0
 11
226.732305
 21
4.483110
 31
0.0
  0
LINE
  8
0
  6
CONTINUOUS
 10
226.732305
 20
4.483110
 30
0.0
 11
226.750723
 21
4.484517
 31
0.0
  0
LINE
  8
0
  6
CONTINUOUS
 10
226.750723
 20
4.484517
 30
0.0
 11
226.766832
 21
4.486115
 31
0.0
  0
LINE
  8
0
  6
CONTINUOUS
 10
226.766832
 20
4.486115
 30
0.0
 11
226.780753
 21
4.487917
 31
0.0
  0
LINE
  8
0
  6
CONTINUOUS
 10
226.780753
 20
4.487917
 30
0.0
 11
226.792606
 21
4.489932
 31
0.0
  0
LINE
  8
0
  6
CONTINUOUS
 10
226.792606
 20
4.489932
 30
0.0
 11
226.802515
 21
4.492171
 31
0.0
  0
LINE
  8
0
  6
CONTINUOUS
 10
226.802515
 20
4.492171
 30
0.0
 11
226.810597
 21
4.494645
 31
0.0
  0
LINE
  8
0
  6
CONTINUOUS
 10
226.810597
 20
4.494645
 30
0.0
 11
226.816976
 21
4.497365
 31
0.0
  0
LINE
  8
0
  6
CONTINUOUS
 10
226.816976
 20
4.497365
 30
0.0
 11
226.821771
 21
4.500341
 31
0.0
  0
LINE
  8
0
  6
CONTINUOUS
 10
226.821771
 20
4.500341
 30
0.0
 11
226.825104
 21
4.503581
 31
0.0
  0
LINE
  8
0
  6
CONTINUOUS
 10
226.825104
 20
4.503581
 30
0.0
 11
226.827096
 21
4.507100
 31
0.0
  0
LINE
  8
0
  6
CONTINUOUS
 10
226.827096
 20
4.507100
 30
0.0
 11
226.827868
 21
4.510906
 31
0.0
  0
LINE
  8
0
  6
CONTINUOUS
 10
226.827868
 20
4.510906
 30
0.0
 11
226.827542
 21
4.515010
 31
0.0
  0
LINE
  8
0
  6
CONTINUOUS
 10
226.827542
 20
4.515010
 30
0.0
 11
226.826237
 21
4.519421
 31
0.0
  0
LINE
  8
0
  6
CONTINUOUS
 10
226.826237
 20
4.519421
 30
0.0
 11
226.803594
 21
4.571649
 31
0.0
  0
LINE
  8
0
  6
CONTINUOUS
 10
226.803594
 20
4.571649
 30
0.0
 11
226.754194
 21
4.680806
 31
0.0
  0
LINE
  8
0
  6
CONTINUOUS
 10
226.754194
 20
4.680806
 30
0.0
 11
226.680496
 21
4.841633
 31
0.0
  0
LINE
  8
0
  6
CONTINUOUS
 10
226.680496
 20
4.841633
 30
0.0
 11
226.584958
 21
5.048873
 31
0.0
  0
LINE
  8
0
  6
CONTINUOUS
 10
226.584958
 20
5.048873
 30
0.0
 11
226.470035
 21
5.297265
 31
0.0
  0
LINE
  8
0
  6
CONTINUOUS
 10
226.470035
 20
5.297265
 30
0.0
 11
226.338185
 21
5.581553
 31
0.0
  0
LINE
  8
0
  6
CONTINUOUS
 10
226.338185
 20
5.581553
 30
0.0
 11
226.191866
 21
5.896475
 31
0.0
  0
LINE
  8
0
  6
CONTINUOUS
 10
226.191866
 20
5.896475
 30
0.0
 11
226.033536
 21
6.236775
 31
0.0
  0
LINE
  8
0
  6
CONTINUOUS
 10
226.033536
 20
6.236775
 30
0.0
 11
225.865651
 21
6.597193
 31
0.0
  0
LINE
  8
0
  6
CONTINUOUS
 10
225.865651
 20
6.597193
 30
0.0
 11
225.690670
 21
6.972470
 31
0.0
  0
LINE
  8
0
  6
CONTINUOUS
 10
225.690670
 20
6.972470
 30
0.0
 11
225.511049
 21
7.357347
 31
0.0
  0
LINE
  8
0
  6
CONTINUOUS
 10
225.511049
 20
7.357347
 30
0.0
 11
225.329246
 21
7.746567
 31
0.0
  0
LINE
  8
0
  6
CONTINUOUS
 10
225.329246
 20
7.746567
 30
0.0
 11
225.147718
 21
8.134869
 31
0.0
  0
LINE
  8
0
  6
CONTINUOUS
 10
225.147718
 20
8.134869
 30
0.0
 11
224.968923
 21
8.516996
 31
0.0
  0
LINE
  8
0
  6
CONTINUOUS
 10
224.968923
 20
8.516996
 30
0.0
 11
224.795317
 21
8.887688
 31
0.0
  0
LINE
  8
0
  6
CONTINUOUS
 10
224.795317
 20
8.887688
 30
0.0
 11
224.629360
 21
9.241685
 31
0.0
  0
LINE
  8
0
  6
CONTINUOUS
 10
224.629360
 20
9.241685
 30
0.0
 11
224.473507
 21
9.573731
 31
0.0
  0
LINE
  8
0
  6
CONTINUOUS
 10
224.473507
 20
9.573731
 30
0.0
 11
224.330217
 21
9.878567
 31
0.0
  0
LINE
  8
0
  6
CONTINUOUS
 10
224.330217
 20
9.878567
 30
0.0
 11
224.201946
 21
10.150932
 31
0.0
  0
LINE
  8
0
  6
CONTINUOUS
 10
224.201946
 20
10.150932
 30
0.0
 11
224.091152
 21
10.385569
 31
0.0
  0
LINE
  8
0
  6
CONTINUOUS
 10
224.091152
 20
10.385569
 30
0.0
 11
224.000293
 21
10.577219
 31
0.0
  0
LINE
  8
0
  6
CONTINUOUS
 10
224.000293
 20
10.577219
 30
0.0
 11
223.931825
 21
10.720622
 31
0.0
  0
LINE
  8
0
  6
CONTINUOUS
 10
223.931825
 20
10.720622
 30
0.0
 11
223.888207
 21
10.810520
 31
0.0
  0
LINE
  8
0
  6
CONTINUOUS
 10
223.888207
 20
10.810520
 30
0.0
 11
223.871895
 21
10.841655
 31
0.0
  0
LINE
  8
0
  6
CONTINUOUS
 10
223.871895
 20
10.841655
 30
0.0
 11
223.855585
 21
10.810470
 31
0.0
  0
LINE
  8
0
  6
CONTINUOUS
 10
223.855585
 20
10.810470
 30
0.0
 11
223.811891
 21
10.720428
 31
0.0
  0
LINE
  8
0
  6
CONTINUOUS
 10
223.811891
 20
10.720428
 30
0.0
 11
223.743280
 21
10.576797
 31
0.0
  0
LINE
  8
0
  6
CONTINUOUS
 10
223.743280
 20
10.576797
 30
0.0
 11
223.652213
 21
10.384845
 31
0.0
  0
LINE
  8
0
  6
CONTINUOUS
 10
223.652213
 20
10.384845
 30
0.0
 11
223.541158
 21
10.149842
 31
0.0
  0
LINE
  8
0
  6
CONTINUOUS
 10
223.541158
 20
10.149842
 30
0.0
 11
223.412578
 21
9.877056
 31
0.0
  0
LINE
  8
0
  6
CONTINUOUS
 10
223.412578
 20
9.877056
 30
0.0
 11
223.268938
 21
9.571755
 31
0.0
  0
LINE
  8
0
  6
CONTINUOUS
 10
223.268938
 20
9.571755
 30
0.0
 11
223.112703
 21
9.239208
 31
0.0
  0
LINE
  8
0
  6
CONTINUOUS
 10
223.112703
 20
9.239208
 30
0.0
 11
222.946337
 21
8.884683
 31
0.0
  0
LINE
  8
0
  6
CONTINUOUS
 10
222.946337
 20
8.884683
 30
0.0
 11
222.772304
 21
8.513450
 31
0.0
  0
LINE
  8
0
  6
CONTINUOUS
 10
222.772304
 20
8.513450
 30
0.0
 11
222.593069
 21
8.130777
 31
0.0
  0
LINE
  8
0
  6
CONTINUOUS
 10
222.593069
 20
8.130777
 30
0.0
 11
222.411097
 21
7.741932
 31
0.0
  0
LINE
  8
0
  6
CONTINUOUS
 10
222.411097
 20
7.741932
 30
0.0
 11
222.228852
 21
7.352183
 31
0.0
  0
LINE
  8
0
  6
CONTINUOUS
 10
222.228852
 20
7.352183
 30
0.0
 11
222.048800
 21
6.966800
 31
0.0
  0
LINE
  8
0
  6
CONTINUOUS
 10
222.048800
 20
6.966800
 30
0.0
 11
221.873404
 21
6.591052
 31
0.0
  0
LINE
  8
0
  6
CONTINUOUS
 10
221.873404
 20
6.591052
 30
0.0
 11
221.705129
 21
6.230206
 31
0.0
  0
LINE
  8
0
  6
CONTINUOUS
 10
221.705129
 20
6.230206
 30
0.0
 11
221.546439
 21
5.889531
 31
0.0
  0
LINE
  8
0
  6
CONTINUOUS
 10
221.546439
 20
5.889531
 30
0.0
 11
221.399800
 21
5.574296
 31
0.0
  0
LINE
  8
0
  6
CONTINUOUS
 10
221.399800
 20
5.574296
 30
0.0
 11
221.267676
 21
5.289769
 31
0.0
  0
LINE
  8
0
  6
CONTINUOUS
 10
221.267676
 20
5.289769
 30
0.0
 11
221.152531
 21
5.041219
 31
0.0
  0
LINE
  8
0
  6
CONTINUOUS
 10
221.152531
 20
5.041219
 30
0.0
 11
221.056830
 21
4.833915
 31
0.0
  0
LINE
  8
0
  6
CONTINUOUS
 10
221.056830
 20
4.833915
 30
0.0
 11
220.983037
 21
4.673124
 31
0.0
  0
LINE
  8
0
  6
CONTINUOUS
 10
220.983037
 20
4.673124
 30
0.0
 11
220.933618
 21
4.564117
 31
0.0
  0
LINE
  8
0
  6
CONTINUOUS
 10
220.933618
 20
4.564117
 30
0.0
 11
220.911036
 21
4.512161
 31
0.0
  0
LINE
  8
0
  6
CONTINUOUS
 10
220.911036
 20
4.512161
 30
0.0
 11
220.910238
 21
4.508650
 31
0.0
  0
LINE
  8
0
  6
CONTINUOUS
 10
220.910238
 20
4.508650
 30
0.0
 11
220.910689
 21
4.505374
 31
0.0
  0
LINE
  8
0
  6
CONTINUOUS
 10
220.910689
 20
4.505374
 30
0.0
 11
220.912468
 21
4.502330
 31
0.0
  0
LINE
  8
0
  6
CONTINUOUS
 10
220.912468
 20
4.502330
 30
0.0
 11
220.915655
 21
4.499510
 31
0.0
  0
LINE
  8
0
  6
CONTINUOUS
 10
220.915655
 20
4.499510
 30
0.0
 11
220.920329
 21
4.496912
 31
0.0
  0
LINE
  8
0
  6
CONTINUOUS
 10
220.920329
 20
4.496912
 30
0.0
 11
220.926567
 21
4.494531
 31
0.0
  0
LINE
  8
0
  6
CONTINUOUS
 10
220.926567
 20
4.494531
 30
0.0
 11
220.934448
 21
4.492361
 31
0.0
  0
LINE
  8
0
  6
CONTINUOUS
 10
220.934448
 20
4.492361
 30
0.0
 11
220.944053
 21
4.490399
 31
0.0
  0
LINE
  8
0
  6
CONTINUOUS
 10
220.944053
 20
4.490399
 30
0.0
 11
220.955459
 21
4.488639
 31
0.0
  0
LINE
  8
0
  6
CONTINUOUS
 10
220.955459
 20
4.488639
 30
0.0
 11
220.968745
 21
4.487077
 31
0.0
  0
LINE
  8
0
  6
CONTINUOUS
 10
220.968745
 20
4.487077
 30
0.0
 11
220.983991
 21
4.485708
 31
0.0
  0
LINE
  8
0
  6
CONTINUOUS
 10
220.983991
 20
4.485708
 30
0.0
 11
221.001275
 21
4.484528
 31
0.0
  0
LINE
  8
0
  6
CONTINUOUS
 10
221.001275
 20
4.484528
 30
0.0
 11
221.020674
 21
4.483531
 31
0.0
  0
LINE
  8
0
  6
CONTINUOUS
 10
221.020674
 20
4.483531
 30
0.0
 11
221.042271
 21
4.482713
 31
0.0
  0
LINE
  8
0
  6
CONTINUOUS
 10
221.042271
 20
4.482713
 30
0.0
 11
221.066141
 21
4.482071
 31
0.0
  0
LINE
  8
0
  6
CONTINUOUS
 10
221.066141
 20
4.482071
 30
0.0
 11
221.092365
 21
4.481597
 31
0.0
  0
LINE
  8
0
  6
CONTINUOUS
 10
221.092365
 20
4.481597
 30
0.0
 11
221.121021
 21
4.481289
 31
0.0
  0
LINE
  8
0
  6
CONTINUOUS
 10
221.121021
 20
4.481289
 30
0.0
 11
221.152188
 21
4.481141
 31
0.0
  0
LINE
  8
0
  6
CONTINUOUS
 10
221.152188
 20
4.481141
 30
0.0
 11
221.185944
 21
4.481149
 31
0.0
  0
LINE
  8
0
  6
CONTINUOUS
 10
221.185944
 20
4.481149
 30
0.0
 11
221.222370
 21
4.481308
 31
0.0
  0
LINE
  8
0
  6
CONTINUOUS
 10
221.222370
 20
4.481308
 30
0.0
 11
221.261542
 21
4.481613
 31
0.0
  0
LINE
  8
0
  6
CONTINUOUS
 10
221.261542
 20
4.481613
 30
0.0
 11
221.303542
 21
4.482061
 31
0.0
  0
LINE
  8
0
  6
CONTINUOUS
 10
221.303542
 20
4.482061
 30
0.0
 11
221.348445
 21
4.482645
 31
0.0
  0
LINE
  8
0
  6
CONTINUOUS
 10
221.348445
 20
4.482645
 30
0.0
 11
221.396333
 21
4.483361
 31
0.0
  0
LINE
  8
0
  6
CONTINUOUS
 10
223.006009
 20
6.918388
 30
0.0
 11
223.006746
 21
6.923509
 31
0.0
  0
LINE
  8
0
  6
CONTINUOUS
 10
223.006746
 20
6.923509
 30
0.0
 11
223.008925
 21
6.931766
 31
0.0
  0
LINE
  8
0
  6
CONTINUOUS
 10
223.008925
 20
6.931766
 30
0.0
 11
223.012496
 21
6.943045
 31
0.0
  0
LINE
  8
0
  6
CONTINUOUS
 10
223.012496
 20
6.943045
 30
0.0
 11
223.017413
 21
6.957230
 31
0.0
  0
LINE
  8
0
  6
CONTINUOUS
 10
223.017413
 20
6.957230
 30
0.0
 11
223.023627
 21
6.974207
 31
0.0
  0
LINE
  8
0
  6
CONTINUOUS
 10
223.023627
 20
6.974207
 30
0.0
 11
223.031089
 21
6.993859
 31
0.0
  0
LINE
  8
0
  6
CONTINUOUS
 10
223.031089
 20
6.993859
 30
0.0
 11
223.039751
 21
7.016074
 31
0.0
  0
LINE
  8
0
  6
CONTINUOUS
 10
223.039751
 20
7.016074
 30
0.0
 11
223.049565
 21
7.040735
 31
0.0
  0
LINE
  8
0
  6
CONTINUOUS
 10
223.049565
 20
7.040735
 30
0.0
 11
223.060483
 21
7.067729
 31
0.0
  0
LINE
  8
0
  6
CONTINUOUS
 10
223.060483
 20
7.067729
 30
0.0
 11
223.072456
 21
7.096940
 31
0.0
  0
LINE
  8
0
  6
CONTINUOUS
 10
223.072456
 20
7.096940
 30
0.0
 11
223.085436
 21
7.128253
 31
0.0
  0
LINE
  8
0
  6
CONTINUOUS
 10
223.085436
 20
7.128253
 30
0.0
 11
223.099375
 21
7.161554
 31
0.0
  0
LINE
  8
0
  6
CONTINUOUS
 10
223.099375
 20
7.161554
 30
0.0
 11
223.114225
 21
7.196728
 31
0.0
  0
LINE
  8
0
  6
CONTINUOUS
 10
223.114225
 20
7.196728
 30
0.0
 11
223.129937
 21
7.233659
 31
0.0
  0
LINE
  8
0
  6
CONTINUOUS
 10
223.129937
 20
7.233659
 30
0.0
 11
223.146462
 21
7.272233
 31
0.0
  0
LINE
  8
0
  6
CONTINUOUS
 10
223.146462
 20
7.272233
 30
0.0
 11
223.163753
 21
7.312336
 31
0.0
  0
LINE
  8
0
  6
CONTINUOUS
 10
223.163753
 20
7.312336
 30
0.0
 11
223.181761
 21
7.353852
 31
0.0
  0
LINE
  8
0
  6
CONTINUOUS
 10
223.181761
 20
7.353852
 30
0.0
 11
223.200439
 21
7.396666
 31
0.0
  0
LINE
  8
0
  6
CONTINUOUS
 10
223.200439
 20
7.396666
 30
0.0
 11
223.219738
 21
7.440663
 31
0.0
  0
LINE
  8
0
  6
CONTINUOUS
 10
223.219738
 20
7.440663
 30
0.0
 11
223.239609
 21
7.485730
 31
0.0
  0
LINE
  8
0
  6
CONTINUOUS
 10
223.239609
 20
7.485730
 30
0.0
 11
223.260004
 21
7.531750
 31
0.0
  0
LINE
  8
0
  6
CONTINUOUS
 10
223.260004
 20
7.531750
 30
0.0
 11
223.280875
 21
7.578611
 31
0.0
  0
LINE
  8
0
  6
CONTINUOUS
 10
223.280875
 20
7.578611
 30
0.0
 11
223.302173
 21
7.626194
 31
0.0
  0
LINE
  8
0
  6
CONTINUOUS
 10
223.302173
 20
7.626194
 30
0.0
 11
223.323852
 21
7.674388
 31
0.0
  0
LINE
  8
0
  6
CONTINUOUS
 10
223.323852
 20
7.674388
 30
0.0
 11
223.345770
 21
7.723214
 31
0.0
  0
LINE
  8
0
  6
CONTINUOUS
 10
223.345770
 20
7.723214
 30
0.0
 11
223.367782
 21
7.772668
 31
0.0
  0
LINE
  8
0
  6
CONTINUOUS
 10
223.367782
 20
7.772668
 30
0.0
 11
223.389822
 21
7.822593
 31
0.0
  0
LINE
  8
0
  6
CONTINUOUS
 10
223.389822
 20
7.822593
 30
0.0
 11
223.411825
 21
7.872835
 31
0.0
  0
LINE
  8
0
  6
CONTINUOUS
 10
223.411825
 20
7.872835
 30
0.0
 11
223.433728
 21
7.923236
 31
0.0
  0
LINE
  8
0
  6
CONTINUOUS
 10
223.433728
 20
7.923236
 30
0.0
 11
223.455468
 21
7.973640
 31
0.0
  0
LINE
  8
0
  6
CONTINUOUS
 10
223.455468
 20
7.973640
 30
0.0
 11
223.476979
 21
8.023891
 31
0.0
  0
LINE
  8
0
  6
CONTINUOUS
 10
223.476979
 20
8.023891
 30
0.0
 11
223.498198
 21
8.073832
 31
0.0
  0
LINE
  8
0
  6
CONTINUOUS
 10
223.498198
 20
8.073832
 30
0.0
 11
223.519061
 21
8.123308
 31
0.0
  0
LINE
  8
0
  6
CONTINUOUS
 10
223.519061
 20
8.123308
 30
0.0
 11
223.539503
 21
8.172161
 31
0.0
  0
LINE
  8
0
  6
CONTINUOUS
 10
223.539503
 20
8.172161
 30
0.0
 11
223.559461
 21
8.220235
 31
0.0
  0
LINE
  8
0
  6
CONTINUOUS
 10
223.559461
 20
8.220235
 30
0.0
 11
223.578870
 21
8.267375
 31
0.0
  0
LINE
  8
0
  6
CONTINUOUS
 10
223.578870
 20
8.267375
 30
0.0
 11
223.597667
 21
8.313425
 31
0.0
  0
LINE
  8
0
  6
CONTINUOUS
 10
223.597667
 20
8.313425
 30
0.0
 11
223.615787
 21
8.358226
 31
0.0
  0
LINE
  8
0
  6
CONTINUOUS
 10
223.615787
 20
8.358226
 30
0.0
 11
223.633166
 21
8.401624
 31
0.0
  0
LINE
  8
0
  6
CONTINUOUS
 10
223.633166
 20
8.401624
 30
0.0
 11
223.649741
 21
8.443462
 31
0.0
  0
LINE
  8
0
  6
CONTINUOUS
 10
223.649741
 20
8.443462
 30
0.0
 11
223.665446
 21
8.483584
 31
0.0
  0
LINE
  8
0
  6
CONTINUOUS
 10
223.665446
 20
8.483584
 30
0.0
 11
223.680218
 21
8.521834
 31
0.0
  0
LINE
  8
0
  6
CONTINUOUS
 10
223.680218
 20
8.521834
 30
0.0
 11
223.693994
 21
8.558054
 31
0.0
  0
LINE
  8
0
  6
CONTINUOUS
 10
223.693994
 20
8.558054
 30
0.0
 11
223.706707
 21
8.592090
 31
0.0
  0
LINE
  8
0
  6
CONTINUOUS
 10
223.706707
 20
8.592090
 30
0.0
 11
223.718296
 21
8.623784
 31
0.0
  0
LINE
  8
0
  6
CONTINUOUS
 10
223.718296
 20
8.623784
 30
0.0
 11
223.728696
 21
8.652980
 31
0.0
  0
LINE
  8
0
  6
CONTINUOUS
 10
223.728696
 20
8.652980
 30
0.0
 11
223.737842
 21
8.679523
 31
0.0
  0
LINE
  8
0
  6
CONTINUOUS
 10
223.737842
 20
8.679523
 30
0.0
 11
223.745671
 21
8.703255
 31
0.0
  0
LINE
  8
0
  6
CONTINUOUS
 10
223.745671
 20
8.703255
 30
0.0
 11
223.752838
 21
8.725354
 31
0.0
  0
LINE
  8
0
  6
CONTINUOUS
 10
223.752838
 20
8.725354
 30
0.0
 11
223.760030
 21
8.747064
 31
0.0
  0
LINE
  8
0
  6
CONTINUOUS
 10
223.760030
 20
8.747064
 30
0.0
 11
223.767228
 21
8.768340
 31
0.0
  0
LINE
  8
0
  6
CONTINUOUS
 10
223.767228
 20
8.768340
 30
0.0
 11
223.774407
 21
8.789130
 31
0.0
  0
LINE
  8
0
  6
CONTINUOUS
 10
223.774407
 20
8.789130
 30
0.0
 11
223.781550
 21
8.809386
 31
0.0
  0
LINE
  8
0
  6
CONTINUOUS
 10
223.781550
 20
8.809386
 30
0.0
 11
223.788634
 21
8.829058
 31
0.0
  0
LINE
  8
0
  6
CONTINUOUS
 10
223.788634
 20
8.829058
 30
0.0
 11
223.795640
 21
8.848097
 31
0.0
  0
LINE
  8
0
  6
CONTINUOUS
 10
223.795640
 20
8.848097
 30
0.0
 11
223.802545
 21
8.866455
 31
0.0
  0
LINE
  8
0
  6
CONTINUOUS
 10
223.802545
 20
8.866455
 30
0.0
 11
223.809331
 21
8.884081
 31
0.0
  0
LINE
  8
0
  6
CONTINUOUS
 10
223.809331
 20
8.884081
 30
0.0
 11
223.815973
 21
8.900927
 31
0.0
  0
LINE
  8
0
  6
CONTINUOUS
 10
223.815973
 20
8.900927
 30
0.0
 11
223.822455
 21
8.916943
 31
0.0
  0
LINE
  8
0
  6
CONTINUOUS
 10
223.822455
 20
8.916943
 30
0.0
 11
223.828754
 21
8.932080
 31
0.0
  0
LINE
  8
0
  6
CONTINUOUS
 10
223.828754
 20
8.932080
 30
0.0
 11
223.834849
 21
8.946289
 31
0.0
  0
LINE
  8
0
  6
CONTINUOUS
 10
223.834849
 20
8.946289
 30
0.0
 11
223.840719
 21
8.959521
 31
0.0
  0
LINE
  8
0
  6
CONTINUOUS
 10
223.840719
 20
8.959521
 30
0.0
 11
223.846344
 21
8.971726
 31
0.0
  0
LINE
  8
0
  6
CONTINUOUS
 10
223.846344
 20
8.971726
 30
0.0
 11
223.851703
 21
8.982855
 31
0.0
  0
LINE
  8
0
  6
CONTINUOUS
 10
223.851703
 20
8.982855
 30
0.0
 11
223.856775
 21
8.992860
 31
0.0
  0
LINE
  8
0
  6
CONTINUOUS
 10
223.856775
 20
8.992860
 30
0.0
 11
223.861540
 21
9.001690
 31
0.0
  0
LINE
  8
0
  6
CONTINUOUS
 10
223.861540
 20
9.001690
 30
0.0
 11
223.865976
 21
9.009296
 31
0.0
  0
LINE
  8
0
  6
CONTINUOUS
 10
223.865976
 20
9.009296
 30
0.0
 11
223.870063
 21
9.015630
 31
0.0
  0
LINE
  8
0
  6
CONTINUOUS
 10
223.870063
 20
9.015630
 30
0.0
 11
223.873780
 21
9.020642
 31
0.0
  0
LINE
  8
0
  6
CONTINUOUS
 10
223.873780
 20
9.020642
 30
0.0
 11
223.877106
 21
9.024283
 31
0.0
  0
LINE
  8
0
  6
CONTINUOUS
 10
223.877106
 20
9.024283
 30
0.0
 11
223.880020
 21
9.026504
 31
0.0
  0
LINE
  8
0
  6
CONTINUOUS
 10
223.880020
 20
9.026504
 30
0.0
 11
223.882502
 21
9.027255
 31
0.0
  0
LINE
  8
0
  6
CONTINUOUS
 10
223.882502
 20
9.027255
 30
0.0
 11
223.884966
 21
9.026571
 31
0.0
  0
LINE
  8
0
  6
CONTINUOUS
 10
223.884966
 20
9.026571
 30
0.0
 11
223.887826
 21
9.024548
 31
0.0
  0
LINE
  8
0
  6
CONTINUOUS
 10
223.887826
 20
9.024548
 30
0.0
 11
223.891062
 21
9.021230
 31
0.0
  0
LINE
  8
0
  6
CONTINUOUS
 10
223.891062
 20
9.021230
 30
0.0
 11
223.894656
 21
9.016664
 31
0.0
  0
LINE
  8
0
  6
CONTINUOUS
 10
223.894656
 20
9.016664
 30
0.0
 11
223.898588
 21
9.010892
 31
0.0
  0
LINE
  8
0
  6
CONTINUOUS
 10
223.898588
 20
9.010892
 30
0.0
 11
223.902837
 21
9.003962
 31
0.0
  0
LINE
  8
0
  6
CONTINUOUS
 10
223.902837
 20
9.003962
 30
0.0
 11
223.907385
 21
8.995917
 31
0.0
  0
LINE
  8
0
  6
CONTINUOUS
 10
223.907385
 20
8.995917
 30
0.0
 11
223.912211
 21
8.986802
 31
0.0
  0
LINE
  8
0
  6
CONTINUOUS
 10
223.912211
 20
8.986802
 30
0.0
 11
223.917297
 21
8.976662
 31
0.0
  0
LINE
  8
0
  6
CONTINUOUS
 10
223.917297
 20
8.976662
 30
0.0
 11
223.922623
 21
8.965542
 31
0.0
  0
LINE
  8
0
  6
CONTINUOUS
 10
223.922623
 20
8.965542
 30
0.0
 11
223.928167
 21
8.953487
 31
0.0
  0
LINE
  8
0
  6
CONTINUOUS
 10
223.928167
 20
8.953487
 30
0.0
 11
223.933914
 21
8.940540
 31
0.0
  0
LINE
  8
0
  6
CONTINUOUS
 10
223.933914
 20
8.940540
 30
0.0
 11
223.939840
 21
8.926748
 31
0.0
  0
LINE
  8
0
  6
CONTINUOUS
 10
223.939840
 20
8.926748
 30
0.0
 11
223.945929
 21
8.912156
 31
0.0
  0
LINE
  8
0
  6
CONTINUOUS
 10
223.945929
 20
8.912156
 30
0.0
 11
223.952159
 21
8.896808
 31
0.0
  0
LINE
  8
0
  6
CONTINUOUS
 10
223.952159
 20
8.896808
 30
0.0
 11
223.958511
 21
8.880749
 31
0.0
  0
LINE
  8
0
  6
CONTINUOUS
 10
223.958511
 20
8.880749
 30
0.0
 11
223.964966
 21
8.864023
 31
0.0
  0
LINE
  8
0
  6
CONTINUOUS
 10
223.964966
 20
8.864023
 30
0.0
 11
223.971503
 21
8.846675
 31
0.0
  0
LINE
  8
0
  6
CONTINUOUS
 10
223.971503
 20
8.846675
 30
0.0
 11
223.978104
 21
8.828752
 31
0.0
  0
LINE
  8
0
  6
CONTINUOUS
 10
223.978104
 20
8.828752
 30
0.0
 11
223.984750
 21
8.810297
 31
0.0
  0
LINE
  8
0
  6
CONTINUOUS
 10
223.984750
 20
8.810297
 30
0.0
 11
223.991419
 21
8.791354
 31
0.0
  0
LINE
  8
0
  6
CONTINUOUS
 10
223.991419
 20
8.791354
 30
0.0
 11
223.998093
 21
8.771970
 31
0.0
  0
LINE
  8
0
  6
CONTINUOUS
 10
223.998093
 20
8.771970
 30
0.0
 11
224.004752
 21
8.752189
 31
0.0
  0
LINE
  8
0
  6
CONTINUOUS
 10
224.004752
 20
8.752189
 30
0.0
 11
224.011377
 21
8.732055
 31
0.0
  0
LINE
  8
0
  6
CONTINUOUS
 10
224.011377
 20
8.732055
 30
0.0
 11
224.018685
 21
8.710223
 31
0.0
  0
LINE
  8
0
  6
CONTINUOUS
 10
224.018685
 20
8.710223
 30
0.0
 11
224.027365
 21
8.685418
 31
0.0
  0
LINE
  8
0
  6
CONTINUOUS
 10
224.027365
 20
8.685418
 30
0.0
 11
224.037354
 21
8.657799
 31
0.0
  0
LINE
  8
0
  6
CONTINUOUS
 10
224.037354
 20
8.657799
 30
0.0
 11
224.048584
 21
8.627520
 31
0.0
  0
LINE
  8
0
  6
CONTINUOUS
 10
224.048584
 20
8.627520
 30
0.0
 11
224.060993
 21
8.594738
 31
0.0
  0
LINE
  8
0
  6
CONTINUOUS
 10
224.060993
 20
8.594738
 30
0.0
 11
224.074517
 21
8.559611
 31
0.0
  0
LINE
  8
0
  6
CONTINUOUS
 10
224.074517
 20
8.559611
 30
0.0
 11
224.089090
 21
8.522291
 31
0.0
  0
LINE
  8
0
  6
CONTINUOUS
 10
224.089090
 20
8.522291
 30
0.0
 11
224.104649
 21
8.482939
 31
0.0
  0
LINE
  8
0
  6
CONTINUOUS
 10
224.104649
 20
8.482939
 30
0.0
 11
224.121130
 21
8.441707
 31
0.0
  0
LINE
  8
0
  6
CONTINUOUS
 10
224.121130
 20
8.441707
 30
0.0
 11
224.138467
 21
8.398753
 31
0.0
  0
LINE
  8
0
  6
CONTINUOUS
 10
224.138467
 20
8.398753
 30
0.0
 11
224.156596
 21
8.354233
 31
0.0
  0
LINE
  8
0
  6
CONTINUOUS
 10
224.156596
 20
8.354233
 30
0.0
 11
224.175454
 21
8.308304
 31
0.0
  0
LINE
  8
0
  6
CONTINUOUS
 10
224.175454
 20
8.308304
 30
0.0
 11
224.194975
 21
8.261121
 31
0.0
  0
LINE
  8
0
  6
CONTINUOUS
 10
224.194975
 20
8.261121
 30
0.0
 11
224.215096
 21
8.212841
 31
0.0
  0
LINE
  8
0
  6
CONTINUOUS
 10
224.215096
 20
8.212841
 30
0.0
 11
224.235751
 21
8.163620
 31
0.0
  0
LINE
  8
0
  6
CONTINUOUS
 10
224.235751
 20
8.163620
 30
0.0
 11
224.256877
 21
8.113612
 31
0.0
  0
LINE
  8
0
  6
CONTINUOUS
 10
224.256877
 20
8.113612
 30
0.0
 11
224.278409
 21
8.062977
 31
0.0
  0
LINE
  8
0
  6
CONTINUOUS
 10
224.278409
 20
8.062977
 30
0.0
 11
224.300283
 21
8.011868
 31
0.0
  0
LINE
  8
0
  6
CONTINUOUS
 10
224.300283
 20
8.011868
 30
0.0
 11
224.322435
 21
7.960443
 31
0.0
  0
LINE
  8
0
  6
CONTINUOUS
 10
224.322435
 20
7.960443
 30
0.0
 11
224.344800
 21
7.908857
 31
0.0
  0
LINE
  8
0
  6
CONTINUOUS
 10
224.344800
 20
7.908857
 30
0.0
 11
224.367313
 21
7.857268
 31
0.0
  0
LINE
  8
0
  6
CONTINUOUS
 10
224.367313
 20
7.857268
 30
0.0
 11
224.389911
 21
7.805830
 31
0.0
  0
LINE
  8
0
  6
CONTINUOUS
 10
224.389911
 20
7.805830
 30
0.0
 11
224.412529
 21
7.754700
 31
0.0
  0
LINE
  8
0
  6
CONTINUOUS
 10
224.412529
 20
7.754700
 30
0.0
 11
224.435102
 21
7.704035
 31
0.0
  0
LINE
  8
0
  6
CONTINUOUS
 10
224.435102
 20
7.704035
 30
0.0
 11
224.457453
 21
7.653932
 31
0.0
  0
LINE
  8
0
  6
CONTINUOUS
 10
224.457453
 20
7.653932
 30
0.0
 11
224.479413
 21
7.604470
 31
0.0
  0
LINE
  8
0
  6
CONTINUOUS
 10
224.479413
 20
7.604470
 30
0.0
 11
224.500932
 21
7.555765
 31
0.0
  0
LINE
  8
0
  6
CONTINUOUS
 10
224.500932
 20
7.555765
 30
0.0
 11
224.521960
 21
7.507938
 31
0.0
  0
LINE
  8
0
  6
CONTINUOUS
 10
224.521960
 20
7.507938
 30
0.0
 11
224.542447
 21
7.461107
 31
0.0
  0
LINE
  8
0
  6
CONTINUOUS
 10
224.542447
 20
7.461107
 30
0.0
 11
224.562344
 21
7.415392
 31
0.0
  0
LINE
  8
0
  6
CONTINUOUS
 10
224.562344
 20
7.415392
 30
0.0
 11
224.581602
 21
7.370912
 31
0.0
  0
LINE
  8
0
  6
CONTINUOUS
 10
224.581602
 20
7.370912
 30
0.0
 11
224.600170
 21
7.327787
 31
0.0
  0
LINE
  8
0
  6
CONTINUOUS
 10
224.600170
 20
7.327787
 30
0.0
 11
224.617998
 21
7.286135
 31
0.0
  0
LINE
  8
0
  6
CONTINUOUS
 10
224.617998
 20
7.286135
 30
0.0
 11
224.635036
 21
7.246075
 31
0.0
  0
LINE
  8
0
  6
CONTINUOUS
 10
224.635036
 20
7.246075
 30
0.0
 11
224.651235
 21
7.207728
 31
0.0
  0
LINE
  8
0
  6
CONTINUOUS
 10
224.651235
 20
7.207728
 30
0.0
 11
224.666545
 21
7.171211
 31
0.0
  0
LINE
  8
0
  6
CONTINUOUS
 10
224.666545
 20
7.171211
 30
0.0
 11
224.680917
 21
7.136645
 31
0.0
  0
LINE
  8
0
  6
CONTINUOUS
 10
224.680917
 20
7.136645
 30
0.0
 11
224.694300
 21
7.104148
 31
0.0
  0
LINE
  8
0
  6
CONTINUOUS
 10
224.694300
 20
7.104148
 30
0.0
 11
224.706644
 21
7.073840
 31
0.0
  0
LINE
  8
0
  6
CONTINUOUS
 10
224.706644
 20
7.073840
 30
0.0
 11
224.717901
 21
7.045840
 31
0.0
  0
LINE
  8
0
  6
CONTINUOUS
 10
224.717901
 20
7.045840
 30
0.0
 11
224.728020
 21
7.020268
 31
0.0
  0
LINE
  8
0
  6
CONTINUOUS
 10
224.728020
 20
7.020268
 30
0.0
 11
224.736951
 21
6.997241
 31
0.0
  0
LINE
  8
0
  6
CONTINUOUS
 10
224.736951
 20
6.997241
 30
0.0
 11
224.744645
 21
6.976880
 31
0.0
  0
LINE
  8
0
  6
CONTINUOUS
 10
224.744645
 20
6.976880
 30
0.0
 11
224.751051
 21
6.959304
 31
0.0
  0
LINE
  8
0
  6
CONTINUOUS
 10
224.751051
 20
6.959304
 30
0.0
 11
224.756121
 21
6.944633
 31
0.0
  0
LINE
  8
0
  6
CONTINUOUS
 10
224.756121
 20
6.944633
 30
0.0
 11
224.759803
 21
6.932985
 31
0.0
  0
LINE
  8
0
  6
CONTINUOUS
 10
224.759803
 20
6.932985
 30
0.0
 11
224.762049
 21
6.924479
 31
0.0
  0
LINE
  8
0
  6
CONTINUOUS
 10
224.762049
 20
6.924479
 30
0.0
 11
224.762809
 21
6.919235
 31
0.0
  0
LINE
  8
0
  6
CONTINUOUS
 10
224.762809
 20
6.919235
 30
0.0
 11
224.762492
 21
6.913349
 31
0.0
  0
LINE
  8
0
  6
CONTINUOUS
 10
224.762492
 20
6.913349
 30
0.0
 11
224.761329
 21
6.907925
 31
0.0
  0
LINE
  8
0
  6
CONTINUOUS
 10
224.761329
 20
6.907925
 30
0.0
 11
224.759007
 21
6.902941
 31
0.0
  0
LINE
  8
0
  6
CONTINUOUS
 10
224.759007
 20
6.902941
 30
0.0
 11
224.755210
 21
6.898381
 31
0.0
  0
LINE
  8
0
  6
CONTINUOUS
 10
224.755210
 20
6.898381
 30
0.0
 11
224.749624
 21
6.894224
 31
0.0
  0
LINE
  8
0
  6
CONTINUOUS
 10
224.749624
 20
6.894224
 30
0.0
 11
224.741931
 21
6.890453
 31
0.0
  0
LINE
  8
0
  6
CONTINUOUS
 10
224.741931
 20
6.890453
 30
0.0
 11
224.731820
 21
6.887050
 31
0.0
  0
LINE
  8
0
  6
CONTINUOUS
 10
224.731820
 20
6.887050
 30
0.0
 11
224.718973
 21
6.883994
 31
0.0
  0
LINE
  8
0
  6
CONTINUOUS
 10
224.718973
 20
6.883994
 30
0.0
 11
224.703076
 21
6.881268
 31
0.0
  0
LINE
  8
0
  6
CONTINUOUS
 10
224.703076
 20
6.881268
 30
0.0
 11
224.683815
 21
6.878853
 31
0.0
  0
LINE
  8
0
  6
CONTINUOUS
 10
224.683815
 20
6.878853
 30
0.0
 11
224.660873
 21
6.876730
 31
0.0
  0
LINE
  8
0
  6
CONTINUOUS
 10
224.660873
 20
6.876730
 30
0.0
 11
224.633936
 21
6.874882
 31
0.0
  0
LINE
  8
0
  6
CONTINUOUS
 10
224.633936
 20
6.874882
 30
0.0
 11
224.602689
 21
6.873287
 31
0.0
  0
LINE
  8
0
  6
CONTINUOUS
 10
224.602689
 20
6.873287
 30
0.0
 11
224.566817
 21
6.871930
 31
0.0
  0
LINE
  8
0
  6
CONTINUOUS
 10
224.566817
 20
6.871930
 30
0.0
 11
224.526005
 21
6.870790
 31
0.0
  0
LINE
  8
0
  6
CONTINUOUS
 10
224.526005
 20
6.870790
 30
0.0
 11
224.479938
 21
6.869849
 31
0.0
  0
LINE
  8
0
  6
CONTINUOUS
 10
224.479938
 20
6.869849
 30
0.0
 11
224.428300
 21
6.869089
 31
0.0
  0
LINE
  8
0
  6
CONTINUOUS
 10
224.428300
 20
6.869089
 30
0.0
 11
224.370777
 21
6.868491
 31
0.0
  0
LINE
  8
0
  6
CONTINUOUS
 10
224.370777
 20
6.868491
 30
0.0
 11
224.307054
 21
6.868035
 31
0.0
  0
LINE
  8
0
  6
CONTINUOUS
 10
224.307054
 20
6.868035
 30
0.0
 11
224.236815
 21
6.867705
 31
0.0
  0
LINE
  8
0
  6
CONTINUOUS
 10
224.236815
 20
6.867705
 30
0.0
 11
224.159746
 21
6.867480
 31
0.0
  0
LINE
  8
0
  6
CONTINUOUS
 10
224.159746
 20
6.867480
 30
0.0
 11
224.075533
 21
6.867342
 31
0.0
  0
LINE
  8
0
  6
CONTINUOUS
 10
224.075533
 20
6.867342
 30
0.0
 11
223.983859
 21
6.867274
 31
0.0
  0
LINE
  8
0
  6
CONTINUOUS
 10
223.983859
 20
6.867274
 30
0.0
 11
223.884409
 21
6.867255
 31
0.0
  0
LINE
  8
0
  6
CONTINUOUS
 10
223.884409
 20
6.867255
 30
0.0
 11
223.785577
 21
6.867275
 31
0.0
  0
LINE
  8
0
  6
CONTINUOUS
 10
223.785577
 20
6.867275
 30
0.0
 11
223.694414
 21
6.867347
 31
0.0
  0
LINE
  8
0
  6
CONTINUOUS
 10
223.694414
 20
6.867347
 30
0.0
 11
223.610615
 21
6.867489
 31
0.0
  0
LINE
  8
0
  6
CONTINUOUS
 10
223.610615
 20
6.867489
 30
0.0
 11
223.533869
 21
6.867719
 31
0.0
  0
LINE
  8
0
  6
CONTINUOUS
 10
223.533869
 20
6.867719
 30
0.0
 11
223.463870
 21
6.868055
 31
0.0
  0
LINE
  8
0
  6
CONTINUOUS
 10
223.463870
 20
6.868055
 30
0.0
 11
223.400309
 21
6.868514
 31
0.0
  0
LINE
  8
0
  6
CONTINUOUS
 10
223.400309
 20
6.868514
 30
0.0
 11
223.342879
 21
6.869115
 31
0.0
  0
LINE
  8
0
  6
CONTINUOUS
 10
223.342879
 20
6.869115
 30
0.0
 11
223.291270
 21
6.869877
 31
0.0
  0
LINE
  8
0
  6
CONTINUOUS
 10
223.291270
 20
6.869877
 30
0.0
 11
223.245175
 21
6.870815
 31
0.0
  0
LINE
  8
0
  6
CONTINUOUS
 10
223.245175
 20
6.870815
 30
0.0
 11
223.204288
 21
6.871949
 31
0.0
  0
LINE
  8
0
  6
CONTINUOUS
 10
223.204288
 20
6.871949
 30
0.0
 11
223.168297
 21
6.873296
 31
0.0
  0
LINE
  8
0
  6
CONTINUOUS
 10
223.168297
 20
6.873296
 30
0.0
 11
223.136898
 21
6.874874
 31
0.0
  0
LINE
  8
0
  6
CONTINUOUS
 10
223.136898
 20
6.874874
 30
0.0
 11
223.109780
 21
6.876702
 31
0.0
  0
LINE
  8
0
  6
CONTINUOUS
 10
223.109780
 20
6.876702
 30
0.0
 11
223.086637
 21
6.878798
 31
0.0
  0
LINE
  8
0
  6
CONTINUOUS
 10
223.086637
 20
6.878798
 30
0.0
 11
223.067159
 21
6.881177
 31
0.0
  0
LINE
  8
0
  6
CONTINUOUS
 10
223.067159
 20
6.881177
 30
0.0
 11
223.051039
 21
6.883860
 31
0.0
  0
LINE
  8
0
  6
CONTINUOUS
 10
223.051039
 20
6.883860
 30
0.0
 11
223.037970
 21
6.886864
 31
0.0
  0
LINE
  8
0
  6
CONTINUOUS
 10
223.037970
 20
6.886864
 30
0.0
 11
223.027642
 21
6.890208
 31
0.0
  0
LINE
  8
0
  6
CONTINUOUS
 10
223.027642
 20
6.890208
 30
0.0
 11
223.019749
 21
6.893908
 31
0.0
  0
LINE
  8
0
  6
CONTINUOUS
 10
223.019749
 20
6.893908
 30
0.0
 11
223.013981
 21
6.897982
 31
0.0
  0
LINE
  8
0
  6
CONTINUOUS
 10
223.013981
 20
6.897982
 30
0.0
 11
223.010032
 21
6.902450
 31
0.0
  0
LINE
  8
0
  6
CONTINUOUS
 10
223.010032
 20
6.902450
 30
0.0
 11
223.007591
 21
6.907328
 31
0.0
  0
LINE
  8
0
  6
CONTINUOUS
 10
223.007591
 20
6.907328
 30
0.0
 11
223.006353
 21
6.912634
 31
0.0
  0
LINE
  8
0
  6
CONTINUOUS
 10
223.006353
 20
6.912634
 30
0.0
 11
223.006009
 21
6.918388
 31
0.0
  0
LINE
  8
0
  6
CONTINUOUS
 10
224.696295
 20
6.960855
 30
0.0
 11
224.694586
 21
6.964813
 31
0.0
  0
LINE
  8
0
  6
CONTINUOUS
 10
224.694586
 20
6.964813
 30
0.0
 11
224.691562
 21
6.971667
 31
0.0
  0
LINE
  8
0
  6
CONTINUOUS
 10
224.691562
 20
6.971667
 30
0.0
 11
224.687271
 21
6.981313
 31
0.0
  0
LINE
  8
0
  6
CONTINUOUS
 10
224.687271
 20
6.981313
 30
0.0
 11
224.681759
 21
6.993647
 31
0.0
  0
LINE
  8
0
  6
CONTINUOUS
 10
224.681759
 20
6.993647
 30
0.0
 11
224.675073
 21
7.008566
 31
0.0
  0
LINE
  8
0
  6
CONTINUOUS
 10
224.675073
 20
7.008566
 30
0.0
 11
224.667261
 21
7.025965
 31
0.0
  0
LINE
  8
0
  6
CONTINUOUS
 10
224.667261
 20
7.025965
 30
0.0
 11
224.658369
 21
7.045740
 31
0.0
  0
LINE
  8
0
  6
CONTINUOUS
 10
224.658369
 20
7.045740
 30
0.0
 11
224.648444
 21
7.067789
 31
0.0
  0
LINE
  8
0
  6
CONTINUOUS
 10
224.648444
 20
7.067789
 30
0.0
 11
224.637532
 21
7.092006
 31
0.0
  0
LINE
  8
0
  6
CONTINUOUS
 10
224.637532
 20
7.092006
 30
0.0
 11
224.625682
 21
7.118288
 31
0.0
  0
LINE
  8
0
  6
CONTINUOUS
 10
224.625682
 20
7.118288
 30
0.0
 11
224.612939
 21
7.146530
 31
0.0
  0
LINE
  8
0
  6
CONTINUOUS
 10
224.612939
 20
7.146530
 30
0.0
 11
224.599351
 21
7.176630
 31
0.0
  0
LINE
  8
0
  6
CONTINUOUS
 10
224.599351
 20
7.176630
 30
0.0
 11
224.584965
 21
7.208483
 31
0.0
  0
LINE
  8
0
  6
CONTINUOUS
 10
224.584965
 20
7.208483
 30
0.0
 11
224.569827
 21
7.241985
 31
0.0
  0
LINE
  8
0
  6
CONTINUOUS
 10
224.569827
 20
7.241985
 30
0.0
 11
224.553985
 21
7.277033
 31
0.0
  0
LINE
  8
0
  6
CONTINUOUS
 10
224.553985
 20
7.277033
 30
0.0
 11
224.537485
 21
7.313522
 31
0.0
  0
LINE
  8
0
  6
CONTINUOUS
 10
224.537485
 20
7.313522
 30
0.0
 11
224.520375
 21
7.351348
 31
0.0
  0
LINE
  8
0
  6
CONTINUOUS
 10
224.520375
 20
7.351348
 30
0.0
 11
224.502700
 21
7.390408
 31
0.0
  0
LINE
  8
0
  6
CONTINUOUS
 10
224.502700
 20
7.390408
 30
0.0
 11
224.484509
 21
7.430598
 31
0.0
  0
LINE
  8
0
  6
CONTINUOUS
 10
224.484509
 20
7.430598
 30
0.0
 11
224.465847
 21
7.471814
 31
0.0
  0
LINE
  8
0
  6
CONTINUOUS
 10
224.465847
 20
7.471814
 30
0.0
 11
224.446763
 21
7.513951
 31
0.0
  0
LINE
  8
0
  6
CONTINUOUS
 10
224.446763
 20
7.513951
 30
0.0
 11
224.427303
 21
7.556906
 31
0.0
  0
LINE
  8
0
  6
CONTINUOUS
 10
224.427303
 20
7.556906
 30
0.0
 11
224.407513
 21
7.600576
 31
0.0
  0
LINE
  8
0
  6
CONTINUOUS
 10
224.407513
 20
7.600576
 30
0.0
 11
224.387441
 21
7.644855
 31
0.0
  0
LINE
  8
0
  6
CONTINUOUS
 10
224.387441
 20
7.644855
 30
0.0
 11
224.351716
 21
7.724010
 31
0.0
  0
LINE
  8
0
  6
CONTINUOUS
 10
224.351716
 20
7.724010
 30
0.0
 11
224.317008
 21
7.801619
 31
0.0
  0
LINE
  8
0
  6
CONTINUOUS
 10
224.317008
 20
7.801619
 30
0.0
 11
224.283361
 21
7.877573
 31
0.0
  0
LINE
  8
0
  6
CONTINUOUS
 10
224.283361
 20
7.877573
 30
0.0
 11
224.250817
 21
7.951765
 31
0.0
  0
LINE
  8
0
  6
CONTINUOUS
 10
224.250817
 20
7.951765
 30
0.0
 11
224.219417
 21
8.024084
 31
0.0
  0
LINE
  8
0
  6
CONTINUOUS
 10
224.219417
 20
8.024084
 30
0.0
 11
224.189207
 21
8.094422
 31
0.0
  0
LINE
  8
0
  6
CONTINUOUS
 10
224.189207
 20
8.094422
 30
0.0
 11
224.160226
 21
8.162670
 31
0.0
  0
LINE
  8
0
  6
CONTINUOUS
 10
224.160226
 20
8.162670
 30
0.0
 11
224.132520
 21
8.228719
 31
0.0
  0
LINE
  8
0
  6
CONTINUOUS
 10
224.132520
 20
8.228719
 30
0.0
 11
224.106129
 21
8.292461
 31
0.0
  0
LINE
  8
0
  6
CONTINUOUS
 10
224.106129
 20
8.292461
 30
0.0
 11
224.081096
 21
8.353786
 31
0.0
  0
LINE
  8
0
  6
CONTINUOUS
 10
224.081096
 20
8.353786
 30
0.0
 11
224.057465
 21
8.412587
 31
0.0
  0
LINE
  8
0
  6
CONTINUOUS
 10
224.057465
 20
8.412587
 30
0.0
 11
224.035277
 21
8.468752
 31
0.0
  0
LINE
  8
0
  6
CONTINUOUS
 10
224.035277
 20
8.468752
 30
0.0
 11
224.014576
 21
8.522175
 31
0.0
  0
LINE
  8
0
  6
CONTINUOUS
 10
224.014576
 20
8.522175
 30
0.0
 11
223.995404
 21
8.572746
 31
0.0
  0
LINE
  8
0
  6
CONTINUOUS
 10
223.995404
 20
8.572746
 30
0.0
 11
223.977802
 21
8.620356
 31
0.0
  0
LINE
  8
0
  6
CONTINUOUS
 10
223.977802
 20
8.620356
 30
0.0
 11
223.961816
 21
8.664897
 31
0.0
  0
LINE
  8
0
  6
CONTINUOUS
 10
223.961816
 20
8.664897
 30
0.0
 11
223.947486
 21
8.706259
 31
0.0
  0
LINE
  8
0
  6
CONTINUOUS
 10
223.947486
 20
8.706259
 30
0.0
 11
223.934854
 21
8.744334
 31
0.0
  0
LINE
  8
0
  6
CONTINUOUS
 10
223.934854
 20
8.744334
 30
0.0
 11
223.923966
 21
8.779013
 31
0.0
  0
LINE
  8
0
  6
CONTINUOUS
 10
223.923966
 20
8.779013
 30
0.0
 11
223.914862
 21
8.810187
 31
0.0
  0
LINE
  8
0
  6
CONTINUOUS
 10
223.914862
 20
8.810187
 30
0.0
 11
223.907584
 21
8.837747
 31
0.0
  0
LINE
  8
0
  6
CONTINUOUS
 10
223.907584
 20
8.837747
 30
0.0
 11
223.902177
 21
8.861584
 31
0.0
  0
LINE
  8
0
  6
CONTINUOUS
 10
223.902177
 20
8.861584
 30
0.0
 11
223.898682
 21
8.881590
 31
0.0
  0
LINE
  8
0
  6
CONTINUOUS
 10
223.898682
 20
8.881590
 30
0.0
 11
223.897142
 21
8.897655
 31
0.0
  0
LINE
  8
0
  6
CONTINUOUS
 10
223.897142
 20
8.897655
 30
0.0
 11
223.896833
 21
8.901083
 31
0.0
  0
LINE
  8
0
  6
CONTINUOUS
 10
223.896833
 20
8.901083
 30
0.0
 11
223.896226
 21
8.903462
 31
0.0
  0
LINE
  8
0
  6
CONTINUOUS
 10
223.896226
 20
8.903462
 30
0.0
 11
223.895330
 21
8.904817
 31
0.0
  0
LINE
  8
0
  6
CONTINUOUS
 10
223.895330
 20
8.904817
 30
0.0
 11
223.894156
 21
8.905172
 31
0.0
  0
LINE
  8
0
  6
CONTINUOUS
 10
223.894156
 20
8.905172
 30
0.0
 11
223.892714
 21
8.904550
 31
0.0
  0
LINE
  8
0
  6
CONTINUOUS
 10
223.892714
 20
8.904550
 30
0.0
 11
223.891015
 21
8.902977
 31
0.0
  0
LINE
  8
0
  6
CONTINUOUS
 10
223.891015
 20
8.902977
 30
0.0
 11
223.889068
 21
8.900475
 31
0.0
  0
LINE
  8
0
  6
CONTINUOUS
 10
223.889068
 20
8.900475
 30
0.0
 11
223.886884
 21
8.897068
 31
0.0
  0
LINE
  8
0
  6
CONTINUOUS
 10
223.886884
 20
8.897068
 30
0.0
 11
223.884475
 21
8.892782
 31
0.0
  0
LINE
  8
0
  6
CONTINUOUS
 10
223.884475
 20
8.892782
 30
0.0
 11
223.881851
 21
8.887641
 31
0.0
  0
LINE
  8
0
  6
CONTINUOUS
 10
223.881851
 20
8.887641
 30
0.0
 11
223.879021
 21
8.881667
 31
0.0
  0
LINE
  8
0
  6
CONTINUOUS
 10
223.879021
 20
8.881667
 30
0.0
 11
223.875996
 21
8.874885
 31
0.0
  0
LINE
  8
0
  6
CONTINUOUS
 10
223.875996
 20
8.874885
 30
0.0
 11
223.872787
 21
8.867320
 31
0.0
  0
LINE
  8
0
  6
CONTINUOUS
 10
223.872787
 20
8.867320
 30
0.0
 11
223.869405
 21
8.858995
 31
0.0
  0
LINE
  8
0
  6
CONTINUOUS
 10
223.869405
 20
8.858995
 30
0.0
 11
223.865858
 21
8.849934
 31
0.0
  0
LINE
  8
0
  6
CONTINUOUS
 10
223.865858
 20
8.849934
 30
0.0
 11
223.862159
 21
8.840162
 31
0.0
  0
LINE
  8
0
  6
CONTINUOUS
 10
223.862159
 20
8.840162
 30
0.0
 11
223.858318
 21
8.829702
 31
0.0
  0
LINE
  8
0
  6
CONTINUOUS
 10
223.858318
 20
8.829702
 30
0.0
 11
223.854344
 21
8.818579
 31
0.0
  0
LINE
  8
0
  6
CONTINUOUS
 10
223.854344
 20
8.818579
 30
0.0
 11
223.850249
 21
8.806816
 31
0.0
  0
LINE
  8
0
  6
CONTINUOUS
 10
223.850249
 20
8.806816
 30
0.0
 11
223.846042
 21
8.794439
 31
0.0
  0
LINE
  8
0
  6
CONTINUOUS
 10
223.846042
 20
8.794439
 30
0.0
 11
223.841735
 21
8.781470
 31
0.0
  0
LINE
  8
0
  6
CONTINUOUS
 10
223.841735
 20
8.781470
 30
0.0
 11
223.837339
 21
8.767933
 31
0.0
  0
LINE
  8
0
  6
CONTINUOUS
 10
223.837339
 20
8.767933
 30
0.0
 11
223.832861
 21
8.753854
 31
0.0
  0
LINE
  8
0
  6
CONTINUOUS
 10
223.832861
 20
8.753854
 30
0.0
 11
223.828315
 21
8.739255
 31
0.0
  0
LINE
  8
0
  6
CONTINUOUS
 10
223.828315
 20
8.739255
 30
0.0
 11
223.816747
 21
8.701858
 31
0.0
  0
LINE
  8
0
  6
CONTINUOUS
 10
223.816747
 20
8.701858
 30
0.0
 11
223.805725
 21
8.666580
 31
0.0
  0
LINE
  8
0
  6
CONTINUOUS
 10
223.805725
 20
8.666580
 30
0.0
 11
223.795106
 21
8.633062
 31
0.0
  0
LINE
  8
0
  6
CONTINUOUS
 10
223.795106
 20
8.633062
 30
0.0
 11
223.784744
 21
8.600948
 31
0.0
  0
LINE
  8
0
  6
CONTINUOUS
 10
223.784744
 20
8.600948
 30
0.0
 11
223.774496
 21
8.569880
 31
0.0
  0
LINE
  8
0
  6
CONTINUOUS
 10
223.774496
 20
8.569880
 30
0.0
 11
223.764214
 21
8.539499
 31
0.0
  0
LINE
  8
0
  6
CONTINUOUS
 10
223.764214
 20
8.539499
 30
0.0
 11
223.753756
 21
8.509449
 31
0.0
  0
LINE
  8
0
  6
CONTINUOUS
 10
223.753756
 20
8.509449
 30
0.0
 11
223.742976
 21
8.479371
 31
0.0
  0
LINE
  8
0
  6
CONTINUOUS
 10
223.742976
 20
8.479371
 30
0.0
 11
223.731730
 21
8.448908
 31
0.0
  0
LINE
  8
0
  6
CONTINUOUS
 10
223.731730
 20
8.448908
 30
0.0
 11
223.719872
 21
8.417701
 31
0.0
  0
LINE
  8
0
  6
CONTINUOUS
 10
223.719872
 20
8.417701
 30
0.0
 11
223.707258
 21
8.385394
 31
0.0
  0
LINE
  8
0
  6
CONTINUOUS
 10
223.707258
 20
8.385394
 30
0.0
 11
223.693742
 21
8.351628
 31
0.0
  0
LINE
  8
0
  6
CONTINUOUS
 10
223.693742
 20
8.351628
 30
0.0
 11
223.679181
 21
8.316046
 31
0.0
  0
LINE
  8
0
  6
CONTINUOUS
 10
223.679181
 20
8.316046
 30
0.0
 11
223.663428
 21
8.278289
 31
0.0
  0
LINE
  8
0
  6
CONTINUOUS
 10
223.663428
 20
8.278289
 30
0.0
 11
223.646340
 21
8.238002
 31
0.0
  0
LINE
  8
0
  6
CONTINUOUS
 10
223.646340
 20
8.238002
 30
0.0
 11
223.627772
 21
8.194824
 31
0.0
  0
LINE
  8
0
  6
CONTINUOUS
 10
223.627772
 20
8.194824
 30
0.0
 11
223.607578
 21
8.148400
 31
0.0
  0
LINE
  8
0
  6
CONTINUOUS
 10
223.607578
 20
8.148400
 30
0.0
 11
223.585613
 21
8.098370
 31
0.0
  0
LINE
  8
0
  6
CONTINUOUS
 10
223.585613
 20
8.098370
 30
0.0
 11
223.561734
 21
8.044378
 31
0.0
  0
LINE
  8
0
  6
CONTINUOUS
 10
223.561734
 20
8.044378
 30
0.0
 11
223.535795
 21
7.986065
 31
0.0
  0
LINE
  8
0
  6
CONTINUOUS
 10
223.535795
 20
7.986065
 30
0.0
 11
223.507651
 21
7.923074
 31
0.0
  0
LINE
  8
0
  6
CONTINUOUS
 10
223.507651
 20
7.923074
 30
0.0
 11
223.477158
 21
7.855047
 31
0.0
  0
LINE
  8
0
  6
CONTINUOUS
 10
223.477158
 20
7.855047
 30
0.0
 11
223.444170
 21
7.781627
 31
0.0
  0
LINE
  8
0
  6
CONTINUOUS
 10
223.444170
 20
7.781627
 30
0.0
 11
223.408543
 21
7.702455
 31
0.0
  0
LINE
  8
0
  6
CONTINUOUS
 10
223.887105
 20
6.924855
 30
0.0
 11
223.965681
 21
6.924896
 31
0.0
  0
LINE
  8
0
  6
CONTINUOUS
 10
223.965681
 20
6.924896
 30
0.0
 11
224.039431
 21
6.925022
 31
0.0
  0
LINE
  8
0
  6
CONTINUOUS
 10
224.039431
 20
6.925022
 30
0.0
 11
224.108481
 21
6.925241
 31
0.0
  0
LINE
  8
0
  6
CONTINUOUS
 10
224.108481
 20
6.925241
 30
0.0
 11
224.172956
 21
6.925555
 31
0.0
  0
LINE
  8
0
  6
CONTINUOUS
 10
224.172956
 20
6.925555
 30
0.0
 11
224.232984
 21
6.925973
 31
0.0
  0
LINE
  8
0
  6
CONTINUOUS
 10
224.232984
 20
6.925973
 30
0.0
 11
224.288689
 21
6.926498
 31
0.0
  0
LINE
  8
0
  6
CONTINUOUS
 10
224.288689
 20
6.926498
 30
0.0
 11
224.340201
 21
6.927138
 31
0.0
  0
LINE
  8
0
  6
CONTINUOUS
 10
224.340201
 20
6.927138
 30
0.0
 11
224.387643
 21
6.927897
 31
0.0
  0
LINE
  8
0
  6
CONTINUOUS
 10
224.387643
 20
6.927897
 30
0.0
 11
224.431141
 21
6.928781
 31
0.0
  0
LINE
  8
0
  6
CONTINUOUS
 10
224.431141
 20
6.928781
 30
0.0
 11
224.470822
 21
6.929795
 31
0.0
  0
LINE
  8
0
  6
CONTINUOUS
 10
224.470822
 20
6.929795
 30
0.0
 11
224.506814
 21
6.930945
 31
0.0
  0
LINE
  8
0
  6
CONTINUOUS
 10
224.506814
 20
6.930945
 30
0.0
 11
224.539241
 21
6.932238
 31
0.0
  0
LINE
  8
0
  6
CONTINUOUS
 10
224.539241
 20
6.932238
 30
0.0
 11
224.568230
 21
6.933678
 31
0.0
  0
LINE
  8
0
  6
CONTINUOUS
 10
224.568230
 20
6.933678
 30
0.0
 11
224.593907
 21
6.935271
 31
0.0
  0
LINE
  8
0
  6
CONTINUOUS
 10
224.593907
 20
6.935271
 30
0.0
 11
224.616399
 21
6.937022
 31
0.0
  0
LINE
  8
0
  6
CONTINUOUS
 10
224.616399
 20
6.937022
 30
0.0
 11
224.635831
 21
6.938938
 31
0.0
  0
LINE
  8
0
  6
CONTINUOUS
 10
224.635831
 20
6.938938
 30
0.0
 11
224.652330
 21
6.941024
 31
0.0
  0
LINE
  8
0
  6
CONTINUOUS
 10
224.652330
 20
6.941024
 30
0.0
 11
224.666022
 21
6.943286
 31
0.0
  0
LINE
  8
0
  6
CONTINUOUS
 10
224.666022
 20
6.943286
 30
0.0
 11
224.677033
 21
6.945729
 31
0.0
  0
LINE
  8
0
  6
CONTINUOUS
 10
224.677033
 20
6.945729
 30
0.0
 11
224.685490
 21
6.948358
 31
0.0
  0
LINE
  8
0
  6
CONTINUOUS
 10
224.685490
 20
6.948358
 30
0.0
 11
224.691518
 21
6.951179
 31
0.0
  0
LINE
  8
0
  6
CONTINUOUS
 10
224.691518
 20
6.951179
 30
0.0
 11
224.695245
 21
6.954200
 31
0.0
  0
LINE
  8
0
  6
CONTINUOUS
 10
224.695245
 20
6.954200
 30
0.0
 11
224.696794
 21
6.957422
 31
0.0
  0
LINE
  8
0
  6
CONTINUOUS
 10
224.696794
 20
6.957422
 30
0.0
 11
224.696295
 21
6.960855
 31
0.0
  0
LINE
  8
0
  6
CONTINUOUS
 10
231.286009
 20
4.720810
 30
0.0
 11
231.220591
 21
4.689840
 31
0.0
  0
LINE
  8
0
  6
CONTINUOUS
 10
231.220591
 20
4.689840
 30
0.0
 11
231.156577
 21
4.661015
 31
0.0
  0
LINE
  8
0
  6
CONTINUOUS
 10
231.156577
 20
4.661015
 30
0.0
 11
231.093310
 21
4.634251
 31
0.0
  0
LINE
  8
0
  6
CONTINUOUS
 10
231.093310
 20
4.634251
 30
0.0
 11
231.030140
 21
4.609463
 31
0.0
  0
LINE
  8
0
  6
CONTINUOUS
 10
231.030140
 20
4.609463
 30
0.0
 11
230.966412
 21
4.586568
 31
0.0
  0
LINE
  8
0
  6
CONTINUOUS
 10
230.966412
 20
4.586568
 30
0.0
 11
230.901473
 21
4.565483
 31
0.0
  0
LINE
  8
0
  6
CONTINUOUS
 10
230.901473
 20
4.565483
 30
0.0
 11
230.834668
 21
4.546124
 31
0.0
  0
LINE
  8
0
  6
CONTINUOUS
 10
230.834668
 20
4.546124
 30
0.0
 11
230.765344
 21
4.528406
 31
0.0
  0
LINE
  8
0
  6
CONTINUOUS
 10
230.765344
 20
4.528406
 30
0.0
 11
230.692849
 21
4.512248
 31
0.0
  0
LINE
  8
0
  6
CONTINUOUS
 10
230.692849
 20
4.512248
 30
0.0
 11
230.616529
 21
4.497564
 31
0.0
  0
LINE
  8
0
  6
CONTINUOUS
 10
230.616529
 20
4.497564
 30
0.0
 11
230.535729
 21
4.484271
 31
0.0
  0
LINE
  8
0
  6
CONTINUOUS
 10
230.535729
 20
4.484271
 30
0.0
 11
230.449797
 21
4.472286
 31
0.0
  0
LINE
  8
0
  6
CONTINUOUS
 10
230.449797
 20
4.472286
 30
0.0
 11
230.358080
 21
4.461524
 31
0.0
  0
LINE
  8
0
  6
CONTINUOUS
 10
230.358080
 20
4.461524
 30
0.0
 11
230.259922
 21
4.451903
 31
0.0
  0
LINE
  8
0
  6
CONTINUOUS
 10
230.259922
 20
4.451903
 30
0.0
 11
230.154672
 21
4.443338
 31
0.0
  0
LINE
  8
0
  6
CONTINUOUS
 10
230.154672
 20
4.443338
 30
0.0
 11
230.041675
 21
4.435747
 31
0.0
  0
LINE
  8
0
  6
CONTINUOUS
 10
230.041675
 20
4.435747
 30
0.0
 11
229.920278
 21
4.429043
 31
0.0
  0
LINE
  8
0
  6
CONTINUOUS
 10
229.920278
 20
4.429043
 30
0.0
 11
229.789828
 21
4.423146
 31
0.0
  0
LINE
  8
0
  6
CONTINUOUS
 10
229.789828
 20
4.423146
 30
0.0
 11
229.649671
 21
4.417970
 31
0.0
  0
LINE
  8
0
  6
CONTINUOUS
 10
229.649671
 20
4.417970
 30
0.0
 11
229.499153
 21
4.413432
 31
0.0
  0
LINE
  8
0
  6
CONTINUOUS
 10
229.499153
 20
4.413432
 30
0.0
 11
229.337622
 21
4.409449
 31
0.0
  0
LINE
  8
0
  6
CONTINUOUS
 10
229.337622
 20
4.409449
 30
0.0
 11
229.164423
 21
4.405936
 31
0.0
  0
LINE
  8
0
  6
CONTINUOUS
 10
229.164423
 20
4.405936
 30
0.0
 11
228.978903
 21
4.402810
 31
0.0
  0
LINE
  8
0
  6
CONTINUOUS
 10
228.978903
 20
4.402810
 30
0.0
 11
228.780409
 21
4.399988
 31
0.0
  0
LINE
  8
0
  6
CONTINUOUS
 10
228.902809
 20
4.485613
 30
0.0
 11
229.032456
 21
4.486942
 31
0.0
  0
LINE
  8
0
  6
CONTINUOUS
 10
229.032456
 20
4.486942
 30
0.0
 11
229.155001
 21
4.488305
 31
0.0
  0
LINE
  8
0
  6
CONTINUOUS
 10
229.155001
 20
4.488305
 30
0.0
 11
229.270672
 21
4.489709
 31
0.0
  0
LINE
  8
0
  6
CONTINUOUS
 10
229.270672
 20
4.489709
 30
0.0
 11
229.379695
 21
4.491163
 31
0.0
  0
LINE
  8
0
  6
CONTINUOUS
 10
229.379695
 20
4.491163
 30
0.0
 11
229.482301
 21
4.492676
 31
0.0
  0
LINE
  8
0
  6
CONTINUOUS
 10
229.482301
 20
4.492676
 30
0.0
 11
229.578716
 21
4.494255
 31
0.0
  0
LINE
  8
0
  6
CONTINUOUS
 10
229.578716
 20
4.494255
 30
0.0
 11
229.669168
 21
4.495908
 31
0.0
  0
LINE
  8
0
  6
CONTINUOUS
 10
229.669168
 20
4.495908
 30
0.0
 11
229.753888
 21
4.497644
 31
0.0
  0
LINE
  8
0
  6
CONTINUOUS
 10
229.753888
 20
4.497644
 30
0.0
 11
229.833102
 21
4.499471
 31
0.0
  0
LINE
  8
0
  6
CONTINUOUS
 10
229.833102
 20
4.499471
 30
0.0
 11
229.907038
 21
4.501397
 31
0.0
  0
LINE
  8
0
  6
CONTINUOUS
 10
229.907038
 20
4.501397
 30
0.0
 11
229.975924
 21
4.503430
 31
0.0
  0
LINE
  8
0
  6
CONTINUOUS
 10
229.975924
 20
4.503430
 30
0.0
 11
230.039989
 21
4.505579
 31
0.0
  0
LINE
  8
0
  6
CONTINUOUS
 10
230.039989
 20
4.505579
 30
0.0
 11
230.099462
 21
4.507850
 31
0.0
  0
LINE
  8
0
  6
CONTINUOUS
 10
230.099462
 20
4.507850
 30
0.0
 11
230.154569
 21
4.510254
 31
0.0
  0
LINE
  8
0
  6
CONTINUOUS
 10
230.154569
 20
4.510254
 30
0.0
 11
230.205541
 21
4.512797
 31
0.0
  0
LINE
  8
0
  6
CONTINUOUS
 10
230.205541
 20
4.512797
 30
0.0
 11
230.252602
 21
4.515488
 31
0.0
  0
LINE
  8
0
  6
CONTINUOUS
 10
230.252602
 20
4.515488
 30
0.0
 11
230.295985
 21
4.518336
 31
0.0
  0
LINE
  8
0
  6
CONTINUOUS
 10
230.295985
 20
4.518336
 30
0.0
 11
230.335915
 21
4.521347
 31
0.0
  0
LINE
  8
0
  6
CONTINUOUS
 10
230.335915
 20
4.521347
 30
0.0
 11
230.372621
 21
4.524532
 31
0.0
  0
LINE
  8
0
  6
CONTINUOUS
 10
230.372621
 20
4.524532
 30
0.0
 11
230.406331
 21
4.527897
 31
0.0
  0
LINE
  8
0
  6
CONTINUOUS
 10
230.406331
 20
4.527897
 30
0.0
 11
230.437273
 21
4.531450
 31
0.0
  0
LINE
  8
0
  6
CONTINUOUS
 10
230.437273
 20
4.531450
 30
0.0
 11
230.465676
 21
4.535200
 31
0.0
  0
LINE
  8
0
  6
CONTINUOUS
 10
230.465676
 20
4.535200
 30
0.0
 11
230.491768
 21
4.539156
 31
0.0
  0
LINE
  8
0
  6
CONTINUOUS
 10
230.491768
 20
4.539156
 30
0.0
 11
230.515776
 21
4.543325
 31
0.0
  0
LINE
  8
0
  6
CONTINUOUS
 10
228.996409
 20
9.827761
 30
0.0
 11
229.151410
 21
9.829705
 31
0.0
  0
LINE
  8
0
  6
CONTINUOUS
 10
229.151410
 20
9.829705
 30
0.0
 11
229.298471
 21
9.830113
 31
0.0
  0
LINE
  8
0
  6
CONTINUOUS
 10
229.298471
 20
9.830113
 30
0.0
 11
229.437920
 21
9.828904
 31
0.0
  0
LINE
  8
0
  6
CONTINUOUS
 10
229.437920
 20
9.828904
 30
0.0
 11
229.570083
 21
9.825998
 31
0.0
  0
LINE
  8
0
  6
CONTINUOUS
 10
229.570083
 20
9.825998
 30
0.0
 11
229.695290
 21
9.821313
 31
0.0
  0
LINE
  8
0
  6
CONTINUOUS
 10
229.695290
 20
9.821313
 30
0.0
 11
229.813869
 21
9.814769
 31
0.0
  0
LINE
  8
0
  6
CONTINUOUS
 10
229.813869
 20
9.814769
 30
0.0
 11
229.926146
 21
9.806284
 31
0.0
  0
LINE
  8
0
  6
CONTINUOUS
 10
229.926146
 20
9.806284
 30
0.0
 11
230.032452
 21
9.795779
 31
0.0
  0
LINE
  8
0
  6
CONTINUOUS
 10
230.032452
 20
9.795779
 30
0.0
 11
230.133112
 21
9.783170
 31
0.0
  0
LINE
  8
0
  6
CONTINUOUS
 10
230.133112
 20
9.783170
 30
0.0
 11
230.228455
 21
9.768378
 31
0.0
  0
LINE
  8
0
  6
CONTINUOUS
 10
230.228455
 20
9.768378
 30
0.0
 11
230.318810
 21
9.751322
 31
0.0
  0
LINE
  8
0
  6
CONTINUOUS
 10
230.318810
 20
9.751322
 30
0.0
 11
230.404504
 21
9.731921
 31
0.0
  0
LINE
  8
0
  6
CONTINUOUS
 10
230.404504
 20
9.731921
 30
0.0
 11
230.485866
 21
9.710094
 31
0.0
  0
LINE
  8
0
  6
CONTINUOUS
 10
230.485866
 20
9.710094
 30
0.0
 11
230.563222
 21
9.685759
 31
0.0
  0
LINE
  8
0
  6
CONTINUOUS
 10
230.563222
 20
9.685759
 30
0.0
 11
230.636902
 21
9.658837
 31
0.0
  0
LINE
  8
0
  6
CONTINUOUS
 10
230.636902
 20
9.658837
 30
0.0
 11
230.707233
 21
9.629245
 31
0.0
  0
LINE
  8
0
  6
CONTINUOUS
 10
230.707233
 20
9.629245
 30
0.0
 11
230.774544
 21
9.596905
 31
0.0
  0
LINE
  8
0
  6
CONTINUOUS
 10
230.774544
 20
9.596905
 30
0.0
 11
230.839161
 21
9.561732
 31
0.0
  0
LINE
  8
0
  6
CONTINUOUS
 10
230.839161
 20
9.561732
 30
0.0
 11
230.901413
 21
9.523648
 31
0.0
  0
LINE
  8
0
  6
CONTINUOUS
 10
230.901413
 20
9.523648
 30
0.0
 11
230.961629
 21
9.482571
 31
0.0
  0
LINE
  8
0
  6
CONTINUOUS
 10
230.961629
 20
9.482571
 30
0.0
 11
231.020136
 21
9.438422
 31
0.0
  0
LINE
  8
0
  6
CONTINUOUS
 10
231.020136
 20
9.438422
 30
0.0
 11
231.077262
 21
9.391116
 31
0.0
  0
LINE
  8
0
  6
CONTINUOUS
 10
231.077262
 20
9.391116
 30
0.0
 11
231.133334
 21
9.340576
 31
0.0
  0
LINE
  8
0
  6
CONTINUOUS
 10
231.133334
 20
9.340576
 30
0.0
 11
231.188683
 21
9.286719
 31
0.0
  0
LINE
  8
0
  6
CONTINUOUS
 10
231.235177
 20
5.902815
 30
0.0
 11
231.196658
 21
5.860547
 31
0.0
  0
LINE
  8
0
  6
CONTINUOUS
 10
231.196658
 20
5.860547
 30
0.0
 11
231.157237
 21
5.820126
 31
0.0
  0
LINE
  8
0
  6
CONTINUOUS
 10
231.157237
 20
5.820126
 30
0.0
 11
231.116850
 21
5.781527
 31
0.0
  0
LINE
  8
0
  6
CONTINUOUS
 10
231.116850
 20
5.781527
 30
0.0
 11
231.075430
 21
5.744719
 31
0.0
  0
LINE
  8
0
  6
CONTINUOUS
 10
231.075430
 20
5.744719
 30
0.0
 11
231.032912
 21
5.709677
 31
0.0
  0
LINE
  8
0
  6
CONTINUOUS
 10
231.032912
 20
5.709677
 30
0.0
 11
230.989232
 21
5.676371
 31
0.0
  0
LINE
  8
0
  6
CONTINUOUS
 10
230.989232
 20
5.676371
 30
0.0
 11
230.944322
 21
5.644772
 31
0.0
  0
LINE
  8
0
  6
CONTINUOUS
 10
230.944322
 20
5.644772
 30
0.0
 11
230.898118
 21
5.614855
 31
0.0
  0
LINE
  8
0
  6
CONTINUOUS
 10
230.898118
 20
5.614855
 30
0.0
 11
230.850555
 21
5.586588
 31
0.0
  0
LINE
  8
0
  6
CONTINUOUS
 10
230.850555
 20
5.586588
 30
0.0
 11
230.801567
 21
5.559947
 31
0.0
  0
LINE
  8
0
  6
CONTINUOUS
 10
230.801567
 20
5.559947
 30
0.0
 11
230.751090
 21
5.534900
 31
0.0
  0
LINE
  8
0
  6
CONTINUOUS
 10
230.751090
 20
5.534900
 30
0.0
 11
230.699056
 21
5.511421
 31
0.0
  0
LINE
  8
0
  6
CONTINUOUS
 10
230.699056
 20
5.511421
 30
0.0
 11
230.645402
 21
5.489483
 31
0.0
  0
LINE
  8
0
  6
CONTINUOUS
 10
230.645402
 20
5.489483
 30
0.0
 11
230.590061
 21
5.469056
 31
0.0
  0
LINE
  8
0
  6
CONTINUOUS
 10
230.590061
 20
5.469056
 30
0.0
 11
230.532969
 21
5.450111
 31
0.0
  0
LINE
  8
0
  6
CONTINUOUS
 10
230.532969
 20
5.450111
 30
0.0
 11
230.474059
 21
5.432623
 31
0.0
  0
LINE
  8
0
  6
CONTINUOUS
 10
230.474059
 20
5.432623
 30
0.0
 11
230.413267
 21
5.416561
 31
0.0
  0
LINE
  8
0
  6
CONTINUOUS
 10
230.413267
 20
5.416561
 30
0.0
 11
230.350526
 21
5.401899
 31
0.0
  0
LINE
  8
0
  6
CONTINUOUS
 10
230.350526
 20
5.401899
 30
0.0
 11
230.285773
 21
5.388608
 31
0.0
  0
LINE
  8
0
  6
CONTINUOUS
 10
230.285773
 20
5.388608
 30
0.0
 11
230.218941
 21
5.376659
 31
0.0
  0
LINE
  8
0
  6
CONTINUOUS
 10
230.218941
 20
5.376659
 30
0.0
 11
230.149965
 21
5.366025
 31
0.0
  0
LINE
  8
0
  6
CONTINUOUS
 10
230.149965
 20
5.366025
 30
0.0
 11
230.078779
 21
5.356679
 31
0.0
  0
LINE
  8
0
  6
CONTINUOUS
 10
230.078779
 20
5.356679
 30
0.0
 11
230.005318
 21
5.348591
 31
0.0
  0
LINE
  8
0
  6
CONTINUOUS
 10
230.005318
 20
5.348591
 30
0.0
 11
229.929518
 21
5.341733
 31
0.0
  0
LINE
  8
0
  6
CONTINUOUS
 10
229.929518
 20
5.341733
 30
0.0
 11
229.861116
 21
5.336567
 31
0.0
  0
LINE
  8
0
  6
CONTINUOUS
 10
229.861116
 20
5.336567
 30
0.0
 11
229.789554
 21
5.331889
 31
0.0
  0
LINE
  8
0
  6
CONTINUOUS
 10
229.789554
 20
5.331889
 30
0.0
 11
229.715362
 21
5.327700
 31
0.0
  0
LINE
  8
0
  6
CONTINUOUS
 10
229.715362
 20
5.327700
 30
0.0
 11
229.639072
 21
5.323994
 31
0.0
  0
LINE
  8
0
  6
CONTINUOUS
 10
229.639072
 20
5.323994
 30
0.0
 11
229.561214
 21
5.320771
 31
0.0
  0
LINE
  8
0
  6
CONTINUOUS
 10
229.561214
 20
5.320771
 30
0.0
 11
229.482323
 21
5.318027
 31
0.0
  0
LINE
  8
0
  6
CONTINUOUS
 10
229.482323
 20
5.318027
 30
0.0
 11
229.402927
 21
5.315762
 31
0.0
  0
LINE
  8
0
  6
CONTINUOUS
 10
229.402927
 20
5.315762
 30
0.0
 11
229.323559
 21
5.313972
 31
0.0
  0
LINE
  8
0
  6
CONTINUOUS
 10
229.323559
 20
5.313972
 30
0.0
 11
229.244752
 21
5.312654
 31
0.0
  0
LINE
  8
0
  6
CONTINUOUS
 10
229.244752
 20
5.312654
 30
0.0
 11
229.167036
 21
5.311808
 31
0.0
  0
LINE
  8
0
  6
CONTINUOUS
 10
229.167036
 20
5.311808
 30
0.0
 11
229.090942
 21
5.311430
 31
0.0
  0
LINE
  8
0
  6
CONTINUOUS
 10
229.090942
 20
5.311430
 30
0.0
 11
229.017002
 21
5.311517
 31
0.0
  0
LINE
  8
0
  6
CONTINUOUS
 10
229.017002
 20
5.311517
 30
0.0
 11
228.945749
 21
5.312068
 31
0.0
  0
LINE
  8
0
  6
CONTINUOUS
 10
228.945749
 20
5.312068
 30
0.0
 11
228.877713
 21
5.313080
 31
0.0
  0
LINE
  8
0
  6
CONTINUOUS
 10
228.877713
 20
5.313080
 30
0.0
 11
228.813426
 21
5.314551
 31
0.0
  0
LINE
  8
0
  6
CONTINUOUS
 10
228.813426
 20
5.314551
 30
0.0
 11
228.753420
 21
5.316479
 31
0.0
  0
LINE
  8
0
  6
CONTINUOUS
 10
228.753420
 20
5.316479
 30
0.0
 11
228.698226
 21
5.318860
 31
0.0
  0
LINE
  8
0
  6
CONTINUOUS
 10
228.698226
 20
5.318860
 30
0.0
 11
228.648376
 21
5.321694
 31
0.0
  0
LINE
  8
0
  6
CONTINUOUS
 10
228.648376
 20
5.321694
 30
0.0
 11
228.604401
 21
5.324977
 31
0.0
  0
LINE
  8
0
  6
CONTINUOUS
 10
228.604401
 20
5.324977
 30
0.0
 11
228.566832
 21
5.328708
 31
0.0
  0
LINE
  8
0
  6
CONTINUOUS
 10
228.566832
 20
5.328708
 30
0.0
 11
228.536203
 21
5.332883
 31
0.0
  0
LINE
  8
0
  6
CONTINUOUS
 10
228.536203
 20
5.332883
 30
0.0
 11
228.513043
 21
5.337501
 31
0.0
  0
LINE
  8
0
  6
CONTINUOUS
 10
228.513043
 20
5.337501
 30
0.0
 11
228.497885
 21
5.342560
 31
0.0
  0
LINE
  8
0
  6
CONTINUOUS
 10
228.497885
 20
5.342560
 30
0.0
 11
228.491260
 21
5.348055
 31
0.0
  0
LINE
  8
0
  6
CONTINUOUS
 10
229.817209
 20
5.398308
 30
0.0
 11
229.873326
 21
5.402350
 31
0.0
  0
LINE
  8
0
  6
CONTINUOUS
 10
229.873326
 20
5.402350
 30
0.0
 11
229.927027
 21
5.406583
 31
0.0
  0
LINE
  8
0
  6
CONTINUOUS
 10
229.927027
 20
5.406583
 30
0.0
 11
229.978431
 21
5.411033
 31
0.0
  0
LINE
  8
0
  6
CONTINUOUS
 10
229.978431
 20
5.411033
 30
0.0
 11
230.027657
 21
5.415729
 31
0.0
  0
LINE
  8
0
  6
CONTINUOUS
 10
230.027657
 20
5.415729
 30
0.0
 11
230.074826
 21
5.420693
 31
0.0
  0
LINE
  8
0
  6
CONTINUOUS
 10
230.074826
 20
5.420693
 30
0.0
 11
230.120058
 21
5.425955
 31
0.0
  0
LINE
  8
0
  6
CONTINUOUS
 10
230.120058
 20
5.425955
 30
0.0
 11
230.163471
 21
5.431539
 31
0.0
  0
LINE
  8
0
  6
CONTINUOUS
 10
230.163471
 20
5.431539
 30
0.0
 11
230.205186
 21
5.437474
 31
0.0
  0
LINE
  8
0
  6
CONTINUOUS
 10
230.205186
 20
5.437474
 30
0.0
 11
230.245321
 21
5.443784
 31
0.0
  0
LINE
  8
0
  6
CONTINUOUS
 10
230.245321
 20
5.443784
 30
0.0
 11
230.283997
 21
5.450495
 31
0.0
  0
LINE
  8
0
  6
CONTINUOUS
 10
230.283997
 20
5.450495
 30
0.0
 11
230.321334
 21
5.457635
 31
0.0
  0
LINE
  8
0
  6
CONTINUOUS
 10
230.321334
 20
5.457635
 30
0.0
 11
230.357451
 21
5.465231
 31
0.0
  0
LINE
  8
0
  6
CONTINUOUS
 10
230.357451
 20
5.465231
 30
0.0
 11
230.392466
 21
5.473306
 31
0.0
  0
LINE
  8
0
  6
CONTINUOUS
 10
230.392466
 20
5.473306
 30
0.0
 11
230.426501
 21
5.481890
 31
0.0
  0
LINE
  8
0
  6
CONTINUOUS
 10
230.426501
 20
5.481890
 30
0.0
 11
230.459676
 21
5.491007
 31
0.0
  0
LINE
  8
0
  6
CONTINUOUS
 10
230.459676
 20
5.491007
 30
0.0
 11
230.492109
 21
5.500685
 31
0.0
  0
LINE
  8
0
  6
CONTINUOUS
 10
230.492109
 20
5.500685
 30
0.0
 11
230.523919
 21
5.510950
 31
0.0
  0
LINE
  8
0
  6
CONTINUOUS
 10
230.523919
 20
5.510950
 30
0.0
 11
230.555227
 21
5.521827
 31
0.0
  0
LINE
  8
0
  6
CONTINUOUS
 10
230.555227
 20
5.521827
 30
0.0
 11
230.586154
 21
5.533344
 31
0.0
  0
LINE
  8
0
  6
CONTINUOUS
 10
230.586154
 20
5.533344
 30
0.0
 11
230.616817
 21
5.545527
 31
0.0
  0
LINE
  8
0
  6
CONTINUOUS
 10
230.616817
 20
5.545527
 30
0.0
 11
230.647336
 21
5.558400
 31
0.0
  0
LINE
  8
0
  6
CONTINUOUS
 10
230.647336
 20
5.558400
 30
0.0
 11
230.677833
 21
5.571994
 31
0.0
  0
LINE
  8
0
  6
CONTINUOUS
 10
230.677833
 20
5.571994
 30
0.0
 11
230.708425
 21
5.586331
 31
0.0
  0
LINE
  8
0
  6
CONTINUOUS
 10
230.708425
 20
5.586331
 30
0.0
 11
230.739232
 21
5.601439
 31
0.0
  0
LINE
  8
0
  6
CONTINUOUS
 10
228.548857
 20
5.405655
 30
0.0
 11
228.554261
 21
5.400287
 31
0.0
  0
LINE
  8
0
  6
CONTINUOUS
 10
228.554261
 20
5.400287
 30
0.0
 11
228.566011
 21
5.395347
 31
0.0
  0
LINE
  8
0
  6
CONTINUOUS
 10
228.566011
 20
5.395347
 30
0.0
 11
228.583804
 21
5.390837
 31
0.0
  0
LINE
  8
0
  6
CONTINUOUS
 10
228.583804
 20
5.390837
 30
0.0
 11
228.607337
 21
5.386756
 31
0.0
  0
LINE
  8
0
  6
CONTINUOUS
 10
228.607337
 20
5.386756
 30
0.0
 11
228.636307
 21
5.383108
 31
0.0
  0
LINE
  8
0
  6
CONTINUOUS
 10
228.636307
 20
5.383108
 30
0.0
 11
228.670411
 21
5.379894
 31
0.0
  0
LINE
  8
0
  6
CONTINUOUS
 10
228.670411
 20
5.379894
 30
0.0
 11
228.709348
 21
5.377117
 31
0.0
  0
LINE
  8
0
  6
CONTINUOUS
 10
228.709348
 20
5.377117
 30
0.0
 11
228.752815
 21
5.374777
 31
0.0
  0
LINE
  8
0
  6
CONTINUOUS
 10
228.752815
 20
5.374777
 30
0.0
 11
228.800507
 21
5.372876
 31
0.0
  0
LINE
  8
0
  6
CONTINUOUS
 10
228.800507
 20
5.372876
 30
0.0
 11
228.852123
 21
5.371417
 31
0.0
  0
LINE
  8
0
  6
CONTINUOUS
 10
228.852123
 20
5.371417
 30
0.0
 11
228.907361
 21
5.370401
 31
0.0
  0
LINE
  8
0
  6
CONTINUOUS
 10
228.907361
 20
5.370401
 30
0.0
 11
228.965917
 21
5.369831
 31
0.0
  0
LINE
  8
0
  6
CONTINUOUS
 10
228.965917
 20
5.369831
 30
0.0
 11
229.027487
 21
5.369705
 31
0.0
  0
LINE
  8
0
  6
CONTINUOUS
 10
229.027487
 20
5.369705
 30
0.0
 11
229.091771
 21
5.370029
 31
0.0
  0
LINE
  8
0
  6
CONTINUOUS
 10
229.091771
 20
5.370029
 30
0.0
 11
229.158464
 21
5.370803
 31
0.0
  0
LINE
  8
0
  6
CONTINUOUS
 10
229.158464
 20
5.370803
 30
0.0
 11
229.227266
 21
5.372028
 31
0.0
  0
LINE
  8
0
  6
CONTINUOUS
 10
229.227266
 20
5.372028
 30
0.0
 11
229.297872
 21
5.373708
 31
0.0
  0
LINE
  8
0
  6
CONTINUOUS
 10
229.297872
 20
5.373708
 30
0.0
 11
229.369979
 21
5.375842
 31
0.0
  0
LINE
  8
0
  6
CONTINUOUS
 10
229.369979
 20
5.375842
 30
0.0
 11
229.443286
 21
5.378434
 31
0.0
  0
LINE
  8
0
  6
CONTINUOUS
 10
229.443286
 20
5.378434
 30
0.0
 11
229.517489
 21
5.381484
 31
0.0
  0
LINE
  8
0
  6
CONTINUOUS
 10
229.517489
 20
5.381484
 30
0.0
 11
229.592285
 21
5.384995
 31
0.0
  0
LINE
  8
0
  6
CONTINUOUS
 10
229.592285
 20
5.384995
 30
0.0
 11
229.667372
 21
5.388967
 31
0.0
  0
LINE
  8
0
  6
CONTINUOUS
 10
229.667372
 20
5.388967
 30
0.0
 11
229.742448
 21
5.393405
 31
0.0
  0
LINE
  8
0
  6
CONTINUOUS
 10
229.742448
 20
5.393405
 30
0.0
 11
229.817209
 21
5.398308
 31
0.0
  0
LINE
  8
0
  6
CONTINUOUS
 10
230.808375
 20
10.592569
 30
0.0
 11
230.964325
 21
10.548680
 31
0.0
  0
LINE
  8
0
  6
CONTINUOUS
 10
230.964325
 20
10.548680
 30
0.0
 11
231.115044
 21
10.496262
 31
0.0
  0
LINE
  8
0
  6
CONTINUOUS
 10
231.115044
 20
10.496262
 30
0.0
 11
231.260404
 21
10.435499
 31
0.0
  0
LINE
  8
0
  6
CONTINUOUS
 10
231.260404
 20
10.435499
 30
0.0
 11
231.400284
 21
10.366577
 31
0.0
  0
LINE
  8
0
  6
CONTINUOUS
 10
231.400284
 20
10.366577
 30
0.0
 11
231.534559
 21
10.289680
 31
0.0
  0
LINE
  8
0
  6
CONTINUOUS
 10
231.534559
 20
10.289680
 30
0.0
 11
231.663103
 21
10.204991
 31
0.0
  0
LINE
  8
0
  6
CONTINUOUS
 10
231.663103
 20
10.204991
 30
0.0
 11
231.785793
 21
10.112694
 31
0.0
  0
LINE
  8
0
  6
CONTINUOUS
 10
231.785793
 20
10.112694
 30
0.0
 11
231.902504
 21
10.012976
 31
0.0
  0
LINE
  8
0
  6
CONTINUOUS
 10
231.902504
 20
10.012976
 30
0.0
 11
232.013113
 21
9.906019
 31
0.0
  0
LINE
  8
0
  6
CONTINUOUS
 10
232.013113
 20
9.906019
 30
0.0
 11
232.117493
 21
9.792008
 31
0.0
  0
LINE
  8
0
  6
CONTINUOUS
 10
232.117493
 20
9.792008
 30
0.0
 11
232.215523
 21
9.671128
 31
0.0
  0
LINE
  8
0
  6
CONTINUOUS
 10
232.215523
 20
9.671128
 30
0.0
 11
232.307076
 21
9.543563
 31
0.0
  0
LINE
  8
0
  6
CONTINUOUS
 10
232.307076
 20
9.543563
 30
0.0
 11
232.392028
 21
9.409497
 31
0.0
  0
LINE
  8
0
  6
CONTINUOUS
 10
232.392028
 20
9.409497
 30
0.0
 11
232.470256
 21
9.269115
 31
0.0
  0
LINE
  8
0
  6
CONTINUOUS
 10
232.470256
 20
9.269115
 30
0.0
 11
232.541634
 21
9.122600
 31
0.0
  0
LINE
  8
0
  6
CONTINUOUS
 10
232.541634
 20
9.122600
 30
0.0
 11
232.606038
 21
8.970138
 31
0.0
  0
LINE
  8
0
  6
CONTINUOUS
 10
232.606038
 20
8.970138
 30
0.0
 11
232.663344
 21
8.811914
 31
0.0
  0
LINE
  8
0
  6
CONTINUOUS
 10
232.663344
 20
8.811914
 30
0.0
 11
232.713427
 21
8.648110
 31
0.0
  0
LINE
  8
0
  6
CONTINUOUS
 10
232.713427
 20
8.648110
 30
0.0
 11
232.756165
 21
8.478911
 31
0.0
  0
LINE
  8
0
  6
CONTINUOUS
 10
232.756165
 20
8.478911
 30
0.0
 11
232.791430
 21
8.304503
 31
0.0
  0
LINE
  8
0
  6
CONTINUOUS
 10
232.791430
 20
8.304503
 30
0.0
 11
232.819100
 21
8.125069
 31
0.0
  0
LINE
  8
0
  6
CONTINUOUS
 10
232.819100
 20
8.125069
 30
0.0
 11
232.839049
 21
7.940793
 31
0.0
  0
LINE
  8
0
  6
CONTINUOUS
 10
232.839049
 20
7.940793
 30
0.0
 11
232.851155
 21
7.751861
 31
0.0
  0
LINE
  8
0
  6
CONTINUOUS
 10
232.851155
 20
7.751861
 30
0.0
 11
232.855292
 21
7.558455
 31
0.0
  0
LINE
  8
0
  6
CONTINUOUS
 10
232.855292
 20
7.558455
 30
0.0
 11
232.852466
 21
7.393279
 31
0.0
  0
LINE
  8
0
  6
CONTINUOUS
 10
232.852466
 20
7.393279
 30
0.0
 11
232.843834
 21
7.231523
 31
0.0
  0
LINE
  8
0
  6
CONTINUOUS
 10
232.843834
 20
7.231523
 30
0.0
 11
232.829446
 21
7.073278
 31
0.0
  0
LINE
  8
0
  6
CONTINUOUS
 10
232.829446
 20
7.073278
 30
0.0
 11
232.809351
 21
6.918632
 31
0.0
  0
LINE
  8
0
  6
CONTINUOUS
 10
232.809351
 20
6.918632
 30
0.0
 11
232.783600
 21
6.767677
 31
0.0
  0
LINE
  8
0
  6
CONTINUOUS
 10
232.783600
 20
6.767677
 30
0.0
 11
232.752244
 21
6.620503
 31
0.0
  0
LINE
  8
0
  6
CONTINUOUS
 10
232.752244
 20
6.620503
 30
0.0
 11
232.715330
 21
6.477200
 31
0.0
  0
LINE
  8
0
  6
CONTINUOUS
 10
232.715330
 20
6.477200
 30
0.0
 11
232.672909
 21
6.337860
 31
0.0
  0
LINE
  8
0
  6
CONTINUOUS
 10
232.672909
 20
6.337860
 30
0.0
 11
232.625032
 21
6.202570
 31
0.0
  0
LINE
  8
0
  6
CONTINUOUS
 10
232.625032
 20
6.202570
 30
0.0
 11
232.571749
 21
6.071423
 31
0.0
  0
LINE
  8
0
  6
CONTINUOUS
 10
232.571749
 20
6.071423
 30
0.0
 11
232.513108
 21
5.944508
 31
0.0
  0
LINE
  8
0
  6
CONTINUOUS
 10
232.513108
 20
5.944508
 30
0.0
 11
232.449160
 21
5.821914
 31
0.0
  0
LINE
  8
0
  6
CONTINUOUS
 10
232.449160
 20
5.821914
 30
0.0
 11
232.379956
 21
5.703734
 31
0.0
  0
LINE
  8
0
  6
CONTINUOUS
 10
232.379956
 20
5.703734
 30
0.0
 11
232.305544
 21
5.590058
 31
0.0
  0
LINE
  8
0
  6
CONTINUOUS
 10
232.305544
 20
5.590058
 30
0.0
 11
232.225974
 21
5.480973
 31
0.0
  0
LINE
  8
0
  6
CONTINUOUS
 10
232.225974
 20
5.480973
 30
0.0
 11
232.141297
 21
5.376573
 31
0.0
  0
LINE
  8
0
  6
CONTINUOUS
 10
232.141297
 20
5.376573
 30
0.0
 11
232.051564
 21
5.276947
 31
0.0
  0
LINE
  8
0
  6
CONTINUOUS
 10
232.051564
 20
5.276947
 30
0.0
 11
231.956823
 21
5.182185
 31
0.0
  0
LINE
  8
0
  6
CONTINUOUS
 10
231.956823
 20
5.182185
 30
0.0
 11
231.857123
 21
5.092377
 31
0.0
  0
LINE
  8
0
  6
CONTINUOUS
 10
231.857123
 20
5.092377
 30
0.0
 11
231.752516
 21
5.007613
 31
0.0
  0
LINE
  8
0
  6
CONTINUOUS
 10
231.752516
 20
5.007613
 30
0.0
 11
231.643051
 21
4.927985
 31
0.0
  0
LINE
  8
0
  6
CONTINUOUS
 10
231.643051
 20
4.927985
 30
0.0
 11
231.528778
 21
4.853581
 31
0.0
  0
LINE
  8
0
  6
CONTINUOUS
 10
231.528778
 20
4.853581
 30
0.0
 11
231.409748
 21
4.784493
 31
0.0
  0
LINE
  8
0
  6
CONTINUOUS
 10
231.409748
 20
4.784493
 30
0.0
 11
231.286009
 21
4.720810
 31
0.0
  0
LINE
  8
0
  6
CONTINUOUS
 10
230.515776
 20
4.543325
 30
0.0
 11
230.626367
 21
4.565698
 31
0.0
  0
LINE
  8
0
  6
CONTINUOUS
 10
230.626367
 20
4.565698
 30
0.0
 11
230.734313
 21
4.591258
 31
0.0
  0
LINE
  8
0
  6
CONTINUOUS
 10
230.734313
 20
4.591258
 30
0.0
 11
230.839616
 21
4.620005
 31
0.0
  0
LINE
  8
0
  6
CONTINUOUS
 10
230.839616
 20
4.620005
 30
0.0
 11
230.942273
 21
4.651941
 31
0.0
  0
LINE
  8
0
  6
CONTINUOUS
 10
230.942273
 20
4.651941
 30
0.0
 11
231.042288
 21
4.687064
 31
0.0
  0
LINE
  8
0
  6
CONTINUOUS
 10
231.042288
 20
4.687064
 30
0.0
 11
231.139657
 21
4.725377
 31
0.0
  0
LINE
  8
0
  6
CONTINUOUS
 10
231.139657
 20
4.725377
 30
0.0
 11
231.234383
 21
4.766876
 31
0.0
  0
LINE
  8
0
  6
CONTINUOUS
 10
231.234383
 20
4.766876
 30
0.0
 11
231.326464
 21
4.811561
 31
0.0
  0
LINE
  8
0
  6
CONTINUOUS
 10
231.326464
 20
4.811561
 30
0.0
 11
231.415900
 21
4.859436
 31
0.0
  0
LINE
  8
0
  6
CONTINUOUS
 10
231.415900
 20
4.859436
 30
0.0
 11
231.502692
 21
4.910498
 31
0.0
  0
LINE
  8
0
  6
CONTINUOUS
 10
231.502692
 20
4.910498
 30
0.0
 11
231.586840
 21
4.964748
 31
0.0
  0
LINE
  8
0
  6
CONTINUOUS
 10
231.586840
 20
4.964748
 30
0.0
 11
231.668343
 21
5.022185
 31
0.0
  0
LINE
  8
0
  6
CONTINUOUS
 10
231.668343
 20
5.022185
 30
0.0
 11
231.747202
 21
5.082810
 31
0.0
  0
LINE
  8
0
  6
CONTINUOUS
 10
231.747202
 20
5.082810
 30
0.0
 11
231.823416
 21
5.146622
 31
0.0
  0
LINE
  8
0
  6
CONTINUOUS
 10
231.823416
 20
5.146622
 30
0.0
 11
231.896985
 21
5.213622
 31
0.0
  0
LINE
  8
0
  6
CONTINUOUS
 10
231.896985
 20
5.213622
 30
0.0
 11
231.967910
 21
5.283809
 31
0.0
  0
LINE
  8
0
  6
CONTINUOUS
 10
231.967910
 20
5.283809
 30
0.0
 11
232.036190
 21
5.357184
 31
0.0
  0
LINE
  8
0
  6
CONTINUOUS
 10
232.036190
 20
5.357184
 30
0.0
 11
232.101826
 21
5.433746
 31
0.0
  0
LINE
  8
0
  6
CONTINUOUS
 10
232.101826
 20
5.433746
 30
0.0
 11
232.164817
 21
5.513496
 31
0.0
  0
LINE
  8
0
  6
CONTINUOUS
 10
232.164817
 20
5.513496
 30
0.0
 11
232.225163
 21
5.596433
 31
0.0
  0
LINE
  8
0
  6
CONTINUOUS
 10
232.225163
 20
5.596433
 30
0.0
 11
232.282865
 21
5.682557
 31
0.0
  0
LINE
  8
0
  6
CONTINUOUS
 10
232.282865
 20
5.682557
 30
0.0
 11
232.337921
 21
5.771870
 31
0.0
  0
LINE
  8
0
  6
CONTINUOUS
 10
232.337921
 20
5.771870
 30
0.0
 11
232.390333
 21
5.864369
 31
0.0
  0
LINE
  8
0
  6
CONTINUOUS
 10
232.390333
 20
5.864369
 30
0.0
 11
232.440100
 21
5.960055
 31
0.0
  0
LINE
  8
0
  6
CONTINUOUS
 10
232.277285
 20
9.478646
 30
0.0
 11
232.234910
 21
9.539247
 31
0.0
  0
LINE
  8
0
  6
CONTINUOUS
 10
232.234910
 20
9.539247
 30
0.0
 11
232.191268
 21
9.598287
 31
0.0
  0
LINE
  8
0
  6
CONTINUOUS
 10
232.191268
 20
9.598287
 30
0.0
 11
232.146368
 21
9.655761
 31
0.0
  0
LINE
  8
0
  6
CONTINUOUS
 10
232.146368
 20
9.655761
 30
0.0
 11
232.100217
 21
9.711664
 31
0.0
  0
LINE
  8
0
  6
CONTINUOUS
 10
232.100217
 20
9.711664
 30
0.0
 11
232.052823
 21
9.765989
 31
0.0
  0
LINE
  8
0
  6
CONTINUOUS
 10
232.052823
 20
9.765989
 30
0.0
 11
232.004191
 21
9.818732
 31
0.0
  0
LINE
  8
0
  6
CONTINUOUS
 10
232.004191
 20
9.818732
 30
0.0
 11
231.954332
 21
9.869886
 31
0.0
  0
LINE
  8
0
  6
CONTINUOUS
 10
231.954332
 20
9.869886
 30
0.0
 11
231.903252
 21
9.919447
 31
0.0
  0
LINE
  8
0
  6
CONTINUOUS
 10
231.903252
 20
9.919447
 30
0.0
 11
231.850957
 21
9.967408
 31
0.0
  0
LINE
  8
0
  6
CONTINUOUS
 10
231.850957
 20
9.967408
 30
0.0
 11
231.797457
 21
10.013763
 31
0.0
  0
LINE
  8
0
  6
CONTINUOUS
 10
231.797457
 20
10.013763
 30
0.0
 11
231.742758
 21
10.058507
 31
0.0
  0
LINE
  8
0
  6
CONTINUOUS
 10
231.742758
 20
10.058507
 30
0.0
 11
231.686868
 21
10.101635
 31
0.0
  0
LINE
  8
0
  6
CONTINUOUS
 10
231.686868
 20
10.101635
 30
0.0
 11
231.629793
 21
10.143141
 31
0.0
  0
LINE
  8
0
  6
CONTINUOUS
 10
231.629793
 20
10.143141
 30
0.0
 11
231.571543
 21
10.183019
 31
0.0
  0
LINE
  8
0
  6
CONTINUOUS
 10
231.571543
 20
10.183019
 30
0.0
 11
231.512125
 21
10.221264
 31
0.0
  0
LINE
  8
0
  6
CONTINUOUS
 10
231.512125
 20
10.221264
 30
0.0
 11
231.451546
 21
10.257870
 31
0.0
  0
LINE
  8
0
  6
CONTINUOUS
 10
231.451546
 20
10.257870
 30
0.0
 11
231.389812
 21
10.292831
 31
0.0
  0
LINE
  8
0
  6
CONTINUOUS
 10
231.389812
 20
10.292831
 30
0.0
 11
231.326932
 21
10.326141
 31
0.0
  0
LINE
  8
0
  6
CONTINUOUS
 10
231.326932
 20
10.326141
 30
0.0
 11
231.262915
 21
10.357797
 31
0.0
  0
LINE
  8
0
  6
CONTINUOUS
 10
231.262915
 20
10.357797
 30
0.0
 11
231.197765
 21
10.387790
 31
0.0
  0
LINE
  8
0
  6
CONTINUOUS
 10
231.197765
 20
10.387790
 30
0.0
 11
231.131493
 21
10.416117
 31
0.0
  0
LINE
  8
0
  6
CONTINUOUS
 10
231.131493
 20
10.416117
 30
0.0
 11
231.064105
 21
10.442771
 31
0.0
  0
LINE
  8
0
  6
CONTINUOUS
 10
231.064105
 20
10.442771
 30
0.0
 11
230.995607
 21
10.467746
 31
0.0
  0
LINE
  8
0
  6
CONTINUOUS
 10
230.995607
 20
10.467746
 30
0.0
 11
230.926009
 21
10.491037
 31
0.0
  0
LINE
  8
0
  6
CONTINUOUS
 10
231.188683
 20
9.286719
 30
0.0
 11
231.236057
 21
9.237458
 31
0.0
  0
LINE
  8
0
  6
CONTINUOUS
 10
231.236057
 20
9.237458
 30
0.0
 11
231.281265
 21
9.187347
 31
0.0
  0
LINE
  8
0
  6
CONTINUOUS
 10
231.281265
 20
9.187347
 30
0.0
 11
231.324335
 21
9.136317
 31
0.0
  0
LINE
  8
0
  6
CONTINUOUS
 10
231.324335
 20
9.136317
 30
0.0
 11
231.365292
 21
9.084297
 31
0.0
  0
LINE
  8
0
  6
CONTINUOUS
 10
231.365292
 20
9.084297
 30
0.0
 11
231.404163
 21
9.031217
 31
0.0
  0
LINE
  8
0
  6
CONTINUOUS
 10
231.404163
 20
9.031217
 30
0.0
 11
231.440976
 21
8.977007
 31
0.0
  0
LINE
  8
0
  6
CONTINUOUS
 10
231.440976
 20
8.977007
 30
0.0
 11
231.475756
 21
8.921597
 31
0.0
  0
LINE
  8
0
  6
CONTINUOUS
 10
231.475756
 20
8.921597
 30
0.0
 11
231.508532
 21
8.864916
 31
0.0
  0
LINE
  8
0
  6
CONTINUOUS
 10
231.508532
 20
8.864916
 30
0.0
 11
231.539328
 21
8.806894
 31
0.0
  0
LINE
  8
0
  6
CONTINUOUS
 10
231.539328
 20
8.806894
 30
0.0
 11
231.568172
 21
8.747461
 31
0.0
  0
LINE
  8
0
  6
CONTINUOUS
 10
231.568172
 20
8.747461
 30
0.0
 11
231.595091
 21
8.686547
 31
0.0
  0
LINE
  8
0
  6
CONTINUOUS
 10
231.595091
 20
8.686547
 30
0.0
 11
231.620111
 21
8.624083
 31
0.0
  0
LINE
  8
0
  6
CONTINUOUS
 10
231.620111
 20
8.624083
 30
0.0
 11
231.643259
 21
8.559998
 31
0.0
  0
LINE
  8
0
  6
CONTINUOUS
 10
231.643259
 20
8.559998
 30
0.0
 11
231.664562
 21
8.494220
 31
0.0
  0
LINE
  8
0
  6
CONTINUOUS
 10
231.664562
 20
8.494220
 30
0.0
 11
231.684046
 21
8.426681
 31
0.0
  0
LINE
  8
0
  6
CONTINUOUS
 10
231.684046
 20
8.426681
 30
0.0
 11
231.701739
 21
8.357310
 31
0.0
  0
LINE
  8
0
  6
CONTINUOUS
 10
231.701739
 20
8.357310
 30
0.0
 11
231.717667
 21
8.286038
 31
0.0
  0
LINE
  8
0
  6
CONTINUOUS
 10
231.717667
 20
8.286038
 30
0.0
 11
231.731855
 21
8.212792
 31
0.0
  0
LINE
  8
0
  6
CONTINUOUS
 10
231.731855
 20
8.212792
 30
0.0
 11
231.744333
 21
8.137505
 31
0.0
  0
LINE
  8
0
  6
CONTINUOUS
 10
231.744333
 20
8.137505
 30
0.0
 11
231.755125
 21
8.060106
 31
0.0
  0
LINE
  8
0
  6
CONTINUOUS
 10
231.755125
 20
8.060106
 30
0.0
 11
231.764258
 21
7.980524
 31
0.0
  0
LINE
  8
0
  6
CONTINUOUS
 10
231.764258
 20
7.980524
 30
0.0
 11
231.771760
 21
7.898688
 31
0.0
  0
LINE
  8
0
  6
CONTINUOUS
 10
231.771760
 20
7.898688
 30
0.0
 11
231.777658
 21
7.814531
 31
0.0
  0
LINE
  8
0
  6
CONTINUOUS
 10
231.777658
 20
7.814531
 30
0.0
 11
231.781977
 21
7.727980
 31
0.0
  0
LINE
  8
0
  6
CONTINUOUS
 10
231.781977
 20
7.727980
 30
0.0
 11
231.784985
 21
7.628946
 31
0.0
  0
LINE
  8
0
  6
CONTINUOUS
 10
231.784985
 20
7.628946
 30
0.0
 11
231.785905
 21
7.532429
 31
0.0
  0
LINE
  8
0
  6
CONTINUOUS
 10
231.785905
 20
7.532429
 30
0.0
 11
231.784717
 21
7.438361
 31
0.0
  0
LINE
  8
0
  6
CONTINUOUS
 10
231.784717
 20
7.438361
 30
0.0
 11
231.781401
 21
7.346669
 31
0.0
  0
LINE
  8
0
  6
CONTINUOUS
 10
231.781401
 20
7.346669
 30
0.0
 11
231.775933
 21
7.257283
 31
0.0
  0
LINE
  8
0
  6
CONTINUOUS
 10
231.775933
 20
7.257283
 30
0.0
 11
231.768293
 21
7.170131
 31
0.0
  0
LINE
  8
0
  6
CONTINUOUS
 10
231.768293
 20
7.170131
 30
0.0
 11
231.758461
 21
7.085144
 31
0.0
  0
LINE
  8
0
  6
CONTINUOUS
 10
231.758461
 20
7.085144
 30
0.0
 11
231.746413
 21
7.002250
 31
0.0
  0
LINE
  8
0
  6
CONTINUOUS
 10
231.746413
 20
7.002250
 30
0.0
 11
231.732130
 21
6.921378
 31
0.0
  0
LINE
  8
0
  6
CONTINUOUS
 10
231.732130
 20
6.921378
 30
0.0
 11
231.715591
 21
6.842458
 31
0.0
  0
LINE
  8
0
  6
CONTINUOUS
 10
231.715591
 20
6.842458
 30
0.0
 11
231.696773
 21
6.765419
 31
0.0
  0
LINE
  8
0
  6
CONTINUOUS
 10
231.696773
 20
6.765419
 30
0.0
 11
231.675656
 21
6.690190
 31
0.0
  0
LINE
  8
0
  6
CONTINUOUS
 10
231.675656
 20
6.690190
 30
0.0
 11
231.652219
 21
6.616699
 31
0.0
  0
LINE
  8
0
  6
CONTINUOUS
 10
231.652219
 20
6.616699
 30
0.0
 11
231.626439
 21
6.544877
 31
0.0
  0
LINE
  8
0
  6
CONTINUOUS
 10
231.626439
 20
6.544877
 30
0.0
 11
231.598297
 21
6.474652
 31
0.0
  0
LINE
  8
0
  6
CONTINUOUS
 10
231.598297
 20
6.474652
 30
0.0
 11
231.567770
 21
6.405953
 31
0.0
  0
LINE
  8
0
  6
CONTINUOUS
 10
231.567770
 20
6.405953
 30
0.0
 11
231.534838
 21
6.338710
 31
0.0
  0
LINE
  8
0
  6
CONTINUOUS
 10
231.534838
 20
6.338710
 30
0.0
 11
231.499479
 21
6.272852
 31
0.0
  0
LINE
  8
0
  6
CONTINUOUS
 10
231.499479
 20
6.272852
 30
0.0
 11
231.461672
 21
6.208307
 31
0.0
  0
LINE
  8
0
  6
CONTINUOUS
 10
231.461672
 20
6.208307
 30
0.0
 11
231.421396
 21
6.145006
 31
0.0
  0
LINE
  8
0
  6
CONTINUOUS
 10
231.421396
 20
6.145006
 30
0.0
 11
231.378630
 21
6.082877
 31
0.0
  0
LINE
  8
0
  6
CONTINUOUS
 10
231.378630
 20
6.082877
 30
0.0
 11
231.333352
 21
6.021850
 31
0.0
  0
LINE
  8
0
  6
CONTINUOUS
 10
231.333352
 20
6.021850
 30
0.0
 11
231.285541
 21
5.961852
 31
0.0
  0
LINE
  8
0
  6
CONTINUOUS
 10
231.285541
 20
5.961852
 30
0.0
 11
231.235177
 21
5.902815
 31
0.0
  0
LINE
  8
0
  6
CONTINUOUS
 10
230.739232
 20
5.601439
 30
0.0
 11
230.815207
 21
5.642353
 31
0.0
  0
LINE
  8
0
  6
CONTINUOUS
 10
230.815207
 20
5.642353
 30
0.0
 11
230.888590
 21
5.687641
 31
0.0
  0
LINE
  8
0
  6
CONTINUOUS
 10
230.888590
 20
5.687641
 30
0.0
 11
230.959324
 21
5.737191
 31
0.0
  0
LINE
  8
0
  6
CONTINUOUS
 10
230.959324
 20
5.737191
 30
0.0
 11
231.027352
 21
5.790890
 31
0.0
  0
LINE
  8
0
  6
CONTINUOUS
 10
231.027352
 20
5.790890
 30
0.0
 11
231.092617
 21
5.848627
 31
0.0
  0
LINE
  8
0
  6
CONTINUOUS
 10
231.092617
 20
5.848627
 30
0.0
 11
231.155064
 21
5.910290
 31
0.0
  0
LINE
  8
0
  6
CONTINUOUS
 10
231.155064
 20
5.910290
 30
0.0
 11
231.214635
 21
5.975765
 31
0.0
  0
LINE
  8
0
  6
CONTINUOUS
 10
231.214635
 20
5.975765
 30
0.0
 11
231.271273
 21
6.044941
 31
0.0
  0
LINE
  8
0
  6
CONTINUOUS
 10
231.271273
 20
6.044941
 30
0.0
 11
231.324921
 21
6.117707
 31
0.0
  0
LINE
  8
0
  6
CONTINUOUS
 10
231.324921
 20
6.117707
 30
0.0
 11
231.375523
 21
6.193949
 31
0.0
  0
LINE
  8
0
  6
CONTINUOUS
 10
231.375523
 20
6.193949
 30
0.0
 11
231.423021
 21
6.273556
 31
0.0
  0
LINE
  8
0
  6
CONTINUOUS
 10
231.423021
 20
6.273556
 30
0.0
 11
231.467360
 21
6.356415
 31
0.0
  0
LINE
  8
0
  6
CONTINUOUS
 10
231.467360
 20
6.356415
 30
0.0
 11
231.508482
 21
6.442414
 31
0.0
  0
LINE
  8
0
  6
CONTINUOUS
 10
231.508482
 20
6.442414
 30
0.0
 11
231.546332
 21
6.531441
 31
0.0
  0
LINE
  8
0
  6
CONTINUOUS
 10
231.546332
 20
6.531441
 30
0.0
 11
231.580850
 21
6.623384
 31
0.0
  0
LINE
  8
0
  6
CONTINUOUS
 10
231.580850
 20
6.623384
 30
0.0
 11
231.611982
 21
6.718130
 31
0.0
  0
LINE
  8
0
  6
CONTINUOUS
 10
231.611982
 20
6.718130
 30
0.0
 11
231.639670
 21
6.815568
 31
0.0
  0
LINE
  8
0
  6
CONTINUOUS
 10
231.639670
 20
6.815568
 30
0.0
 11
231.663857
 21
6.915585
 31
0.0
  0
LINE
  8
0
  6
CONTINUOUS
 10
231.663857
 20
6.915585
 30
0.0
 11
231.684488
 21
7.018070
 31
0.0
  0
LINE
  8
0
  6
CONTINUOUS
 10
231.684488
 20
7.018070
 30
0.0
 11
231.701504
 21
7.122909
 31
0.0
  0
LINE
  8
0
  6
CONTINUOUS
 10
231.701504
 20
7.122909
 30
0.0
 11
231.714850
 21
7.229991
 31
0.0
  0
LINE
  8
0
  6
CONTINUOUS
 10
231.714850
 20
7.229991
 30
0.0
 11
231.724468
 21
7.339203
 31
0.0
  0
LINE
  8
0
  6
CONTINUOUS
 10
231.724468
 20
7.339203
 30
0.0
 11
231.730302
 21
7.450434
 31
0.0
  0
LINE
  8
0
  6
CONTINUOUS
 10
231.730302
 20
7.450434
 30
0.0
 11
231.732293
 21
7.563572
 31
0.0
  0
LINE
  8
0
  6
CONTINUOUS
 10
231.732293
 20
7.563572
 30
0.0
 11
231.729708
 21
7.701190
 31
0.0
  0
LINE
  8
0
  6
CONTINUOUS
 10
231.729708
 20
7.701190
 30
0.0
 11
231.721871
 21
7.835369
 31
0.0
  0
LINE
  8
0
  6
CONTINUOUS
 10
231.721871
 20
7.835369
 30
0.0
 11
231.708862
 21
7.965989
 31
0.0
  0
LINE
  8
0
  6
CONTINUOUS
 10
231.708862
 20
7.965989
 30
0.0
 11
231.690757
 21
8.092931
 31
0.0
  0
LINE
  8
0
  6
CONTINUOUS
 10
231.690757
 20
8.092931
 30
0.0
 11
231.667633
 21
8.216073
 31
0.0
  0
LINE
  8
0
  6
CONTINUOUS
 10
231.667633
 20
8.216073
 30
0.0
 11
231.639567
 21
8.335295
 31
0.0
  0
LINE
  8
0
  6
CONTINUOUS
 10
231.639567
 20
8.335295
 30
0.0
 11
231.606637
 21
8.450478
 31
0.0
  0
LINE
  8
0
  6
CONTINUOUS
 10
231.606637
 20
8.450478
 30
0.0
 11
231.568920
 21
8.561501
 31
0.0
  0
LINE
  8
0
  6
CONTINUOUS
 10
231.568920
 20
8.561501
 30
0.0
 11
231.526492
 21
8.668245
 31
0.0
  0
LINE
  8
0
  6
CONTINUOUS
 10
231.526492
 20
8.668245
 30
0.0
 11
231.479431
 21
8.770589
 31
0.0
  0
LINE
  8
0
  6
CONTINUOUS
 10
231.479431
 20
8.770589
 30
0.0
 11
231.427813
 21
8.868412
 31
0.0
  0
LINE
  8
0
  6
CONTINUOUS
 10
231.427813
 20
8.868412
 30
0.0
 11
231.371717
 21
8.961595
 31
0.0
  0
LINE
  8
0
  6
CONTINUOUS
 10
231.371717
 20
8.961595
 30
0.0
 11
231.311220
 21
9.050018
 31
0.0
  0
LINE
  8
0
  6
CONTINUOUS
 10
231.311220
 20
9.050018
 30
0.0
 11
231.246398
 21
9.133560
 31
0.0
  0
LINE
  8
0
  6
CONTINUOUS
 10
231.246398
 20
9.133560
 30
0.0
 11
231.177327
 21
9.212102
 31
0.0
  0
LINE
  8
0
  6
CONTINUOUS
 10
231.177327
 20
9.212102
 30
0.0
 11
231.104087
 21
9.285523
 31
0.0
  0
LINE
  8
0
  6
CONTINUOUS
 10
231.104087
 20
9.285523
 30
0.0
 11
231.026754
 21
9.353703
 31
0.0
  0
LINE
  8
0
  6
CONTINUOUS
 10
231.026754
 20
9.353703
 30
0.0
 11
230.945404
 21
9.416522
 31
0.0
  0
LINE
  8
0
  6
CONTINUOUS
 10
230.945404
 20
9.416522
 30
0.0
 11
230.860115
 21
9.473860
 31
0.0
  0
LINE
  8
0
  6
CONTINUOUS
 10
230.860115
 20
9.473860
 30
0.0
 11
230.770965
 21
9.525597
 31
0.0
  0
LINE
  8
0
  6
CONTINUOUS
 10
230.770965
 20
9.525597
 30
0.0
 11
230.678029
 21
9.571612
 31
0.0
  0
LINE
  8
0
  6
CONTINUOUS
 10
230.678029
 20
9.571612
 30
0.0
 11
230.581386
 21
9.611786
 31
0.0
  0
LINE
  8
0
  6
CONTINUOUS
 10
230.581386
 20
9.611786
 30
0.0
 11
230.481112
 21
9.645999
 31
0.0
  0
LINE
  8
0
  6
CONTINUOUS
 10
230.481112
 20
9.645999
 30
0.0
 11
230.377286
 21
9.674129
 31
0.0
  0
TEXT
  8
0
  6
CONTINUOUS
 10
241.549968
 20
11.397449
 30
0.0
 40
3.0
  1
TITLE
  7
STANDARD
 72
     4
 11
263.264254
 21
11.797449
  0
ENDBLK
  0
BLOCK
  8
SCD_DRAW
  2
SH_Triangle1
 70
     0
 10
0.0
 20
0.0
 30
0.0
  0
LINE
  8
0
  6
CONTINUOUS
 10
-10.0
 20
-8.657783
 30
0.0
 11
10.0
 21
-8.657783
 31
0.0
  0
LINE
  8
0
  6
CONTINUOUS
 10
-10.0
 20
-8.657783
 30
0.0
 11
0.008554
 21
8.657783
 31
0.0
  0
LINE
  8
0
  6
CONTINUOUS
 10
0.008554
 20
8.657783
 30
0.0
 11
10.0
 21
-8.657783
 31
0.0
  0
ATTDEF
  8
0
 10
-0.0
 20
-13.657783
 30
0.0
 40
3.0
  1
*
  3
Tag 
  2
Tag
 70
     0
 73
    50
  7
STANDARD
 71
     0
 72
     0
 11
0.0
 21
0.0
 31
0.0
  0
ENDBLK
  0
BLOCK
  8
SCD_DRAW
  2
LnkBlk__1
 70
     0
 10
0.0
 20
0.0
 30
0.0
  0
POLYLINE
  8
SCD_DRAW
  6
CONTINUOUS
210
0.0
220
0.0
230
1.0
 66
     1
 10
0.0
 20
0.0
 30
0.0
 70
     1
  0
VERTEX
  8
0
 10
0.0
 20
12.5
 30
0.0
  0
VERTEX
  8
0
 10
-2.5
 20
13.0
 30
0.0
  0
VERTEX
  8
0
 10
-2.5
 20
12.0
 30
0.0
  0
VERTEX
  8
0
 10
0.0
 20
12.5
 30
0.0
  0
VERTEX
  8
0
 10
-2.0
 20
12.7
 30
0.0
  0
VERTEX
  8
0
 10
-2.0
 20
12.3
 30
0.0
  0
SEQEND
  0
POLYLINE
  8
SCD_DRAW
  6
CONTINUOUS
210
0.0
220
-0.0
230
1.0
 66
     1
 10
0.0
 20
0.0
 30
0.0
 70
     1
  0
VERTEX
  8
0
 10
0.0
 20
-13.0
 30
0.0
  0
VERTEX
  8
0
 10
0.500000
 20
-10.5
 30
0.0
  0
VERTEX
  8
0
 10
-0.5
 20
-10.5
 30
0.0
  0
VERTEX
  8
0
 10
0.0
 20
-13.0
 30
0.0
  0
VERTEX
  8
0
 10
0.200000
 20
-11.0
 30
0.0
  0
VERTEX
  8
0
 10
-0.2
 20
-11.0
 30
0.0
  0
SEQEND
  0
POLYLINE
  8
SCD_DRAW
  6
CONTINUOUS
210
0.0
220
0.0
230
-1.0
 66
     1
 10
0.0
 20
0.0
 30
0.0
 70
     0
  0
VERTEX
  8
0
 10
10.5
 20
12.5
 30
0.0
  0
VERTEX
  8
0
 10
0.0
 20
12.5
 30
0.0
  0
VERTEX
  8
0
 10
-0.0
 20
-13.0
 30
0.0
  0
SEQEND
  0
ATTDEF
  8
SCD_DRAW
 10
0.0
 20
0.0
 30
0.0
 40
2.8
  1
*
  3
Tag 
  2
Tag
 70
     1
 73
    50
  7
STANDARD
 71
     0
 72
     0
 11
0.0
 21
0.0
 31
0.0
  0
ENDBLK
  0
BLOCK
  8
SCD_DRAW
  2
LnkBlk__2
 70
     0
 10
0.0
 20
0.0
 30
0.0
  0
POLYLINE
  8
SCD_DRAW
  6
CONTINUOUS
210
0.0
220
0.0
230
1.0
 66
     1
 10
0.0
 20
0.0
 30
0.0
 70
     1
  0
VERTEX
  8
0
 10
6.5
 20
0.0
 30
0.0
  0
VERTEX
  8
0
 10
4.0
 20
0.5
 30
0.0
  0
VERTEX
  8
0
 10
4.0
 20
-0.5
 30
0.0
  0
VERTEX
  8
0
 10
6.5
 20
0.0
 30
0.0
  0
VERTEX
  8
0
 10
4.5
 20
0.2
 30
0.0
  0
VERTEX
  8
0
 10
4.5
 20
-0.2
 30
0.0
  0
SEQEND
  0
POLYLINE
  8
SCD_DRAW
  6
CONTINUOUS
 66
     1
 10
0.0
 20
0.0
 30
0.0
 70
     8
  0
VERTEX
  8
0
 10
-7.0
 20
0.0
 30
0.0
 70
    32
  0
VERTEX
  8
0
 10
6.5
 20
0.0
 30
0.0
 70
    32
  0
SEQEND
  0
ATTDEF
  8
SCD_DRAW
 10
0.0
 20
0.0
 30
0.0
 40
2.8
  1
*
  3
Tag 
  2
Tag
 70
     1
 73
    50
  7
STANDARD
 71
     0
 72
     0
 11
0.0
 21
0.0
 31
0.0
  0
ENDBLK
  0
BLOCK
  8
SCD_DRAW
  2
LnkBlk__3
 70
     0
 10
0.0
 20
0.0
 30
0.0
  0
POLYLINE
  8
SCD_DRAW
  6
CONTINUOUS
210
0.0
220
0.0
230
1.0
 66
     1
 10
0.0
 20
0.0
 30
0.0
 70
     1
  0
VERTEX
  8
0
 10
0.0
 20
-13.0
 30
0.0
  0
VERTEX
  8
0
 10
-2.5
 20
-12.5
 30
0.0
  0
VERTEX
  8
0
 10
-2.5
 20
-13.5
 30
0.0
  0
VERTEX
  8
0
 10
0.0
 20
-13.0
 30
0.0
  0
VERTEX
  8
0
 10
-2.0
 20
-12.8
 30
0.0
  0
VERTEX
  8
0
 10
-2.0
 20
-13.2
 30
0.0
  0
SEQEND
  0
POLYLINE
  8
SCD_DRAW
  6
CONTINUOUS
210
0.0
220
0.0
230
1.0
 66
     1
 10
0.0
 20
0.0
 30
0.0
 70
     1
  0
VERTEX
  8
0
 10
0.0
 20
12.5
 30
0.0
  0
VERTEX
  8
0
 10
-0.5
 20
10.0
 30
0.0
  0
VERTEX
  8
0
 10
0.500000
 20
10.0
 30
0.0
  0
VERTEX
  8
0
 10
0.0
 20
12.5
 30
0.0
  0
VERTEX
  8
0
 10
-0.2
 20
10.5
 30
0.0
  0
VERTEX
  8
0
 10
0.200000
 20
10.5
 30
0.0
  0
SEQEND
  0
POLYLINE
  8
SCD_DRAW
  6
CONTINUOUS
210
0.0
220
0.0
230
1.0
 66
     1
 10
0.0
 20
0.0
 30
0.0
 70
     0
  0
VERTEX
  8
0
 10
-10.5
 20
-13.0
 30
0.0
  0
VERTEX
  8
0
 10
0.0
 20
-13.0
 30
0.0
  0
VERTEX
  8
0
 10
0.0
 20
12.5
 30
0.0
  0
SEQEND
  0
ATTDEF
  8
SCD_DRAW
 10
0.0
 20
0.0
 30
0.0
 40
2.8
  1
*
  3
Tag 
  2
Tag
 70
     1
 73
    50
  7
STANDARD
 71
     0
 72
     0
 11
0.0
 21
0.0
 31
0.0
  0
ENDBLK
  0
BLOCK
  8
SCD_DRAW
  2
LnkBlk__4
 70
     0
 10
0.0
 20
0.0
 30
0.0
  0
POLYLINE
  8
SCD_DRAW
  6
CONTINUOUS
210
0.0
220
0.0
230
1.0
 66
     1
 10
0.0
 20
0.0
 30
0.0
 70
     1
  0
VERTEX
  8
0
 10
12.171109
 20
0.0
 30
0.0
  0
VERTEX
  8
0
 10
9.671109
 20
0.5
 30
0.0
  0
VERTEX
  8
0
 10
9.671109
 20
-0.5
 30
0.0
  0
VERTEX
  8
0
 10
12.171109
 20
0.0
 30
0.0
  0
VERTEX
  8
0
 10
10.171109
 20
0.2
 30
0.0
  0
VERTEX
  8
0
 10
10.171109
 20
-0.2
 30
0.0
  0
SEQEND
  0
POLYLINE
  8
SCD_DRAW
  6
CONTINUOUS
 66
     1
 10
0.0
 20
0.0
 30
0.0
 70
     8
  0
VERTEX
  8
0
 10
-12.0
 20
0.0
 30
0.0
 70
    32
  0
VERTEX
  8
0
 10
12.171109
 20
0.0
 30
0.0
 70
    32
  0
SEQEND
  0
ATTDEF
  8
SCD_DRAW
 10
0.0
 20
0.0
 30
0.0
 40
2.8
  1
*
  3
Tag 
  2
Tag
 70
     1
 73
    50
  7
STANDARD
 71
     0
 72
     0
 11
0.0
 21
0.0
 31
0.0
  0
ENDBLK
  0
BLOCK
  8
SCD_DRAW
  2
LnkBlk__5
 70
     0
 10
0.0
 20
0.0
 30
0.0
  0
POLYLINE
  8
SCD_DRAW
  6
CONTINUOUS
210
0.0
220
0.0
230
1.0
 66
     1
 10
0.0
 20
0.0
 30
0.0
 70
     1
  0
VERTEX
  8
0
 10
0.164446
 20
-18.5
 30
0.0
  0
VERTEX
  8
0
 10
-2.335554
 20
-18.0
 30
0.0
  0
VERTEX
  8
0
 10
-2.335554
 20
-19.0
 30
0.0
  0
VERTEX
  8
0
 10
0.164446
 20
-18.5
 30
0.0
  0
VERTEX
  8
0
 10
-1.835554
 20
-18.3
 30
0.0
  0
VERTEX
  8
0
 10
-1.835554
 20
-18.7
 30
0.0
  0
SEQEND
  0
POLYLINE
  8
SCD_DRAW
  6
CONTINUOUS
210
0.0
220
0.0
230
1.0
 66
     1
 10
0.0
 20
0.0
 30
0.0
 70
     1
  0
VERTEX
  8
0
 10
0.164446
 20
18.0
 30
0.0
  0
VERTEX
  8
0
 10
-0.335554
 20
15.5
 30
0.0
  0
VERTEX
  8
0
 10
0.664446
 20
15.5
 30
0.0
  0
VERTEX
  8
0
 10
0.164446
 20
18.0
 30
0.0
  0
VERTEX
  8
0
 10
-0.035554
 20
16.0
 30
0.0
  0
VERTEX
  8
0
 10
0.364446
 20
16.0
 30
0.0
  0
SEQEND
  0
POLYLINE
  8
SCD_DRAW
  6
CONTINUOUS
210
0.0
220
0.0
230
1.0
 66
     1
 10
0.0
 20
0.0
 30
0.0
 70
     1
  0
VERTEX
  8
0
 10
5.5
 20
18.0
 30
0.0
  0
VERTEX
  8
0
 10
3.0
 20
18.5
 30
0.0
  0
VERTEX
  8
0
 10
3.0
 20
17.5
 30
0.0
  0
VERTEX
  8
0
 10
5.5
 20
18.0
 30
0.0
  0
VERTEX
  8
0
 10
3.5
 20
18.2
 30
0.0
  0
VERTEX
  8
0
 10
3.5
 20
17.8
 30
0.0
  0
SEQEND
  0
POLYLINE
  8
SCD_DRAW
  6
CONTINUOUS
210
0.0
220
0.0
230
1.0
 66
     1
 10
0.0
 20
0.0
 30
0.0
 70
     0
  0
VERTEX
  8
0
 10
-5.5
 20
-18.5
 30
0.0
  0
VERTEX
  8
0
 10
0.164446
 20
-18.5
 30
0.0
  0
VERTEX
  8
0
 10
0.164446
 20
18.0
 30
0.0
  0
VERTEX
  8
0
 10
5.5
 20
18.0
 30
0.0
  0
SEQEND
  0
ATTDEF
  8
SCD_DRAW
 10
0.0
 20
0.0
 30
0.0
 40
2.8
  1
*
  3
Tag 
  2
Tag
 70
     1
 73
    50
  7
STANDARD
 71
     0
 72
     0
 11
0.0
 21
0.0
 31
0.0
  0
ENDBLK
  0
BLOCK
  8
SCD_DRAW
  2
LnkBlk__6
 70
     0
 10
0.0
 20
0.0
 30
0.0
  0
POLYLINE
  8
SCD_DRAW
  6
CONTINUOUS
210
0.0
220
0.0
230
1.0
 66
     1
 10
0.0
 20
0.0
 30
0.0
 70
     1
  0
VERTEX
  8
0
 10
0.0
 20
-7.0
 30
0.0
  0
VERTEX
  8
0
 10
-2.5
 20
-6.5
 30
0.0
  0
VERTEX
  8
0
 10
-2.5
 20
-7.5
 30
0.0
  0
VERTEX
  8
0
 10
0.0
 20
-7.0
 30
0.0
  0
VERTEX
  8
0
 10
-2.0
 20
-6.8
 30
0.0
  0
VERTEX
  8
0
 10
-2.0
 20
-7.2
 30
0.0
  0
SEQEND
  0
POLYLINE
  8
SCD_DRAW
  6
CONTINUOUS
210
0.0
220
0.0
230
1.0
 66
     1
 10
0.0
 20
0.0
 30
0.0
 70
     1
  0
VERTEX
  8
0
 10
0.0
 20
7.0
 30
0.0
  0
VERTEX
  8
0
 10
-0.5
 20
4.5
 30
0.0
  0
VERTEX
  8
0
 10
0.500000
 20
4.5
 30
0.0
  0
VERTEX
  8
0
 10
0.0
 20
7.0
 30
0.0
  0
VERTEX
  8
0
 10
-0.2
 20
5.0
 30
0.0
  0
VERTEX
  8
0
 10
0.200000
 20
5.0
 30
0.0
  0
SEQEND
  0
POLYLINE
  8
SCD_DRAW
  6
CONTINUOUS
210
0.0
220
0.0
230
1.0
 66
     1
 10
0.0
 20
0.0
 30
0.0
 70
     1
  0
VERTEX
  8
0
 10
3.0
 20
7.0
 30
0.0
  0
VERTEX
  8
0
 10
0.5
 20
7.5
 30
0.0
  0
VERTEX
  8
0
 10
0.5
 20
6.5
 30
0.0
  0
VERTEX
  8
0
 10
3.0
 20
7.0
 30
0.0
  0
VERTEX
  8
0
 10
1.0
 20
7.2
 30
0.0
  0
VERTEX
  8
0
 10
1.0
 20
6.8
 30
0.0
  0
SEQEND
  0
POLYLINE
  8
SCD_DRAW
  6
CONTINUOUS
210
0.0
220
0.0
230
1.0
 66
     1
 10
0.0
 20
0.0
 30
0.0
 70
     0
  0
VERTEX
  8
0
 10
-8.0
 20
-7.0
 30
0.0
  0
VERTEX
  8
0
 10
0.0
 20
-7.0
 30
0.0
  0
VERTEX
  8
0
 10
0.0
 20
7.0
 30
0.0
  0
VERTEX
  8
0
 10
3.0
 20
7.0
 30
0.0
  0
SEQEND
  0
ATTDEF
  8
SCD_DRAW
 10
0.0
 20
0.0
 30
0.0
 40
2.8
  1
*
  3
Tag 
  2
Tag
 70
     1
 73
    50
  7
STANDARD
 71
     0
 72
     0
 11
0.0
 21
0.0
 31
0.0
  0
ENDBLK
  0
BLOCK
  8
SCD_DRAW
  2
LnkBlk__7
 70
     0
 10
0.0
 20
0.0
 30
0.0
  0
POLYLINE
  8
SCD_DRAW
  6
CONTINUOUS
210
0.0
220
0.0
230
1.0
 66
     1
 10
0.0
 20
0.0
 30
0.0
 70
     1
  0
VERTEX
  8
0
 10
47.0
 20
0.0
 30
0.0
  0
VERTEX
  8
0
 10
44.5
 20
0.5
 30
0.0
  0
VERTEX
  8
0
 10
44.5
 20
-0.5
 30
0.0
  0
VERTEX
  8
0
 10
47.0
 20
0.0
 30
0.0
  0
VERTEX
  8
0
 10
45.0
 20
0.2
 30
0.0
  0
VERTEX
  8
0
 10
45.0
 20
-0.2
 30
0.0
  0
SEQEND
  0
POLYLINE
  8
SCD_DRAW
  6
CONTINUOUS
 66
     1
 10
0.0
 20
0.0
 30
0.0
 70
     8
  0
VERTEX
  8
0
 10
-47.5
 20
0.0
 30
0.0
 70
    32
  0
VERTEX
  8
0
 10
47.0
 20
0.0
 30
0.0
 70
    32
  0
SEQEND
  0
ATTDEF
  8
SCD_DRAW
 10
0.0
 20
0.0
 30
0.0
 40
2.8
  1
*
  3
Tag 
  2
Tag
 70
     1
 73
    50
  7
STANDARD
 71
     0
 72
     0
 11
0.0
 21
0.0
 31
0.0
  0
ENDBLK
  0
BLOCK
  8
SCD_DRAW
  2
LnkBlk__8
 70
     0
 10
0.0
 20
0.0
 30
0.0
  0
POLYLINE
  8
SCD_DRAW
  6
CONTINUOUS
210
0.0
220
-0.0
230
1.0
 66
     1
 10
0.0
 20
0.0
 30
0.0
 70
     1
  0
VERTEX
  8
0
 10
0.0
 20
-7.5
 30
0.0
  0
VERTEX
  8
0
 10
0.500000
 20
-5.0
 30
0.0
  0
VERTEX
  8
0
 10
-0.5
 20
-5.0
 30
0.0
  0
VERTEX
  8
0
 10
0.0
 20
-7.5
 30
0.0
  0
VERTEX
  8
0
 10
0.200000
 20
-5.5
 30
0.0
  0
VERTEX
  8
0
 10
-0.2
 20
-5.5
 30
0.0
  0
SEQEND
  0
POLYLINE
  8
SCD_DRAW
  6
CONTINUOUS
210
0.0
220
0.0
230
-1.0
 66
     1
 10
0.0
 20
0.0
 30
0.0
 70
     0
  0
VERTEX
  8
0
 10
4.5
 20
7.5
 30
0.0
  0
VERTEX
  8
0
 10
0.0
 20
7.5
 30
0.0
  0
VERTEX
  8
0
 10
-0.0
 20
-7.5
 30
0.0
  0
SEQEND
  0
ATTDEF
  8
SCD_DRAW
 10
0.0
 20
0.0
 30
0.0
 40
2.8
  1
*
  3
Tag 
  2
Tag
 70
     1
 73
    50
  7
STANDARD
 71
     0
 72
     0
 11
0.0
 21
0.0
 31
0.0
  0
ENDBLK
  0
BLOCK
  8
SCD_DRAW
  2
LnkBlk__9
 70
     0
 10
0.0
 20
0.0
 30
0.0
  0
POLYLINE
  8
SCD_DRAW
  6
CONTINUOUS
210
0.0
220
0.0
230
1.0
 66
     1
 10
0.0
 20
0.0
 30
0.0
 70
     1
  0
VERTEX
  8
0
 10
0.0
 20
20.0
 30
0.0
  0
VERTEX
  8
0
 10
-2.5
 20
20.5
 30
0.0
  0
VERTEX
  8
0
 10
-2.5
 20
19.5
 30
0.0
  0
VERTEX
  8
0
 10
0.0
 20
20.0
 30
0.0
  0
VERTEX
  8
0
 10
-2.0
 20
20.2
 30
0.0
  0
VERTEX
  8
0
 10
-2.0
 20
19.8
 30
0.0
  0
SEQEND
  0
POLYLINE
  8
SCD_DRAW
  6
CONTINUOUS
210
0.0
220
-0.0
230
1.0
 66
     1
 10
0.0
 20
0.0
 30
0.0
 70
     1
  0
VERTEX
  8
0
 10
0.0
 20
-20.0
 30
0.0
  0
VERTEX
  8
0
 10
0.500000
 20
-17.5
 30
0.0
  0
VERTEX
  8
0
 10
-0.5
 20
-17.5
 30
0.0
  0
VERTEX
  8
0
 10
0.0
 20
-20.0
 30
0.0
  0
VERTEX
  8
0
 10
0.200000
 20
-18.0
 30
0.0
  0
VERTEX
  8
0
 10
-0.2
 20
-18.0
 30
0.0
  0
SEQEND
  0
POLYLINE
  8
SCD_DRAW
  6
CONTINUOUS
210
0.0
220
0.0
230
-1.0
 66
     1
 10
0.0
 20
0.0
 30
0.0
 70
     0
  0
VERTEX
  8
0
 10
8.5
 20
20.0
 30
0.0
  0
VERTEX
  8
0
 10
0.0
 20
20.0
 30
0.0
  0
VERTEX
  8
0
 10
-0.0
 20
-20.0
 30
0.0
  0
SEQEND
  0
ATTDEF
  8
SCD_DRAW
 10
0.0
 20
0.0
 30
0.0
 40
2.8
  1
*
  3
Tag 
  2
Tag
 70
     1
 73
    50
  7
STANDARD
 71
     0
 72
     0
 11
0.0
 21
0.0
 31
0.0
  0
ENDBLK
  0
BLOCK
  8
SCD_DRAW
  2
LnkBlk__10
 70
     0
 10
0.0
 20
0.0
 30
0.0
  0
POLYLINE
  8
SCD_DRAW
  6
CONTINUOUS
210
0.0
220
0.0
230
1.0
 66
     1
 10
0.0
 20
0.0
 30
0.0
 70
     1
  0
VERTEX
  8
0
 10
17.171109
 20
0.0
 30
0.0
  0
VERTEX
  8
0
 10
14.671109
 20
0.5
 30
0.0
  0
VERTEX
  8
0
 10
14.671109
 20
-0.5
 30
0.0
  0
VERTEX
  8
0
 10
17.171109
 20
0.0
 30
0.0
  0
VERTEX
  8
0
 10
15.171109
 20
0.2
 30
0.0
  0
VERTEX
  8
0
 10
15.171109
 20
-0.2
 30
0.0
  0
SEQEND
  0
POLYLINE
  8
SCD_DRAW
  6
CONTINUOUS
 66
     1
 10
0.0
 20
0.0
 30
0.0
 70
     8
  0
VERTEX
  8
0
 10
-17.5
 20
0.0
 30
0.0
 70
    32
  0
VERTEX
  8
0
 10
17.171109
 20
0.0
 30
0.0
 70
    32
  0
SEQEND
  0
ATTDEF
  8
SCD_DRAW
 10
0.0
 20
0.0
 30
0.0
 40
2.8
  1
*
  3
Tag 
  2
Tag
 70
     1
 73
    50
  7
STANDARD
 71
     0
 72
     0
 11
0.0
 21
0.0
 31
0.0
  0
ENDBLK
  0
BLOCK
  8
SCD_DRAW
  2
LnkBlk__11
 70
     0
 10
0.0
 20
0.0
 30
0.0
  0
POLYLINE
  8
SCD_DRAW
  6
CONTINUOUS
210
0.0
220
0.0
230
1.0
 66
     1
 10
0.0
 20
0.0
 30
0.0
 70
     1
  0
VERTEX
  8
0
 10
42.5
 20
0.0
 30
0.0
  0
VERTEX
  8
0
 10
40.0
 20
0.5
 30
0.0
  0
VERTEX
  8
0
 10
40.0
 20
-0.5
 30
0.0
  0
VERTEX
  8
0
 10
42.5
 20
0.0
 30
0.0
  0
VERTEX
  8
0
 10
40.5
 20
0.2
 30
0.0
  0
VERTEX
  8
0
 10
40.5
 20
-0.2
 30
0.0
  0
SEQEND
  0
POLYLINE
  8
SCD_DRAW
  6
CONTINUOUS
 66
     1
 10
0.0
 20
0.0
 30
0.0
 70
     8
  0
VERTEX
  8
0
 10
-42.5
 20
0.0
 30
0.0
 70
    32
  0
VERTEX
  8
0
 10
42.5
 20
0.0
 30
0.0
 70
    32
  0
SEQEND
  0
ATTDEF
  8
SCD_DRAW
 10
0.0
 20
0.0
 30
0.0
 40
2.8
  1
*
  3
Tag 
  2
Tag
 70
     1
 73
    50
  7
STANDARD
 71
     0
 72
     0
 11
0.0
 21
0.0
 31
0.0
  0
ENDBLK
  0
BLOCK
  8
SCD_DRAW
  2
LnkBlk__12
 70
     0
 10
0.0
 20
0.0
 30
0.0
  0
POLYLINE
  8
SCD_DRAW
  6
CONTINUOUS
210
0.0
220
0.0
230
1.0
 66
     1
 10
0.0
 20
0.0
 30
0.0
 70
     1
  0
VERTEX
  8
0
 10
0.0
 20
18.0
 30
0.0
  0
VERTEX
  8
0
 10
-0.5
 20
15.5
 30
0.0
  0
VERTEX
  8
0
 10
0.500000
 20
15.5
 30
0.0
  0
VERTEX
  8
0
 10
0.0
 20
18.0
 30
0.0
  0
VERTEX
  8
0
 10
-0.2
 20
16.0
 30
0.0
  0
VERTEX
  8
0
 10
0.200000
 20
16.0
 30
0.0
  0
SEQEND
  0
POLYLINE
  8
SCD_DRAW
  6
CONTINUOUS
210
0.0
220
0.0
230
1.0
 66
     1
 10
0.0
 20
0.0
 30
0.0
 70
     1
  0
VERTEX
  8
0
 10
7.0
 20
18.0
 30
0.0
  0
VERTEX
  8
0
 10
4.5
 20
18.5
 30
0.0
  0
VERTEX
  8
0
 10
4.5
 20
17.5
 30
0.0
  0
VERTEX
  8
0
 10
7.0
 20
18.0
 30
0.0
  0
VERTEX
  8
0
 10
5.0
 20
18.2
 30
0.0
  0
VERTEX
  8
0
 10
5.0
 20
17.8
 30
0.0
  0
SEQEND
  0
POLYLINE
  8
SCD_DRAW
  6
CONTINUOUS
210
0.0
220
0.0
230
1.0
 66
     1
 10
0.0
 20
0.0
 30
0.0
 70
     0
  0
VERTEX
  8
0
 10
-3.5
 20
-18.5
 30
0.0
  0
VERTEX
  8
0
 10
0.0
 20
-18.5
 30
0.0
  0
VERTEX
  8
0
 10
0.0
 20
18.0
 30
0.0
  0
VERTEX
  8
0
 10
7.0
 20
18.0
 30
0.0
  0
SEQEND
  0
ATTDEF
  8
SCD_DRAW
 10
0.0
 20
0.0
 30
0.0
 40
2.8
  1
*
  3
Tag 
  2
Tag
 70
     1
 73
    50
  7
STANDARD
 71
     0
 72
     0
 11
0.0
 21
0.0
 31
0.0
  0
ENDBLK
  0
BLOCK
  8
SCD_DRAW
  2
LnkBlk__13
 70
     0
 10
0.0
 20
0.0
 30
0.0
  0
POLYLINE
  8
SCD_DRAW
  6
CONTINUOUS
210
0.0
220
0.0
230
1.0
 66
     1
 10
0.0
 20
0.0
 30
0.0
 70
     1
  0
VERTEX
  8
0
 10
0.164446
 20
-9.5
 30
0.0
  0
VERTEX
  8
0
 10
-2.335554
 20
-9.0
 30
0.0
  0
VERTEX
  8
0
 10
-2.335554
 20
-10.0
 30
0.0
  0
VERTEX
  8
0
 10
0.164446
 20
-9.5
 30
0.0
  0
VERTEX
  8
0
 10
-1.835554
 20
-9.3
 30
0.0
  0
VERTEX
  8
0
 10
-1.835554
 20
-9.7
 30
0.0
  0
SEQEND
  0
POLYLINE
  8
SCD_DRAW
  6
CONTINUOUS
210
0.0
220
0.0
230
1.0
 66
     1
 10
0.0
 20
0.0
 30
0.0
 70
     1
  0
VERTEX
  8
0
 10
0.164446
 20
9.0
 30
0.0
  0
VERTEX
  8
0
 10
-0.335554
 20
6.5
 30
0.0
  0
VERTEX
  8
0
 10
0.664446
 20
6.5
 30
0.0
  0
VERTEX
  8
0
 10
0.164446
 20
9.0
 30
0.0
  0
VERTEX
  8
0
 10
-0.035554
 20
7.0
 30
0.0
  0
VERTEX
  8
0
 10
0.364446
 20
7.0
 30
0.0
  0
SEQEND
  0
POLYLINE
  8
SCD_DRAW
  6
CONTINUOUS
210
0.0
220
0.0
230
1.0
 66
     1
 10
0.0
 20
0.0
 30
0.0
 70
     1
  0
VERTEX
  8
0
 10
5.5
 20
9.0
 30
0.0
  0
VERTEX
  8
0
 10
3.0
 20
9.5
 30
0.0
  0
VERTEX
  8
0
 10
3.0
 20
8.5
 30
0.0
  0
VERTEX
  8
0
 10
5.5
 20
9.0
 30
0.0
  0
VERTEX
  8
0
 10
3.5
 20
9.2
 30
0.0
  0
VERTEX
  8
0
 10
3.5
 20
8.8
 30
0.0
  0
SEQEND
  0
POLYLINE
  8
SCD_DRAW
  6
CONTINUOUS
210
0.0
220
0.0
230
1.0
 66
     1
 10
0.0
 20
0.0
 30
0.0
 70
     0
  0
VERTEX
  8
0
 10
-5.5
 20
-9.5
 30
0.0
  0
VERTEX
  8
0
 10
0.164446
 20
-9.5
 30
0.0
  0
VERTEX
  8
0
 10
0.164446
 20
9.0
 30
0.0
  0
VERTEX
  8
0
 10
5.5
 20
9.0
 30
0.0
  0
SEQEND
  0
ATTDEF
  8
SCD_DRAW
 10
0.0
 20
0.0
 30
0.0
 40
2.8
  1
*
  3
Tag 
  2
Tag
 70
     1
 73
    50
  7
STANDARD
 71
     0
 72
     0
 11
0.0
 21
0.0
 31
0.0
  0
ENDBLK
  0
BLOCK
  8
SCD_DRAW
  2
LnkBlk__14
 70
     0
 10
0.0
 20
0.0
 30
0.0
  0
POLYLINE
  8
SCD_DRAW
  6
CONTINUOUS
210
0.0
220
0.0
230
1.0
 66
     1
 10
0.0
 20
0.0
 30
0.0
 70
     1
  0
VERTEX
  8
0
 10
0.0
 20
13.0
 30
0.0
  0
VERTEX
  8
0
 10
-2.5
 20
13.5
 30
0.0
  0
VERTEX
  8
0
 10
-2.5
 20
12.5
 30
0.0
  0
VERTEX
  8
0
 10
0.0
 20
13.0
 30
0.0
  0
VERTEX
  8
0
 10
-2.0
 20
13.2
 30
0.0
  0
VERTEX
  8
0
 10
-2.0
 20
12.8
 30
0.0
  0
SEQEND
  0
POLYLINE
  8
SCD_DRAW
  6
CONTINUOUS
210
0.0
220
-0.0
230
1.0
 66
     1
 10
0.0
 20
0.0
 30
0.0
 70
     1
  0
VERTEX
  8
0
 10
0.0
 20
-13.5
 30
0.0
  0
VERTEX
  8
0
 10
0.500000
 20
-11.0
 30
0.0
  0
VERTEX
  8
0
 10
-0.5
 20
-11.0
 30
0.0
  0
VERTEX
  8
0
 10
0.0
 20
-13.5
 30
0.0
  0
VERTEX
  8
0
 10
0.200000
 20
-11.5
 30
0.0
  0
VERTEX
  8
0
 10
-0.2
 20
-11.5
 30
0.0
  0
SEQEND
  0
POLYLINE
  8
SCD_DRAW
  6
CONTINUOUS
210
0.0
220
0.0
230
-1.0
 66
     1
 10
0.0
 20
0.0
 30
0.0
 70
     0
  0
VERTEX
  8
0
 10
5.5
 20
13.0
 30
0.0
  0
VERTEX
  8
0
 10
0.0
 20
13.0
 30
0.0
  0
VERTEX
  8
0
 10
-0.0
 20
-13.5
 30
0.0
  0
SEQEND
  0
ATTDEF
  8
SCD_DRAW
 10
0.0
 20
0.0
 30
0.0
 40
2.8
  1
*
  3
Tag 
  2
Tag
 70
     1
 73
    50
  7
STANDARD
 71
     0
 72
     0
 11
0.0
 21
0.0
 31
0.0
  0
ENDBLK
  0
BLOCK
  8
SCD_DRAW
  2
LnkBlk__15
 70
     0
 10
0.0
 20
0.0
 30
0.0
  0
POLYLINE
  8
SCD_DRAW
  6
CONTINUOUS
210
0.0
220
0.0
230
1.0
 66
     1
 10
0.0
 20
0.0
 30
0.0
 70
     1
  0
VERTEX
  8
0
 10
6.5
 20
0.0
 30
0.0
  0
VERTEX
  8
0
 10
4.0
 20
0.5
 30
0.0
  0
VERTEX
  8
0
 10
4.0
 20
-0.5
 30
0.0
  0
VERTEX
  8
0
 10
6.5
 20
0.0
 30
0.0
  0
VERTEX
  8
0
 10
4.5
 20
0.2
 30
0.0
  0
VERTEX
  8
0
 10
4.5
 20
-0.2
 30
0.0
  0
SEQEND
  0
POLYLINE
  8
SCD_DRAW
  6
CONTINUOUS
 66
     1
 10
0.0
 20
0.0
 30
0.0
 70
     8
  0
VERTEX
  8
0
 10
-7.0
 20
0.0
 30
0.0
 70
    32
  0
VERTEX
  8
0
 10
6.5
 20
0.0
 30
0.0
 70
    32
  0
SEQEND
  0
ATTDEF
  8
SCD_DRAW
 10
0.0
 20
0.0
 30
0.0
 40
2.8
  1
*
  3
Tag 
  2
Tag
 70
     1
 73
    50
  7
STANDARD
 71
     0
 72
     0
 11
0.0
 21
0.0
 31
0.0
  0
ENDBLK
  0
BLOCK
  8
SCD_DRAW
  2
EX_Box_DashLines
 70
     0
 10
0.0
 20
0.0
 30
0.0
  0
LINE
  8
0
  6
CONTINUOUS
 10
-29.5
 20
-29.5
 30
0.0
 11
-29.5
 21
-26.5
 31
0.0
  0
LINE
  8
0
  6
CONTINUOUS
 10
-29.5
 20
-25.5
 30
0.0
 11
-29.5
 21
-24.5
 31
0.0
  0
LINE
  8
0
  6
CONTINUOUS
 10
-29.5
 20
-23.5
 30
0.0
 11
-29.5
 21
-22.5
 31
0.0
  0
LINE
  8
0
  6
CONTINUOUS
 10
-29.5
 20
-21.5
 30
0.0
 11
-29.5
 21
-18.5
 31
0.0
  0
LINE
  8
0
  6
CONTINUOUS
 10
-29.5
 20
-17.5
 30
0.0
 11
-29.5
 21
-16.5
 31
0.0
  0
LINE
  8
0
  6
CONTINUOUS
 10
-29.5
 20
-15.5
 30
0.0
 11
-29.5
 21
-14.5
 31
0.0
  0
LINE
  8
0
  6
CONTINUOUS
 10
-29.5
 20
-13.5
 30
0.0
 11
-29.5
 21
-10.5
 31
0.0
  0
LINE
  8
0
  6
CONTINUOUS
 10
-29.5
 20
-9.5
 30
0.0
 11
-29.5
 21
-8.5
 31
0.0
  0
LINE
  8
0
  6
CONTINUOUS
 10
-29.5
 20
-7.5
 30
0.0
 11
-29.5
 21
-6.5
 31
0.0
  0
LINE
  8
0
  6
CONTINUOUS
 10
-29.5
 20
-5.5
 30
0.0
 11
-29.5
 21
-2.5
 31
0.0
  0
LINE
  8
0
  6
CONTINUOUS
 10
-29.5
 20
-1.5
 30
0.0
 11
-29.5
 21
-0.5
 31
0.0
  0
LINE
  8
0
  6
CONTINUOUS
 10
-29.5
 20
0.5
 30
0.0
 11
-29.5
 21
1.5
 31
0.0
  0
LINE
  8
0
  6
CONTINUOUS
 10
-29.5
 20
2.5
 30
0.0
 11
-29.5
 21
5.5
 31
0.0
  0
LINE
  8
0
  6
CONTINUOUS
 10
-29.5
 20
6.5
 30
0.0
 11
-29.5
 21
7.5
 31
0.0
  0
LINE
  8
0
  6
CONTINUOUS
 10
-29.5
 20
8.5
 30
0.0
 11
-29.5
 21
9.5
 31
0.0
  0
LINE
  8
0
  6
CONTINUOUS
 10
-29.5
 20
10.5
 30
0.0
 11
-29.5
 21
13.5
 31
0.0
  0
LINE
  8
0
  6
CONTINUOUS
 10
-29.5
 20
14.5
 30
0.0
 11
-29.5
 21
15.5
 31
0.0
  0
LINE
  8
0
  6
CONTINUOUS
 10
-29.5
 20
16.5
 30
0.0
 11
-29.5
 21
17.5
 31
0.0
  0
LINE
  8
0
  6
CONTINUOUS
 10
-29.5
 20
18.5
 30
0.0
 11
-29.5
 21
21.5
 31
0.0
  0
LINE
  8
0
  6
CONTINUOUS
 10
-29.5
 20
22.5
 30
0.0
 11
-29.5
 21
23.5
 31
0.0
  0
LINE
  8
0
  6
CONTINUOUS
 10
-29.5
 20
24.5
 30
0.0
 11
-29.5
 21
25.5
 31
0.0
  0
LINE
  8
0
  6
CONTINUOUS
 10
-29.5
 20
26.5
 30
0.0
 11
-29.5
 21
29.5
 31
0.0
  0
LINE
  8
0
  6
CONTINUOUS
 10
29.5
 20
-29.5
 30
0.0
 11
29.5
 21
-26.5
 31
0.0
  0
LINE
  8
0
  6
CONTINUOUS
 10
29.5
 20
-25.5
 30
0.0
 11
29.5
 21
-24.5
 31
0.0
  0
LINE
  8
0
  6
CONTINUOUS
 10
29.5
 20
-23.5
 30
0.0
 11
29.5
 21
-22.5
 31
0.0
  0
LINE
  8
0
  6
CONTINUOUS
 10
29.5
 20
-21.5
 30
0.0
 11
29.5
 21
-18.5
 31
0.0
  0
LINE
  8
0
  6
CONTINUOUS
 10
29.5
 20
-17.5
 30
0.0
 11
29.5
 21
-16.5
 31
0.0
  0
LINE
  8
0
  6
CONTINUOUS
 10
29.5
 20
-15.5
 30
0.0
 11
29.5
 21
-14.5
 31
0.0
  0
LINE
  8
0
  6
CONTINUOUS
 10
29.5
 20
-13.5
 30
0.0
 11
29.5
 21
-10.5
 31
0.0
  0
LINE
  8
0
  6
CONTINUOUS
 10
29.5
 20
-9.5
 30
0.0
 11
29.5
 21
-8.5
 31
0.0
  0
LINE
  8
0
  6
CONTINUOUS
 10
29.5
 20
-7.5
 30
0.0
 11
29.5
 21
-6.5
 31
0.0
  0
LINE
  8
0
  6
CONTINUOUS
 10
29.5
 20
-5.5
 30
0.0
 11
29.5
 21
-2.5
 31
0.0
  0
LINE
  8
0
  6
CONTINUOUS
 10
29.5
 20
-1.5
 30
0.0
 11
29.5
 21
-0.5
 31
0.0
  0
LINE
  8
0
  6
CONTINUOUS
 10
29.5
 20
0.5
 30
0.0
 11
29.5
 21
1.5
 31
0.0
  0
LINE
  8
0
  6
CONTINUOUS
 10
29.5
 20
2.5
 30
0.0
 11
29.5
 21
5.5
 31
0.0
  0
LINE
  8
0
  6
CONTINUOUS
 10
29.5
 20
6.5
 30
0.0
 11
29.5
 21
7.5
 31
0.0
  0
LINE
  8
0
  6
CONTINUOUS
 10
29.5
 20
8.5
 30
0.0
 11
29.5
 21
9.5
 31
0.0
  0
LINE
  8
0
  6
CONTINUOUS
 10
29.5
 20
10.5
 30
0.0
 11
29.5
 21
13.5
 31
0.0
  0
LINE
  8
0
  6
CONTINUOUS
 10
29.5
 20
14.5
 30
0.0
 11
29.5
 21
15.5
 31
0.0
  0
LINE
  8
0
  6
CONTINUOUS
 10
29.5
 20
16.5
 30
0.0
 11
29.5
 21
17.5
 31
0.0
  0
LINE
  8
0
  6
CONTINUOUS
 10
29.5
 20
18.5
 30
0.0
 11
29.5
 21
21.5
 31
0.0
  0
LINE
  8
0
  6
CONTINUOUS
 10
29.5
 20
22.5
 30
0.0
 11
29.5
 21
23.5
 31
0.0
  0
LINE
  8
0
  6
CONTINUOUS
 10
29.5
 20
24.5
 30
0.0
 11
29.5
 21
25.5
 31
0.0
  0
LINE
  8
0
  6
CONTINUOUS
 10
29.5
 20
26.5
 30
0.0
 11
29.5
 21
29.5
 31
0.0
  0
LINE
  8
0
  6
CONTINUOUS
 10
-29.5
 20
29.5
 30
0.0
 11
-26.5
 21
29.5
 31
0.0
  0
LINE
  8
0
  6
CONTINUOUS
 10
-25.5
 20
29.5
 30
0.0
 11
-24.5
 21
29.5
 31
0.0
  0
LINE
  8
0
  6
CONTINUOUS
 10
-23.5
 20
29.5
 30
0.0
 11
-22.5
 21
29.5
 31
0.0
  0
LINE
  8
0
  6
CONTINUOUS
 10
-21.5
 20
29.5
 30
0.0
 11
-18.5
 21
29.5
 31
0.0
  0
LINE
  8
0
  6
CONTINUOUS
 10
-17.5
 20
29.5
 30
0.0
 11
-16.5
 21
29.5
 31
0.0
  0
LINE
  8
0
  6
CONTINUOUS
 10
-15.5
 20
29.5
 30
0.0
 11
-14.5
 21
29.5
 31
0.0
  0
LINE
  8
0
  6
CONTINUOUS
 10
-13.5
 20
29.5
 30
0.0
 11
-10.5
 21
29.5
 31
0.0
  0
LINE
  8
0
  6
CONTINUOUS
 10
-9.5
 20
29.5
 30
0.0
 11
-8.5
 21
29.5
 31
0.0
  0
LINE
  8
0
  6
CONTINUOUS
 10
-7.5
 20
29.5
 30
0.0
 11
-6.5
 21
29.5
 31
0.0
  0
LINE
  8
0
  6
CONTINUOUS
 10
-5.5
 20
29.5
 30
0.0
 11
-2.5
 21
29.5
 31
0.0
  0
LINE
  8
0
  6
CONTINUOUS
 10
-1.5
 20
29.5
 30
0.0
 11
-0.5
 21
29.5
 31
0.0
  0
LINE
  8
0
  6
CONTINUOUS
 10
0.5
 20
29.5
 30
0.0
 11
1.5
 21
29.5
 31
0.0
  0
LINE
  8
0
  6
CONTINUOUS
 10
2.5
 20
29.5
 30
0.0
 11
5.5
 21
29.5
 31
0.0
  0
LINE
  8
0
  6
CONTINUOUS
 10
6.5
 20
29.5
 30
0.0
 11
7.5
 21
29.5
 31
0.0
  0
LINE
  8
0
  6
CONTINUOUS
 10
8.5
 20
29.5
 30
0.0
 11
9.5
 21
29.5
 31
0.0
  0
LINE
  8
0
  6
CONTINUOUS
 10
10.5
 20
29.5
 30
0.0
 11
13.5
 21
29.5
 31
0.0
  0
LINE
  8
0
  6
CONTINUOUS
 10
14.5
 20
29.5
 30
0.0
 11
15.5
 21
29.5
 31
0.0
  0
LINE
  8
0
  6
CONTINUOUS
 10
16.5
 20
29.5
 30
0.0
 11
17.5
 21
29.5
 31
0.0
  0
LINE
  8
0
  6
CONTINUOUS
 10
18.5
 20
29.5
 30
0.0
 11
21.5
 21
29.5
 31
0.0
  0
LINE
  8
0
  6
CONTINUOUS
 10
22.5
 20
29.5
 30
0.0
 11
23.5
 21
29.5
 31
0.0
  0
LINE
  8
0
  6
CONTINUOUS
 10
24.5
 20
29.5
 30
0.0
 11
25.5
 21
29.5
 31
0.0
  0
LINE
  8
0
  6
CONTINUOUS
 10
26.5
 20
29.5
 30
0.0
 11
29.5
 21
29.5
 31
0.0
  0
LINE
  8
0
  6
CONTINUOUS
 10
-29.5
 20
-29.5
 30
0.0
 11
-26.5
 21
-29.5
 31
0.0
  0
LINE
  8
0
  6
CONTINUOUS
 10
-25.5
 20
-29.5
 30
0.0
 11
-24.5
 21
-29.5
 31
0.0
  0
LINE
  8
0
  6
CONTINUOUS
 10
-23.5
 20
-29.5
 30
0.0
 11
-22.5
 21
-29.5
 31
0.0
  0
LINE
  8
0
  6
CONTINUOUS
 10
-21.5
 20
-29.5
 30
0.0
 11
-18.5
 21
-29.5
 31
0.0
  0
LINE
  8
0
  6
CONTINUOUS
 10
-17.5
 20
-29.5
 30
0.0
 11
-16.5
 21
-29.5
 31
0.0
  0
LINE
  8
0
  6
CONTINUOUS
 10
-15.5
 20
-29.5
 30
0.0
 11
-14.5
 21
-29.5
 31
0.0
  0
LINE
  8
0
  6
CONTINUOUS
 10
-13.5
 20
-29.5
 30
0.0
 11
-10.5
 21
-29.5
 31
0.0
  0
LINE
  8
0
  6
CONTINUOUS
 10
-9.5
 20
-29.5
 30
0.0
 11
-8.5
 21
-29.5
 31
0.0
  0
LINE
  8
0
  6
CONTINUOUS
 10
-7.5
 20
-29.5
 30
0.0
 11
-6.5
 21
-29.5
 31
0.0
  0
LINE
  8
0
  6
CONTINUOUS
 10
-5.5
 20
-29.5
 30
0.0
 11
-2.5
 21
-29.5
 31
0.0
  0
LINE
  8
0
  6
CONTINUOUS
 10
-1.5
 20
-29.5
 30
0.0
 11
-0.5
 21
-29.5
 31
0.0
  0
LINE
  8
0
  6
CONTINUOUS
 10
0.5
 20
-29.5
 30
0.0
 11
1.5
 21
-29.5
 31
0.0
  0
LINE
  8
0
  6
CONTINUOUS
 10
2.5
 20
-29.5
 30
0.0
 11
5.5
 21
-29.5
 31
0.0
  0
LINE
  8
0
  6
CONTINUOUS
 10
6.5
 20
-29.5
 30
0.0
 11
7.5
 21
-29.5
 31
0.0
  0
LINE
  8
0
  6
CONTINUOUS
 10
8.5
 20
-29.5
 30
0.0
 11
9.5
 21
-29.5
 31
0.0
  0
LINE
  8
0
  6
CONTINUOUS
 10
10.5
 20
-29.5
 30
0.0
 11
13.5
 21
-29.5
 31
0.0
  0
LINE
  8
0
  6
CONTINUOUS
 10
14.5
 20
-29.5
 30
0.0
 11
15.5
 21
-29.5
 31
0.0
  0
LINE
  8
0
  6
CONTINUOUS
 10
16.5
 20
-29.5
 30
0.0
 11
17.5
 21
-29.5
 31
0.0
  0
LINE
  8
0
  6
CONTINUOUS
 10
18.5
 20
-29.5
 30
0.0
 11
21.5
 21
-29.5
 31
0.0
  0
LINE
  8
0
  6
CONTINUOUS
 10
22.5
 20
-29.5
 30
0.0
 11
23.5
 21
-29.5
 31
0.0
  0
LINE
  8
0
  6
CONTINUOUS
 10
24.5
 20
-29.5
 30
0.0
 11
25.5
 21
-29.5
 31
0.0
  0
LINE
  8
0
  6
CONTINUOUS
 10
26.5
 20
-29.5
 30
0.0
 11
29.5
 21
-29.5
 31
0.0
  0
ATTDEF
  8
0
 10
0.0
 20
-34.5
 30
0.0
 40
3.0
  1
*
  3
Tag 
  2
Tag
 70
     0
 73
    50
  7
STANDARD
 71
     0
 72
     0
 11
0.0
 21
0.0
 31
0.0
  0
ENDBLK
  0
BLOCK
  8
SCD_DRAW
  2
ANNBLK_3
 70
     0
 10
0.0
 20
0.0
 30
0.0
  0
LINE
  8
SCD_ANN
  6
CONTINUOUS
 10
117.523810
 20
0.0
 30
0.0
 11
117.523810
 21
-26.0
 31
0.0
  0
LINE
  8
SCD_ANN
  6
CONTINUOUS
 10
86.476190
 20
0.0
 30
0.0
 11
86.476190
 21
-26.0
 31
0.0
  0
LINE
  8
SCD_ANN
  6
CONTINUOUS
 10
0.0
 20
0.0
 30
0.0
 11
0.0
 21
-26.0
 31
0.0
  0
LINE
  8
SCD_ANN
  6
CONTINUOUS
 10
0.0
 20
-26.0
 30
0.0
 11
117.523810
 21
-26.0
 31
0.0
  0
LINE
  8
SCD_ANN
  6
CONTINUOUS
 10
0.0
 20
-17.333333
 30
0.0
 11
117.523810
 21
-17.333333
 31
0.0
  0
LINE
  8
SCD_ANN
  6
CONTINUOUS
 10
0.0
 20
-8.666667
 30
0.0
 11
117.523810
 21
-8.666667
 31
0.0
  0
LINE
  8
SCD_ANN
  6
CONTINUOUS
 10
0.0
 20
-0.0
 30
0.0
 11
117.523810
 21
-0.0
 31
0.0
  0
ENDBLK
  0
ENDSEC
  0
SECTION
  2
ENTITIES
  0
POLYLINE
  8
SCD_DRAW
  6
CONTINUOUS
210
0.0
220
0.0
230
1.0
 66
     1
 10
0.0
 20
0.0
 30
0.0
 70
     0
  0
VERTEX
  8
0
 10
0.0
 20
10.0
 30
0.0
  0
VERTEX
  8
0
 10
0.0
 20
0.0
 30
0.0
  0
VERTEX
  8
0
 10
10.0
 20
0.0
 30
0.0
  0
SEQEND
  0
POLYLINE
  8
SCD_DRAW
  6
CONTINUOUS
210
0.0
220
0.0
230
-1.0
 66
     1
 10
0.0
 20
0.0
 30
0.0
 70
     0
  0
VERTEX
  8
0
 10
0.0
 20
287.0
 30
0.0
  0
VERTEX
  8
0
 10
0.0
 20
297.0
 30
0.0
  0
VERTEX
  8
0
 10
-10.0
 20
297.0
 30
0.0
  0
SEQEND
  0
POLYLINE
  8
SCD_DRAW
  6
CONTINUOUS
210
0.0
220
-0.0
230
1.0
 66
     1
 10
0.0
 20
0.0
 30
0.0
 70
     0
  0
VERTEX
  8
0
 10
419.0
 20
287.0
 30
0.0
  0
VERTEX
  8
0
 10
419.0
 20
297.0
 30
0.0
  0
VERTEX
  8
0
 10
409.0
 20
297.0
 30
0.0
  0
SEQEND
  0
POLYLINE
  8
SCD_DRAW
  6
CONTINUOUS
210
0.0
220
-0.0
230
-1.0
 66
     1
 10
0.0
 20
0.0
 30
0.0
 70
     0
  0
VERTEX
  8
0
 10
-419.0
 20
10.0
 30
0.0
  0
VERTEX
  8
0
 10
-419.0
 20
0.0
 30
0.0
  0
VERTEX
  8
0
 10
-409.0
 20
0.0
 30
0.0
  0
SEQEND
  0
INSERT
  8
SCD_DRAW
 62
    10
  2
EX_A3Frame_SysCAD2
 10
0.0
 20
0.0
 30
0.0
  0
INSERT
  8
SCD_DRAW
 62
    10
 66
     1
  2
CN_ChemAppModelCfg
 10
50.0
 20
250.0
 30
0.0
  0
ATTRIB
  8
SCD_DRAW
 10
55.0
 20
248.5
 30
0.0
 40
3.0
  1
KWA_Cu_Smelting_CST
  2
Tag
 70
     0
 73
    50
  7
STANDARD
 71
     0
 72
     0
 11
0.0
 21
0.0
 31
0.0
  0
SEQEND
  0
INSERT
  8
SCD_DRAW
 62
    10
 66
     1
  2
FD_FeederSink
 10
50.0
 20
200.0
 30
0.0
  0
ATTRIB
  8
SCD_DRAW
 10
38.714286
 20
192.5
 30
0.0
 40
3.0
  1
Gas_Input_1
  2
Tag
 70
     0
 73
    50
  7
STANDARD
 71
     0
 72
     0
 11
0.0
 21
0.0
 31
0.0
  0
SEQEND
  0
INSERT
  8
SCD_DRAW
 62
    10
 66
     1
  2
FD_FeederSink
 10
50.0
 20
175.0
 30
0.0
  0
ATTRIB
  8
SCD_DRAW
 10
32.5
 20
167.5
 30
0.0
 40
3.0
  1
Copper_Input_2
  2
Tag
 70
     0
 73
    50
  7
STANDARD
 71
     0
 72
     0
 11
0.0
 21
0.0
 31
0.0
  0
SEQEND
  0
INSERT
  8
SCD_DRAW
 62
    10
 66
     1
  2
FD_FeederSink
 10
50.0
 20
150.0
 30
0.0
  0
ATTRIB
  8
SCD_DRAW
 10
37.785714
 20
142.5
 30
0.0
 40
3.0
  1
SiO2_Input_3
  2
Tag
 70
     0
 73
    50
  7
STANDARD
 71
     0
 72
     0
 11
0.0
 21
0.0
 31
0.0
  0
SEQEND
  0
INSERT
  8
SCD_DRAW
 62
    10
 66
     1
  2
TK_ChemAppReactor
 10
85.0
 20
175.0
 30
0.0
  0
ATTRIB
  8
SCD_DRAW
 10
79.5
 20
180.5
 30
0.0
 40
3.0
  1
Smelter_4
  2
Tag
 70
     0
 73
    50
  7
STANDARD
 71
     0
 72
     0
 11
0.0
 21
0.0
 31
0.0
  0
SEQEND
  0
INSERT
  8
SCD_DRAW
 62
    10
 66
     1
  2
SH_Triangle1
 10
120.0
 20
175.0
 30
0.0
 41
0.5
 42
0.5
 43
0.5
 50
90.0
  0
ATTRIB
  8
SCD_DRAW
 10
101.5
 20
165.5
 30
0.0
 40
3.0
  1
Phase_splitter_6
  2
Tag
 70
     0
 73
    50
  7
STANDARD
 71
     0
 72
     0
 11
0.0
 21
0.0
 31
0.0
  0
SEQEND
  0
INSERT
  8
SCD_DRAW
 62
    10
 66
     1
  2
FD_FeederSink
 10
150.0
 20
215.0
 30
0.0
  0
ATTRIB
  8
SCD_DRAW
 10
127.0
 20
220.5
 30
0.0
 40
3.0
  1
Other_outputs_7
  2
Tag
 70
     0
 73
    50
  7
STANDARD
 71
     0
 72
     0
 11
0.0
 21
0.0
 31
0.0
  0
SEQEND
  0
INSERT
  8
SCD_DRAW
 62
    10
 66
     1
  2
FD_FeederSink
 10
150.0
 20
190.0
 30
0.0
  0
ATTRIB
  8
SCD_DRAW
 10
131.5
 20
194.5
 30
0.0
 40
3.0
  1
Slag_output_8
  2
Tag
 70
     0
 73
    50
  7
STANDARD
 71
     0
 72
     0
 11
0.0
 21
0.0
 31
0.0
  0
SEQEND
  0
INSERT
  8
SCD_DRAW
 62
    10
 66
     1
  2
FD_FeederSink
 10
190.0
 20
215.0
 30
0.0
  0
ATTRIB
  8
SCD_DRAW
 10
174.142857
 20
207.5
 30
0.0
 40
3.0
  1
Gas_Input_13
  2
Tag
 70
     0
 73
    50
  7
STANDARD
 71
     0
 72
     0
 11
0.0
 21
0.0
 31
0.0
  0
SEQEND
  0
INSERT
  8
SCD_DRAW
 62
    10
 66
     1
  2
FD_FeederSink
 10
190.0
 20
190.0
 30
0.0
  0
ATTRIB
  8
SCD_DRAW
 10
173.214286
 20
182.5
 30
0.0
 40
3.0
  1
SiO2_Input_14
  2
Tag
 70
     0
 73
    50
  7
STANDARD
 71
     0
 72
     0
 11
0.0
 21
0.0
 31
0.0
  0
SEQEND
  0
INSERT
  8
SCD_DRAW
 62
    10
 66
     1
  2
TK_ChemAppReactor
 10
225.0
 20
175.0
 30
0.0
  0
ATTRIB
  8
SCD_DRAW
 10
219.0
 20
180.0
 30
0.0
 40
3.0
  1
Converter_12
  2
Tag
 70
     0
 73
    50
  7
STANDARD
 71
     0
 72
     0
 11
0.0
 21
0.0
 31
0.0
  0
SEQEND
  0
INSERT
  8
SCD_DRAW
 62
    10
 66
     1
  2
TK_ChemAppReactor
 10
365.0
 20
175.0
 30
0.0
  0
ATTRIB
  8
SCD_DRAW
 10
349.785714
 20
167.0
 30
0.0
 40
3.0
  1
Converter_19
  2
Tag
 70
     0
 73
    50
  7
STANDARD
 71
     0
 72
     0
 11
0.0
 21
0.0
 31
0.0
  0
SEQEND
  0
INSERT
  8
SCD_DRAW
 62
    10
 66
     1
  2
FD_FeederSink
 10
300.0
 20
215.0
 30
0.0
  0
ATTRIB
  8
SCD_DRAW
 10
282.5
 20
207.5
 30
0.0
 40
3.0
  1
Gas_output_17
  2
Tag
 70
     0
 73
    50
  7
STANDARD
 71
     0
 72
     0
 11
0.0
 21
0.0
 31
0.0
  0
SEQEND
  0
INSERT
  8
SCD_DRAW
 62
    10
 66
     1
  2
FD_FeederSink
 10
300.0
 20
195.0
 30
0.0
  0
ATTRIB
  8
SCD_DRAW
 10
281.571429
 20
187.5
 30
0.0
 40
3.0
  1
SiO2_output_18
  2
Tag
 70
     0
 73
    50
  7
STANDARD
 71
     0
 72
     0
 11
0.0
 21
0.0
 31
0.0
  0
SEQEND
  0
INSERT
  8
SCD_DRAW
 62
    10
 66
     1
  2
FD_FeederSink
 10
340.0
 20
205.0
 30
0.0
  0
ATTRIB
  8
SCD_DRAW
 10
324.142857
 20
197.5
 30
0.0
 40
3.0
  1
Gas_Input_20
  2
Tag
 70
     0
 73
    50
  7
STANDARD
 71
     0
 72
     0
 11
0.0
 21
0.0
 31
0.0
  0
SEQEND
  0
INSERT
  8
SCD_DRAW
 62
    10
 66
     1
  2
FD_FeederSink
 10
400.0
 20
175.0
 30
0.0
  0
ATTRIB
  8
SCD_DRAW
 10
388.071429
 20
167.5
 30
0.0
 40
3.0
  1
Output_21
  2
Tag
 70
     0
 73
    50
  7
STANDARD
 71
     0
 72
     0
 11
0.0
 21
0.0
 31
0.0
  0
SEQEND
  0
INSERT
  8
SCD_DRAW
 62
    10
 66
     1
  2
SH_Triangle1
 10
270.0
 20
175.0
 30
0.0
 41
0.5
 42
0.5
 43
0.5
 50
90.0
  0
ATTRIB
  8
SCD_DRAW
 10
251.0
 20
165.0
 30
0.0
 40
3.0
  1
Phase_splitter_16
  2
Tag
 70
     0
 73
    50
  7
STANDARD
 71
     0
 72
     0
 11
0.0
 21
0.0
 31
0.0
  0
SEQEND
  0
INSERT
  8
SCD_DRAW
 62
    15
 66
     1
  2
LnkBlk__1
 10
75.5
 20
187.5
 30
0.0
  0
ATTRIB
  8
SCD_DRAW
 10
68.5
 20
189.0
 30
0.0
 40
2.8
  1
P_001
  2
Tag
 70
     1
 73
    50
  7
STANDARD
 71
     0
 72
     0
 11
0.0
 21
0.0
 31
0.0
  0
SEQEND
  0
INSERT
  8
SCD_DRAW
 62
    15
 66
     1
  2
LnkBlk__2
 10
72.0
 20
175.0
 30
0.0
  0
ATTRIB
  8
SCD_DRAW
 10
65.0
 20
176.5
 30
0.0
 40
2.8
  1
P_002
  2
Tag
 70
     1
 73
    50
  7
STANDARD
 71
     0
 72
     0
 11
0.0
 21
0.0
 31
0.0
  0
SEQEND
  0
INSERT
  8
SCD_DRAW
 62
    15
 66
     1
  2
LnkBlk__3
 10
75.5
 20
162.5
 30
0.0
  0
ATTRIB
  8
SCD_DRAW
 10
68.5
 20
164.0
 30
0.0
 40
2.8
  1
P_003
  2
Tag
 70
     1
 73
    50
  7
STANDARD
 71
     0
 72
     0
 11
0.0
 21
0.0
 31
0.0
  0
SEQEND
  0
INSERT
  8
SCD_DRAW
 62
    15
 66
     1
  2
LnkBlk__4
 10
103.5
 20
175.0
 30
0.0
  0
ATTRIB
  8
SCD_DRAW
 10
96.5
 20
176.5
 30
0.0
 40
2.8
  1
P_004
  2
Tag
 70
     1
 73
    50
  7
STANDARD
 71
     0
 72
     0
 11
0.0
 21
0.0
 31
0.0
  0
SEQEND
  0
INSERT
  8
SCD_DRAW
 62
    15
 66
     1
  2
LnkBlk__5
 10
129.5
 20
197.0
 30
0.0
  0
ATTRIB
  8
SCD_DRAW
 10
122.5
 20
198.5
 30
0.0
 40
2.8
  1
P_005
  2
Tag
 70
     1
 73
    50
  7
STANDARD
 71
     0
 72
     0
 11
0.0
 21
0.0
 31
0.0
  0
SEQEND
  0
INSERT
  8
SCD_DRAW
 62
    15
 66
     1
  2
LnkBlk__6
 10
132.0
 20
183.0
 30
0.0
  0
ATTRIB
  8
SCD_DRAW
 10
125.0
 20
184.5
 30
0.0
 40
2.8
  1
P_006
  2
Tag
 70
     1
 73
    50
  7
STANDARD
 71
     0
 72
     0
 11
0.0
 21
0.0
 31
0.0
  0
SEQEND
  0
INSERT
  8
SCD_DRAW
 62
    15
 66
     1
  2
LnkBlk__7
 10
171.5
 20
174.5
 30
0.0
  0
ATTRIB
  8
SCD_DRAW
 10
164.5
 20
176.0
 30
0.0
 40
2.8
  1
P_007
  2
Tag
 70
     1
 73
    50
  7
STANDARD
 71
     0
 72
     0
 11
0.0
 21
0.0
 31
0.0
  0
SEQEND
  0
INSERT
  8
SCD_DRAW
 62
    15
 66
     1
  2
LnkBlk__8
 10
210.0
 20
182.5
 30
0.0
  0
ATTRIB
  8
SCD_DRAW
 10
203.0
 20
184.0
 30
0.0
 40
2.8
  1
P_008
  2
Tag
 70
     1
 73
    50
  7
STANDARD
 71
     0
 72
     0
 11
0.0
 21
0.0
 31
0.0
  0
SEQEND
  0
INSERT
  8
SCD_DRAW
 62
    15
 66
     1
  2
LnkBlk__9
 10
214.0
 20
195.0
 30
0.0
  0
ATTRIB
  8
SCD_DRAW
 10
207.0
 20
196.5
 30
0.0
 40
2.8
  1
P_009
  2
Tag
 70
     1
 73
    50
  7
STANDARD
 71
     0
 72
     0
 11
0.0
 21
0.0
 31
0.0
  0
SEQEND
  0
INSERT
  8
SCD_DRAW
 62
    15
 66
     1
  2
LnkBlk__10
 10
248.5
 20
175.0
 30
0.0
  0
ATTRIB
  8
SCD_DRAW
 10
241.5
 20
176.5
 30
0.0
 40
2.8
  1
P_010
  2
Tag
 70
     1
 73
    50
  7
STANDARD
 71
     0
 72
     0
 11
0.0
 21
0.0
 31
0.0
  0
SEQEND
  0
INSERT
  8
SCD_DRAW
 62
    15
 66
     1
  2
LnkBlk__11
 10
316.0
 20
175.0
 30
0.0
  0
ATTRIB
  8
SCD_DRAW
 10
309.0
 20
176.5
 30
0.0
 40
2.8
  1
P_011
  2
Tag
 70
     1
 73
    50
  7
STANDARD
 71
     0
 72
     0
 11
0.0
 21
0.0
 31
0.0
  0
SEQEND
  0
INSERT
  8
SCD_DRAW
 62
    15
 66
     1
  2
LnkBlk__12
 10
277.5
 20
197.0
 30
0.0
  0
ATTRIB
  8
SCD_DRAW
 10
270.5
 20
198.5
 30
0.0
 40
2.8
  1
P_012
  2
Tag
 70
     1
 73
    50
  7
STANDARD
 71
     0
 72
     0
 11
0.0
 21
0.0
 31
0.0
  0
SEQEND
  0
INSERT
  8
SCD_DRAW
 62
    15
 66
     1
  2
LnkBlk__13
 10
279.5
 20
186.0
 30
0.0
  0
ATTRIB
  8
SCD_DRAW
 10
272.5
 20
187.5
 30
0.0
 40
2.8
  1
P_013
  2
Tag
 70
     1
 73
    50
  7
STANDARD
 71
     0
 72
     0
 11
0.0
 21
0.0
 31
0.0
  0
SEQEND
  0
INSERT
  8
SCD_DRAW
 62
    15
 66
     1
  2
LnkBlk__14
 10
360.5
 20
192.0
 30
0.0
  0
ATTRIB
  8
SCD_DRAW
 10
353.5
 20
193.5
 30
0.0
 40
2.8
  1
P_014
  2
Tag
 70
     1
 73
    50
  7
STANDARD
 71
     0
 72
     0
 11
0.0
 21
0.0
 31
0.0
  0
SEQEND
  0
INSERT
  8
SCD_DRAW
 62
    15
 66
     1
  2
LnkBlk__15
 10
378.5
 20
175.0
 30
0.0
  0
ATTRIB
  8
SCD_DRAW
 10
371.5
 20
176.5
 30
0.0
 40
2.8
  1
P_015
  2
Tag
 70
     1
 73
    50
  7
STANDARD
 71
     0
 72
     0
 11
0.0
 21
0.0
 31
0.0
  0
SEQEND
  0
INSERT
  8
SCD_DRAW
 62
    10
  2
EX_Box_DashLines
 10
95.0
 20
175.0
 30
0.0
 41
2.5
 42
1.75
 43
2.5
  0
INSERT
  8
SCD_DRAW
 62
    10
  2
EX_Box_DashLines
 10
245.0
 20
175.0
 30
0.0
 41
2.5
 42
1.75
 43
2.5
  0
INSERT
  8
SCD_DRAW
 62
    10
  2
EX_Box_DashLines
 10
370.0
 20
175.0
 30
0.0
 41
1.65
 42
1.75
 43
1.65
  0
TEXT
  8
SCD_DRAW
 62
     8
 10
252.903248
 20
4.557674
 30
0.0
 40
6.0
  1
Simple Cu Smelter Example
 41
0.8
  7
ROMANS
  0
TEXT
  8
SCD_DRAW
 62
     8
 10
6.325972
 20
4.859050
 30
0.0
 40
6.0
  1
Uses ChemApp for SysCAD TCE
 41
0.8
  7
ROMANS
  0
INSERT
  8
SCD_ANN
 66
     1
  2
ANNBLK_3
 10
171.225262
 20
96.964723
 30
0.0
  0
ATTRIB
  8
SCD_ANN
 10
208.463358
 20
90.964723
 30
0.0
 40
5.0
  1
   
  2
ANNOT0
 70
     0
 73
    50
 41
0.8
  7
STANDARD
 71
     0
 72
     0
 11
0.0
 21
0.0
 31
0.0
  0
ATTRIB
  8
SCD_ANN
 10
182.558596
 20
82.298057
 30
0.0
 40
5.0
  1
 Cu_in_Blister(t/h) 
  2
ANNOT1
 70
     0
 73
    50
 41
0.8
  7
STANDARD
 71
     0
 72
     0
 11
0.0
 21
0.0
 31
0.0
  0
ATTRIB
  8
SCD_ANN
 10
171.225262
 20
73.631390
 30
0.0
 40
5.0
  1
 Cu_wt%_in_Blister(%mos) 
  2
ANNOT2
 70
     0
 73
    50
 41
0.8
  7
STANDARD
 71
     0
 72
     0
 11
0.0
 21
0.0
 31
0.0
  0
ATTRIB
  8
SCD_ANN
 10
257.701453
 20
90.964723
 30
0.0
 40
5.0
  1
 Product 
  2
ANNOT3
 70
     0
 73
    50
 41
0.8
  7
STANDARD
 71
     0
 72
     0
 11
0.0
 21
0.0
 31
0.0
  0
ATTRIB
  8
SCD_ANN
 10
258.749072
 20
82.298057
 30
0.0
 40
5.0
  1
 315.21 
  2
ANNOT4
 70
     0
 73
    50
 41
0.8
  7
STANDARD
 71
     0
 72
     0
 11
0.0
 21
0.0
 31
0.0
  0
ATTRIB
  8
SCD_ANN
 10
260.653834
 20
73.631390
 30
0.0
 40
5.0
  1
 98.71 
  2
ANNOT5
 70
     0
 73
    50
 41
0.8
  7
STANDARD
 71
     0
 72
     0
 11
0.0
 21
0.0
 31
0.0
  0
ATTRIB
  8
SCD_ANN
 10
159.225262
 20
95.298057
 30
0.0
 40
5.0
  1
 P_015
  2
ANNOT_TAGS
 70
     1
 73
    50
 41
0.8
  7
STANDARD
 71
     0
 72
     0
 11
0.0
 21
0.0
 31
0.0
  0
ATTRIB
  8
SCD_ANN
 10
157.701453
 20
95.298057
 30
0.0
 40
5.0
  1
 Product
  2
ANNOT_TAGLBLS
 70
     1
 73
    50
 41
0.8
  7
STANDARD
 71
     0
 72
     0
 11
0.0
 21
0.0
 31
0.0
  0
ATTRIB
  8
SCD_ANN
 10
110.653834
 20
95.298057
 30
0.0
 40
5.0
  1
 Qo.QM:IPh.Cu(mos) Qo.MF:IPh.Cu(mos)
  2
ANNOT_VARS
 70
     1
 73
    50
 41
0.8
  7
STANDARD
 71
     0
 72
     0
 11
0.0
 21
0.0
 31
0.0
  0
ATTRIB
  8
SCD_ANN
 10
119.034786
 20
95.298057
 30
0.0
 40
5.0
  1
 Cu_in_Blister Cu_wt%_in_Blister
  2
ANNOT_VARLBLS
 70
     1
 73
    50
 41
0.8
  7
STANDARD
 71
     0
 72
     0
 11
0.0
 21
0.0
 31
0.0
  0
ATTRIB
  8
SCD_ANN
 10
154.272881
 20
95.298057
 30
0.0
 40
5.0
  1
 *.## *.##
  2
ANNOT_TAGFMTS
 70
     1
 73
    50
 41
0.8
  7
STANDARD
 71
     0
 72
     0
 11
0.0
 21
0.0
 31
0.0
  0
ATTRIB
  8
SCD_ANN
 10
153.606215
 20
95.298057
 30
0.0
 40
5.0
  1
 t/h %mos
  2
ANNOT_TAGCNVS
 70
     1
 73
    50
 41
0.8
  7
STANDARD
 71
     0
 72
     0
 11
0.0
 21
0.0
 31
0.0
  0
SEQEND
  0
ENDSEC
  0
EOF
