  0
SECTION
  2
HEADER
  0
ENDSEC
  0
SECTION
  2
TABLES
  0
TABLE
  2
LTYPE
 70
     3
  0
LTYPE
  2
CONTINUOUS
 70
     0
  3
SOLID LINE
 72
    64
 73
     0
 40
0.0
  0
LTYPE
  2
BORDER
 70
     0
  3
__ __ . __ __ . __ __ .
 72
    64
 73
     6
 40
1.75
 49
0.5
 49
-0.25
 49
0.5
 49
-0.25
 49
0.0
 49
-0.25
  0
LTYPE
  2
DOT
 70
     0
  3
. . . . . . . . . . . . .
 72
    64
 73
     2
 40
0.25
 49
0.0
 49
-0.25
  0
ENDTAB
  0
TABLE
  2
LAYER
 70
     6
  0
LAYER
  2
SCD_DRAW
 70
     0
 62
    11
  6
CONTINUOUS
  0
LAYER
  2
SCD_IOPT
 70
     0
 62
     4
  6
DOT
  0
LAYER
  2
SCD_CONN
 70
     0
 62
    15
  6
CONTINUOUS
  0
LAYER
  2
SCD_CONS
 70
     0
 62
    15
  6
CONTINUOUS
  0
LAYER
  2
0
 70
     0
 62
    15
  6
CONTINUOUS
  0
LAYER
  2
SCD_ANN
 70
     0
 62
    14
  6
CONTINUOUS
  0
ENDTAB
  0
TABLE
  2
STYLE
 70
     2
  0
STYLE
  2
STANDARD
 70
     0
 40
0.0
 41
1.0
 50
0.0
 71
     0
 42
1.0
  3
STANDARD
  4

  0
STYLE
  2
ROMANS
 70
     0
 40
0.0
 41
1.0
 50
0.0
 71
     0
 42
1.0
  3
ROMANS
  4

  0
ENDTAB
  0
ENDSEC
  0
SECTION
  2
BLOCKS
  0
BLOCK
  8
SCD_DRAW
  2
CN_ChemAppModelCfg
 70
     0
 10
0.0
 20
0.0
 30
0.0
  0
POLYLINE
  8
SCD_DRAW
  6
CONTINUOUS
210
0.0
220
0.0
230
-1.0
 66
     1
 10
0.0
 20
0.0
 30
0.0
 70
     1
  0
VERTEX
  8
0
 10
3.2
 20
-3.2
 30
-0.0
  0
VERTEX
  8
0
 10
3.2
 20
3.2
 30
0.0
  0
VERTEX
  8
0
 10
-3.2
 20
3.2
 30
0.0
  0
VERTEX
  8
0
 10
-3.2
 20
-3.2
 30
0.0
  0
SEQEND
  0
POLYLINE
  8
SCD_DRAW
  6
CONTINUOUS
210
0.0
220
0.0
230
1.0
 66
     1
 10
0.0
 20
0.0
 30
0.0
 70
     1
  0
VERTEX
  8
0
 10
0.0
 20
3.2
 30
0.0
  0
VERTEX
  8
0
 10
-1.8
 20
-1.2
 30
0.0
  0
VERTEX
  8
0
 10
1.8
 20
-1.2
 30
0.0
  0
SEQEND
  0
ATTDEF
  8
SCD_DRAW
 10
0.0
 20
-6.7
 30
0.0
 40
3.0
  1
tag
  3

  2
Tag
 70
     0
 73
    50
  7
STANDARD
 71
     0
 72
     0
 11
0.0
 21
0.0
 31
0.0
  0
ENDBLK
  0
BLOCK
  8
SCD_DRAW
  2
FM_A3_Rectangle_Logo
 70
     0
 10
0.0
 20
0.0
 30
0.0
  0
LINE
  8
0
  6
CONTINUOUS
 10
-0.226262
 20
296.396298
 30
0.0
 11
-0.226262
 21
291.396298
 31
0.0
  0
LINE
  8
0
  6
CONTINUOUS
 10
-0.226262
 20
4.396298
 30
0.0
 11
-0.226262
 21
-0.603703
 31
0.0
  0
LINE
  8
0
  6
CONTINUOUS
 10
420.273738
 20
296.396298
 30
0.0
 11
415.273738
 21
296.396298
 31
0.0
  0
LINE
  8
0
  6
CONTINUOUS
 10
4.773739
 20
296.396298
 30
0.0
 11
-0.226262
 21
296.396298
 31
0.0
  0
LINE
  8
0
  6
CONTINUOUS
 10
420.273738
 20
-0.603703
 30
0.0
 11
420.273738
 21
4.396298
 31
0.0
  0
LINE
  8
0
  6
CONTINUOUS
 10
420.273738
 20
291.396298
 30
0.0
 11
420.273738
 21
296.396298
 31
0.0
  0
LINE
  8
0
  6
CONTINUOUS
 10
-0.226262
 20
-0.603703
 30
0.0
 11
4.773739
 21
-0.603703
 31
0.0
  0
LINE
  8
0
  6
CONTINUOUS
 10
415.273738
 20
-0.603703
 30
0.0
 11
420.273738
 21
-0.603703
 31
0.0
  0
LINE
  8
0
  6
CONTINUOUS
 10
-0.226262
 20
-0.603703
 30
0.0
 11
-0.226262
 21
296.396298
 31
0.0
  0
LINE
  8
0
  6
CONTINUOUS
 10
-0.226262
 20
296.396298
 30
0.0
 11
420.273738
 21
296.396298
 31
0.0
  0
LINE
  8
0
  6
CONTINUOUS
 10
420.273738
 20
-0.603703
 30
0.0
 11
420.273738
 21
292.584060
 31
0.0
  0
LINE
  8
0
  6
CONTINUOUS
 10
420.273738
 20
291.396298
 30
0.0
 11
420.273738
 21
296.396298
 31
0.0
  0
LINE
  8
0
  6
CONTINUOUS
 10
-0.226262
 20
-0.603703
 30
0.0
 11
420.273738
 21
-0.603703
 31
0.0
  0
LINE
  8
0
  6
CONTINUOUS
 10
-0.226262
 20
15.804123
 30
0.0
 11
420.273738
 21
15.804123
 31
0.0
  0
LINE
  8
0
  6
CONTINUOUS
 10
231.947079
 20
4.985268
 30
0.0
 11
232.546193
 21
5.581608
 31
0.0
  0
LINE
  8
0
  6
CONTINUOUS
 10
231.947079
 20
4.985268
 30
0.0
 11
232.546193
 21
5.581608
 31
0.0
  0
LINE
  8
0
  6
CONTINUOUS
 10
231.91123
 20
6.853621
 30
0.0
 11
233.103329
 21
8.040201
 31
0.0
  0
LINE
  8
0
  6
CONTINUOUS
 10
231.948516
 20
7.017759
 30
0.0
 11
233.090153
 21
8.154111
 31
0.0
  0
LINE
  8
0
  6
CONTINUOUS
 10
231.948516
 20
7.017759
 30
0.0
 11
233.090153
 21
8.154111
 31
0.0
  0
LINE
  8
0
  6
CONTINUOUS
 10
231.995402
 20
7.826296
 30
0.0
 11
232.954611
 21
8.781065
 31
0.0
  0
LINE
  8
0
  6
CONTINUOUS
 10
231.985577
 20
7.943502
 30
0.0
 11
232.923227
 21
8.876811
 31
0.0
  0
LINE
  8
0
  6
CONTINUOUS
 10
232.001165
 20
7.705048
 30
0.0
 11
232.983576
 21
8.682911
 31
0.0
  0
LINE
  8
0
  6
CONTINUOUS
 10
231.995402
 20
7.826296
 30
0.0
 11
232.954611
 21
8.781065
 31
0.0
  0
LINE
  8
0
  6
CONTINUOUS
 10
231.990125
 20
7.313145
 30
0.0
 11
233.055426
 21
8.373514
 31
0.0
  0
LINE
  8
0
  6
CONTINUOUS
 10
231.973809
 20
7.169920
 30
0.0
 11
233.074158
 21
8.265174
 31
0.0
  0
LINE
  8
0
  6
CONTINUOUS
 10
231.990125
 20
7.313145
 30
0.0
 11
233.055426
 21
8.373514
 31
0.0
  0
LINE
  8
0
  6
CONTINUOUS
 10
231.973809
 20
7.169920
 30
0.0
 11
233.074158
 21
8.265174
 31
0.0
  0
LINE
  8
0
  6
CONTINUOUS
 10
232.001165
 20
7.705048
 30
0.0
 11
232.983576
 21
8.682911
 31
0.0
  0
LINE
  8
0
  6
CONTINUOUS
 10
231.999327
 20
7.449248
 30
0.0
 11
233.034046
 21
8.479177
 31
0.0
  0
LINE
  8
0
  6
CONTINUOUS
 10
232.002675
 20
7.579566
 30
0.0
 11
233.010073
 21
8.5823
 31
0.0
  0
LINE
  8
0
  6
CONTINUOUS
 10
232.001165
 20
7.705048
 30
0.0
 11
232.983576
 21
8.682911
 31
0.0
  0
LINE
  8
0
  6
CONTINUOUS
 10
231.999327
 20
7.449248
 30
0.0
 11
233.034046
 21
8.479177
 31
0.0
  0
LINE
  8
0
  6
CONTINUOUS
 10
232.002675
 20
7.579566
 30
0.0
 11
233.010073
 21
8.5823
 31
0.0
  0
LINE
  8
0
  6
CONTINUOUS
 10
231.954359
 20
8.166398
 30
0.0
 11
232.853365
 21
9.061242
 31
0.0
  0
LINE
  8
0
  6
CONTINUOUS
 10
231.985577
 20
7.943502
 30
0.0
 11
232.923227
 21
8.876811
 31
0.0
  0
LINE
  8
0
  6
CONTINUOUS
 10
231.971851
 20
8.056824
 30
0.0
 11
232.889466
 21
8.970191
 31
0.0
  0
LINE
  8
0
  6
CONTINUOUS
 10
231.954359
 20
8.166398
 30
0.0
 11
232.853365
 21
9.061242
 31
0.0
  0
LINE
  8
0
  6
CONTINUOUS
 10
231.985577
 20
7.943502
 30
0.0
 11
232.923227
 21
8.876811
 31
0.0
  0
LINE
  8
0
  6
CONTINUOUS
 10
231.971851
 20
8.056824
 30
0.0
 11
232.889466
 21
8.970191
 31
0.0
  0
LINE
  8
0
  6
CONTINUOUS
 10
231.880372
 20
8.473602
 30
0.0
 11
232.731353
 21
9.320642
 31
0.0
  0
LINE
  8
0
  6
CONTINUOUS
 10
231.933236
 20
8.272251
 30
0.0
 11
232.814989
 21
9.149922
 31
0.0
  0
LINE
  8
0
  6
CONTINUOUS
 10
231.908542
 20
8.374656
 30
0.0
 11
232.7743
 21
9.236406
 31
0.0
  0
LINE
  8
0
  6
CONTINUOUS
 10
231.880372
 20
8.473602
 30
0.0
 11
232.731353
 21
9.320642
 31
0.0
  0
LINE
  8
0
  6
CONTINUOUS
 10
231.933236
 20
8.272251
 30
0.0
 11
232.814989
 21
9.149922
 31
0.0
  0
LINE
  8
0
  6
CONTINUOUS
 10
231.908542
 20
8.374656
 30
0.0
 11
232.7743
 21
9.236406
 31
0.0
  0
LINE
  8
0
  6
CONTINUOUS
 10
231.848658
 20
8.569525
 30
0.0
 11
232.685978
 21
9.402968
 31
0.0
  0
LINE
  8
0
  6
CONTINUOUS
 10
231.848658
 20
8.569525
 30
0.0
 11
232.685978
 21
9.402968
 31
0.0
  0
LINE
  8
0
  6
CONTINUOUS
 10
231.775417
 20
8.750592
 30
0.0
 11
232.588901
 21
9.560311
 31
0.0
  0
LINE
  8
0
  6
CONTINUOUS
 10
231.813701
 20
8.661714
 30
0.0
 11
232.638550
 21
9.482745
 31
0.0
  0
LINE
  8
0
  6
CONTINUOUS
 10
231.775417
 20
8.750592
 30
0.0
 11
232.588901
 21
9.560311
 31
0.0
  0
LINE
  8
0
  6
CONTINUOUS
 10
231.813701
 20
8.661714
 30
0.0
 11
232.638550
 21
9.482745
 31
0.0
  0
LINE
  8
0
  6
CONTINUOUS
 10
231.733874
 20
8.836094
 30
0.0
 11
232.537092
 21
9.635593
 31
0.0
  0
LINE
  8
0
  6
CONTINUOUS
 10
231.733874
 20
8.836094
 30
0.0
 11
232.537092
 21
9.635593
 31
0.0
  0
LINE
  8
0
  6
CONTINUOUS
 10
231.772058
 20
6.461123
 30
0.0
 11
233.120791
 21
7.803612
 31
0.0
  0
LINE
  8
0
  6
CONTINUOUS
 10
231.856516
 20
6.672175
 30
0.0
 11
233.113577
 21
7.923417
 31
0.0
  0
LINE
  8
0
  6
CONTINUOUS
 10
231.91123
 20
6.853621
 30
0.0
 11
233.103329
 21
8.040201
 31
0.0
  0
LINE
  8
0
  6
CONTINUOUS
 10
231.772058
 20
6.461123
 30
0.0
 11
233.120791
 21
7.803612
 31
0.0
  0
LINE
  8
0
  6
CONTINUOUS
 10
231.856516
 20
6.672175
 30
0.0
 11
233.113577
 21
7.923417
 31
0.0
  0
LINE
  8
0
  6
CONTINUOUS
 10
192.699
 20
1.013389
 30
0.0
 11
192.699
 21
1.013389
 31
0.0
  0
LINE
  8
0
  6
CONTINUOUS
 10
193.96924
 20
1.05828
 30
0.0
 11
193.96924
 21
1.05828
 31
0.0
  0
LINE
  8
0
  6
CONTINUOUS
 10
188.026395
 20
3.874670
 30
0.0
 11
188.026395
 21
3.874670
 31
0.0
  0
LINE
  8
0
  6
CONTINUOUS
 10
189.275351
 20
3.932081
 30
0.0
 11
189.275351
 21
3.932081
 31
0.0
  0
LINE
  8
0
  6
CONTINUOUS
 10
187.913198
 20
11.177905
 30
0.0
 11
189.911073
 21
13.166530
 31
0.0
  0
LINE
  8
0
  6
CONTINUOUS
 10
188.211272
 20
11.601584
 30
0.0
 11
189.480853
 21
12.865287
 31
0.0
  0
LINE
  8
0
  6
CONTINUOUS
 10
187.913198
 20
11.177905
 30
0.0
 11
189.911073
 21
13.166530
 31
0.0
  0
LINE
  8
0
  6
CONTINUOUS
 10
188.211272
 20
11.601584
 30
0.0
 11
189.480853
 21
12.865287
 31
0.0
  0
LINE
  8
0
  6
CONTINUOUS
 10
187.36132
 20
10.120829
 30
0.0
 11
190.989442
 21
13.732155
 31
0.0
  0
LINE
  8
0
  6
CONTINUOUS
 10
187.36132
 20
10.120829
 30
0.0
 11
190.989442
 21
13.732155
 31
0.0
  0
LINE
  8
0
  6
CONTINUOUS
 10
187.104205
 20
9.357801
 30
0.0
 11
191.761351
 21
13.993385
 31
0.0
  0
LINE
  8
0
  6
CONTINUOUS
 10
187.104205
 20
9.357801
 30
0.0
 11
191.761351
 21
13.993385
 31
0.0
  0
LINE
  8
0
  6
CONTINUOUS
 10
186.959023
 20
8.704634
 30
0.0
 11
192.412791
 21
14.133153
 31
0.0
  0
LINE
  8
0
  6
CONTINUOUS
 10
186.959023
 20
8.704634
 30
0.0
 11
192.412791
 21
14.133153
 31
0.0
  0
LINE
  8
0
  6
CONTINUOUS
 10
186.896844
 20
8.134498
 30
0.0
 11
192.990997
 21
14.200437
 31
0.0
  0
LINE
  8
0
  6
CONTINUOUS
 10
186.896844
 20
8.134498
 30
0.0
 11
192.990997
 21
14.200437
 31
0.0
  0
LINE
  8
0
  6
CONTINUOUS
 10
186.885478
 20
7.616846
 30
0.0
 11
193.516599
 21
14.217267
 31
0.0
  0
LINE
  8
0
  6
CONTINUOUS
 10
186.885478
 20
7.616846
 30
0.0
 11
193.516599
 21
14.217267
 31
0.0
  0
LINE
  8
0
  6
CONTINUOUS
 10
186.897601
 20
7.120272
 30
0.0
 11
194.005831
 21
14.195593
 31
0.0
  0
LINE
  8
0
  6
CONTINUOUS
 10
186.897601
 20
7.120272
 30
0.0
 11
194.005831
 21
14.195593
 31
0.0
  0
LINE
  8
0
  6
CONTINUOUS
 10
186.939586
 20
6.654250
 30
0.0
 11
194.462819
 21
14.142653
 31
0.0
  0
LINE
  8
0
  6
CONTINUOUS
 10
186.939586
 20
6.654250
 30
0.0
 11
194.462819
 21
14.142653
 31
0.0
  0
LINE
  8
0
  6
CONTINUOUS
 10
187.013736
 20
6.222083
 30
0.0
 11
194.891708
 21
14.063583
 31
0.0
  0
LINE
  8
0
  6
CONTINUOUS
 10
187.013736
 20
6.222083
 30
0.0
 11
194.891708
 21
14.063583
 31
0.0
  0
LINE
  8
0
  6
CONTINUOUS
 10
187.116058
 20
5.816124
 30
0.0
 11
195.298971
 21
13.961153
 31
0.0
  0
LINE
  8
0
  6
CONTINUOUS
 10
187.116058
 20
5.816124
 30
0.0
 11
195.298971
 21
13.961153
 31
0.0
  0
LINE
  8
0
  6
CONTINUOUS
 10
187.239045
 20
5.430096
 30
0.0
 11
195.685917
 21
13.837863
 31
0.0
  0
LINE
  8
0
  6
CONTINUOUS
 10
187.239045
 20
5.430096
 30
0.0
 11
195.685917
 21
13.837863
 31
0.0
  0
LINE
  8
0
  6
CONTINUOUS
 10
187.540413
 20
4.714338
 30
0.0
 11
196.403288
 21
13.536181
 31
0.0
  0
LINE
  8
0
  6
CONTINUOUS
 10
187.540413
 20
4.714338
 30
0.0
 11
196.403288
 21
13.536181
 31
0.0
  0
LINE
  8
0
  6
CONTINUOUS
 10
187.710325
 20
4.375484
 30
0.0
 11
192.323588
 21
8.96739
 31
0.0
  0
LINE
  8
0
  6
CONTINUOUS
 10
187.710325
 20
4.375484
 30
0.0
 11
192.323588
 21
8.96739
 31
0.0
  0
LINE
  8
0
  6
CONTINUOUS
 10
187.896037
 20
4.052442
 30
0.0
 11
191.98382
 21
8.1213
 31
0.0
  0
LINE
  8
0
  6
CONTINUOUS
 10
187.896037
 20
4.052442
 30
0.0
 11
191.98382
 21
8.1213
 31
0.0
  0
LINE
  8
0
  6
CONTINUOUS
 10
188.153170
 20
3.800661
 30
0.0
 11
191.803559
 21
7.43415
 31
0.0
  0
LINE
  8
0
  6
CONTINUOUS
 10
188.153170
 20
3.800661
 30
0.0
 11
191.803559
 21
7.43415
 31
0.0
  0
LINE
  8
0
  6
CONTINUOUS
 10
188.314775
 20
3.453616
 30
0.0
 11
188.476519
 21
3.614611
 31
0.0
  0
LINE
  8
0
  6
CONTINUOUS
 10
188.37112
 20
3.382716
 30
0.0
 11
188.611767
 21
3.622248
 31
0.0
  0
LINE
  8
0
  6
CONTINUOUS
 10
188.261298
 20
3.527372
 30
0.0
 11
188.337863
 21
3.603582
 31
0.0
  0
LINE
  8
0
  6
CONTINUOUS
 10
188.314775
 20
3.453616
 30
0.0
 11
188.476519
 21
3.614611
 31
0.0
  0
LINE
  8
0
  6
CONTINUOUS
 10
188.37112
 20
3.382716
 30
0.0
 11
188.611767
 21
3.622248
 31
0.0
  0
LINE
  8
0
  6
CONTINUOUS
 10
188.261298
 20
3.527372
 30
0.0
 11
188.337863
 21
3.603582
 31
0.0
  0
LINE
  8
0
  6
CONTINUOUS
 10
188.487558
 20
3.245082
 30
0.0
 11
188.877435
 21
3.633154
 31
0.0
  0
LINE
  8
0
  6
CONTINUOUS
 10
188.547202
 20
3.177465
 30
0.0
 11
189.012600
 21
3.640709
 31
0.0
  0
LINE
  8
0
  6
CONTINUOUS
 10
188.428731
 20
3.313513
 30
0.0
 11
188.744473
 21
3.627793
 31
0.0
  0
LINE
  8
0
  6
CONTINUOUS
 10
188.487558
 20
3.245082
 30
0.0
 11
188.877435
 21
3.633154
 31
0.0
  0
LINE
  8
0
  6
CONTINUOUS
 10
188.547202
 20
3.177465
 30
0.0
 11
189.012600
 21
3.640709
 31
0.0
  0
LINE
  8
0
  6
CONTINUOUS
 10
188.428731
 20
3.313513
 30
0.0
 11
188.744473
 21
3.627793
 31
0.0
  0
LINE
  8
0
  6
CONTINUOUS
 10
188.668865
 20
3.044075
 30
0.0
 11
189.289229
 21
3.661567
 31
0.0
  0
LINE
  8
0
  6
CONTINUOUS
 10
188.730592
 20
2.978531
 30
0.0
 11
189.429811
 21
3.674513
 31
0.0
  0
LINE
  8
0
  6
CONTINUOUS
 10
188.607816
 20
3.110294
 30
0.0
 11
189.150303
 21
3.650268
 31
0.0
  0
LINE
  8
0
  6
CONTINUOUS
 10
188.668865
 20
3.044075
 30
0.0
 11
189.289229
 21
3.661567
 31
0.0
  0
LINE
  8
0
  6
CONTINUOUS
 10
188.730592
 20
2.978531
 30
0.0
 11
189.429811
 21
3.674513
 31
0.0
  0
LINE
  8
0
  6
CONTINUOUS
 10
188.607816
 20
3.110294
 30
0.0
 11
189.150303
 21
3.650268
 31
0.0
  0
LINE
  8
0
  6
CONTINUOUS
 10
188.856231
 20
2.849623
 30
0.0
 11
189.715643
 21
3.705056
 31
0.0
  0
LINE
  8
0
  6
CONTINUOUS
 10
188.920235
 20
2.786346
 30
0.0
 11
189.860849
 21
3.722605
 31
0.0
  0
LINE
  8
0
  6
CONTINUOUS
 10
188.793024
 20
2.913693
 30
0.0
 11
189.57196
 21
3.689023
 31
0.0
  0
LINE
  8
0
  6
CONTINUOUS
 10
188.856231
 20
2.849623
 30
0.0
 11
189.715643
 21
3.705056
 31
0.0
  0
LINE
  8
0
  6
CONTINUOUS
 10
188.920235
 20
2.786346
 30
0.0
 11
189.860849
 21
3.722605
 31
0.0
  0
LINE
  8
0
  6
CONTINUOUS
 10
188.793024
 20
2.913693
 30
0.0
 11
189.57196
 21
3.689023
 31
0.0
  0
LINE
  8
0
  6
CONTINUOUS
 10
189.050677
 20
2.662209
 30
0.0
 11
190.155984
 21
3.762398
 31
0.0
  0
LINE
  8
0
  6
CONTINUOUS
 10
189.117258
 20
2.601496
 30
0.0
 11
190.306092
 21
3.784827
 31
0.0
  0
LINE
  8
0
  6
CONTINUOUS
 10
188.985028
 20
2.723849
 30
0.0
 11
190.00761
 21
3.741697
 31
0.0
  0
LINE
  8
0
  6
CONTINUOUS
 10
189.050677
 20
2.662209
 30
0.0
 11
190.155984
 21
3.762398
 31
0.0
  0
LINE
  8
0
  6
CONTINUOUS
 10
189.117258
 20
2.601496
 30
0.0
 11
190.306092
 21
3.784827
 31
0.0
  0
LINE
  8
0
  6
CONTINUOUS
 10
188.985028
 20
2.723849
 30
0.0
 11
190.00761
 21
3.741697
 31
0.0
  0
LINE
  8
0
  6
CONTINUOUS
 10
189.253461
 20
2.483124
 30
0.0
 11
190.612319
 21
3.835691
 31
0.0
  0
LINE
  8
0
  6
CONTINUOUS
 10
189.323211
 20
2.425566
 30
0.0
 11
190.769193
 21
3.864854
 31
0.0
  0
LINE
  8
0
  6
CONTINUOUS
 10
189.184823
 20
2.541789
 30
0.0
 11
190.458090
 21
3.809161
 31
0.0
  0
LINE
  8
0
  6
CONTINUOUS
 10
189.253461
 20
2.483124
 30
0.0
 11
190.612319
 21
3.835691
 31
0.0
  0
LINE
  8
0
  6
CONTINUOUS
 10
189.323211
 20
2.425566
 30
0.0
 11
190.769193
 21
3.864854
 31
0.0
  0
LINE
  8
0
  6
CONTINUOUS
 10
189.184823
 20
2.541789
 30
0.0
 11
190.458090
 21
3.809161
 31
0.0
  0
LINE
  8
0
  6
CONTINUOUS
 10
189.466302
 20
2.313838
 30
0.0
 11
191.09467
 21
3.934668
 31
0.0
  0
LINE
  8
0
  6
CONTINUOUS
 10
189.539578
 20
2.259790
 30
0.0
 11
191.267086
 21
3.9793
 31
0.0
  0
LINE
  8
0
  6
CONTINUOUS
 10
189.394218
 20
2.369073
 30
0.0
 11
190.929684
 21
3.897431
 31
0.0
  0
LINE
  8
0
  6
CONTINUOUS
 10
189.466302
 20
2.313838
 30
0.0
 11
191.09467
 21
3.934668
 31
0.0
  0
LINE
  8
0
  6
CONTINUOUS
 10
189.539578
 20
2.259790
 30
0.0
 11
191.267086
 21
3.9793
 31
0.0
  0
LINE
  8
0
  6
CONTINUOUS
 10
189.394218
 20
2.369073
 30
0.0
 11
190.929684
 21
3.897431
 31
0.0
  0
LINE
  8
0
  6
CONTINUOUS
 10
189.689573
 20
2.155309
 30
0.0
 11
191.63826
 21
4.094974
 31
0.0
  0
LINE
  8
0
  6
CONTINUOUS
 10
189.613935
 20
2.207005
 30
0.0
 11
191.448236
 21
4.032815
 31
0.0
  0
LINE
  8
0
  6
CONTINUOUS
 10
189.689573
 20
2.155309
 30
0.0
 11
191.63826
 21
4.094974
 31
0.0
  0
LINE
  8
0
  6
CONTINUOUS
 10
189.613935
 20
2.207005
 30
0.0
 11
191.448236
 21
4.032815
 31
0.0
  0
LINE
  8
0
  6
CONTINUOUS
 10
189.851552
 20
2.050726
 30
0.0
 11
192.063877
 21
4.252809
 31
0.0
  0
LINE
  8
0
  6
CONTINUOUS
 10
189.930574
 20
2.002398
 30
0.0
 11
192.281650
 21
4.342589
 31
0.0
  0
LINE
  8
0
  6
CONTINUOUS
 10
189.773571
 20
2.100091
 30
0.0
 11
191.855736
 21
4.172616
 31
0.0
  0
LINE
  8
0
  6
CONTINUOUS
 10
189.851552
 20
2.050726
 30
0.0
 11
192.063877
 21
4.252809
 31
0.0
  0
LINE
  8
0
  6
CONTINUOUS
 10
189.930574
 20
2.002398
 30
0.0
 11
192.281650
 21
4.342589
 31
0.0
  0
LINE
  8
0
  6
CONTINUOUS
 10
189.773571
 20
2.100091
 30
0.0
 11
191.855736
 21
4.172616
 31
0.0
  0
LINE
  8
0
  6
CONTINUOUS
 10
190.091218
 20
1.908762
 30
0.0
 11
192.753203
 21
4.558422
 31
0.0
  0
LINE
  8
0
  6
CONTINUOUS
 10
190.172982
 20
1.863161
 30
0.0
 11
193.017819
 21
4.694828
 31
0.0
  0
LINE
  8
0
  6
CONTINUOUS
 10
190.010303
 20
1.955206
 30
0.0
 11
192.509861
 21
4.443192
 31
0.0
  0
LINE
  8
0
  6
CONTINUOUS
 10
190.091218
 20
1.908762
 30
0.0
 11
192.753203
 21
4.558422
 31
0.0
  0
LINE
  8
0
  6
CONTINUOUS
 10
190.172982
 20
1.863161
 30
0.0
 11
193.017819
 21
4.694828
 31
0.0
  0
LINE
  8
0
  6
CONTINUOUS
 10
190.010303
 20
1.955206
 30
0.0
 11
192.509861
 21
4.443192
 31
0.0
  0
LINE
  8
0
  6
CONTINUOUS
 10
190.339249
 20
1.773972
 30
0.0
 11
199.312719
 21
10.705898
 31
0.0
  0
LINE
  8
0
  6
CONTINUOUS
 10
190.423151
 20
1.7305
 30
0.0
 11
199.356063
 21
10.622056
 31
0.0
  0
LINE
  8
0
  6
CONTINUOUS
 10
190.255992
 20
1.818085
 30
0.0
 11
193.327343
 21
4.875217
 31
0.0
  0
LINE
  8
0
  6
CONTINUOUS
 10
190.339249
 20
1.773972
 30
0.0
 11
199.312719
 21
10.705898
 31
0.0
  0
LINE
  8
0
  6
CONTINUOUS
 10
190.423151
 20
1.7305
 30
0.0
 11
199.356063
 21
10.622056
 31
0.0
  0
LINE
  8
0
  6
CONTINUOUS
 10
190.255992
 20
1.818085
 30
0.0
 11
193.327343
 21
4.875217
 31
0.0
  0
LINE
  8
0
  6
CONTINUOUS
 10
190.592969
 20
1.645257
 30
0.0
 11
199.440474
 21
10.451802
 31
0.0
  0
LINE
  8
0
  6
CONTINUOUS
 10
190.679025
 20
1.60393
 30
0.0
 11
199.481392
 21
10.365545
 31
0.0
  0
LINE
  8
0
  6
CONTINUOUS
 10
190.50784
 20
1.687507
 30
0.0
 11
199.398722
 21
10.537227
 31
0.0
  0
LINE
  8
0
  6
CONTINUOUS
 10
190.592969
 20
1.645257
 30
0.0
 11
199.440474
 21
10.451802
 31
0.0
  0
LINE
  8
0
  6
CONTINUOUS
 10
190.679025
 20
1.60393
 30
0.0
 11
199.481392
 21
10.365545
 31
0.0
  0
LINE
  8
0
  6
CONTINUOUS
 10
190.50784
 20
1.687507
 30
0.0
 11
199.398722
 21
10.537227
 31
0.0
  0
LINE
  8
0
  6
CONTINUOUS
 10
190.854080
 20
1.524196
 30
0.0
 11
199.560488
 21
10.190296
 31
0.0
  0
LINE
  8
0
  6
CONTINUOUS
 10
190.943126
 20
1.485845
 30
0.0
 11
199.59848
 21
10.101128
 31
0.0
  0
LINE
  8
0
  6
CONTINUOUS
 10
190.766057
 20
1.563566
 30
0.0
 11
199.521423
 21
10.278398
 31
0.0
  0
LINE
  8
0
  6
CONTINUOUS
 10
190.854080
 20
1.524196
 30
0.0
 11
199.560488
 21
10.190296
 31
0.0
  0
LINE
  8
0
  6
CONTINUOUS
 10
190.943126
 20
1.485845
 30
0.0
 11
199.59848
 21
10.101128
 31
0.0
  0
LINE
  8
0
  6
CONTINUOUS
 10
190.766057
 20
1.563566
 30
0.0
 11
199.521423
 21
10.278398
 31
0.0
  0
LINE
  8
0
  6
CONTINUOUS
 10
191.123243
 20
1.412769
 30
0.0
 11
199.670134
 21
9.920091
 31
0.0
  0
LINE
  8
0
  6
CONTINUOUS
 10
191.215523
 20
1.377636
 30
0.0
 11
199.70369
 21
9.826506
 31
0.0
  0
LINE
  8
0
  6
CONTINUOUS
 10
191.032076
 20
1.449008
 30
0.0
 11
199.634789
 21
10.011894
 31
0.0
  0
LINE
  8
0
  6
CONTINUOUS
 10
191.123243
 20
1.412769
 30
0.0
 11
199.670134
 21
9.920091
 31
0.0
  0
LINE
  8
0
  6
CONTINUOUS
 10
191.215523
 20
1.377636
 30
0.0
 11
199.70369
 21
9.826506
 31
0.0
  0
LINE
  8
0
  6
CONTINUOUS
 10
191.032076
 20
1.449008
 30
0.0
 11
199.634789
 21
10.011894
 31
0.0
  0
LINE
  8
0
  6
CONTINUOUS
 10
191.404067
 20
1.310636
 30
0.0
 11
199.766107
 21
9.633962
 31
0.0
  0
LINE
  8
0
  6
CONTINUOUS
 10
191.499877
 20
1.279018
 30
0.0
 11
199.795291
 21
9.536027
 31
0.0
  0
LINE
  8
0
  6
CONTINUOUS
 10
191.309464
 20
1.343456
 30
0.0
 11
199.735696
 21
9.730678
 31
0.0
  0
LINE
  8
0
  6
CONTINUOUS
 10
191.404067
 20
1.310636
 30
0.0
 11
199.766107
 21
9.633962
 31
0.0
  0
LINE
  8
0
  6
CONTINUOUS
 10
191.499877
 20
1.279018
 30
0.0
 11
199.795291
 21
9.536027
 31
0.0
  0
LINE
  8
0
  6
CONTINUOUS
 10
191.309464
 20
1.343456
 30
0.0
 11
199.735696
 21
9.730678
 31
0.0
  0
LINE
  8
0
  6
CONTINUOUS
 10
191.695156
 20
1.219550
 30
0.0
 11
199.850397
 21
9.337036
 31
0.0
  0
LINE
  8
0
  6
CONTINUOUS
 10
191.794791
 20
1.191739
 30
0.0
 11
199.87646
 21
9.235993
 31
0.0
  0
LINE
  8
0
  6
CONTINUOUS
 10
191.596830
 20
1.248665
 30
0.0
 11
199.823344
 21
9.437093
 31
0.0
  0
LINE
  8
0
  6
CONTINUOUS
 10
191.695156
 20
1.219550
 30
0.0
 11
199.850397
 21
9.337036
 31
0.0
  0
LINE
  8
0
  6
CONTINUOUS
 10
191.794791
 20
1.191739
 30
0.0
 11
199.87646
 21
9.235993
 31
0.0
  0
LINE
  8
0
  6
CONTINUOUS
 10
191.596830
 20
1.248665
 30
0.0
 11
199.823344
 21
9.437093
 31
0.0
  0
LINE
  8
0
  6
CONTINUOUS
 10
191.996865
 20
1.140476
 30
0.0
 11
199.925338
 21
9.032242
 31
0.0
  0
LINE
  8
0
  6
CONTINUOUS
 10
192.100633
 20
1.116778
 30
0.0
 11
199.948388
 21
8.928201
 31
0.0
  0
LINE
  8
0
  6
CONTINUOUS
 10
191.894518
 20
1.165587
 30
0.0
 11
199.90124
 21
9.135241
 31
0.0
  0
LINE
  8
0
  6
CONTINUOUS
 10
191.996865
 20
1.140476
 30
0.0
 11
199.925338
 21
9.032242
 31
0.0
  0
LINE
  8
0
  6
CONTINUOUS
 10
192.100633
 20
1.116778
 30
0.0
 11
199.948388
 21
8.928201
 31
0.0
  0
LINE
  8
0
  6
CONTINUOUS
 10
191.894518
 20
1.165587
 30
0.0
 11
199.90124
 21
9.135241
 31
0.0
  0
LINE
  8
0
  6
CONTINUOUS
 10
192.312246
 20
1.073839
 30
0.0
 11
199.990882
 21
8.716926
 31
0.0
  0
LINE
  8
0
  6
CONTINUOUS
 10
192.420502
 20
1.054609
 30
0.0
 11
200.010037
 21
8.609007
 31
0.0
  0
LINE
  8
0
  6
CONTINUOUS
 10
192.205527
 20
1.094599
 30
0.0
 11
199.970236
 21
8.823361
 31
0.0
  0
LINE
  8
0
  6
CONTINUOUS
 10
192.312246
 20
1.073839
 30
0.0
 11
199.990882
 21
8.716926
 31
0.0
  0
LINE
  8
0
  6
CONTINUOUS
 10
192.420502
 20
1.054609
 30
0.0
 11
200.010037
 21
8.609007
 31
0.0
  0
LINE
  8
0
  6
CONTINUOUS
 10
192.205527
 20
1.094599
 30
0.0
 11
199.970236
 21
8.823361
 31
0.0
  0
LINE
  8
0
  6
CONTINUOUS
 10
192.641674
 20
1.02092
 30
0.0
 11
200.040576
 21
8.385568
 31
0.0
  0
LINE
  8
0
  6
CONTINUOUS
 10
192.755248
 20
1.006984
 30
0.0
 11
200.051054
 21
8.269012
 31
0.0
  0
LINE
  8
0
  6
CONTINUOUS
 10
192.530221
 20
1.036968
 30
0.0
 11
200.027125
 21
8.499164
 31
0.0
  0
LINE
  8
0
  6
CONTINUOUS
 10
192.641674
 20
1.02092
 30
0.0
 11
200.040576
 21
8.385568
 31
0.0
  0
LINE
  8
0
  6
CONTINUOUS
 10
192.755248
 20
1.006984
 30
0.0
 11
200.051054
 21
8.269012
 31
0.0
  0
LINE
  8
0
  6
CONTINUOUS
 10
192.530221
 20
1.036968
 30
0.0
 11
200.027125
 21
8.499164
 31
0.0
  0
LINE
  8
0
  6
CONTINUOUS
 10
192.994106
 20
0.990261
 30
0.0
 11
200.065518
 21
8.028934
 31
0.0
  0
LINE
  8
0
  6
CONTINUOUS
 10
193.117078
 20
0.985678
 30
0.0
 11
200.070098
 21
7.906508
 31
0.0
  0
LINE
  8
0
  6
CONTINUOUS
 10
192.873389
 20
0.997087
 30
0.0
 11
200.05926
 21
8.14969
 31
0.0
  0
LINE
  8
0
  6
CONTINUOUS
 10
192.994106
 20
0.990261
 30
0.0
 11
200.065518
 21
8.028934
 31
0.0
  0
LINE
  8
0
  6
CONTINUOUS
 10
193.117078
 20
0.985678
 30
0.0
 11
200.070098
 21
7.906508
 31
0.0
  0
LINE
  8
0
  6
CONTINUOUS
 10
192.873389
 20
0.997087
 30
0.0
 11
200.05926
 21
8.14969
 31
0.0
  0
LINE
  8
0
  6
CONTINUOUS
 10
193.368201
 20
0.981775
 30
0.0
 11
200.074686
 21
7.657212
 31
0.0
  0
LINE
  8
0
  6
CONTINUOUS
 10
193.496112
 20
0.982110
 30
0.0
 11
200.074759
 21
7.530299
 31
0.0
  0
LINE
  8
0
  6
CONTINUOUS
 10
193.241783
 20
0.982927
 30
0.0
 11
200.073131
 21
7.782649
 31
0.0
  0
LINE
  8
0
  6
CONTINUOUS
 10
193.368201
 20
0.981775
 30
0.0
 11
200.074686
 21
7.657212
 31
0.0
  0
LINE
  8
0
  6
CONTINUOUS
 10
193.496112
 20
0.982110
 30
0.0
 11
200.074759
 21
7.530299
 31
0.0
  0
LINE
  8
0
  6
CONTINUOUS
 10
193.241783
 20
0.982927
 30
0.0
 11
200.073131
 21
7.782649
 31
0.0
  0
LINE
  8
0
  6
CONTINUOUS
 10
187.382555
 20
5.06511
 30
0.0
 11
196.053398
 21
13.695809
 31
0.0
  0
LINE
  8
0
  6
CONTINUOUS
 10
187.382555
 20
5.06511
 30
0.0
 11
196.053398
 21
13.695809
 31
0.0
  0
LINE
  8
0
  6
CONTINUOUS
 10
193.888934
 20
0.992158
 30
0.0
 11
200.065049
 21
7.139680
 31
0.0
  0
LINE
  8
0
  6
CONTINUOUS
 10
194.023441
 20
0.999058
 30
0.0
 11
200.057590
 21
7.005271
 31
0.0
  0
LINE
  8
0
  6
CONTINUOUS
 10
193.756380
 20
0.987203
 30
0.0
 11
200.070135
 21
7.271727
 31
0.0
  0
LINE
  8
0
  6
CONTINUOUS
 10
193.888934
 20
0.992158
 30
0.0
 11
200.065049
 21
7.139680
 31
0.0
  0
LINE
  8
0
  6
CONTINUOUS
 10
194.023441
 20
0.999058
 30
0.0
 11
200.057590
 21
7.005271
 31
0.0
  0
LINE
  8
0
  6
CONTINUOUS
 10
193.756380
 20
0.987203
 30
0.0
 11
200.070135
 21
7.271727
 31
0.0
  0
LINE
  8
0
  6
CONTINUOUS
 10
194.301134
 20
1.021536
 30
0.0
 11
200.031326
 21
6.725199
 31
0.0
  0
LINE
  8
0
  6
CONTINUOUS
 10
194.448937
 20
1.041669
 30
0.0
 11
200.007471
 21
6.57447
 31
0.0
  0
LINE
  8
0
  6
CONTINUOUS
 10
194.160417
 20
1.008455
 30
0.0
 11
200.046945
 21
6.867731
 31
0.0
  0
LINE
  8
0
  6
CONTINUOUS
 10
194.301134
 20
1.021536
 30
0.0
 11
200.031326
 21
6.725199
 31
0.0
  0
LINE
  8
0
  6
CONTINUOUS
 10
194.448937
 20
1.041669
 30
0.0
 11
200.007471
 21
6.57447
 31
0.0
  0
LINE
  8
0
  6
CONTINUOUS
 10
194.160417
 20
1.008455
 30
0.0
 11
200.046945
 21
6.867731
 31
0.0
  0
LINE
  8
0
  6
CONTINUOUS
 10
194.765977
 20
1.103233
 30
0.0
 11
199.94584
 21
6.259114
 31
0.0
  0
LINE
  8
0
  6
CONTINUOUS
 10
194.932557
 20
1.142057
 30
0.0
 11
199.908038
 21
6.094502
 31
0.0
  0
LINE
  8
0
  6
CONTINUOUS
 10
194.605076
 20
1.070061
 30
0.0
 11
199.978807
 21
6.418914
 31
0.0
  0
LINE
  8
0
  6
CONTINUOUS
 10
194.765977
 20
1.103233
 30
0.0
 11
199.94584
 21
6.259114
 31
0.0
  0
LINE
  8
0
  6
CONTINUOUS
 10
194.932557
 20
1.142057
 30
0.0
 11
199.908038
 21
6.094502
 31
0.0
  0
LINE
  8
0
  6
CONTINUOUS
 10
194.605076
 20
1.070061
 30
0.0
 11
199.978807
 21
6.418914
 31
0.0
  0
LINE
  8
0
  6
CONTINUOUS
 10
195.286967
 20
1.240901
 30
0.0
 11
199.815211
 21
5.748181
 31
0.0
  0
LINE
  8
0
  6
CONTINUOUS
 10
195.477443
 20
1.303511
 30
0.0
 11
199.758329
 21
5.564578
 31
0.0
  0
LINE
  8
0
  6
CONTINUOUS
 10
195.105779
 20
1.187537
 30
0.0
 11
199.864774
 21
5.924499
 31
0.0
  0
LINE
  8
0
  6
CONTINUOUS
 10
195.286967
 20
1.240901
 30
0.0
 11
199.815211
 21
5.748181
 31
0.0
  0
LINE
  8
0
  6
CONTINUOUS
 10
195.477443
 20
1.303511
 30
0.0
 11
199.758329
 21
5.564578
 31
0.0
  0
LINE
  8
0
  6
CONTINUOUS
 10
195.105779
 20
1.187537
 30
0.0
 11
199.864774
 21
5.924499
 31
0.0
  0
LINE
  8
0
  6
CONTINUOUS
 10
195.891775
 20
1.462421
 30
0.0
 11
199.616957
 21
5.170358
 31
0.0
  0
LINE
  8
0
  6
CONTINUOUS
 10
196.119751
 20
1.562357
 30
0.0
 11
199.527686
 21
4.954515
 31
0.0
  0
LINE
  8
0
  6
CONTINUOUS
 10
195.677996
 20
1.376618
 30
0.0
 11
199.693025
 21
5.373058
 31
0.0
  0
LINE
  8
0
  6
CONTINUOUS
 10
195.891775
 20
1.462421
 30
0.0
 11
199.616957
 21
5.170358
 31
0.0
  0
LINE
  8
0
  6
CONTINUOUS
 10
196.119751
 20
1.562357
 30
0.0
 11
199.527686
 21
4.954515
 31
0.0
  0
LINE
  8
0
  6
CONTINUOUS
 10
195.677996
 20
1.376618
 30
0.0
 11
199.693025
 21
5.373058
 31
0.0
  0
LINE
  8
0
  6
CONTINUOUS
 10
196.629609
 20
1.815634
 30
0.0
 11
199.290322
 21
4.464029
 31
0.0
  0
LINE
  8
0
  6
CONTINUOUS
 10
196.932219
 20
1.989858
 30
0.0
 11
199.122725
 21
4.170223
 31
0.0
  0
LINE
  8
0
  6
CONTINUOUS
 10
196.36397
 20
1.67821
 30
0.0
 11
199.420924
 21
4.721011
 31
0.0
  0
LINE
  8
0
  6
CONTINUOUS
 10
196.629609
 20
1.815634
 30
0.0
 11
199.290322
 21
4.464029
 31
0.0
  0
LINE
  8
0
  6
CONTINUOUS
 10
196.932219
 20
1.989858
 30
0.0
 11
199.122725
 21
4.170223
 31
0.0
  0
LINE
  8
0
  6
CONTINUOUS
 10
196.36397
 20
1.67821
 30
0.0
 11
199.420924
 21
4.721011
 31
0.0
  0
LINE
  8
0
  6
CONTINUOUS
 10
197.944364
 20
2.743385
 30
0.0
 11
198.380495
 21
3.177497
 31
0.0
  0
LINE
  8
0
  6
CONTINUOUS
 10
197.303999
 20
2.232970
 30
0.0
 11
198.885894
 21
3.807541
 31
0.0
  0
LINE
  8
0
  6
CONTINUOUS
 10
197.944364
 20
2.743385
 30
0.0
 11
198.380495
 21
3.177497
 31
0.0
  0
LINE
  8
0
  6
CONTINUOUS
 10
197.303999
 20
2.232970
 30
0.0
 11
198.885894
 21
3.807541
 31
0.0
  0
LINE
  8
0
  6
CONTINUOUS
 10
193.625489
 20
0.983902
 30
0.0
 11
200.073288
 21
7.401851
 31
0.0
  0
LINE
  8
0
  6
CONTINUOUS
 10
193.756380
 20
0.987203
 30
0.0
 11
200.070135
 21
7.271727
 31
0.0
  0
LINE
  8
0
  6
CONTINUOUS
 10
193.496112
 20
0.982110
 30
0.0
 11
200.074759
 21
7.530299
 31
0.0
  0
LINE
  8
0
  6
CONTINUOUS
 10
193.625489
 20
0.983902
 30
0.0
 11
200.073288
 21
7.401851
 31
0.0
  0
LINE
  8
0
  6
CONTINUOUS
 10
193.496112
 20
0.982110
 30
0.0
 11
200.074759
 21
7.530299
 31
0.0
  0
LINE
  8
0
  6
CONTINUOUS
 10
196.103253
 20
11.713939
 30
0.0
 11
197.356083
 21
12.960968
 31
0.0
  0
LINE
  8
0
  6
CONTINUOUS
 10
196.103253
 20
11.713939
 30
0.0
 11
197.356083
 21
12.960968
 31
0.0
  0
LINE
  8
0
  6
CONTINUOUS
 10
195.360614
 20
7.92708
 30
0.0
 11
198.87237
 21
11.422577
 31
0.0
  0
LINE
  8
0
  6
CONTINUOUS
 10
195.360614
 20
7.92708
 30
0.0
 11
198.87237
 21
11.422577
 31
0.0
  0
LINE
  8
0
  6
CONTINUOUS
 10
195.523631
 20
8.470109
 30
0.0
 11
198.628961
 21
11.561063
 31
0.0
  0
LINE
  8
0
  6
CONTINUOUS
 10
195.414231
 20
8.107246
 30
0.0
 11
198.812995
 21
11.490274
 31
0.0
  0
LINE
  8
0
  6
CONTINUOUS
 10
195.466757
 20
8.286513
 30
0.0
 11
198.740074
 21
11.544676
 31
0.0
  0
LINE
  8
0
  6
CONTINUOUS
 10
195.523631
 20
8.470109
 30
0.0
 11
198.628961
 21
11.561063
 31
0.0
  0
LINE
  8
0
  6
CONTINUOUS
 10
195.414231
 20
8.107246
 30
0.0
 11
198.812995
 21
11.490274
 31
0.0
  0
LINE
  8
0
  6
CONTINUOUS
 10
195.466757
 20
8.286513
 30
0.0
 11
198.740074
 21
11.544676
 31
0.0
  0
LINE
  8
0
  6
CONTINUOUS
 10
195.743824
 20
9.070424
 30
0.0
 11
198.23209
 21
11.54717
 31
0.0
  0
LINE
  8
0
  6
CONTINUOUS
 10
195.587930
 20
8.661282
 30
0.0
 11
198.503439
 21
11.563293
 31
0.0
  0
LINE
  8
0
  6
CONTINUOUS
 10
195.660724
 20
8.860724
 30
0.0
 11
198.370991
 21
11.558443
 31
0.0
  0
LINE
  8
0
  6
CONTINUOUS
 10
195.743824
 20
9.070424
 30
0.0
 11
198.23209
 21
11.54717
 31
0.0
  0
LINE
  8
0
  6
CONTINUOUS
 10
195.587930
 20
8.661282
 30
0.0
 11
198.503439
 21
11.563293
 31
0.0
  0
LINE
  8
0
  6
CONTINUOUS
 10
195.660724
 20
8.860724
 30
0.0
 11
198.370991
 21
11.558443
 31
0.0
  0
LINE
  8
0
  6
CONTINUOUS
 10
196.087391
 20
9.793330
 30
0.0
 11
197.750561
 21
11.448801
 31
0.0
  0
LINE
  8
0
  6
CONTINUOUS
 10
195.839677
 20
9.292793
 30
0.0
 11
198.084784
 21
11.527507
 31
0.0
  0
LINE
  8
0
  6
CONTINUOUS
 10
195.952095
 20
9.531676
 30
0.0
 11
197.926021
 21
11.496464
 31
0.0
  0
LINE
  8
0
  6
CONTINUOUS
 10
196.087391
 20
9.793330
 30
0.0
 11
197.750561
 21
11.448801
 31
0.0
  0
LINE
  8
0
  6
CONTINUOUS
 10
195.839677
 20
9.292793
 30
0.0
 11
198.084784
 21
11.527507
 31
0.0
  0
LINE
  8
0
  6
CONTINUOUS
 10
195.952095
 20
9.531676
 30
0.0
 11
197.926021
 21
11.496464
 31
0.0
  0
LINE
  8
0
  6
CONTINUOUS
 10
197.776465
 20
11.855545
 30
0.0
 11
198.175863
 21
12.253093
 31
0.0
  0
LINE
  8
0
  6
CONTINUOUS
 10
196.257875
 20
10.090016
 30
0.0
 11
197.547347
 21
11.373518
 31
0.0
  0
LINE
  8
0
  6
CONTINUOUS
 10
196.495243
 20
10.453269
 30
0.0
 11
197.282623
 21
11.237003
 31
0.0
  0
LINE
  8
0
  6
CONTINUOUS
 10
197.776465
 20
11.855545
 30
0.0
 11
198.175863
 21
12.253093
 31
0.0
  0
LINE
  8
0
  6
CONTINUOUS
 10
196.257875
 20
10.090016
 30
0.0
 11
197.547347
 21
11.373518
 31
0.0
  0
LINE
  8
0
  6
CONTINUOUS
 10
196.495243
 20
10.453269
 30
0.0
 11
197.282623
 21
11.237003
 31
0.0
  0
LINE
  8
0
  6
CONTINUOUS
 10
197.255046
 20
11.844995
 30
0.0
 11
197.914573
 21
12.501468
 31
0.0
  0
LINE
  8
0
  6
CONTINUOUS
 10
197.255046
 20
11.844995
 30
0.0
 11
197.914573
 21
12.501468
 31
0.0
  0
LINE
  8
0
  6
CONTINUOUS
 10
196.708972
 20
11.808951
 30
0.0
 11
197.643263
 21
12.738916
 31
0.0
  0
LINE
  8
0
  6
CONTINUOUS
 10
196.708972
 20
11.808951
 30
0.0
 11
197.643263
 21
12.738916
 31
0.0
  0
LINE
  8
0
  6
CONTINUOUS
 10
195.022425
 20
6.944124
 30
0.0
 11
199.130918
 21
11.033596
 31
0.0
  0
LINE
  8
0
  6
CONTINUOUS
 10
194.769205
 20
6.438105
 30
0.0
 11
199.223395
 21
10.871675
 31
0.0
  0
LINE
  8
0
  6
CONTINUOUS
 10
194.916128
 20
6.711333
 30
0.0
 11
199.17761
 21
10.953087
 31
0.0
  0
LINE
  8
0
  6
CONTINUOUS
 10
195.022425
 20
6.944124
 30
0.0
 11
199.130918
 21
11.033596
 31
0.0
  0
LINE
  8
0
  6
CONTINUOUS
 10
194.769205
 20
6.438105
 30
0.0
 11
199.223395
 21
10.871675
 31
0.0
  0
LINE
  8
0
  6
CONTINUOUS
 10
194.916128
 20
6.711333
 30
0.0
 11
199.17761
 21
10.953087
 31
0.0
  0
LINE
  8
0
  6
CONTINUOUS
 10
195.240612
 20
7.541822
 30
0.0
 11
198.984282
 21
11.26816
 31
0.0
  0
LINE
  8
0
  6
CONTINUOUS
 10
195.105848
 20
7.153712
 30
0.0
 11
199.083384
 21
11.112834
 31
0.0
  0
LINE
  8
0
  6
CONTINUOUS
 10
195.176961
 20
7.351481
 30
0.0
 11
199.034532
 21
11.191192
 31
0.0
  0
LINE
  8
0
  6
CONTINUOUS
 10
195.240612
 20
7.541822
 30
0.0
 11
198.984282
 21
11.26816
 31
0.0
  0
LINE
  8
0
  6
CONTINUOUS
 10
195.105848
 20
7.153712
 30
0.0
 11
199.083384
 21
11.112834
 31
0.0
  0
LINE
  8
0
  6
CONTINUOUS
 10
195.176961
 20
7.351481
 30
0.0
 11
199.034532
 21
11.191192
 31
0.0
  0
LINE
  8
0
  6
CONTINUOUS
 10
195.304919
 20
7.744657
 30
0.0
 11
198.927267
 21
11.350235
 31
0.0
  0
LINE
  8
0
  6
CONTINUOUS
 10
195.304919
 20
7.744657
 30
0.0
 11
198.927267
 21
11.350235
 31
0.0
  0
LINE
  8
0
  6
CONTINUOUS
 10
194.540447
 20
6.082705
 30
0.0
 11
199.268588
 21
10.788956
 31
0.0
  0
LINE
  8
0
  6
CONTINUOUS
 10
194.540447
 20
6.082705
 30
0.0
 11
199.268588
 21
10.788956
 31
0.0
  0
LINE
  8
0
  6
CONTINUOUS
 10
195.376535
 20
11.498308
 30
0.0
 11
197.054036
 21
13.168043
 31
0.0
  0
LINE
  8
0
  6
CONTINUOUS
 10
195.376535
 20
11.498308
 30
0.0
 11
197.054036
 21
13.168043
 31
0.0
  0
LINE
  8
0
  6
CONTINUOUS
 10
194.456537
 20
11.090463
 30
0.0
 11
196.736613
 21
13.359984
 31
0.0
  0
LINE
  8
0
  6
CONTINUOUS
 10
194.456537
 20
11.090463
 30
0.0
 11
196.736613
 21
13.359984
 31
0.0
  0
LINE
  8
0
  6
CONTINUOUS
 10
190.021016
 20
4.136
 30
0.0
 11
191.139716
 21
5.249521
 31
0.0
  0
LINE
  8
0
  6
CONTINUOUS
 10
190.388058
 20
4.374358
 30
0.0
 11
190.955239
 21
4.938913
 31
0.0
  0
LINE
  8
0
  6
CONTINUOUS
 10
190.021016
 20
4.136
 30
0.0
 11
191.139716
 21
5.249521
 31
0.0
  0
LINE
  8
0
  6
CONTINUOUS
 10
190.388058
 20
4.374358
 30
0.0
 11
190.955239
 21
4.938913
 31
0.0
  0
LINE
  8
0
  6
CONTINUOUS
 10
189.230148
 20
3.857250
 30
0.0
 11
191.449999
 21
6.066823
 31
0.0
  0
LINE
  8
0
  6
CONTINUOUS
 10
189.230148
 20
3.857250
 30
0.0
 11
191.449999
 21
6.066823
 31
0.0
  0
LINE
  8
0
  6
CONTINUOUS
 10
188.659301
 20
3.796547
 30
0.0
 11
191.640271
 21
6.763717
 31
0.0
  0
LINE
  8
0
  6
CONTINUOUS
 10
188.659301
 20
3.796547
 30
0.0
 11
191.640271
 21
6.763717
 31
0.0
  0
LINE
  8
0
  6
CONTINUOUS
 10
198.290231
 20
11.858987
 30
0.0
 11
198.423312
 21
11.991452
 31
0.0
  0
LINE
  8
0
  6
CONTINUOUS
 10
198.427776
 20
11.86891
 30
0.0
 11
198.475348
 21
11.916262
 31
0.0
  0
LINE
  8
0
  6
CONTINUOUS
 10
198.290231
 20
11.858987
 30
0.0
 11
198.423312
 21
11.991452
 31
0.0
  0
LINE
  8
0
  6
CONTINUOUS
 10
198.427776
 20
11.86891
 30
0.0
 11
198.475348
 21
11.916262
 31
0.0
  0
LINE
  8
0
  6
CONTINUOUS
 10
207.436446
 20
2.56243
 30
0.0
 11
207.436446
 21
2.56243
 31
0.0
  0
LINE
  8
0
  6
CONTINUOUS
 10
203.994846
 20
4.321319
 30
0.0
 11
203.994846
 21
4.321319
 31
0.0
  0
LINE
  8
0
  6
CONTINUOUS
 10
205.262046
 20
4.406812
 30
0.0
 11
205.262046
 21
4.406812
 31
0.0
  0
LINE
  8
0
  6
CONTINUOUS
 10
212.418846
 20
4.325339
 30
0.0
 11
212.418846
 21
4.325339
 31
0.0
  0
LINE
  8
0
  6
CONTINUOUS
 10
213.507261
 20
4.382089
 30
0.0
 11
213.507261
 21
4.382089
 31
0.0
  0
LINE
  8
0
  6
CONTINUOUS
 10
218.106838
 20
4.310501
 30
0.0
 11
218.106846
 21
4.310501
 31
0.0
  0
LINE
  8
0
  6
CONTINUOUS
 10
219.346905
 20
4.38036
 30
0.0
 11
219.346905
 21
4.380362
 31
0.0
  0
LINE
  8
0
  6
CONTINUOUS
 10
221.099702
 20
4.463144
 30
0.0
 11
221.099702
 21
4.463144
 31
0.0
  0
LINE
  8
0
  6
CONTINUOUS
 10
223.276446
 20
6.952153
 30
0.0
 11
223.276446
 21
6.952153
 31
0.0
  0
LINE
  8
0
  6
CONTINUOUS
 10
224.966733
 20
6.99462
 30
0.0
 11
224.966733
 21
6.99462
 31
0.0
  0
LINE
  8
0
  6
CONTINUOUS
 10
230.786213
 20
4.577090
 30
0.0
 11
230.786213
 21
4.577090
 31
0.0
  0
LINE
  8
0
  6
CONTINUOUS
 10
228.761697
 20
5.38182
 30
0.0
 11
228.761697
 21
5.38182
 31
0.0
  0
LINE
  8
0
  6
CONTINUOUS
 10
230.087646
 20
5.432073
 30
0.0
 11
230.087646
 21
5.432073
 31
0.0
  0
LINE
  8
0
  6
CONTINUOUS
 10
203.36875
 20
7.895733
 30
0.0
 11
204.156289
 21
8.679626
 31
0.0
  0
LINE
  8
0
  6
CONTINUOUS
 10
203.36875
 20
7.895733
 30
0.0
 11
204.156289
 21
8.679626
 31
0.0
  0
LINE
  8
0
  6
CONTINUOUS
 10
203.512940
 20
7.785724
 30
0.0
 11
204.295618
 21
8.564779
 31
0.0
  0
LINE
  8
0
  6
CONTINUOUS
 10
203.587859
 20
7.733311
 30
0.0
 11
204.370029
 21
8.511859
 31
0.0
  0
LINE
  8
0
  6
CONTINUOUS
 10
203.439747
 20
7.839854
 30
0.0
 11
204.224059
 21
8.620536
 31
0.0
  0
LINE
  8
0
  6
CONTINUOUS
 10
203.512940
 20
7.785724
 30
0.0
 11
204.295618
 21
8.564779
 31
0.0
  0
LINE
  8
0
  6
CONTINUOUS
 10
203.587859
 20
7.733311
 30
0.0
 11
204.370029
 21
8.511859
 31
0.0
  0
LINE
  8
0
  6
CONTINUOUS
 10
203.439747
 20
7.839854
 30
0.0
 11
204.224059
 21
8.620536
 31
0.0
  0
LINE
  8
0
  6
CONTINUOUS
 10
203.742413
 20
7.632659
 30
0.0
 11
204.525660
 21
8.41228
 31
0.0
  0
LINE
  8
0
  6
CONTINUOUS
 10
203.821399
 20
7.584295
 30
0.0
 11
204.605802
 21
8.365066
 31
0.0
  0
LINE
  8
0
  6
CONTINUOUS
 10
203.664618
 20
7.682209
 30
0.0
 11
204.447061
 21
8.461030
 31
0.0
  0
LINE
  8
0
  6
CONTINUOUS
 10
203.742413
 20
7.632659
 30
0.0
 11
204.525660
 21
8.41228
 31
0.0
  0
LINE
  8
0
  6
CONTINUOUS
 10
203.821399
 20
7.584295
 30
0.0
 11
204.605802
 21
8.365066
 31
0.0
  0
LINE
  8
0
  6
CONTINUOUS
 10
203.664618
 20
7.682209
 30
0.0
 11
204.447061
 21
8.461030
 31
0.0
  0
LINE
  8
0
  6
CONTINUOUS
 10
203.982417
 20
7.490602
 30
0.0
 11
204.769708
 21
8.274248
 31
0.0
  0
LINE
  8
0
  6
CONTINUOUS
 10
204.064228
 20
7.445049
 30
0.0
 11
204.853091
 21
8.23026
 31
0.0
  0
LINE
  8
0
  6
CONTINUOUS
 10
203.901438
 20
7.536983
 30
0.0
 11
204.68722
 21
8.319127
 31
0.0
  0
LINE
  8
0
  6
CONTINUOUS
 10
203.982417
 20
7.490602
 30
0.0
 11
204.769708
 21
8.274248
 31
0.0
  0
LINE
  8
0
  6
CONTINUOUS
 10
204.064228
 20
7.445049
 30
0.0
 11
204.853091
 21
8.23026
 31
0.0
  0
LINE
  8
0
  6
CONTINUOUS
 10
203.901438
 20
7.536983
 30
0.0
 11
204.68722
 21
8.319127
 31
0.0
  0
LINE
  8
0
  6
CONTINUOUS
 10
202.583636
 20
5.717337
 30
0.0
 11
202.604526
 21
5.73813
 31
0.0
  0
LINE
  8
0
  6
CONTINUOUS
 10
202.601088
 20
5.607723
 30
0.0
 11
202.875695
 21
5.881059
 31
0.0
  0
LINE
  8
0
  6
CONTINUOUS
 10
204.146783
 20
7.400232
 30
0.0
 11
204.937232
 21
8.187022
 31
0.0
  0
LINE
  8
0
  6
CONTINUOUS
 10
202.583636
 20
5.717337
 30
0.0
 11
202.604526
 21
5.73813
 31
0.0
  0
LINE
  8
0
  6
CONTINUOUS
 10
202.601088
 20
5.607723
 30
0.0
 11
202.875695
 21
5.881059
 31
0.0
  0
LINE
  8
0
  6
CONTINUOUS
 10
204.146783
 20
7.400232
 30
0.0
 11
204.937232
 21
8.187022
 31
0.0
  0
LINE
  8
0
  6
CONTINUOUS
 10
202.665014
 20
5.417408
 30
0.0
 11
203.351657
 21
6.100872
 31
0.0
  0
LINE
  8
0
  6
CONTINUOUS
 10
202.701736
 20
5.326975
 30
0.0
 11
203.445819
 21
6.067613
 31
0.0
  0
LINE
  8
0
  6
CONTINUOUS
 10
202.631151
 20
5.510687
 30
0.0
 11
203.123136
 21
6.000394
 31
0.0
  0
LINE
  8
0
  6
CONTINUOUS
 10
202.665014
 20
5.417408
 30
0.0
 11
203.351657
 21
6.100872
 31
0.0
  0
LINE
  8
0
  6
CONTINUOUS
 10
202.701736
 20
5.326975
 30
0.0
 11
203.445819
 21
6.067613
 31
0.0
  0
LINE
  8
0
  6
CONTINUOUS
 10
202.631151
 20
5.510687
 30
0.0
 11
203.123136
 21
6.000394
 31
0.0
  0
LINE
  8
0
  6
CONTINUOUS
 10
202.78522
 20
5.155916
 30
0.0
 11
203.533625
 21
5.900856
 31
0.0
  0
LINE
  8
0
  6
CONTINUOUS
 10
202.834030
 20
5.077515
 30
0.0
 11
203.577676
 21
5.817719
 31
0.0
  0
LINE
  8
0
  6
CONTINUOUS
 10
202.741483
 20
5.239366
 30
0.0
 11
203.491810
 21
5.986220
 31
0.0
  0
LINE
  8
0
  6
CONTINUOUS
 10
202.78522
 20
5.155916
 30
0.0
 11
203.533625
 21
5.900856
 31
0.0
  0
LINE
  8
0
  6
CONTINUOUS
 10
202.834030
 20
5.077515
 30
0.0
 11
203.577676
 21
5.817719
 31
0.0
  0
LINE
  8
0
  6
CONTINUOUS
 10
202.741483
 20
5.239366
 30
0.0
 11
203.491810
 21
5.986220
 31
0.0
  0
LINE
  8
0
  6
CONTINUOUS
 10
202.943249
 20
4.932447
 30
0.0
 11
203.680239
 21
5.666025
 31
0.0
  0
LINE
  8
0
  6
CONTINUOUS
 10
203.003391
 20
4.865325
 30
0.0
 11
203.739849
 21
5.598374
 31
0.0
  0
LINE
  8
0
  6
CONTINUOUS
 10
202.886720
 20
5.003164
 30
0.0
 11
203.626322
 21
5.739342
 31
0.0
  0
LINE
  8
0
  6
CONTINUOUS
 10
202.943249
 20
4.932447
 30
0.0
 11
203.680239
 21
5.666025
 31
0.0
  0
LINE
  8
0
  6
CONTINUOUS
 10
203.003391
 20
4.865325
 30
0.0
 11
203.739849
 21
5.598374
 31
0.0
  0
LINE
  8
0
  6
CONTINUOUS
 10
202.886720
 20
5.003164
 30
0.0
 11
203.626322
 21
5.739342
 31
0.0
  0
LINE
  8
0
  6
CONTINUOUS
 10
203.133844
 20
4.741606
 30
0.0
 11
203.877386
 21
5.481706
 31
0.0
  0
LINE
  8
0
  6
CONTINUOUS
 10
203.204209
 20
4.68466
 30
0.0
 11
203.955925
 21
5.432896
 31
0.0
  0
LINE
  8
0
  6
CONTINUOUS
 10
203.066818
 20
4.801876
 30
0.0
 11
203.805335
 21
5.536973
 31
0.0
  0
LINE
  8
0
  6
CONTINUOUS
 10
203.133844
 20
4.741606
 30
0.0
 11
203.877386
 21
5.481706
 31
0.0
  0
LINE
  8
0
  6
CONTINUOUS
 10
203.204209
 20
4.68466
 30
0.0
 11
203.955925
 21
5.432896
 31
0.0
  0
LINE
  8
0
  6
CONTINUOUS
 10
203.066818
 20
4.801876
 30
0.0
 11
203.805335
 21
5.536973
 31
0.0
  0
LINE
  8
0
  6
CONTINUOUS
 10
203.35455
 20
4.580768
 30
0.0
 11
204.131775
 21
5.354395
 31
0.0
  0
LINE
  8
0
  6
CONTINUOUS
 10
203.43477
 20
4.533633
 30
0.0
 11
204.228805
 21
5.323992
 31
0.0
  0
LINE
  8
0
  6
CONTINUOUS
 10
203.277616
 20
4.631175
 30
0.0
 11
204.040601
 21
5.390628
 31
0.0
  0
LINE
  8
0
  6
CONTINUOUS
 10
203.35455
 20
4.580768
 30
0.0
 11
204.131775
 21
5.354395
 31
0.0
  0
LINE
  8
0
  6
CONTINUOUS
 10
203.43477
 20
4.533633
 30
0.0
 11
204.228805
 21
5.323992
 31
0.0
  0
LINE
  8
0
  6
CONTINUOUS
 10
203.277616
 20
4.631175
 30
0.0
 11
204.040601
 21
5.390628
 31
0.0
  0
LINE
  8
0
  6
CONTINUOUS
 10
203.605707
 20
4.449091
 30
0.0
 11
204.440441
 21
5.279961
 31
0.0
  0
LINE
  8
0
  6
CONTINUOUS
 10
203.69607
 20
4.41205
 30
0.0
 11
204.557634
 21
5.269626
 31
0.0
  0
LINE
  8
0
  6
CONTINUOUS
 10
203.518787
 20
4.489558
 30
0.0
 11
204.331813
 21
5.29882
 31
0.0
  0
LINE
  8
0
  6
CONTINUOUS
 10
203.605707
 20
4.449091
 30
0.0
 11
204.440441
 21
5.279961
 31
0.0
  0
LINE
  8
0
  6
CONTINUOUS
 10
203.69607
 20
4.41205
 30
0.0
 11
204.557634
 21
5.269626
 31
0.0
  0
LINE
  8
0
  6
CONTINUOUS
 10
203.518787
 20
4.489558
 30
0.0
 11
204.331813
 21
5.29882
 31
0.0
  0
LINE
  8
0
  6
CONTINUOUS
 10
203.887803
 20
4.348621
 30
0.0
 11
204.829409
 21
5.285868
 31
0.0
  0
LINE
  8
0
  6
CONTINUOUS
 10
203.989249
 20
4.322612
 30
0.0
 11
204.999324
 21
5.328011
 31
0.0
  0
LINE
  8
0
  6
CONTINUOUS
 10
203.790207
 20
4.378462
 30
0.0
 11
204.68601
 21
5.270118
 31
0.0
  0
LINE
  8
0
  6
CONTINUOUS
 10
203.887803
 20
4.348621
 30
0.0
 11
204.829409
 21
5.285868
 31
0.0
  0
LINE
  8
0
  6
CONTINUOUS
 10
203.989249
 20
4.322612
 30
0.0
 11
204.999324
 21
5.328011
 31
0.0
  0
LINE
  8
0
  6
CONTINUOUS
 10
203.790207
 20
4.378462
 30
0.0
 11
204.68601
 21
5.270118
 31
0.0
  0
LINE
  8
0
  6
CONTINUOUS
 10
204.216253
 20
4.294587
 30
0.0
 11
206.63679
 21
6.703918
 31
0.0
  0
LINE
  8
0
  6
CONTINUOUS
 10
204.33939
 20
4.290169
 30
0.0
 11
206.657684
 21
6.59773
 31
0.0
  0
LINE
  8
0
  6
CONTINUOUS
 10
204.098363
 20
4.304227
 30
0.0
 11
206.60972
 21
6.803958
 31
0.0
  0
LINE
  8
0
  6
CONTINUOUS
 10
204.216253
 20
4.294587
 30
0.0
 11
206.63679
 21
6.703918
 31
0.0
  0
LINE
  8
0
  6
CONTINUOUS
 10
204.33939
 20
4.290169
 30
0.0
 11
206.657684
 21
6.59773
 31
0.0
  0
LINE
  8
0
  6
CONTINUOUS
 10
204.098363
 20
4.304227
 30
0.0
 11
206.60972
 21
6.803958
 31
0.0
  0
LINE
  8
0
  6
CONTINUOUS
 10
204.592801
 20
4.290047
 30
0.0
 11
206.680836
 21
6.368415
 31
0.0
  0
LINE
  8
0
  6
CONTINUOUS
 10
204.72285
 20
4.292509
 30
0.0
 11
206.683599
 21
6.244181
 31
0.0
  0
LINE
  8
0
  6
CONTINUOUS
 10
204.464207
 20
4.289034
 30
0.0
 11
206.672207
 21
6.486811
 31
0.0
  0
LINE
  8
0
  6
CONTINUOUS
 10
204.592801
 20
4.290047
 30
0.0
 11
206.680836
 21
6.368415
 31
0.0
  0
LINE
  8
0
  6
CONTINUOUS
 10
204.72285
 20
4.292509
 30
0.0
 11
206.683599
 21
6.244181
 31
0.0
  0
LINE
  8
0
  6
CONTINUOUS
 10
204.464207
 20
4.289034
 30
0.0
 11
206.672207
 21
6.486811
 31
0.0
  0
LINE
  8
0
  6
CONTINUOUS
 10
204.988529
 20
4.302287
 30
0.0
 11
206.674522
 21
5.980474
 31
0.0
  0
LINE
  8
0
  6
CONTINUOUS
 10
205.128957
 20
4.31508
 30
0.0
 11
206.662509
 21
5.841532
 31
0.0
  0
LINE
  8
0
  6
CONTINUOUS
 10
204.854789
 20
4.29615
 30
0.0
 11
206.680875
 21
6.113783
 31
0.0
  0
LINE
  8
0
  6
CONTINUOUS
 10
204.988529
 20
4.302287
 30
0.0
 11
206.674522
 21
5.980474
 31
0.0
  0
LINE
  8
0
  6
CONTINUOUS
 10
205.128957
 20
4.31508
 30
0.0
 11
206.662509
 21
5.841532
 31
0.0
  0
LINE
  8
0
  6
CONTINUOUS
 10
204.854789
 20
4.29615
 30
0.0
 11
206.680875
 21
6.113783
 31
0.0
  0
LINE
  8
0
  6
CONTINUOUS
 10
205.481162
 20
4.411812
 30
0.0
 11
206.577292
 21
5.502868
 31
0.0
  0
LINE
  8
0
  6
CONTINUOUS
 10
205.712483
 20
4.515077
 30
0.0
 11
206.483249
 21
5.282275
 31
0.0
  0
LINE
  8
0
  6
CONTINUOUS
 10
205.288821
 20
4.347347
 30
0.0
 11
206.634304
 21
5.686601
 31
0.0
  0
LINE
  8
0
  6
CONTINUOUS
 10
205.481162
 20
4.411812
 30
0.0
 11
206.577292
 21
5.502868
 31
0.0
  0
LINE
  8
0
  6
CONTINUOUS
 10
205.712483
 20
4.515077
 30
0.0
 11
206.483249
 21
5.282275
 31
0.0
  0
LINE
  8
0
  6
CONTINUOUS
 10
205.288821
 20
4.347347
 30
0.0
 11
206.634304
 21
5.686601
 31
0.0
  0
LINE
  8
0
  6
CONTINUOUS
 10
207.881921
 20
6.422069
 30
0.0
 11
208.618425
 21
7.155164
 31
0.0
  0
LINE
  8
0
  6
CONTINUOUS
 10
207.918270
 20
6.331265
 30
0.0
 11
208.651061
 21
7.060663
 31
0.0
  0
LINE
  8
0
  6
CONTINUOUS
 10
207.845543
 20
6.512845
 30
0.0
 11
208.585707
 21
7.249582
 31
0.0
  0
LINE
  8
0
  6
CONTINUOUS
 10
207.881921
 20
6.422069
 30
0.0
 11
208.618425
 21
7.155164
 31
0.0
  0
LINE
  8
0
  6
CONTINUOUS
 10
207.918270
 20
6.331265
 30
0.0
 11
208.651061
 21
7.060663
 31
0.0
  0
LINE
  8
0
  6
CONTINUOUS
 10
207.845543
 20
6.512845
 30
0.0
 11
208.585707
 21
7.249582
 31
0.0
  0
LINE
  8
0
  6
CONTINUOUS
 10
207.990769
 20
6.149856
 30
0.0
 11
208.715964
 21
6.871694
 31
0.0
  0
LINE
  8
0
  6
CONTINUOUS
 10
208.027030
 20
6.058965
 30
0.0
 11
208.748318
 21
6.776913
 31
0.0
  0
LINE
  8
0
  6
CONTINUOUS
 10
207.954477
 20
6.240718
 30
0.0
 11
208.683508
 21
6.966373
 31
0.0
  0
LINE
  8
0
  6
CONTINUOUS
 10
207.990769
 20
6.149856
 30
0.0
 11
208.715964
 21
6.871694
 31
0.0
  0
LINE
  8
0
  6
CONTINUOUS
 10
208.027030
 20
6.058965
 30
0.0
 11
208.748318
 21
6.776913
 31
0.0
  0
LINE
  8
0
  6
CONTINUOUS
 10
207.954477
 20
6.240718
 30
0.0
 11
208.683508
 21
6.966373
 31
0.0
  0
LINE
  8
0
  6
CONTINUOUS
 10
208.099417
 20
5.877179
 30
0.0
 11
208.812621
 21
6.587081
 31
0.0
  0
LINE
  8
0
  6
CONTINUOUS
 10
208.135577
 20
5.786186
 30
0.0
 11
208.844552
 21
6.491880
 31
0.0
  0
LINE
  8
0
  6
CONTINUOUS
 10
208.063222
 20
5.968136
 30
0.0
 11
208.780521
 21
6.682115
 31
0.0
  0
LINE
  8
0
  6
CONTINUOUS
 10
208.099417
 20
5.877179
 30
0.0
 11
208.812621
 21
6.587081
 31
0.0
  0
LINE
  8
0
  6
CONTINUOUS
 10
208.135577
 20
5.786186
 30
0.0
 11
208.844552
 21
6.491880
 31
0.0
  0
LINE
  8
0
  6
CONTINUOUS
 10
208.063222
 20
5.968136
 30
0.0
 11
208.780521
 21
6.682115
 31
0.0
  0
LINE
  8
0
  6
CONTINUOUS
 10
208.207916
 20
5.603716
 30
0.0
 11
208.907782
 21
6.300342
 31
0.0
  0
LINE
  8
0
  6
CONTINUOUS
 10
208.243944
 20
5.512592
 30
0.0
 11
208.938649
 21
6.204081
 31
0.0
  0
LINE
  8
0
  6
CONTINUOUS
 10
208.171840
 20
5.694792
 30
0.0
 11
208.876388
 21
6.396078
 31
0.0
  0
LINE
  8
0
  6
CONTINUOUS
 10
208.207916
 20
5.603716
 30
0.0
 11
208.907782
 21
6.300342
 31
0.0
  0
LINE
  8
0
  6
CONTINUOUS
 10
208.243944
 20
5.512592
 30
0.0
 11
208.938649
 21
6.204081
 31
0.0
  0
LINE
  8
0
  6
CONTINUOUS
 10
208.171840
 20
5.694792
 30
0.0
 11
208.876388
 21
6.396078
 31
0.0
  0
LINE
  8
0
  6
CONTINUOUS
 10
208.315791
 20
5.330243
 30
0.0
 11
208.993523
 21
6.004838
 31
0.0
  0
LINE
  8
0
  6
CONTINUOUS
 10
208.351614
 20
5.238916
 30
0.0
 11
209.019265
 21
5.903476
 31
0.0
  0
LINE
  8
0
  6
CONTINUOUS
 10
208.279885
 20
5.421489
 30
0.0
 11
208.968186
 21
6.106603
 31
0.0
  0
LINE
  8
0
  6
CONTINUOUS
 10
208.315791
 20
5.330243
 30
0.0
 11
208.993523
 21
6.004838
 31
0.0
  0
LINE
  8
0
  6
CONTINUOUS
 10
208.351614
 20
5.238916
 30
0.0
 11
209.019265
 21
5.903476
 31
0.0
  0
LINE
  8
0
  6
CONTINUOUS
 10
208.279885
 20
5.421489
 30
0.0
 11
208.968186
 21
6.106603
 31
0.0
  0
LINE
  8
0
  6
CONTINUOUS
 10
208.458218
 20
4.964072
 30
0.0
 11
210.713172
 21
7.208586
 31
0.0
  0
LINE
  8
0
  6
CONTINUOUS
 10
208.492949
 20
4.871656
 30
0.0
 11
210.595646
 21
6.964619
 31
0.0
  0
LINE
  8
0
  6
CONTINUOUS
 10
208.422899
 20
5.055901
 30
0.0
 11
210.830263
 21
7.45212
 31
0.0
  0
LINE
  8
0
  6
CONTINUOUS
 10
208.458218
 20
4.964072
 30
0.0
 11
210.713172
 21
7.208586
 31
0.0
  0
LINE
  8
0
  6
CONTINUOUS
 10
208.492949
 20
4.871656
 30
0.0
 11
210.595646
 21
6.964619
 31
0.0
  0
LINE
  8
0
  6
CONTINUOUS
 10
208.422899
 20
5.055901
 30
0.0
 11
210.830263
 21
7.45212
 31
0.0
  0
LINE
  8
0
  6
CONTINUOUS
 10
208.352784
 20
4.478212
 30
0.0
 11
210.359601
 21
6.475738
 31
0.0
  0
LINE
  8
0
  6
CONTINUOUS
 10
208.238027
 20
4.237001
 30
0.0
 11
210.241125
 21
6.230825
 31
0.0
  0
LINE
  8
0
  6
CONTINUOUS
 10
208.46144
 20
4.713350
 30
0.0
 11
210.477798
 21
6.720373
 31
0.0
  0
LINE
  8
0
  6
CONTINUOUS
 10
208.352784
 20
4.478212
 30
0.0
 11
210.359601
 21
6.475738
 31
0.0
  0
LINE
  8
0
  6
CONTINUOUS
 10
208.238027
 20
4.237001
 30
0.0
 11
210.241125
 21
6.230825
 31
0.0
  0
LINE
  8
0
  6
CONTINUOUS
 10
208.46144
 20
4.713350
 30
0.0
 11
210.477798
 21
6.720373
 31
0.0
  0
LINE
  8
0
  6
CONTINUOUS
 10
207.999183
 20
3.745253
 30
0.0
 11
210.003372
 21
5.740164
 31
0.0
  0
LINE
  8
0
  6
CONTINUOUS
 10
207.877403
 20
3.497052
 30
0.0
 11
209.884151
 21
5.49451
 31
0.0
  0
LINE
  8
0
  6
CONTINUOUS
 10
208.119895
 20
3.992391
 30
0.0
 11
210.122353
 21
5.985579
 31
0.0
  0
LINE
  8
0
  6
CONTINUOUS
 10
207.999183
 20
3.745253
 30
0.0
 11
210.003372
 21
5.740164
 31
0.0
  0
LINE
  8
0
  6
CONTINUOUS
 10
207.877403
 20
3.497052
 30
0.0
 11
209.884151
 21
5.49451
 31
0.0
  0
LINE
  8
0
  6
CONTINUOUS
 10
208.119895
 20
3.992391
 30
0.0
 11
210.122353
 21
5.985579
 31
0.0
  0
LINE
  8
0
  6
CONTINUOUS
 10
207.640137
 20
3.006960
 30
0.0
 11
209.645026
 21
5.002567
 31
0.0
  0
LINE
  8
0
  6
CONTINUOUS
 10
207.526363
 20
2.766728
 30
0.0
 11
209.525059
 21
4.756171
 31
0.0
  0
LINE
  8
0
  6
CONTINUOUS
 10
207.757591
 20
3.250856
 30
0.0
 11
209.764733
 21
5.248705
 31
0.0
  0
LINE
  8
0
  6
CONTINUOUS
 10
207.640137
 20
3.006960
 30
0.0
 11
209.645026
 21
5.002567
 31
0.0
  0
LINE
  8
0
  6
CONTINUOUS
 10
207.526363
 20
2.766728
 30
0.0
 11
209.525059
 21
4.756171
 31
0.0
  0
LINE
  8
0
  6
CONTINUOUS
 10
207.757591
 20
3.250856
 30
0.0
 11
209.764733
 21
5.248705
 31
0.0
  0
LINE
  8
0
  6
CONTINUOUS
 10
207.543701
 20
2.530483
 30
0.0
 11
209.284699
 21
4.263421
 31
0.0
  0
LINE
  8
0
  6
CONTINUOUS
 10
207.666259
 20
2.525489
 30
0.0
 11
209.163783
 21
4.016080
 31
0.0
  0
LINE
  8
0
  6
CONTINUOUS
 10
207.439527
 20
2.553777
 30
0.0
 11
209.405256
 21
4.510405
 31
0.0
  0
LINE
  8
0
  6
CONTINUOUS
 10
207.543701
 20
2.530483
 30
0.0
 11
209.284699
 21
4.263421
 31
0.0
  0
LINE
  8
0
  6
CONTINUOUS
 10
207.666259
 20
2.525489
 30
0.0
 11
209.163783
 21
4.016080
 31
0.0
  0
LINE
  8
0
  6
CONTINUOUS
 10
207.439527
 20
2.553777
 30
0.0
 11
209.405256
 21
4.510405
 31
0.0
  0
LINE
  8
0
  6
CONTINUOUS
 10
207.919585
 20
2.523422
 30
0.0
 11
208.920292
 21
3.519495
 31
0.0
  0
LINE
  8
0
  6
CONTINUOUS
 10
208.04716
 20
2.52342
 30
0.0
 11
208.797629
 21
3.270415
 31
0.0
  0
LINE
  8
0
  6
CONTINUOUS
 10
207.792409
 20
2.523819
 30
0.0
 11
209.042193
 21
3.767817
 31
0.0
  0
LINE
  8
0
  6
CONTINUOUS
 10
207.919585
 20
2.523422
 30
0.0
 11
208.920292
 21
3.519495
 31
0.0
  0
LINE
  8
0
  6
CONTINUOUS
 10
208.04716
 20
2.52342
 30
0.0
 11
208.797629
 21
3.270415
 31
0.0
  0
LINE
  8
0
  6
CONTINUOUS
 10
207.792409
 20
2.523819
 30
0.0
 11
209.042193
 21
3.767817
 31
0.0
  0
LINE
  8
0
  6
CONTINUOUS
 10
208.302273
 20
2.52342
 30
0.0
 11
208.547396
 21
2.767408
 31
0.0
  0
LINE
  8
0
  6
CONTINUOUS
 10
212.326472
 20
6.402004
 30
0.0
 11
213.002756
 21
7.075157
 31
0.0
  0
LINE
  8
0
  6
CONTINUOUS
 10
208.174697
 20
2.52342
 30
0.0
 11
208.673799
 21
3.020211
 31
0.0
  0
LINE
  8
0
  6
CONTINUOUS
 10
208.302273
 20
2.52342
 30
0.0
 11
208.547396
 21
2.767408
 31
0.0
  0
LINE
  8
0
  6
CONTINUOUS
 10
212.326472
 20
6.402004
 30
0.0
 11
213.002756
 21
7.075157
 31
0.0
  0
LINE
  8
0
  6
CONTINUOUS
 10
208.174697
 20
2.52342
 30
0.0
 11
208.673799
 21
3.020211
 31
0.0
  0
LINE
  8
0
  6
CONTINUOUS
 10
211.354843
 20
5.181342
 30
0.0
 11
211.418972
 21
5.245173
 31
0.0
  0
LINE
  8
0
  6
CONTINUOUS
 10
211.395819
 20
5.095143
 30
0.0
 11
211.742081
 21
5.439802
 31
0.0
  0
LINE
  8
0
  6
CONTINUOUS
 10
212.410034
 20
6.358632
 30
0.0
 11
213.089949
 21
7.035399
 31
0.0
  0
LINE
  8
0
  6
CONTINUOUS
 10
211.354843
 20
5.181342
 30
0.0
 11
211.418972
 21
5.245173
 31
0.0
  0
LINE
  8
0
  6
CONTINUOUS
 10
211.395819
 20
5.095143
 30
0.0
 11
211.742081
 21
5.439802
 31
0.0
  0
LINE
  8
0
  6
CONTINUOUS
 10
212.410034
 20
6.358632
 30
0.0
 11
213.089949
 21
7.035399
 31
0.0
  0
LINE
  8
0
  6
CONTINUOUS
 10
211.493637
 20
4.938018
 30
0.0
 11
212.169703
 21
5.610954
 31
0.0
  0
LINE
  8
0
  6
CONTINUOUS
 10
211.548144
 20
4.865287
 30
0.0
 11
212.214822
 21
5.528879
 31
0.0
  0
LINE
  8
0
  6
CONTINUOUS
 10
211.443167
 20
5.014766
 30
0.0
 11
212.017146
 21
5.586088
 31
0.0
  0
LINE
  8
0
  6
CONTINUOUS
 10
211.493637
 20
4.938018
 30
0.0
 11
212.169703
 21
5.610954
 31
0.0
  0
LINE
  8
0
  6
CONTINUOUS
 10
211.548144
 20
4.865287
 30
0.0
 11
212.214822
 21
5.528879
 31
0.0
  0
LINE
  8
0
  6
CONTINUOUS
 10
211.443167
 20
5.014766
 30
0.0
 11
212.017146
 21
5.586088
 31
0.0
  0
LINE
  8
0
  6
CONTINUOUS
 10
211.668936
 20
4.731555
 30
0.0
 11
212.309140
 21
5.368795
 31
0.0
  0
LINE
  8
0
  6
CONTINUOUS
 10
211.735035
 20
4.670363
 30
0.0
 11
212.368656
 21
5.301051
 31
0.0
  0
LINE
  8
0
  6
CONTINUOUS
 10
211.606616
 20
4.796508
 30
0.0
 11
212.256673
 21
5.443556
 31
0.0
  0
LINE
  8
0
  6
CONTINUOUS
 10
211.668936
 20
4.731555
 30
0.0
 11
212.309140
 21
5.368795
 31
0.0
  0
LINE
  8
0
  6
CONTINUOUS
 10
211.735035
 20
4.670363
 30
0.0
 11
212.368656
 21
5.301051
 31
0.0
  0
LINE
  8
0
  6
CONTINUOUS
 10
211.606616
 20
4.796508
 30
0.0
 11
212.256673
 21
5.443556
 31
0.0
  0
LINE
  8
0
  6
CONTINUOUS
 10
211.878565
 20
4.559254
 30
0.0
 11
212.505766
 21
5.18355
 31
0.0
  0
LINE
  8
0
  6
CONTINUOUS
 10
211.956123
 20
4.509467
 30
0.0
 11
212.584796
 21
5.13523
 31
0.0
  0
LINE
  8
0
  6
CONTINUOUS
 10
211.804901
 20
4.612916
 30
0.0
 11
212.434165
 21
5.239266
 31
0.0
  0
LINE
  8
0
  6
CONTINUOUS
 10
211.878565
 20
4.559254
 30
0.0
 11
212.505766
 21
5.18355
 31
0.0
  0
LINE
  8
0
  6
CONTINUOUS
 10
211.956123
 20
4.509467
 30
0.0
 11
212.584796
 21
5.13523
 31
0.0
  0
LINE
  8
0
  6
CONTINUOUS
 10
211.804901
 20
4.612916
 30
0.0
 11
212.434165
 21
5.239266
 31
0.0
  0
LINE
  8
0
  6
CONTINUOUS
 10
212.123591
 20
4.422215
 30
0.0
 11
212.770275
 21
5.065905
 31
0.0
  0
LINE
  8
0
  6
CONTINUOUS
 10
212.214069
 20
4.385289
 30
0.0
 11
212.875076
 21
5.043236
 31
0.0
  0
LINE
  8
0
  6
CONTINUOUS
 10
212.037711
 20
4.463718
 30
0.0
 11
212.673718
 21
5.096780
 31
0.0
  0
LINE
  8
0
  6
CONTINUOUS
 10
212.123591
 20
4.422215
 30
0.0
 11
212.770275
 21
5.065905
 31
0.0
  0
LINE
  8
0
  6
CONTINUOUS
 10
212.214069
 20
4.385289
 30
0.0
 11
212.875076
 21
5.043236
 31
0.0
  0
LINE
  8
0
  6
CONTINUOUS
 10
212.037711
 20
4.463718
 30
0.0
 11
212.673718
 21
5.096780
 31
0.0
  0
LINE
  8
0
  6
CONTINUOUS
 10
212.410924
 20
4.327077
 30
0.0
 11
213.119902
 21
5.032772
 31
0.0
  0
LINE
  8
0
  6
CONTINUOUS
 10
212.519952
 20
4.308615
 30
0.0
 11
213.273928
 21
5.0591
 31
0.0
  0
LINE
  8
0
  6
CONTINUOUS
 10
212.309734
 20
4.35334
 30
0.0
 11
212.990388
 21
5.030843
 31
0.0
  0
LINE
  8
0
  6
CONTINUOUS
 10
212.410924
 20
4.327077
 30
0.0
 11
213.119902
 21
5.032772
 31
0.0
  0
LINE
  8
0
  6
CONTINUOUS
 10
212.519952
 20
4.308615
 30
0.0
 11
213.273928
 21
5.0591
 31
0.0
  0
LINE
  8
0
  6
CONTINUOUS
 10
212.309734
 20
4.35334
 30
0.0
 11
212.990388
 21
5.030843
 31
0.0
  0
LINE
  8
0
  6
CONTINUOUS
 10
212.755559
 20
4.289349
 30
0.0
 11
214.562509
 21
6.087933
 31
0.0
  0
LINE
  8
0
  6
CONTINUOUS
 10
212.878899
 20
4.285133
 30
0.0
 11
214.602884
 21
6.001136
 31
0.0
  0
LINE
  8
0
  6
CONTINUOUS
 10
212.635542
 20
4.296872
 30
0.0
 11
214.518464
 21
6.171077
 31
0.0
  0
LINE
  8
0
  6
CONTINUOUS
 10
212.755559
 20
4.289349
 30
0.0
 11
214.562509
 21
6.087933
 31
0.0
  0
LINE
  8
0
  6
CONTINUOUS
 10
212.878899
 20
4.285133
 30
0.0
 11
214.602884
 21
6.001136
 31
0.0
  0
LINE
  8
0
  6
CONTINUOUS
 10
212.635542
 20
4.296872
 30
0.0
 11
214.518464
 21
6.171077
 31
0.0
  0
LINE
  8
0
  6
CONTINUOUS
 10
213.134229
 20
4.285713
 30
0.0
 11
214.647638
 21
5.792115
 31
0.0
  0
LINE
  8
0
  6
CONTINUOUS
 10
213.267253
 20
4.291136
 30
0.0
 11
214.650606
 21
5.668085
 31
0.0
  0
LINE
  8
0
  6
CONTINUOUS
 10
213.004830
 20
4.283898
 30
0.0
 11
214.634058
 21
5.905583
 31
0.0
  0
LINE
  8
0
  6
CONTINUOUS
 10
213.134229
 20
4.285713
 30
0.0
 11
214.647638
 21
5.792115
 31
0.0
  0
LINE
  8
0
  6
CONTINUOUS
 10
213.267253
 20
4.291136
 30
0.0
 11
214.650606
 21
5.668085
 31
0.0
  0
LINE
  8
0
  6
CONTINUOUS
 10
213.004830
 20
4.283898
 30
0.0
 11
214.634058
 21
5.905583
 31
0.0
  0
LINE
  8
0
  6
CONTINUOUS
 10
213.554024
 20
4.323043
 30
0.0
 11
214.649475
 21
5.413422
 31
0.0
  0
LINE
  8
0
  6
CONTINUOUS
 10
213.730665
 20
4.371881
 30
0.0
 11
214.63928
 21
5.27629
 31
0.0
  0
LINE
  8
0
  6
CONTINUOUS
 10
213.404977
 20
4.30167
 30
0.0
 11
214.650819
 21
5.541745
 31
0.0
  0
LINE
  8
0
  6
CONTINUOUS
 10
213.554024
 20
4.323043
 30
0.0
 11
214.649475
 21
5.413422
 31
0.0
  0
LINE
  8
0
  6
CONTINUOUS
 10
213.730665
 20
4.371881
 30
0.0
 11
214.63928
 21
5.27629
 31
0.0
  0
LINE
  8
0
  6
CONTINUOUS
 10
213.404977
 20
4.30167
 30
0.0
 11
214.650819
 21
5.541745
 31
0.0
  0
LINE
  8
0
  6
CONTINUOUS
 10
215.695452
 20
6.072884
 30
0.0
 11
216.560359
 21
6.933787
 31
0.0
  0
LINE
  8
0
  6
CONTINUOUS
 10
215.738446
 20
5.988695
 30
0.0
 11
216.587736
 21
6.834052
 31
0.0
  0
LINE
  8
0
  6
CONTINUOUS
 10
213.950013
 20
4.462511
 30
0.0
 11
214.574467
 21
5.084074
 31
0.0
  0
LINE
  8
0
  6
CONTINUOUS
 10
215.695452
 20
6.072884
 30
0.0
 11
216.560359
 21
6.933787
 31
0.0
  0
LINE
  8
0
  6
CONTINUOUS
 10
215.738446
 20
5.988695
 30
0.0
 11
216.587736
 21
6.834052
 31
0.0
  0
LINE
  8
0
  6
CONTINUOUS
 10
213.950013
 20
4.462511
 30
0.0
 11
214.574467
 21
5.084074
 31
0.0
  0
LINE
  8
0
  6
CONTINUOUS
 10
215.830493
 20
5.82604
 30
0.0
 11
216.652656
 21
6.644397
 31
0.0
  0
LINE
  8
0
  6
CONTINUOUS
 10
215.879359
 20
5.747695
 30
0.0
 11
216.689848
 21
6.554432
 31
0.0
  0
LINE
  8
0
  6
CONTINUOUS
 10
215.783546
 20
5.906295
 30
0.0
 11
216.6186
 21
6.737484
 31
0.0
  0
LINE
  8
0
  6
CONTINUOUS
 10
215.830493
 20
5.82604
 30
0.0
 11
216.652656
 21
6.644397
 31
0.0
  0
LINE
  8
0
  6
CONTINUOUS
 10
215.879359
 20
5.747695
 30
0.0
 11
216.689848
 21
6.554432
 31
0.0
  0
LINE
  8
0
  6
CONTINUOUS
 10
215.783546
 20
5.906295
 30
0.0
 11
216.6186
 21
6.737484
 31
0.0
  0
LINE
  8
0
  6
CONTINUOUS
 10
215.982737
 20
5.596617
 30
0.0
 11
216.773248
 21
6.383468
 31
0.0
  0
LINE
  8
0
  6
CONTINUOUS
 10
216.0372
 20
5.523842
 30
0.0
 11
216.8193
 21
6.302322
 31
0.0
  0
LINE
  8
0
  6
CONTINUOUS
 10
215.930118
 20
5.671226
 30
0.0
 11
216.730075
 21
6.46748
 31
0.0
  0
LINE
  8
0
  6
CONTINUOUS
 10
215.982737
 20
5.596617
 30
0.0
 11
216.773248
 21
6.383468
 31
0.0
  0
LINE
  8
0
  6
CONTINUOUS
 10
216.0372
 20
5.523842
 30
0.0
 11
216.8193
 21
6.302322
 31
0.0
  0
LINE
  8
0
  6
CONTINUOUS
 10
215.930118
 20
5.671226
 30
0.0
 11
216.730075
 21
6.46748
 31
0.0
  0
LINE
  8
0
  6
CONTINUOUS
 10
216.150844
 20
5.384600
 30
0.0
 11
216.919169
 21
6.149369
 31
0.0
  0
LINE
  8
0
  6
CONTINUOUS
 10
216.210728
 20
5.317222
 30
0.0
 11
216.973557
 21
6.07652
 31
0.0
  0
LINE
  8
0
  6
CONTINUOUS
 10
216.092764
 20
5.453774
 30
0.0
 11
216.867541
 21
6.224964
 31
0.0
  0
LINE
  8
0
  6
CONTINUOUS
 10
216.150844
 20
5.384600
 30
0.0
 11
216.919169
 21
6.149369
 31
0.0
  0
LINE
  8
0
  6
CONTINUOUS
 10
216.210728
 20
5.317222
 30
0.0
 11
216.973557
 21
6.07652
 31
0.0
  0
LINE
  8
0
  6
CONTINUOUS
 10
216.092764
 20
5.453774
 30
0.0
 11
216.867541
 21
6.224964
 31
0.0
  0
LINE
  8
0
  6
CONTINUOUS
 10
216.336252
 20
5.187494
 30
0.0
 11
217.090901
 21
5.938649
 31
0.0
  0
LINE
  8
0
  6
CONTINUOUS
 10
216.401547
 20
5.125501
 30
0.0
 11
217.15354
 21
5.874013
 31
0.0
  0
LINE
  8
0
  6
CONTINUOUS
 10
216.272759
 20
5.251279
 30
0.0
 11
217.031012
 21
6.006022
 31
0.0
  0
LINE
  8
0
  6
CONTINUOUS
 10
216.336252
 20
5.187494
 30
0.0
 11
217.090901
 21
5.938649
 31
0.0
  0
LINE
  8
0
  6
CONTINUOUS
 10
216.401547
 20
5.125501
 30
0.0
 11
217.15354
 21
5.874013
 31
0.0
  0
LINE
  8
0
  6
CONTINUOUS
 10
216.272759
 20
5.251279
 30
0.0
 11
217.031012
 21
6.006022
 31
0.0
  0
LINE
  8
0
  6
CONTINUOUS
 10
216.5375
 20
5.006983
 30
0.0
 11
217.287098
 21
5.753111
 31
0.0
  0
LINE
  8
0
  6
CONTINUOUS
 10
216.608251
 20
4.950421
 30
0.0
 11
217.358165
 21
5.696863
 31
0.0
  0
LINE
  8
0
  6
CONTINUOUS
 10
216.468581
 20
5.065368
 30
0.0
 11
217.218884
 21
5.812198
 31
0.0
  0
LINE
  8
0
  6
CONTINUOUS
 10
216.5375
 20
5.006983
 30
0.0
 11
217.287098
 21
5.753111
 31
0.0
  0
LINE
  8
0
  6
CONTINUOUS
 10
216.608251
 20
4.950421
 30
0.0
 11
217.358165
 21
5.696863
 31
0.0
  0
LINE
  8
0
  6
CONTINUOUS
 10
216.468581
 20
5.065368
 30
0.0
 11
217.218884
 21
5.812198
 31
0.0
  0
LINE
  8
0
  6
CONTINUOUS
 10
216.754396
 20
4.843488
 30
0.0
 11
217.508142
 21
5.593745
 31
0.0
  0
LINE
  8
0
  6
CONTINUOUS
 10
216.830748
 20
4.792502
 30
0.0
 11
217.588152
 21
5.546399
 31
0.0
  0
LINE
  8
0
  6
CONTINUOUS
 10
216.679944
 20
4.896366
 30
0.0
 11
217.431212
 21
5.644156
 31
0.0
  0
LINE
  8
0
  6
CONTINUOUS
 10
216.754396
 20
4.843488
 30
0.0
 11
217.508142
 21
5.593745
 31
0.0
  0
LINE
  8
0
  6
CONTINUOUS
 10
216.830748
 20
4.792502
 30
0.0
 11
217.588152
 21
5.546399
 31
0.0
  0
LINE
  8
0
  6
CONTINUOUS
 10
216.679944
 20
4.896366
 30
0.0
 11
217.431212
 21
5.644156
 31
0.0
  0
LINE
  8
0
  6
CONTINUOUS
 10
216.989032
 20
4.69648
 30
0.0
 11
217.757599
 21
5.461489
 31
0.0
  0
LINE
  8
0
  6
CONTINUOUS
 10
217.071292
 20
4.651374
 30
0.0
 11
217.847591
 21
5.424079
 31
0.0
  0
LINE
  8
0
  6
CONTINUOUS
 10
216.908784
 20
4.743589
 30
0.0
 11
217.671087
 21
5.502363
 31
0.0
  0
LINE
  8
0
  6
CONTINUOUS
 10
216.989032
 20
4.69648
 30
0.0
 11
217.757599
 21
5.461489
 31
0.0
  0
LINE
  8
0
  6
CONTINUOUS
 10
217.071292
 20
4.651374
 30
0.0
 11
217.847591
 21
5.424079
 31
0.0
  0
LINE
  8
0
  6
CONTINUOUS
 10
216.908784
 20
4.743589
 30
0.0
 11
217.671087
 21
5.502363
 31
0.0
  0
LINE
  8
0
  6
CONTINUOUS
 10
217.241958
 20
4.567413
 30
0.0
 11
218.038683
 21
5.360450
 31
0.0
  0
LINE
  8
0
  6
CONTINUOUS
 10
217.330572
 20
4.528632
 30
0.0
 11
218.140365
 21
5.334676
 31
0.0
  0
LINE
  8
0
  6
CONTINUOUS
 10
217.155523
 20
4.608363
 30
0.0
 11
217.941147
 21
5.390350
 31
0.0
  0
LINE
  8
0
  6
CONTINUOUS
 10
217.241958
 20
4.567413
 30
0.0
 11
218.038683
 21
5.360450
 31
0.0
  0
LINE
  8
0
  6
CONTINUOUS
 10
217.330572
 20
4.528632
 30
0.0
 11
218.140365
 21
5.334676
 31
0.0
  0
LINE
  8
0
  6
CONTINUOUS
 10
217.155523
 20
4.608363
 30
0.0
 11
217.941147
 21
5.390350
 31
0.0
  0
LINE
  8
0
  6
CONTINUOUS
 10
217.515006
 20
4.457737
 30
0.0
 11
218.36277
 21
5.301576
 31
0.0
  0
LINE
  8
0
  6
CONTINUOUS
 10
217.610631
 20
4.425934
 30
0.0
 11
218.482696
 21
5.293962
 31
0.0
  0
LINE
  8
0
  6
CONTINUOUS
 10
217.421802
 20
4.491949
 30
0.0
 11
218.248254
 21
5.314576
 31
0.0
  0
LINE
  8
0
  6
CONTINUOUS
 10
217.515006
 20
4.457737
 30
0.0
 11
218.36277
 21
5.301576
 31
0.0
  0
LINE
  8
0
  6
CONTINUOUS
 10
217.610631
 20
4.425934
 30
0.0
 11
218.482696
 21
5.293962
 31
0.0
  0
LINE
  8
0
  6
CONTINUOUS
 10
217.421802
 20
4.491949
 30
0.0
 11
218.248254
 21
5.314576
 31
0.0
  0
LINE
  8
0
  6
CONTINUOUS
 10
217.80948
 20
4.37
 30
0.0
 11
218.735913
 21
5.292144
 31
0.0
  0
LINE
  8
0
  6
CONTINUOUS
 10
217.913036
 20
4.346091
 30
0.0
 11
218.869074
 21
5.297704
 31
0.0
  0
LINE
  8
0
  6
CONTINUOUS
 10
217.708695
 20
4.396667
 30
0.0
 11
218.607111
 21
5.290923
 31
0.0
  0
LINE
  8
0
  6
CONTINUOUS
 10
217.80948
 20
4.37
 30
0.0
 11
218.735913
 21
5.292144
 31
0.0
  0
LINE
  8
0
  6
CONTINUOUS
 10
217.913036
 20
4.346091
 30
0.0
 11
218.869074
 21
5.297704
 31
0.0
  0
LINE
  8
0
  6
CONTINUOUS
 10
217.708695
 20
4.396667
 30
0.0
 11
218.607111
 21
5.290923
 31
0.0
  0
LINE
  8
0
  6
CONTINUOUS
 10
208.387332
 20
5.147484
 30
0.0
 11
210.946797
 21
7.695099
 31
0.0
  0
LINE
  8
0
  6
CONTINUOUS
 10
208.422899
 20
5.055901
 30
0.0
 11
210.830263
 21
7.45212
 31
0.0
  0
LINE
  8
0
  6
CONTINUOUS
 10
208.351614
 20
5.238916
 30
0.0
 11
209.019265
 21
5.903476
 31
0.0
  0
LINE
  8
0
  6
CONTINUOUS
 10
208.387332
 20
5.147484
 30
0.0
 11
210.946797
 21
7.695099
 31
0.0
  0
LINE
  8
0
  6
CONTINUOUS
 10
218.248775
 20
4.299321
 30
0.0
 11
219.304842
 21
5.350499
 31
0.0
  0
LINE
  8
0
  6
CONTINUOUS
 10
218.371973
 20
4.294965
 30
0.0
 11
219.477443
 21
5.395317
 31
0.0
  0
LINE
  8
0
  6
CONTINUOUS
 10
218.129516
 20
4.307599
 30
0.0
 11
219.151315
 21
5.324668
 31
0.0
  0
LINE
  8
0
  6
CONTINUOUS
 10
218.248775
 20
4.299321
 30
0.0
 11
219.304842
 21
5.350499
 31
0.0
  0
LINE
  8
0
  6
CONTINUOUS
 10
218.371973
 20
4.294965
 30
0.0
 11
219.477443
 21
5.395317
 31
0.0
  0
LINE
  8
0
  6
CONTINUOUS
 10
218.129516
 20
4.307599
 30
0.0
 11
219.151315
 21
5.324668
 31
0.0
  0
LINE
  8
0
  6
CONTINUOUS
 10
218.623884
 20
4.291780
 30
0.0
 11
219.907165
 21
5.569120
 31
0.0
  0
LINE
  8
0
  6
CONTINUOUS
 10
218.752053
 20
4.292371
 30
0.0
 11
220.189654
 21
5.723316
 31
0.0
  0
LINE
  8
0
  6
CONTINUOUS
 10
218.497142
 20
4.29261
 30
0.0
 11
219.67638
 21
5.466389
 31
0.0
  0
LINE
  8
0
  6
CONTINUOUS
 10
218.623884
 20
4.291780
 30
0.0
 11
219.907165
 21
5.569120
 31
0.0
  0
LINE
  8
0
  6
CONTINUOUS
 10
218.752053
 20
4.292371
 30
0.0
 11
220.189654
 21
5.723316
 31
0.0
  0
LINE
  8
0
  6
CONTINUOUS
 10
218.497142
 20
4.29261
 30
0.0
 11
219.67638
 21
5.466389
 31
0.0
  0
LINE
  8
0
  6
CONTINUOUS
 10
219.012390
 20
4.297493
 30
0.0
 11
220.700466
 21
5.977754
 31
0.0
  0
LINE
  8
0
  6
CONTINUOUS
 10
219.144742
 20
4.302248
 30
0.0
 11
220.707267
 21
5.857539
 31
0.0
  0
LINE
  8
0
  6
CONTINUOUS
 10
218.881712
 20
4.294405
 30
0.0
 11
220.579518
 21
5.984350
 31
0.0
  0
LINE
  8
0
  6
CONTINUOUS
 10
219.012390
 20
4.297493
 30
0.0
 11
220.700466
 21
5.977754
 31
0.0
  0
LINE
  8
0
  6
CONTINUOUS
 10
219.144742
 20
4.302248
 30
0.0
 11
220.707267
 21
5.857539
 31
0.0
  0
LINE
  8
0
  6
CONTINUOUS
 10
218.881712
 20
4.294405
 30
0.0
 11
220.579518
 21
5.984350
 31
0.0
  0
LINE
  8
0
  6
CONTINUOUS
 10
219.423342
 20
4.325633
 30
0.0
 11
220.708326
 21
5.604668
 31
0.0
  0
LINE
  8
0
  6
CONTINUOUS
 10
219.580973
 20
4.35555
 30
0.0
 11
220.707038
 21
5.476401
 31
0.0
  0
LINE
  8
0
  6
CONTINUOUS
 10
219.280407
 20
4.310345
 30
0.0
 11
220.708725
 21
5.73205
 31
0.0
  0
LINE
  8
0
  6
CONTINUOUS
 10
219.423342
 20
4.325633
 30
0.0
 11
220.708326
 21
5.604668
 31
0.0
  0
LINE
  8
0
  6
CONTINUOUS
 10
219.580973
 20
4.35555
 30
0.0
 11
220.707038
 21
5.476401
 31
0.0
  0
LINE
  8
0
  6
CONTINUOUS
 10
219.280407
 20
4.310345
 30
0.0
 11
220.708725
 21
5.73205
 31
0.0
  0
LINE
  8
0
  6
CONTINUOUS
 10
219.945361
 20
4.464748
 30
0.0
 11
220.703682
 21
5.219559
 31
0.0
  0
LINE
  8
0
  6
CONTINUOUS
 10
220.159045
 20
4.550458
 30
0.0
 11
220.701994
 21
5.090894
 31
0.0
  0
LINE
  8
0
  6
CONTINUOUS
 10
219.755127
 20
4.40238
 30
0.0
 11
220.70537
 21
5.348224
 31
0.0
  0
LINE
  8
0
  6
CONTINUOUS
 10
219.945361
 20
4.464748
 30
0.0
 11
220.703682
 21
5.219559
 31
0.0
  0
LINE
  8
0
  6
CONTINUOUS
 10
220.159045
 20
4.550458
 30
0.0
 11
220.701994
 21
5.090894
 31
0.0
  0
LINE
  8
0
  6
CONTINUOUS
 10
219.755127
 20
4.40238
 30
0.0
 11
220.70537
 21
5.348224
 31
0.0
  0
LINE
  8
0
  6
CONTINUOUS
 10
221.713846
 20
5.84384
 30
0.0
 11
223.730834
 21
7.85149
 31
0.0
  0
LINE
  8
0
  6
CONTINUOUS
 10
221.606803
 20
5.610308
 30
0.0
 11
223.627387
 21
7.621537
 31
0.0
  0
LINE
  8
0
  6
CONTINUOUS
 10
220.417676
 20
4.680656
 30
0.0
 11
220.700303
 21
4.961974
 31
0.0
  0
LINE
  8
0
  6
CONTINUOUS
 10
221.713846
 20
5.84384
 30
0.0
 11
223.730834
 21
7.85149
 31
0.0
  0
LINE
  8
0
  6
CONTINUOUS
 10
221.606803
 20
5.610308
 30
0.0
 11
223.627387
 21
7.621537
 31
0.0
  0
LINE
  8
0
  6
CONTINUOUS
 10
220.417676
 20
4.680656
 30
0.0
 11
220.700303
 21
4.961974
 31
0.0
  0
LINE
  8
0
  6
CONTINUOUS
 10
221.395358
 20
5.145909
 30
0.0
 11
223.422272
 21
7.163440
 31
0.0
  0
LINE
  8
0
  6
CONTINUOUS
 10
221.291716
 20
4.915762
 30
0.0
 11
223.344076
 21
6.958620
 31
0.0
  0
LINE
  8
0
  6
CONTINUOUS
 10
221.500572
 20
5.377620
 30
0.0
 11
223.524417
 21
7.392097
 31
0.0
  0
LINE
  8
0
  6
CONTINUOUS
 10
221.395358
 20
5.145909
 30
0.0
 11
223.422272
 21
7.163440
 31
0.0
  0
LINE
  8
0
  6
CONTINUOUS
 10
221.291716
 20
4.915762
 30
0.0
 11
223.344076
 21
6.958620
 31
0.0
  0
LINE
  8
0
  6
CONTINUOUS
 10
221.500572
 20
5.377620
 30
0.0
 11
223.524417
 21
7.392097
 31
0.0
  0
LINE
  8
0
  6
CONTINUOUS
 10
221.101665
 20
4.473059
 30
0.0
 11
223.598787
 21
6.958620
 31
0.0
  0
LINE
  8
0
  6
CONTINUOUS
 10
221.195246
 20
4.439222
 30
0.0
 11
223.726363
 21
6.958620
 31
0.0
  0
LINE
  8
0
  6
CONTINUOUS
 10
221.191297
 20
4.689261
 30
0.0
 11
223.471212
 21
6.958620
 31
0.0
  0
LINE
  8
0
  6
CONTINUOUS
 10
221.101665
 20
4.473059
 30
0.0
 11
223.598787
 21
6.958620
 31
0.0
  0
LINE
  8
0
  6
CONTINUOUS
 10
221.195246
 20
4.439222
 30
0.0
 11
223.726363
 21
6.958620
 31
0.0
  0
LINE
  8
0
  6
CONTINUOUS
 10
221.191297
 20
4.689261
 30
0.0
 11
223.471212
 21
6.958620
 31
0.0
  0
LINE
  8
0
  6
CONTINUOUS
 10
221.436034
 20
4.424405
 30
0.0
 11
222.809914
 21
5.791924
 31
0.0
  0
LINE
  8
0
  6
CONTINUOUS
 10
221.560827
 20
4.421635
 30
0.0
 11
222.705605
 21
5.561113
 31
0.0
  0
LINE
  8
0
  6
CONTINUOUS
 10
221.313798
 20
4.42972
 30
0.0
 11
223.854461
 21
6.958620
 31
0.0
  0
LINE
  8
0
  6
CONTINUOUS
 10
221.436034
 20
4.424405
 30
0.0
 11
222.809914
 21
5.791924
 31
0.0
  0
LINE
  8
0
  6
CONTINUOUS
 10
221.560827
 20
4.421635
 30
0.0
 11
222.705605
 21
5.561113
 31
0.0
  0
LINE
  8
0
  6
CONTINUOUS
 10
221.313798
 20
4.42972
 30
0.0
 11
223.854461
 21
6.958620
 31
0.0
  0
LINE
  8
0
  6
CONTINUOUS
 10
221.816734
 20
4.422392
 30
0.0
 11
222.49669
 21
5.0992
 31
0.0
  0
LINE
  8
0
  6
CONTINUOUS
 10
221.948427
 20
4.426490
 30
0.0
 11
222.390953
 21
4.866968
 31
0.0
  0
LINE
  8
0
  6
CONTINUOUS
 10
221.687716
 20
4.420956
 30
0.0
 11
222.601301
 21
5.330311
 31
0.0
  0
LINE
  8
0
  6
CONTINUOUS
 10
221.816734
 20
4.422392
 30
0.0
 11
222.49669
 21
5.0992
 31
0.0
  0
LINE
  8
0
  6
CONTINUOUS
 10
221.948427
 20
4.426490
 30
0.0
 11
222.390953
 21
4.866968
 31
0.0
  0
LINE
  8
0
  6
CONTINUOUS
 10
221.687716
 20
4.420956
 30
0.0
 11
222.601301
 21
5.330311
 31
0.0
  0
LINE
  8
0
  6
CONTINUOUS
 10
223.836071
 20
6.05142
 30
0.0
 11
224.752796
 21
6.963902
 31
0.0
  0
LINE
  8
0
  6
CONTINUOUS
 10
223.963647
 20
6.05142
 30
0.0
 11
224.887334
 21
6.970831
 31
0.0
  0
LINE
  8
0
  6
CONTINUOUS
 10
222.084876
 20
4.435318
 30
0.0
 11
222.283479
 21
4.633002
 31
0.0
  0
LINE
  8
0
  6
CONTINUOUS
 10
223.836071
 20
6.05142
 30
0.0
 11
224.752796
 21
6.963902
 31
0.0
  0
LINE
  8
0
  6
CONTINUOUS
 10
223.963647
 20
6.05142
 30
0.0
 11
224.887334
 21
6.970831
 31
0.0
  0
LINE
  8
0
  6
CONTINUOUS
 10
222.084876
 20
4.435318
 30
0.0
 11
222.283479
 21
4.633002
 31
0.0
  0
LINE
  8
0
  6
CONTINUOUS
 10
224.218773
 20
6.05142
 30
0.0
 11
225.763091
 21
7.588589
 31
0.0
  0
LINE
  8
0
  6
CONTINUOUS
 10
224.346349
 20
6.05142
 30
0.0
 11
225.803374
 21
7.501701
 31
0.0
  0
LINE
  8
0
  6
CONTINUOUS
 10
224.091197
 20
6.05142
 30
0.0
 11
225.722792
 21
7.675462
 31
0.0
  0
LINE
  8
0
  6
CONTINUOUS
 10
224.218773
 20
6.05142
 30
0.0
 11
225.763091
 21
7.588589
 31
0.0
  0
LINE
  8
0
  6
CONTINUOUS
 10
224.346349
 20
6.05142
 30
0.0
 11
225.803374
 21
7.501701
 31
0.0
  0
LINE
  8
0
  6
CONTINUOUS
 10
224.091197
 20
6.05142
 30
0.0
 11
225.722792
 21
7.675462
 31
0.0
  0
LINE
  8
0
  6
CONTINUOUS
 10
224.601687
 20
6.05142
 30
0.0
 11
225.883949
 21
7.327746
 31
0.0
  0
LINE
  8
0
  6
CONTINUOUS
 10
224.729263
 20
6.05142
 30
0.0
 11
225.924181
 21
7.240807
 31
0.0
  0
LINE
  8
0
  6
CONTINUOUS
 10
224.474112
 20
6.05142
 30
0.0
 11
225.843699
 21
7.414668
 31
0.0
  0
LINE
  8
0
  6
CONTINUOUS
 10
224.601687
 20
6.05142
 30
0.0
 11
225.883949
 21
7.327746
 31
0.0
  0
LINE
  8
0
  6
CONTINUOUS
 10
224.729263
 20
6.05142
 30
0.0
 11
225.924181
 21
7.240807
 31
0.0
  0
LINE
  8
0
  6
CONTINUOUS
 10
224.474112
 20
6.05142
 30
0.0
 11
225.843699
 21
7.414668
 31
0.0
  0
LINE
  8
0
  6
CONTINUOUS
 10
224.984225
 20
6.05142
 30
0.0
 11
226.004535
 21
7.067006
 31
0.0
  0
LINE
  8
0
  6
CONTINUOUS
 10
225.111801
 20
6.05142
 30
0.0
 11
226.044715
 21
6.980015
 31
0.0
  0
LINE
  8
0
  6
CONTINUOUS
 10
224.85665
 20
6.05142
 30
0.0
 11
225.964337
 21
7.153979
 31
0.0
  0
LINE
  8
0
  6
CONTINUOUS
 10
224.984225
 20
6.05142
 30
0.0
 11
226.004535
 21
7.067006
 31
0.0
  0
LINE
  8
0
  6
CONTINUOUS
 10
225.111801
 20
6.05142
 30
0.0
 11
226.044715
 21
6.980015
 31
0.0
  0
LINE
  8
0
  6
CONTINUOUS
 10
224.85665
 20
6.05142
 30
0.0
 11
225.964337
 21
7.153979
 31
0.0
  0
LINE
  8
0
  6
CONTINUOUS
 10
225.365087
 20
6.049966
 30
0.0
 11
226.124893
 21
6.806255
 31
0.0
  0
LINE
  8
0
  6
CONTINUOUS
 10
225.403952
 20
5.961666
 30
0.0
 11
226.165018
 21
6.719209
 31
0.0
  0
LINE
  8
0
  6
CONTINUOUS
 10
225.238973
 20
6.05142
 30
0.0
 11
226.084750
 21
6.893282
 31
0.0
  0
LINE
  8
0
  6
CONTINUOUS
 10
225.365087
 20
6.049966
 30
0.0
 11
226.124893
 21
6.806255
 31
0.0
  0
LINE
  8
0
  6
CONTINUOUS
 10
225.403952
 20
5.961666
 30
0.0
 11
226.165018
 21
6.719209
 31
0.0
  0
LINE
  8
0
  6
CONTINUOUS
 10
225.238973
 20
6.05142
 30
0.0
 11
226.084750
 21
6.893282
 31
0.0
  0
LINE
  8
0
  6
CONTINUOUS
 10
225.481549
 20
5.785368
 30
0.0
 11
226.245072
 21
6.545355
 31
0.0
  0
LINE
  8
0
  6
CONTINUOUS
 10
225.520414
 20
5.697068
 30
0.0
 11
226.285137
 21
6.458250
 31
0.0
  0
LINE
  8
0
  6
CONTINUOUS
 10
225.442684
 20
5.873667
 30
0.0
 11
226.204986
 21
6.63244
 31
0.0
  0
LINE
  8
0
  6
CONTINUOUS
 10
225.481549
 20
5.785368
 30
0.0
 11
226.245072
 21
6.545355
 31
0.0
  0
LINE
  8
0
  6
CONTINUOUS
 10
225.520414
 20
5.697068
 30
0.0
 11
226.285137
 21
6.458250
 31
0.0
  0
LINE
  8
0
  6
CONTINUOUS
 10
225.442684
 20
5.873667
 30
0.0
 11
226.204986
 21
6.63244
 31
0.0
  0
LINE
  8
0
  6
CONTINUOUS
 10
225.598364
 20
5.51997
 30
0.0
 11
226.365428
 21
6.283483
 31
0.0
  0
LINE
  8
0
  6
CONTINUOUS
 10
225.637229
 20
5.43167
 30
0.0
 11
226.405427
 21
6.196311
 31
0.0
  0
LINE
  8
0
  6
CONTINUOUS
 10
225.559499
 20
5.608269
 30
0.0
 11
226.325407
 21
6.370631
 31
0.0
  0
LINE
  8
0
  6
CONTINUOUS
 10
225.598364
 20
5.51997
 30
0.0
 11
226.365428
 21
6.283483
 31
0.0
  0
LINE
  8
0
  6
CONTINUOUS
 10
225.637229
 20
5.43167
 30
0.0
 11
226.405427
 21
6.196311
 31
0.0
  0
LINE
  8
0
  6
CONTINUOUS
 10
225.559499
 20
5.608269
 30
0.0
 11
226.325407
 21
6.370631
 31
0.0
  0
LINE
  8
0
  6
CONTINUOUS
 10
225.715068
 20
5.254873
 30
0.0
 11
226.485446
 21
6.021685
 31
0.0
  0
LINE
  8
0
  6
CONTINUOUS
 10
225.754007
 20
5.166646
 30
0.0
 11
226.525369
 21
5.934437
 31
0.0
  0
LINE
  8
0
  6
CONTINUOUS
 10
225.676188
 20
5.343158
 30
0.0
 11
226.445497
 21
6.108906
 31
0.0
  0
LINE
  8
0
  6
CONTINUOUS
 10
225.715068
 20
5.254873
 30
0.0
 11
226.485446
 21
6.021685
 31
0.0
  0
LINE
  8
0
  6
CONTINUOUS
 10
225.754007
 20
5.166646
 30
0.0
 11
226.525369
 21
5.934437
 31
0.0
  0
LINE
  8
0
  6
CONTINUOUS
 10
225.676188
 20
5.343158
 30
0.0
 11
226.445497
 21
6.108906
 31
0.0
  0
LINE
  8
0
  6
CONTINUOUS
 10
225.832078
 20
4.990378
 30
0.0
 11
226.605129
 21
5.75985
 31
0.0
  0
LINE
  8
0
  6
CONTINUOUS
 10
225.87122
 20
4.902354
 30
0.0
 11
226.64496
 21
5.672513
 31
0.0
  0
LINE
  8
0
  6
CONTINUOUS
 10
225.79301
 20
5.078476
 30
0.0
 11
226.565265
 21
5.847156
 31
0.0
  0
LINE
  8
0
  6
CONTINUOUS
 10
225.832078
 20
4.990378
 30
0.0
 11
226.605129
 21
5.75985
 31
0.0
  0
LINE
  8
0
  6
CONTINUOUS
 10
225.87122
 20
4.902354
 30
0.0
 11
226.64496
 21
5.672513
 31
0.0
  0
LINE
  8
0
  6
CONTINUOUS
 10
225.79301
 20
5.078476
 30
0.0
 11
226.565265
 21
5.847156
 31
0.0
  0
LINE
  8
0
  6
CONTINUOUS
 10
225.949291
 20
4.727704
 30
0.0
 11
226.724011
 21
5.498837
 31
0.0
  0
LINE
  8
0
  6
CONTINUOUS
 10
225.988802
 20
4.640047
 30
0.0
 11
226.763727
 21
5.411384
 31
0.0
  0
LINE
  8
0
  6
CONTINUOUS
 10
225.909951
 20
4.815531
 30
0.0
 11
226.684252
 21
5.586248
 31
0.0
  0
LINE
  8
0
  6
CONTINUOUS
 10
225.949291
 20
4.727704
 30
0.0
 11
226.724011
 21
5.498837
 31
0.0
  0
LINE
  8
0
  6
CONTINUOUS
 10
225.988802
 20
4.640047
 30
0.0
 11
226.763727
 21
5.411384
 31
0.0
  0
LINE
  8
0
  6
CONTINUOUS
 10
225.909951
 20
4.815531
 30
0.0
 11
226.684252
 21
5.586248
 31
0.0
  0
LINE
  8
0
  6
CONTINUOUS
 10
226.071385
 20
4.467576
 30
0.0
 11
226.843230
 21
5.235848
 31
0.0
  0
LINE
  8
0
  6
CONTINUOUS
 10
226.168672
 20
4.437428
 30
0.0
 11
226.882784
 21
5.148234
 31
0.0
  0
LINE
  8
0
  6
CONTINUOUS
 10
226.028896
 20
4.552269
 30
0.0
 11
226.803615
 21
5.323401
 31
0.0
  0
LINE
  8
0
  6
CONTINUOUS
 10
226.071385
 20
4.467576
 30
0.0
 11
226.843230
 21
5.235848
 31
0.0
  0
LINE
  8
0
  6
CONTINUOUS
 10
226.168672
 20
4.437428
 30
0.0
 11
226.882784
 21
5.148234
 31
0.0
  0
LINE
  8
0
  6
CONTINUOUS
 10
226.028896
 20
4.552269
 30
0.0
 11
226.803615
 21
5.323401
 31
0.0
  0
LINE
  8
0
  6
CONTINUOUS
 10
226.420027
 20
4.433777
 30
0.0
 11
226.961621
 21
4.972864
 31
0.0
  0
LINE
  8
0
  6
CONTINUOUS
 10
226.545767
 20
4.431951
 30
0.0
 11
227.000908
 21
4.884984
 31
0.0
  0
LINE
  8
0
  6
CONTINUOUS
 10
226.294286
 20
4.435604
 30
0.0
 11
226.922226
 21
5.060636
 31
0.0
  0
LINE
  8
0
  6
CONTINUOUS
 10
226.420027
 20
4.433777
 30
0.0
 11
226.961621
 21
4.972864
 31
0.0
  0
LINE
  8
0
  6
CONTINUOUS
 10
226.545767
 20
4.431951
 30
0.0
 11
227.000908
 21
4.884984
 31
0.0
  0
LINE
  8
0
  6
CONTINUOUS
 10
226.294286
 20
4.435604
 30
0.0
 11
226.922226
 21
5.060636
 31
0.0
  0
LINE
  8
0
  6
CONTINUOUS
 10
226.796226
 20
4.428848
 30
0.0
 11
227.078518
 21
4.709832
 31
0.0
  0
LINE
  8
0
  6
CONTINUOUS
 10
226.923651
 20
4.428698
 30
0.0
 11
227.117146
 21
4.621297
 31
0.0
  0
LINE
  8
0
  6
CONTINUOUS
 10
226.669983
 20
4.430174
 30
0.0
 11
227.03957
 21
4.798051
 31
0.0
  0
LINE
  8
0
  6
CONTINUOUS
 10
226.796226
 20
4.428848
 30
0.0
 11
227.078518
 21
4.709832
 31
0.0
  0
LINE
  8
0
  6
CONTINUOUS
 10
226.923651
 20
4.428698
 30
0.0
 11
227.117146
 21
4.621297
 31
0.0
  0
LINE
  8
0
  6
CONTINUOUS
 10
226.669983
 20
4.430174
 30
0.0
 11
227.03957
 21
4.798051
 31
0.0
  0
LINE
  8
0
  6
CONTINUOUS
 10
227.749942
 20
4.997591
 30
0.0
 11
228.811911
 21
6.054643
 31
0.0
  0
LINE
  8
0
  6
CONTINUOUS
 10
227.751297
 20
4.871955
 30
0.0
 11
228.812395
 21
5.928141
 31
0.0
  0
LINE
  8
0
  6
CONTINUOUS
 10
227.053952
 20
4.431808
 30
0.0
 11
227.154996
 21
4.532384
 31
0.0
  0
LINE
  8
0
  6
CONTINUOUS
 10
227.749942
 20
4.997591
 30
0.0
 11
228.811911
 21
6.054643
 31
0.0
  0
LINE
  8
0
  6
CONTINUOUS
 10
227.751297
 20
4.871955
 30
0.0
 11
228.812395
 21
5.928141
 31
0.0
  0
LINE
  8
0
  6
CONTINUOUS
 10
227.053952
 20
4.431808
 30
0.0
 11
227.154996
 21
4.532384
 31
0.0
  0
LINE
  8
0
  6
CONTINUOUS
 10
227.754975
 20
4.621779
 30
0.0
 11
228.814020
 21
5.675920
 31
0.0
  0
LINE
  8
0
  6
CONTINUOUS
 10
227.758072
 20
4.497877
 30
0.0
 11
228.81551
 21
5.550418
 31
0.0
  0
LINE
  8
0
  6
CONTINUOUS
 10
227.752916
 20
4.746714
 30
0.0
 11
228.813066
 21
5.801956
 31
0.0
  0
LINE
  8
0
  6
CONTINUOUS
 10
227.754975
 20
4.621779
 30
0.0
 11
228.814020
 21
5.675920
 31
0.0
  0
LINE
  8
0
  6
CONTINUOUS
 10
227.758072
 20
4.497877
 30
0.0
 11
228.81551
 21
5.550418
 31
0.0
  0
LINE
  8
0
  6
CONTINUOUS
 10
227.752916
 20
4.746714
 30
0.0
 11
228.813066
 21
5.801956
 31
0.0
  0
LINE
  8
0
  6
CONTINUOUS
 10
227.946219
 20
4.430677
 30
0.0
 11
228.934324
 21
5.414208
 31
0.0
  0
LINE
  8
0
  6
CONTINUOUS
 10
228.072272
 20
4.429161
 30
0.0
 11
229.054875
 21
5.407216
 31
0.0
  0
LINE
  8
0
  6
CONTINUOUS
 10
227.821996
 20
4.434014
 30
0.0
 11
228.825966
 21
5.433337
 31
0.0
  0
LINE
  8
0
  6
CONTINUOUS
 10
227.946219
 20
4.430677
 30
0.0
 11
228.934324
 21
5.414208
 31
0.0
  0
LINE
  8
0
  6
CONTINUOUS
 10
228.072272
 20
4.429161
 30
0.0
 11
229.054875
 21
5.407216
 31
0.0
  0
LINE
  8
0
  6
CONTINUOUS
 10
227.821996
 20
4.434014
 30
0.0
 11
228.825966
 21
5.433337
 31
0.0
  0
LINE
  8
0
  6
CONTINUOUS
 10
228.326494
 20
4.428343
 30
0.0
 11
229.306173
 21
5.403488
 31
0.0
  0
LINE
  8
0
  6
CONTINUOUS
 10
228.454342
 20
4.428615
 30
0.0
 11
229.434925
 21
5.404659
 31
0.0
  0
LINE
  8
0
  6
CONTINUOUS
 10
228.199057
 20
4.428481
 30
0.0
 11
229.17926
 21
5.404147
 31
0.0
  0
LINE
  8
0
  6
CONTINUOUS
 10
228.326494
 20
4.428343
 30
0.0
 11
229.306173
 21
5.403488
 31
0.0
  0
LINE
  8
0
  6
CONTINUOUS
 10
228.454342
 20
4.428615
 30
0.0
 11
229.434925
 21
5.404659
 31
0.0
  0
LINE
  8
0
  6
CONTINUOUS
 10
228.199057
 20
4.428481
 30
0.0
 11
229.17926
 21
5.404147
 31
0.0
  0
LINE
  8
0
  6
CONTINUOUS
 10
218.019511
 20
4.325088
 30
0.0
 11
219.007115
 21
5.308121
 31
0.0
  0
LINE
  8
0
  6
CONTINUOUS
 10
218.129516
 20
4.307599
 30
0.0
 11
219.151315
 21
5.324668
 31
0.0
  0
LINE
  8
0
  6
CONTINUOUS
 10
217.913036
 20
4.346091
 30
0.0
 11
218.869074
 21
5.297704
 31
0.0
  0
LINE
  8
0
  6
CONTINUOUS
 10
218.019511
 20
4.325088
 30
0.0
 11
219.007115
 21
5.308121
 31
0.0
  0
LINE
  8
0
  6
CONTINUOUS
 10
217.913036
 20
4.346091
 30
0.0
 11
218.869074
 21
5.297704
 31
0.0
  0
LINE
  8
0
  6
CONTINUOUS
 10
228.839765
 20
4.431299
 30
0.0
 11
229.830232
 21
5.417181
 31
0.0
  0
LINE
  8
0
  6
CONTINUOUS
 10
228.96877
 20
4.432722
 30
0.0
 11
229.964942
 21
5.424282
 31
0.0
  0
LINE
  8
0
  6
CONTINUOUS
 10
228.711012
 20
4.430127
 30
0.0
 11
229.697021
 21
5.411571
 31
0.0
  0
LINE
  8
0
  6
CONTINUOUS
 10
228.839765
 20
4.431299
 30
0.0
 11
229.830232
 21
5.417181
 31
0.0
  0
LINE
  8
0
  6
CONTINUOUS
 10
228.96877
 20
4.432722
 30
0.0
 11
229.964942
 21
5.424282
 31
0.0
  0
LINE
  8
0
  6
CONTINUOUS
 10
228.711012
 20
4.430127
 30
0.0
 11
229.697021
 21
5.411571
 31
0.0
  0
LINE
  8
0
  6
CONTINUOUS
 10
229.227415
 20
4.436241
 30
0.0
 11
230.239849
 21
5.443987
 31
0.0
  0
LINE
  8
0
  6
CONTINUOUS
 10
229.357082
 20
4.438322
 30
0.0
 11
230.382224
 21
5.458718
 31
0.0
  0
LINE
  8
0
  6
CONTINUOUS
 10
229.097974
 20
4.434384
 30
0.0
 11
230.101257
 21
5.433021
 31
0.0
  0
LINE
  8
0
  6
CONTINUOUS
 10
229.227415
 20
4.436241
 30
0.0
 11
230.239849
 21
5.443987
 31
0.0
  0
LINE
  8
0
  6
CONTINUOUS
 10
229.357082
 20
4.438322
 30
0.0
 11
230.382224
 21
5.458718
 31
0.0
  0
LINE
  8
0
  6
CONTINUOUS
 10
229.097974
 20
4.434384
 30
0.0
 11
230.101257
 21
5.433021
 31
0.0
  0
LINE
  8
0
  6
CONTINUOUS
 10
229.617398
 20
4.443424
 30
0.0
 11
230.693786
 21
5.514828
 31
0.0
  0
LINE
  8
0
  6
CONTINUOUS
 10
229.748187
 20
4.446622
 30
0.0
 11
230.885337
 21
5.578508
 31
0.0
  0
LINE
  8
0
  6
CONTINUOUS
 10
229.487077
 20
4.440691
 30
0.0
 11
230.531406
 21
5.480185
 31
0.0
  0
LINE
  8
0
  6
CONTINUOUS
 10
229.617398
 20
4.443424
 30
0.0
 11
230.693786
 21
5.514828
 31
0.0
  0
LINE
  8
0
  6
CONTINUOUS
 10
229.748187
 20
4.446622
 30
0.0
 11
230.885337
 21
5.578508
 31
0.0
  0
LINE
  8
0
  6
CONTINUOUS
 10
229.487077
 20
4.440691
 30
0.0
 11
230.531406
 21
5.480185
 31
0.0
  0
LINE
  8
0
  6
CONTINUOUS
 10
229.879532
 20
4.45042
 30
0.0
 11
231.151458
 21
5.716457
 31
0.0
  0
LINE
  8
0
  6
CONTINUOUS
 10
229.879532
 20
4.45042
 30
0.0
 11
231.151458
 21
5.716457
 31
0.0
  0
LINE
  8
0
  6
CONTINUOUS
 10
228.582529
 20
4.429224
 30
0.0
 11
229.565246
 21
5.407392
 31
0.0
  0
LINE
  8
0
  6
CONTINUOUS
 10
228.711012
 20
4.430127
 30
0.0
 11
229.697021
 21
5.411571
 31
0.0
  0
LINE
  8
0
  6
CONTINUOUS
 10
228.454342
 20
4.428615
 30
0.0
 11
229.434925
 21
5.404659
 31
0.0
  0
LINE
  8
0
  6
CONTINUOUS
 10
228.582529
 20
4.429224
 30
0.0
 11
229.565246
 21
5.407392
 31
0.0
  0
LINE
  8
0
  6
CONTINUOUS
 10
202.965256
 20
10.033505
 30
0.0
 11
203.589953
 21
10.65531
 31
0.0
  0
LINE
  8
0
  6
CONTINUOUS
 10
203.233185
 20
8.014766
 30
0.0
 11
204.034938
 21
8.812807
 31
0.0
  0
LINE
  8
0
  6
CONTINUOUS
 10
203.299716
 20
7.954004
 30
0.0
 11
204.092764
 21
8.743380
 31
0.0
  0
LINE
  8
0
  6
CONTINUOUS
 10
203.233185
 20
8.014766
 30
0.0
 11
204.034938
 21
8.812807
 31
0.0
  0
LINE
  8
0
  6
CONTINUOUS
 10
203.299716
 20
7.954004
 30
0.0
 11
204.092764
 21
8.743380
 31
0.0
  0
LINE
  8
0
  6
CONTINUOUS
 10
203.052004
 20
8.215341
 30
0.0
 11
203.913338
 21
9.072687
 31
0.0
  0
LINE
  8
0
  6
CONTINUOUS
 10
203.169499
 20
8.078321
 30
0.0
 11
203.984397
 21
8.889447
 31
0.0
  0
LINE
  8
0
  6
CONTINUOUS
 10
203.108972
 20
8.14506
 30
0.0
 11
203.943086
 21
8.975312
 31
0.0
  0
LINE
  8
0
  6
CONTINUOUS
 10
203.052004
 20
8.215341
 30
0.0
 11
203.913338
 21
9.072687
 31
0.0
  0
LINE
  8
0
  6
CONTINUOUS
 10
203.169499
 20
8.078321
 30
0.0
 11
203.984397
 21
8.889447
 31
0.0
  0
LINE
  8
0
  6
CONTINUOUS
 10
203.108972
 20
8.14506
 30
0.0
 11
203.943086
 21
8.975312
 31
0.0
  0
LINE
  8
0
  6
CONTINUOUS
 10
202.90628
 20
8.451497
 30
0.0
 11
203.926373
 21
9.466867
 31
0.0
  0
LINE
  8
0
  6
CONTINUOUS
 10
202.998889
 20
8.289707
 30
0.0
 11
203.897465
 21
9.184123
 31
0.0
  0
LINE
  8
0
  6
CONTINUOUS
 10
202.950227
 20
8.368256
 30
0.0
 11
203.89765
 21
9.311293
 31
0.0
  0
LINE
  8
0
  6
CONTINUOUS
 10
202.90628
 20
8.451497
 30
0.0
 11
203.926373
 21
9.466867
 31
0.0
  0
LINE
  8
0
  6
CONTINUOUS
 10
202.998889
 20
8.289707
 30
0.0
 11
203.897465
 21
9.184123
 31
0.0
  0
LINE
  8
0
  6
CONTINUOUS
 10
202.950227
 20
8.368256
 30
0.0
 11
203.89765
 21
9.311293
 31
0.0
  0
LINE
  8
0
  6
CONTINUOUS
 10
202.805428
 20
8.731599
 30
0.0
 11
204.970519
 21
10.886666
 31
0.0
  0
LINE
  8
0
  6
CONTINUOUS
 10
202.86749
 20
8.539404
 30
0.0
 11
205.207887
 21
10.868966
 31
0.0
  0
LINE
  8
0
  6
CONTINUOUS
 10
202.833791
 20
8.632846
 30
0.0
 11
205.092587
 21
10.881185
 31
0.0
  0
LINE
  8
0
  6
CONTINUOUS
 10
202.805428
 20
8.731599
 30
0.0
 11
204.970519
 21
10.886666
 31
0.0
  0
LINE
  8
0
  6
CONTINUOUS
 10
202.86749
 20
8.539404
 30
0.0
 11
205.207887
 21
10.868966
 31
0.0
  0
LINE
  8
0
  6
CONTINUOUS
 10
202.833791
 20
8.632846
 30
0.0
 11
205.092587
 21
10.881185
 31
0.0
  0
LINE
  8
0
  6
CONTINUOUS
 10
202.752394
 20
9.05972
 30
0.0
 11
204.59008
 21
10.888898
 31
0.0
  0
LINE
  8
0
  6
CONTINUOUS
 10
202.782342
 20
8.835560
 30
0.0
 11
204.845009
 21
10.888678
 31
0.0
  0
LINE
  8
0
  6
CONTINUOUS
 10
202.764429
 20
8.944715
 30
0.0
 11
204.71788
 21
10.889122
 31
0.0
  0
LINE
  8
0
  6
CONTINUOUS
 10
202.752394
 20
9.05972
 30
0.0
 11
204.59008
 21
10.888898
 31
0.0
  0
LINE
  8
0
  6
CONTINUOUS
 10
202.782342
 20
8.835560
 30
0.0
 11
204.845009
 21
10.888678
 31
0.0
  0
LINE
  8
0
  6
CONTINUOUS
 10
202.764429
 20
8.944715
 30
0.0
 11
204.71788
 21
10.889122
 31
0.0
  0
LINE
  8
0
  6
CONTINUOUS
 10
202.766248
 20
9.454504
 30
0.0
 11
204.193428
 21
10.875077
 31
0.0
  0
LINE
  8
0
  6
CONTINUOUS
 10
202.747398
 20
9.181772
 30
0.0
 11
204.461555
 21
10.887993
 31
0.0
  0
LINE
  8
0
  6
CONTINUOUS
 10
202.751135
 20
9.312477
 30
0.0
 11
204.33098
 21
10.885007
 31
0.0
  0
LINE
  8
0
  6
CONTINUOUS
 10
202.766248
 20
9.454504
 30
0.0
 11
204.193428
 21
10.875077
 31
0.0
  0
LINE
  8
0
  6
CONTINUOUS
 10
202.747398
 20
9.181772
 30
0.0
 11
204.461555
 21
10.887993
 31
0.0
  0
LINE
  8
0
  6
CONTINUOUS
 10
202.751135
 20
9.312477
 30
0.0
 11
204.33098
 21
10.885007
 31
0.0
  0
LINE
  8
0
  6
CONTINUOUS
 10
202.965256
 20
10.033505
 30
0.0
 11
203.589953
 21
10.65531
 31
0.0
  0
LINE
  8
0
  6
CONTINUOUS
 10
202.797323
 20
9.612379
 30
0.0
 11
204.031869
 21
10.84121
 31
0.0
  0
LINE
  8
0
  6
CONTINUOUS
 10
202.853944
 20
9.795723
 30
0.0
 11
203.837271
 21
10.774498
 31
0.0
  0
LINE
  8
0
  6
CONTINUOUS
 10
202.965256
 20
10.033505
 30
0.0
 11
203.589953
 21
10.65531
 31
0.0
  0
LINE
  8
0
  6
CONTINUOUS
 10
202.797323
 20
9.612379
 30
0.0
 11
204.031869
 21
10.84121
 31
0.0
  0
LINE
  8
0
  6
CONTINUOUS
 10
202.853944
 20
9.795723
 30
0.0
 11
203.837271
 21
10.774498
 31
0.0
  0
LINE
  8
0
  6
CONTINUOUS
 10
223.712149
 20
10.118357
 30
0.0
 11
224.297574
 21
10.701072
 31
0.0
  0
LINE
  8
0
  6
CONTINUOUS
 10
223.596992
 20
9.876748
 30
0.0
 11
224.33968
 21
10.615998
 31
0.0
  0
LINE
  8
0
  6
CONTINUOUS
 10
223.712149
 20
10.118357
 30
0.0
 11
224.297574
 21
10.701072
 31
0.0
  0
LINE
  8
0
  6
CONTINUOUS
 10
223.482737
 20
9.636037
 30
0.0
 11
224.381472
 21
10.530612
 31
0.0
  0
LINE
  8
0
  6
CONTINUOUS
 10
223.596992
 20
9.876748
 30
0.0
 11
224.33968
 21
10.615998
 31
0.0
  0
LINE
  8
0
  6
CONTINUOUS
 10
221.821510
 20
6.07799
 30
0.0
 11
223.833124
 21
8.080292
 31
0.0
  0
LINE
  8
0
  6
CONTINUOUS
 10
221.821510
 20
6.07799
 30
0.0
 11
223.833124
 21
8.080292
 31
0.0
  0
LINE
  8
0
  6
CONTINUOUS
 10
222.147566
 20
6.783743
 30
0.0
 11
224.077564
 21
8.704805
 31
0.0
  0
LINE
  8
0
  6
CONTINUOUS
 10
221.929905
 20
6.313120
 30
0.0
 11
223.930778
 21
8.304729
 31
0.0
  0
LINE
  8
0
  6
CONTINUOUS
 10
222.038535
 20
6.548232
 30
0.0
 11
224.013888
 21
8.514439
 31
0.0
  0
LINE
  8
0
  6
CONTINUOUS
 10
222.147566
 20
6.783743
 30
0.0
 11
224.077564
 21
8.704805
 31
0.0
  0
LINE
  8
0
  6
CONTINUOUS
 10
221.929905
 20
6.313120
 30
0.0
 11
223.930778
 21
8.304729
 31
0.0
  0
LINE
  8
0
  6
CONTINUOUS
 10
222.038535
 20
6.548232
 30
0.0
 11
224.013888
 21
8.514439
 31
0.0
  0
LINE
  8
0
  6
CONTINUOUS
 10
222.476368
 20
7.491510
 30
0.0
 11
224.751397
 21
9.756006
 31
0.0
  0
LINE
  8
0
  6
CONTINUOUS
 10
222.25656
 20
7.018749
 30
0.0
 11
224.140208
 21
8.893676
 31
0.0
  0
LINE
  8
0
  6
CONTINUOUS
 10
222.366299
 20
7.254966
 30
0.0
 11
224.792147
 21
9.669583
 31
0.0
  0
LINE
  8
0
  6
CONTINUOUS
 10
222.476368
 20
7.491510
 30
0.0
 11
224.751397
 21
9.756006
 31
0.0
  0
LINE
  8
0
  6
CONTINUOUS
 10
222.25656
 20
7.018749
 30
0.0
 11
224.140208
 21
8.893676
 31
0.0
  0
LINE
  8
0
  6
CONTINUOUS
 10
222.366299
 20
7.254966
 30
0.0
 11
224.792147
 21
9.669583
 31
0.0
  0
LINE
  8
0
  6
CONTINUOUS
 10
222.808462
 20
8.202975
 30
0.0
 11
224.628862
 21
10.014948
 31
0.0
  0
LINE
  8
0
  6
CONTINUOUS
 10
222.586719
 20
7.728289
 30
0.0
 11
224.710616
 21
9.842354
 31
0.0
  0
LINE
  8
0
  6
CONTINUOUS
 10
222.697428
 20
7.965471
 30
0.0
 11
224.669769
 21
9.92868
 31
0.0
  0
LINE
  8
0
  6
CONTINUOUS
 10
222.808462
 20
8.202975
 30
0.0
 11
224.628862
 21
10.014948
 31
0.0
  0
LINE
  8
0
  6
CONTINUOUS
 10
222.586719
 20
7.728289
 30
0.0
 11
224.710616
 21
9.842354
 31
0.0
  0
LINE
  8
0
  6
CONTINUOUS
 10
222.697428
 20
7.965471
 30
0.0
 11
224.669769
 21
9.92868
 31
0.0
  0
LINE
  8
0
  6
CONTINUOUS
 10
223.143687
 20
8.917643
 30
0.0
 11
224.505677
 21
10.273327
 31
0.0
  0
LINE
  8
0
  6
CONTINUOUS
 10
222.919864
 20
8.440886
 30
0.0
 11
224.587876
 21
10.101176
 31
0.0
  0
LINE
  8
0
  6
CONTINUOUS
 10
223.031585
 20
8.679075
 30
0.0
 11
224.546823
 21
10.187298
 31
0.0
  0
LINE
  8
0
  6
CONTINUOUS
 10
223.143687
 20
8.917643
 30
0.0
 11
224.505677
 21
10.273327
 31
0.0
  0
LINE
  8
0
  6
CONTINUOUS
 10
222.919864
 20
8.440886
 30
0.0
 11
224.587876
 21
10.101176
 31
0.0
  0
LINE
  8
0
  6
CONTINUOUS
 10
223.031585
 20
8.679075
 30
0.0
 11
224.546823
 21
10.187298
 31
0.0
  0
LINE
  8
0
  6
CONTINUOUS
 10
223.482737
 20
9.636037
 30
0.0
 11
224.381472
 21
10.530612
 31
0.0
  0
LINE
  8
0
  6
CONTINUOUS
 10
223.256173
 20
9.156552
 30
0.0
 11
224.464433
 21
10.359219
 31
0.0
  0
LINE
  8
0
  6
CONTINUOUS
 10
223.369173
 20
9.396014
 30
0.0
 11
224.423039
 21
10.445001
 31
0.0
  0
LINE
  8
0
  6
CONTINUOUS
 10
223.482737
 20
9.636037
 30
0.0
 11
224.381472
 21
10.530612
 31
0.0
  0
LINE
  8
0
  6
CONTINUOUS
 10
223.256173
 20
9.156552
 30
0.0
 11
224.464433
 21
10.359219
 31
0.0
  0
LINE
  8
0
  6
CONTINUOUS
 10
223.369173
 20
9.396014
 30
0.0
 11
224.423039
 21
10.445001
 31
0.0
  0
LINE
  8
0
  6
CONTINUOUS
 10
223.947172
 20
10.606262
 30
0.0
 11
224.211601
 21
10.869466
 31
0.0
  0
LINE
  8
0
  6
CONTINUOUS
 10
223.712149
 20
10.118357
 30
0.0
 11
224.297574
 21
10.701072
 31
0.0
  0
LINE
  8
0
  6
CONTINUOUS
 10
223.828592
 20
10.361246
 30
0.0
 11
224.254998
 21
10.785678
 31
0.0
  0
LINE
  8
0
  6
CONTINUOUS
 10
223.947172
 20
10.606262
 30
0.0
 11
224.211601
 21
10.869466
 31
0.0
  0
LINE
  8
0
  6
CONTINUOUS
 10
223.712149
 20
10.118357
 30
0.0
 11
224.297574
 21
10.701072
 31
0.0
  0
LINE
  8
0
  6
CONTINUOUS
 10
223.828592
 20
10.361246
 30
0.0
 11
224.254998
 21
10.785678
 31
0.0
  0
LINE
  8
0
  6
CONTINUOUS
 10
224.070817
 20
10.856212
 30
0.0
 11
224.166155
 21
10.951109
 31
0.0
  0
LINE
  8
0
  6
CONTINUOUS
 10
224.070817
 20
10.856212
 30
0.0
 11
224.166155
 21
10.951109
 31
0.0
  0
LINE
  8
0
  6
CONTINUOUS
 10
227.748774
 20
5.123413
 30
0.0
 11
228.811565
 21
6.181284
 31
0.0
  0
LINE
  8
0
  6
CONTINUOUS
 10
227.740837
 20
7.017286
 30
0.0
 11
228.814552
 21
8.08603
 31
0.0
  0
LINE
  8
0
  6
CONTINUOUS
 10
227.741249
 20
6.763725
 30
0.0
 11
228.813674
 21
7.831185
 31
0.0
  0
LINE
  8
0
  6
CONTINUOUS
 10
227.741024
 20
6.890486
 30
0.0
 11
228.814113
 21
7.958608
 31
0.0
  0
LINE
  8
0
  6
CONTINUOUS
 10
227.740837
 20
7.017286
 30
0.0
 11
228.814552
 21
8.08603
 31
0.0
  0
LINE
  8
0
  6
CONTINUOUS
 10
227.741024
 20
6.890486
 30
0.0
 11
228.814113
 21
7.958608
 31
0.0
  0
LINE
  8
0
  6
CONTINUOUS
 10
227.740497
 20
7.39791
 30
0.0
 11
228.81587
 21
8.468305
 31
0.0
  0
LINE
  8
0
  6
CONTINUOUS
 10
227.740688
 20
7.14413
 30
0.0
 11
228.814992
 21
8.213460
 31
0.0
  0
LINE
  8
0
  6
CONTINUOUS
 10
227.740574
 20
7.271002
 30
0.0
 11
228.815431
 21
8.340883
 31
0.0
  0
LINE
  8
0
  6
CONTINUOUS
 10
227.740497
 20
7.39791
 30
0.0
 11
228.81587
 21
8.468305
 31
0.0
  0
LINE
  8
0
  6
CONTINUOUS
 10
227.740688
 20
7.14413
 30
0.0
 11
228.814992
 21
8.213460
 31
0.0
  0
LINE
  8
0
  6
CONTINUOUS
 10
227.740574
 20
7.271002
 30
0.0
 11
228.815431
 21
8.340883
 31
0.0
  0
LINE
  8
0
  6
CONTINUOUS
 10
227.740446
 20
7.779120
 30
0.0
 11
228.817190
 21
8.850878
 31
0.0
  0
LINE
  8
0
  6
CONTINUOUS
 10
227.740455
 20
7.525158
 30
0.0
 11
228.816311
 21
8.596034
 31
0.0
  0
LINE
  8
0
  6
CONTINUOUS
 10
227.740446
 20
7.652135
 30
0.0
 11
228.81675
 21
8.723456
 31
0.0
  0
LINE
  8
0
  6
CONTINUOUS
 10
227.740455
 20
7.525158
 30
0.0
 11
228.816311
 21
8.596034
 31
0.0
  0
LINE
  8
0
  6
CONTINUOUS
 10
227.740446
 20
7.652135
 30
0.0
 11
228.81675
 21
8.723456
 31
0.0
  0
LINE
  8
0
  6
CONTINUOUS
 10
227.748774
 20
5.123413
 30
0.0
 11
228.811565
 21
6.181284
 31
0.0
  0
LINE
  8
0
  6
CONTINUOUS
 10
227.746018
 20
5.501228
 30
0.0
 11
228.811125
 21
6.561404
 31
0.0
  0
LINE
  8
0
  6
CONTINUOUS
 10
227.74775
 20
5.248982
 30
0.0
 11
228.811331
 21
6.307638
 31
0.0
  0
LINE
  8
0
  6
CONTINUOUS
 10
227.746837
 20
5.375057
 30
0.0
 11
228.811188
 21
6.434481
 31
0.0
  0
LINE
  8
0
  6
CONTINUOUS
 10
227.746018
 20
5.501228
 30
0.0
 11
228.811125
 21
6.561404
 31
0.0
  0
LINE
  8
0
  6
CONTINUOUS
 10
227.74775
 20
5.248982
 30
0.0
 11
228.811331
 21
6.307638
 31
0.0
  0
LINE
  8
0
  6
CONTINUOUS
 10
227.746837
 20
5.375057
 30
0.0
 11
228.811188
 21
6.434481
 31
0.0
  0
LINE
  8
0
  6
CONTINUOUS
 10
227.744024
 20
5.878630
 30
0.0
 11
228.811340
 21
6.941004
 31
0.0
  0
LINE
  8
0
  6
CONTINUOUS
 10
227.745291
 20
5.625921
 30
0.0
 11
228.811134
 21
6.686829
 31
0.0
  0
LINE
  8
0
  6
CONTINUOUS
 10
227.744625
 20
5.752243
 30
0.0
 11
228.811207
 21
6.813887
 31
0.0
  0
LINE
  8
0
  6
CONTINUOUS
 10
227.744024
 20
5.878630
 30
0.0
 11
228.811340
 21
6.941004
 31
0.0
  0
LINE
  8
0
  6
CONTINUOUS
 10
227.745291
 20
5.625921
 30
0.0
 11
228.811134
 21
6.686829
 31
0.0
  0
LINE
  8
0
  6
CONTINUOUS
 10
227.744625
 20
5.752243
 30
0.0
 11
228.811207
 21
6.813887
 31
0.0
  0
LINE
  8
0
  6
CONTINUOUS
 10
227.742554
 20
6.257994
 30
0.0
 11
228.812066
 21
7.322554
 31
0.0
  0
LINE
  8
0
  6
CONTINUOUS
 10
227.743482
 20
6.004947
 30
0.0
 11
228.811529
 21
7.068049
 31
0.0
  0
LINE
  8
0
  6
CONTINUOUS
 10
227.742993
 20
6.131445
 30
0.0
 11
228.811771
 21
7.195276
 31
0.0
  0
LINE
  8
0
  6
CONTINUOUS
 10
227.742554
 20
6.257994
 30
0.0
 11
228.812066
 21
7.322554
 31
0.0
  0
LINE
  8
0
  6
CONTINUOUS
 10
227.743482
 20
6.004947
 30
0.0
 11
228.811529
 21
7.068049
 31
0.0
  0
LINE
  8
0
  6
CONTINUOUS
 10
227.742993
 20
6.131445
 30
0.0
 11
228.811771
 21
7.195276
 31
0.0
  0
LINE
  8
0
  6
CONTINUOUS
 10
227.741509
 20
6.638610
 30
0.0
 11
228.81324
 21
7.705379
 31
0.0
  0
LINE
  8
0
  6
CONTINUOUS
 10
227.742161
 20
6.385288
 30
0.0
 11
228.812412
 21
7.450585
 31
0.0
  0
LINE
  8
0
  6
CONTINUOUS
 10
227.741814
 20
6.511928
 30
0.0
 11
228.812805
 21
7.577961
 31
0.0
  0
LINE
  8
0
  6
CONTINUOUS
 10
227.741509
 20
6.638610
 30
0.0
 11
228.81324
 21
7.705379
 31
0.0
  0
LINE
  8
0
  6
CONTINUOUS
 10
227.742161
 20
6.385288
 30
0.0
 11
228.812412
 21
7.450585
 31
0.0
  0
LINE
  8
0
  6
CONTINUOUS
 10
227.741814
 20
6.511928
 30
0.0
 11
228.812805
 21
7.577961
 31
0.0
  0
LINE
  8
0
  6
CONTINUOUS
 10
227.741249
 20
6.763725
 30
0.0
 11
228.813674
 21
7.831185
 31
0.0
  0
LINE
  8
0
  6
CONTINUOUS
 10
227.740446
 20
7.779120
 30
0.0
 11
228.817190
 21
8.850878
 31
0.0
  0
LINE
  8
0
  6
CONTINUOUS
 10
227.740446
 20
8.160792
 30
0.0
 11
228.81851
 21
9.233864
 31
0.0
  0
LINE
  8
0
  6
CONTINUOUS
 10
227.740446
 20
7.906822
 30
0.0
 11
228.817631
 21
8.979020
 31
0.0
  0
LINE
  8
0
  6
CONTINUOUS
 10
227.740446
 20
8.033807
 30
0.0
 11
228.818071
 21
9.106442
 31
0.0
  0
LINE
  8
0
  6
CONTINUOUS
 10
227.740446
 20
8.160792
 30
0.0
 11
228.81851
 21
9.233864
 31
0.0
  0
LINE
  8
0
  6
CONTINUOUS
 10
227.740446
 20
7.906822
 30
0.0
 11
228.817631
 21
8.979020
 31
0.0
  0
LINE
  8
0
  6
CONTINUOUS
 10
227.740446
 20
8.033807
 30
0.0
 11
228.818071
 21
9.106442
 31
0.0
  0
LINE
  8
0
  6
CONTINUOUS
 10
227.740446
 20
8.541313
 30
0.0
 11
228.819827
 21
9.615696
 31
0.0
  0
LINE
  8
0
  6
CONTINUOUS
 10
227.740446
 20
8.287343
 30
0.0
 11
228.818948
 21
9.360852
 31
0.0
  0
LINE
  8
0
  6
CONTINUOUS
 10
227.740446
 20
8.414328
 30
0.0
 11
228.819387
 21
9.488274
 31
0.0
  0
LINE
  8
0
  6
CONTINUOUS
 10
227.740446
 20
8.541313
 30
0.0
 11
228.819827
 21
9.615696
 31
0.0
  0
LINE
  8
0
  6
CONTINUOUS
 10
227.740446
 20
8.287343
 30
0.0
 11
228.818948
 21
9.360852
 31
0.0
  0
LINE
  8
0
  6
CONTINUOUS
 10
227.740446
 20
8.414328
 30
0.0
 11
228.819387
 21
9.488274
 31
0.0
  0
LINE
  8
0
  6
CONTINUOUS
 10
227.740446
 20
8.921866
 30
0.0
 11
229.574051
 21
10.746982
 31
0.0
  0
LINE
  8
0
  6
CONTINUOUS
 10
227.740446
 20
8.667896
 30
0.0
 11
228.820265
 21
9.742715
 31
0.0
  0
LINE
  8
0
  6
CONTINUOUS
 10
227.740446
 20
8.794881
 30
0.0
 11
229.699808
 21
10.745172
 31
0.0
  0
LINE
  8
0
  6
CONTINUOUS
 10
227.740446
 20
8.921866
 30
0.0
 11
229.574051
 21
10.746982
 31
0.0
  0
LINE
  8
0
  6
CONTINUOUS
 10
227.740446
 20
8.667896
 30
0.0
 11
228.820265
 21
9.742715
 31
0.0
  0
LINE
  8
0
  6
CONTINUOUS
 10
227.740446
 20
8.794881
 30
0.0
 11
229.699808
 21
10.745172
 31
0.0
  0
LINE
  8
0
  6
CONTINUOUS
 10
227.740446
 20
9.302633
 30
0.0
 11
229.195922
 21
10.751371
 31
0.0
  0
LINE
  8
0
  6
CONTINUOUS
 10
227.740446
 20
9.048663
 30
0.0
 11
229.448271
 21
10.748582
 31
0.0
  0
LINE
  8
0
  6
CONTINUOUS
 10
227.740446
 20
9.175648
 30
0.0
 11
229.322152
 21
10.750032
 31
0.0
  0
LINE
  8
0
  6
CONTINUOUS
 10
227.740446
 20
9.302633
 30
0.0
 11
229.195922
 21
10.751371
 31
0.0
  0
LINE
  8
0
  6
CONTINUOUS
 10
227.740446
 20
9.048663
 30
0.0
 11
229.448271
 21
10.748582
 31
0.0
  0
LINE
  8
0
  6
CONTINUOUS
 10
227.740446
 20
9.175648
 30
0.0
 11
229.322152
 21
10.750032
 31
0.0
  0
LINE
  8
0
  6
CONTINUOUS
 10
227.740446
 20
9.683775
 30
0.0
 11
228.816793
 21
10.755138
 31
0.0
  0
LINE
  8
0
  6
CONTINUOUS
 10
227.740446
 20
9.429805
 30
0.0
 11
229.069431
 21
10.752637
 31
0.0
  0
LINE
  8
0
  6
CONTINUOUS
 10
227.740446
 20
9.55679
 30
0.0
 11
228.943112
 21
10.753888
 31
0.0
  0
LINE
  8
0
  6
CONTINUOUS
 10
227.740446
 20
9.683775
 30
0.0
 11
228.816793
 21
10.755138
 31
0.0
  0
LINE
  8
0
  6
CONTINUOUS
 10
227.740446
 20
9.429805
 30
0.0
 11
229.069431
 21
10.752637
 31
0.0
  0
LINE
  8
0
  6
CONTINUOUS
 10
227.740446
 20
9.55679
 30
0.0
 11
228.943112
 21
10.753888
 31
0.0
  0
LINE
  8
0
  6
CONTINUOUS
 10
227.740446
 20
10.064705
 30
0.0
 11
228.437859
 21
10.758889
 31
0.0
  0
LINE
  8
0
  6
CONTINUOUS
 10
227.740446
 20
9.810735
 30
0.0
 11
228.690498
 21
10.756388
 31
0.0
  0
LINE
  8
0
  6
CONTINUOUS
 10
227.740446
 20
9.937720
 30
0.0
 11
228.564179
 21
10.757639
 31
0.0
  0
LINE
  8
0
  6
CONTINUOUS
 10
227.740446
 20
10.064705
 30
0.0
 11
228.437859
 21
10.758889
 31
0.0
  0
LINE
  8
0
  6
CONTINUOUS
 10
227.740446
 20
9.810735
 30
0.0
 11
228.690498
 21
10.756388
 31
0.0
  0
LINE
  8
0
  6
CONTINUOUS
 10
227.740446
 20
9.937720
 30
0.0
 11
228.564179
 21
10.757639
 31
0.0
  0
LINE
  8
0
  6
CONTINUOUS
 10
227.740446
 20
10.445665
 30
0.0
 11
228.058897
 21
10.762641
 31
0.0
  0
LINE
  8
0
  6
CONTINUOUS
 10
227.740446
 20
10.191695
 30
0.0
 11
228.311535
 21
10.76014
 31
0.0
  0
LINE
  8
0
  6
CONTINUOUS
 10
227.740446
 20
10.31868
 30
0.0
 11
228.185216
 21
10.76139
 31
0.0
  0
LINE
  8
0
  6
CONTINUOUS
 10
227.740446
 20
10.445665
 30
0.0
 11
228.058897
 21
10.762641
 31
0.0
  0
LINE
  8
0
  6
CONTINUOUS
 10
227.740446
 20
10.191695
 30
0.0
 11
228.311535
 21
10.76014
 31
0.0
  0
LINE
  8
0
  6
CONTINUOUS
 10
227.740446
 20
10.31868
 30
0.0
 11
228.185216
 21
10.76139
 31
0.0
  0
LINE
  8
0
  6
CONTINUOUS
 10
227.740446
 20
10.572645
 30
0.0
 11
227.932582
 21
10.763891
 31
0.0
  0
LINE
  8
0
  6
CONTINUOUS
 10
227.740446
 20
10.69963
 30
0.0
 11
227.806263
 21
10.765142
 31
0.0
  0
LINE
  8
0
  6
CONTINUOUS
 10
227.740446
 20
10.572645
 30
0.0
 11
227.932582
 21
10.763891
 31
0.0
  0
LINE
  8
0
  6
CONTINUOUS
 10
227.740446
 20
10.69963
 30
0.0
 11
227.806263
 21
10.765142
 31
0.0
  0
LINE
  8
0
  6
CONTINUOUS
 10
220.646097
 20
9.223544
 30
0.0
 11
220.719999
 21
9.297103
 31
0.0
  0
LINE
  8
0
  6
CONTINUOUS
 10
220.646097
 20
9.223544
 30
0.0
 11
220.719999
 21
9.297103
 31
0.0
  0
LINE
  8
0
  6
CONTINUOUS
 10
220.421733
 20
9.381046
 30
0.0
 11
220.752472
 21
9.710253
 31
0.0
  0
LINE
  8
0
  6
CONTINUOUS
 10
220.569402
 20
9.274061
 30
0.0
 11
220.735624
 21
9.439513
 31
0.0
  0
LINE
  8
0
  6
CONTINUOUS
 10
220.495138
 20
9.327125
 30
0.0
 11
220.745115
 21
9.575945
 31
0.0
  0
LINE
  8
0
  6
CONTINUOUS
 10
220.421733
 20
9.381046
 30
0.0
 11
220.752472
 21
9.710253
 31
0.0
  0
LINE
  8
0
  6
CONTINUOUS
 10
220.569402
 20
9.274061
 30
0.0
 11
220.735624
 21
9.439513
 31
0.0
  0
LINE
  8
0
  6
CONTINUOUS
 10
220.495138
 20
9.327125
 30
0.0
 11
220.745115
 21
9.575945
 31
0.0
  0
LINE
  8
0
  6
CONTINUOUS
 10
220.189035
 20
9.531081
 30
0.0
 11
220.770626
 21
10.109980
 31
0.0
  0
LINE
  8
0
  6
CONTINUOUS
 10
220.346028
 20
9.433377
 30
0.0
 11
220.758789
 21
9.844227
 31
0.0
  0
LINE
  8
0
  6
CONTINUOUS
 10
220.268612
 20
9.483304
 30
0.0
 11
220.764707
 21
9.977103
 31
0.0
  0
LINE
  8
0
  6
CONTINUOUS
 10
220.189035
 20
9.531081
 30
0.0
 11
220.770626
 21
10.109980
 31
0.0
  0
LINE
  8
0
  6
CONTINUOUS
 10
220.346028
 20
9.433377
 30
0.0
 11
220.758789
 21
9.844227
 31
0.0
  0
LINE
  8
0
  6
CONTINUOUS
 10
220.268612
 20
9.483304
 30
0.0
 11
220.764707
 21
9.977103
 31
0.0
  0
LINE
  8
0
  6
CONTINUOUS
 10
219.937939
 20
9.660492
 30
0.0
 11
220.63731
 21
10.356625
 31
0.0
  0
LINE
  8
0
  6
CONTINUOUS
 10
220.108303
 20
9.576097
 30
0.0
 11
220.776470
 21
10.241171
 31
0.0
  0
LINE
  8
0
  6
CONTINUOUS
 10
220.024285
 20
9.619454
 30
0.0
 11
220.715017
 21
10.306987
 31
0.0
  0
LINE
  8
0
  6
CONTINUOUS
 10
219.937939
 20
9.660492
 30
0.0
 11
220.63731
 21
10.356625
 31
0.0
  0
LINE
  8
0
  6
CONTINUOUS
 10
220.108303
 20
9.576097
 30
0.0
 11
220.776470
 21
10.241171
 31
0.0
  0
LINE
  8
0
  6
CONTINUOUS
 10
220.024285
 20
9.619454
 30
0.0
 11
220.715017
 21
10.306987
 31
0.0
  0
LINE
  8
0
  6
CONTINUOUS
 10
219.664044
 20
9.768828
 30
0.0
 11
220.397199
 21
10.498589
 31
0.0
  0
LINE
  8
0
  6
CONTINUOUS
 10
219.849177
 20
9.699134
 30
0.0
 11
220.55902
 21
10.405691
 31
0.0
  0
LINE
  8
0
  6
CONTINUOUS
 10
219.757918
 20
9.735283
 30
0.0
 11
220.479008
 21
10.453035
 31
0.0
  0
LINE
  8
0
  6
CONTINUOUS
 10
219.664044
 20
9.768828
 30
0.0
 11
220.397199
 21
10.498589
 31
0.0
  0
LINE
  8
0
  6
CONTINUOUS
 10
219.849177
 20
9.699134
 30
0.0
 11
220.55902
 21
10.405691
 31
0.0
  0
LINE
  8
0
  6
CONTINUOUS
 10
219.757918
 20
9.735283
 30
0.0
 11
220.479008
 21
10.453035
 31
0.0
  0
LINE
  8
0
  6
CONTINUOUS
 10
219.365010
 20
9.852439
 30
0.0
 11
220.140277
 21
10.624116
 31
0.0
  0
LINE
  8
0
  6
CONTINUOUS
 10
219.567185
 20
9.799708
 30
0.0
 11
220.313342
 21
10.54241
 31
0.0
  0
LINE
  8
0
  6
CONTINUOUS
 10
219.467647
 20
9.827616
 30
0.0
 11
220.227787
 21
10.584236
 31
0.0
  0
LINE
  8
0
  6
CONTINUOUS
 10
219.365010
 20
9.852439
 30
0.0
 11
220.140277
 21
10.624116
 31
0.0
  0
LINE
  8
0
  6
CONTINUOUS
 10
219.567185
 20
9.799708
 30
0.0
 11
220.313342
 21
10.54241
 31
0.0
  0
LINE
  8
0
  6
CONTINUOUS
 10
219.467647
 20
9.827616
 30
0.0
 11
220.227787
 21
10.584236
 31
0.0
  0
LINE
  8
0
  6
CONTINUOUS
 10
219.035251
 20
9.905879
 30
0.0
 11
219.864793
 21
10.73158
 31
0.0
  0
LINE
  8
0
  6
CONTINUOUS
 10
219.258434
 20
9.874058
 30
0.0
 11
220.050235
 21
10.662194
 31
0.0
  0
LINE
  8
0
  6
CONTINUOUS
 10
219.148828
 20
9.891945
 30
0.0
 11
219.958601
 21
10.697969
 31
0.0
  0
LINE
  8
0
  6
CONTINUOUS
 10
219.035251
 20
9.905879
 30
0.0
 11
219.864793
 21
10.73158
 31
0.0
  0
LINE
  8
0
  6
CONTINUOUS
 10
219.258434
 20
9.874058
 30
0.0
 11
220.050235
 21
10.662194
 31
0.0
  0
LINE
  8
0
  6
CONTINUOUS
 10
219.148828
 20
9.891945
 30
0.0
 11
219.958601
 21
10.697969
 31
0.0
  0
LINE
  8
0
  6
CONTINUOUS
 10
218.665956
 20
9.918815
 30
0.0
 11
219.569701
 21
10.818376
 31
0.0
  0
LINE
  8
0
  6
CONTINUOUS
 10
218.917666
 20
9.915389
 30
0.0
 11
219.769051
 21
10.762833
 31
0.0
  0
LINE
  8
0
  6
CONTINUOUS
 10
218.794691
 20
9.919969
 30
0.0
 11
219.670618
 21
10.791841
 31
0.0
  0
LINE
  8
0
  6
CONTINUOUS
 10
218.665956
 20
9.918815
 30
0.0
 11
219.569701
 21
10.818376
 31
0.0
  0
LINE
  8
0
  6
CONTINUOUS
 10
218.917666
 20
9.915389
 30
0.0
 11
219.769051
 21
10.762833
 31
0.0
  0
LINE
  8
0
  6
CONTINUOUS
 10
218.794691
 20
9.919969
 30
0.0
 11
219.670618
 21
10.791841
 31
0.0
  0
LINE
  8
0
  6
CONTINUOUS
 10
218.232583
 20
9.868001
 30
0.0
 11
219.250986
 21
10.88169
 31
0.0
  0
LINE
  8
0
  6
CONTINUOUS
 10
218.530853
 20
9.910920
 30
0.0
 11
219.466501
 21
10.842237
 31
0.0
  0
LINE
  8
0
  6
CONTINUOUS
 10
218.387022
 20
9.89474
 30
0.0
 11
219.360213
 21
10.863425
 31
0.0
  0
LINE
  8
0
  6
CONTINUOUS
 10
218.232583
 20
9.868001
 30
0.0
 11
219.250986
 21
10.88169
 31
0.0
  0
LINE
  8
0
  6
CONTINUOUS
 10
218.530853
 20
9.910920
 30
0.0
 11
219.466501
 21
10.842237
 31
0.0
  0
LINE
  8
0
  6
CONTINUOUS
 10
218.387022
 20
9.89474
 30
0.0
 11
219.360213
 21
10.863425
 31
0.0
  0
LINE
  8
0
  6
CONTINUOUS
 10
223.708495
 20
6.05142
 30
0.0
 11
224.62238
 21
6.961074
 31
0.0
  0
LINE
  8
0
  6
CONTINUOUS
 10
223.708495
 20
6.05142
 30
0.0
 11
224.62238
 21
6.961074
 31
0.0
  0
LINE
  8
0
  6
CONTINUOUS
 10
223.325764
 20
6.05142
 30
0.0
 11
224.237226
 21
6.958663
 31
0.0
  0
LINE
  8
0
  6
CONTINUOUS
 10
223.580915
 20
6.05142
 30
0.0
 11
224.493378
 21
6.959659
 31
0.0
  0
LINE
  8
0
  6
CONTINUOUS
 10
223.453339
 20
6.05142
 30
0.0
 11
224.365093
 21
6.958954
 31
0.0
  0
LINE
  8
0
  6
CONTINUOUS
 10
223.325764
 20
6.05142
 30
0.0
 11
224.237226
 21
6.958663
 31
0.0
  0
LINE
  8
0
  6
CONTINUOUS
 10
223.580915
 20
6.05142
 30
0.0
 11
224.493378
 21
6.959659
 31
0.0
  0
LINE
  8
0
  6
CONTINUOUS
 10
223.453339
 20
6.05142
 30
0.0
 11
224.365093
 21
6.958954
 31
0.0
  0
LINE
  8
0
  6
CONTINUOUS
 10
223.198193
 20
6.05142
 30
0.0
 11
224.109612
 21
6.958620
 31
0.0
  0
LINE
  8
0
  6
CONTINUOUS
 10
223.070617
 20
6.05142
 30
0.0
 11
223.982037
 21
6.958620
 31
0.0
  0
LINE
  8
0
  6
CONTINUOUS
 10
223.198193
 20
6.05142
 30
0.0
 11
224.109612
 21
6.958620
 31
0.0
  0
LINE
  8
0
  6
CONTINUOUS
 10
223.070617
 20
6.05142
 30
0.0
 11
223.982037
 21
6.958620
 31
0.0
  0
LINE
  8
0
  6
CONTINUOUS
 10
224.67265
 20
7.646036
 30
0.0
 11
225.4
 21
8.370019
 31
0.0
  0
LINE
  8
0
  6
CONTINUOUS
 10
224.712305
 20
7.558523
 30
0.0
 11
225.440386
 21
8.283234
 31
0.0
  0
LINE
  8
0
  6
CONTINUOUS
 10
224.67265
 20
7.646036
 30
0.0
 11
225.4
 21
8.370019
 31
0.0
  0
LINE
  8
0
  6
CONTINUOUS
 10
224.712305
 20
7.558523
 30
0.0
 11
225.440386
 21
8.283234
 31
0.0
  0
LINE
  8
0
  6
CONTINUOUS
 10
224.791564
 20
7.383450
 30
0.0
 11
225.521124
 21
8.109632
 31
0.0
  0
LINE
  8
0
  6
CONTINUOUS
 10
224.831165
 20
7.295883
 30
0.0
 11
225.561478
 21
8.022814
 31
0.0
  0
LINE
  8
0
  6
CONTINUOUS
 10
224.751943
 20
7.470997
 30
0.0
 11
225.48076
 21
8.196440
 31
0.0
  0
LINE
  8
0
  6
CONTINUOUS
 10
224.791564
 20
7.383450
 30
0.0
 11
225.521124
 21
8.109632
 31
0.0
  0
LINE
  8
0
  6
CONTINUOUS
 10
224.831165
 20
7.295883
 30
0.0
 11
225.561478
 21
8.022814
 31
0.0
  0
LINE
  8
0
  6
CONTINUOUS
 10
224.751943
 20
7.470997
 30
0.0
 11
225.48076
 21
8.196440
 31
0.0
  0
LINE
  8
0
  6
CONTINUOUS
 10
224.870741
 20
7.208286
 30
0.0
 11
225.601823
 21
7.935983
 31
0.0
  0
LINE
  8
0
  6
CONTINUOUS
 10
224.870741
 20
7.208286
 30
0.0
 11
225.601823
 21
7.935983
 31
0.0
  0
LINE
  8
0
  6
CONTINUOUS
 10
224.633035
 20
7.733590
 30
0.0
 11
225.359601
 21
8.456792
 31
0.0
  0
LINE
  8
0
  6
CONTINUOUS
 10
224.633035
 20
7.733590
 30
0.0
 11
225.359601
 21
8.456792
 31
0.0
  0
LINE
  8
0
  6
CONTINUOUS
 10
224.515698
 20
7.998271
 30
0.0
 11
225.238158
 21
8.717386
 31
0.0
  0
LINE
  8
0
  6
CONTINUOUS
 10
224.593516
 20
7.821759
 30
0.0
 11
225.319024
 21
8.543908
 31
0.0
  0
LINE
  8
0
  6
CONTINUOUS
 10
224.554451
 20
7.909859
 30
0.0
 11
225.278598
 21
8.630655
 31
0.0
  0
LINE
  8
0
  6
CONTINUOUS
 10
224.515698
 20
7.998271
 30
0.0
 11
225.238158
 21
8.717386
 31
0.0
  0
LINE
  8
0
  6
CONTINUOUS
 10
224.593516
 20
7.821759
 30
0.0
 11
225.319024
 21
8.543908
 31
0.0
  0
LINE
  8
0
  6
CONTINUOUS
 10
224.554451
 20
7.909859
 30
0.0
 11
225.278598
 21
8.630655
 31
0.0
  0
LINE
  8
0
  6
CONTINUOUS
 10
224.477417
 20
8.086714
 30
0.0
 11
225.197841
 21
8.803803
 31
0.0
  0
LINE
  8
0
  6
CONTINUOUS
 10
224.439376
 20
8.175834
 30
0.0
 11
225.157368
 21
8.890502
 31
0.0
  0
LINE
  8
0
  6
CONTINUOUS
 10
224.477417
 20
8.086714
 30
0.0
 11
225.197841
 21
8.803803
 31
0.0
  0
LINE
  8
0
  6
CONTINUOUS
 10
224.439376
 20
8.175834
 30
0.0
 11
225.157368
 21
8.890502
 31
0.0
  0
LINE
  8
0
  6
CONTINUOUS
 10
224.910276
 20
7.120653
 30
0.0
 11
225.642158
 21
7.849146
 31
0.0
  0
LINE
  8
0
  6
CONTINUOUS
 10
224.910276
 20
7.120653
 30
0.0
 11
225.642158
 21
7.849146
 31
0.0
  0
LINE
  8
0
  6
CONTINUOUS
 10
224.949724
 20
7.032933
 30
0.0
 11
225.682485
 21
7.762301
 31
0.0
  0
LINE
  8
0
  6
CONTINUOUS
 10
224.949724
 20
7.032933
 30
0.0
 11
225.682485
 21
7.762301
 31
0.0
  0
LINE
  8
0
  6
CONTINUOUS
 10
224.257223
 20
8.629663
 30
0.0
 11
224.954626
 21
9.323837
 31
0.0
  0
LINE
  8
0
  6
CONTINUOUS
 10
224.257223
 20
8.629663
 30
0.0
 11
224.954626
 21
9.323837
 31
0.0
  0
LINE
  8
0
  6
CONTINUOUS
 10
224.292208
 20
8.537249
 30
0.0
 11
224.995288
 21
9.237074
 31
0.0
  0
LINE
  8
0
  6
CONTINUOUS
 10
224.292208
 20
8.537249
 30
0.0
 11
224.995288
 21
9.237074
 31
0.0
  0
LINE
  8
0
  6
CONTINUOUS
 10
224.401754
 20
8.265372
 30
0.0
 11
225.116876
 21
8.977183
 31
0.0
  0
LINE
  8
0
  6
CONTINUOUS
 10
224.401754
 20
8.265372
 30
0.0
 11
225.116876
 21
8.977183
 31
0.0
  0
LINE
  8
0
  6
CONTINUOUS
 10
224.364627
 20
8.355363
 30
0.0
 11
225.076376
 21
9.063818
 31
0.0
  0
LINE
  8
0
  6
CONTINUOUS
 10
224.328062
 20
8.445952
 30
0.0
 11
225.035844
 21
9.150458
 31
0.0
  0
LINE
  8
0
  6
CONTINUOUS
 10
224.364627
 20
8.355363
 30
0.0
 11
225.076376
 21
9.063818
 31
0.0
  0
LINE
  8
0
  6
CONTINUOUS
 10
224.328062
 20
8.445952
 30
0.0
 11
225.035844
 21
9.150458
 31
0.0
  0
LINE
  8
0
  6
CONTINUOUS
 10
224.223668
 20
8.723248
 30
0.0
 11
224.914017
 21
9.410401
 31
0.0
  0
LINE
  8
0
  6
CONTINUOUS
 10
224.223668
 20
8.723248
 30
0.0
 11
224.914017
 21
9.410401
 31
0.0
  0
LINE
  8
0
  6
CONTINUOUS
 10
224.192473
 20
8.819182
 30
0.0
 11
224.873378
 21
9.496936
 31
0.0
  0
LINE
  8
0
  6
CONTINUOUS
 10
224.192473
 20
8.819182
 30
0.0
 11
224.873378
 21
9.496936
 31
0.0
  0
LINE
  8
0
  6
CONTINUOUS
 10
224.168330
 20
8.921668
 30
0.0
 11
224.832856
 21
9.583118
 31
0.0
  0
LINE
  8
0
  6
CONTINUOUS
 10
224.168330
 20
8.921668
 30
0.0
 11
224.832856
 21
9.583118
 31
0.0
  0
LINE
  8
0
  6
CONTINUOUS
 10
218.063967
 20
9.826963
 30
0.0
 11
219.138792
 21
10.896812
 31
0.0
  0
LINE
  8
0
  6
CONTINUOUS
 10
217.873319
 20
9.764182
 30
0.0
 11
219.023067
 21
10.908607
 31
0.0
  0
LINE
  8
0
  6
CONTINUOUS
 10
217.642383
 20
9.6613
 30
0.0
 11
218.903702
 21
10.916781
 31
0.0
  0
LINE
  8
0
  6
CONTINUOUS
 10
217.642383
 20
9.6613
 30
0.0
 11
218.903702
 21
10.916781
 31
0.0
  0
LINE
  8
0
  6
CONTINUOUS
 10
218.063967
 20
9.826963
 30
0.0
 11
219.138792
 21
10.896812
 31
0.0
  0
LINE
  8
0
  6
CONTINUOUS
 10
217.873319
 20
9.764182
 30
0.0
 11
219.023067
 21
10.908607
 31
0.0
  0
LINE
  8
0
  6
CONTINUOUS
 10
215.374061
 20
7.40348
 30
0.0
 11
216.762954
 21
8.785943
 31
0.0
  0
LINE
  8
0
  6
CONTINUOUS
 10
215.374061
 20
7.40348
 30
0.0
 11
216.762954
 21
8.785943
 31
0.0
  0
LINE
  8
0
  6
CONTINUOUS
 10
215.384272
 20
7.159674
 30
0.0
 11
216.588495
 21
8.358322
 31
0.0
  0
LINE
  8
0
  6
CONTINUOUS
 10
215.378037
 20
7.280453
 30
0.0
 11
216.655131
 21
8.551634
 31
0.0
  0
LINE
  8
0
  6
CONTINUOUS
 10
215.378037
 20
7.280453
 30
0.0
 11
216.655131
 21
8.551634
 31
0.0
  0
LINE
  8
0
  6
CONTINUOUS
 10
215.384272
 20
7.159674
 30
0.0
 11
216.588495
 21
8.358322
 31
0.0
  0
LINE
  8
0
  6
CONTINUOUS
 10
215.654496
 20
6.159103
 30
0.0
 11
216.53657
 21
7.037093
 31
0.0
  0
LINE
  8
0
  6
CONTINUOUS
 10
215.654496
 20
6.159103
 30
0.0
 11
216.53657
 21
7.037093
 31
0.0
  0
LINE
  8
0
  6
CONTINUOUS
 10
215.544232
 20
6.431021
 30
0.0
 11
216.489002
 21
7.371417
 31
0.0
  0
LINE
  8
0
  6
CONTINUOUS
 10
215.615419
 20
6.247909
 30
0.0
 11
216.516477
 21
7.144796
 31
0.0
  0
LINE
  8
0
  6
CONTINUOUS
 10
215.578717
 20
6.338362
 30
0.0
 11
216.500561
 21
7.255938
 31
0.0
  0
LINE
  8
0
  6
CONTINUOUS
 10
215.544232
 20
6.431021
 30
0.0
 11
216.489002
 21
7.371417
 31
0.0
  0
LINE
  8
0
  6
CONTINUOUS
 10
215.615419
 20
6.247909
 30
0.0
 11
216.516477
 21
7.144796
 31
0.0
  0
LINE
  8
0
  6
CONTINUOUS
 10
215.578717
 20
6.338362
 30
0.0
 11
216.500561
 21
7.255938
 31
0.0
  0
LINE
  8
0
  6
CONTINUOUS
 10
215.454957
 20
6.722681
 30
0.0
 11
216.484531
 21
7.747489
 31
0.0
  0
LINE
  8
0
  6
CONTINUOUS
 10
215.512143
 20
6.525633
 30
0.0
 11
216.48218
 21
7.491179
 31
0.0
  0
LINE
  8
0
  6
CONTINUOUS
 10
215.482316
 20
6.622929
 30
0.0
 11
216.480495
 21
7.616487
 31
0.0
  0
LINE
  8
0
  6
CONTINUOUS
 10
215.454957
 20
6.722681
 30
0.0
 11
216.484531
 21
7.747489
 31
0.0
  0
LINE
  8
0
  6
CONTINUOUS
 10
215.512143
 20
6.525633
 30
0.0
 11
216.48218
 21
7.491179
 31
0.0
  0
LINE
  8
0
  6
CONTINUOUS
 10
215.482316
 20
6.622929
 30
0.0
 11
216.480495
 21
7.616487
 31
0.0
  0
LINE
  8
0
  6
CONTINUOUS
 10
215.393581
 20
7.042143
 30
0.0
 11
216.544138
 21
8.187373
 31
0.0
  0
LINE
  8
0
  6
CONTINUOUS
 10
215.430247
 20
6.824669
 30
0.0
 11
216.495275
 21
7.884766
 31
0.0
  0
LINE
  8
0
  6
CONTINUOUS
 10
215.408255
 20
6.929764
 30
0.0
 11
216.514357
 21
8.030745
 31
0.0
  0
LINE
  8
0
  6
CONTINUOUS
 10
215.393581
 20
7.042143
 30
0.0
 11
216.544138
 21
8.187373
 31
0.0
  0
LINE
  8
0
  6
CONTINUOUS
 10
215.430247
 20
6.824669
 30
0.0
 11
216.495275
 21
7.884766
 31
0.0
  0
LINE
  8
0
  6
CONTINUOUS
 10
215.408255
 20
6.929764
 30
0.0
 11
216.514357
 21
8.030745
 31
0.0
  0
LINE
  8
0
  6
CONTINUOUS
 10
215.373321
 20
7.783885
 30
0.0
 11
218.520025
 21
10.916021
 31
0.0
  0
LINE
  8
0
  6
CONTINUOUS
 10
215.371988
 20
7.528588
 30
0.0
 11
218.780193
 21
10.921015
 31
0.0
  0
LINE
  8
0
  6
CONTINUOUS
 10
215.371714
 20
7.655301
 30
0.0
 11
218.652516
 21
10.920914
 31
0.0
  0
LINE
  8
0
  6
CONTINUOUS
 10
215.373321
 20
7.783885
 30
0.0
 11
218.520025
 21
10.916021
 31
0.0
  0
LINE
  8
0
  6
CONTINUOUS
 10
215.371988
 20
7.528588
 30
0.0
 11
218.780193
 21
10.921015
 31
0.0
  0
LINE
  8
0
  6
CONTINUOUS
 10
215.371714
 20
7.655301
 30
0.0
 11
218.652516
 21
10.920914
 31
0.0
  0
LINE
  8
0
  6
CONTINUOUS
 10
215.396464
 20
8.187851
 30
0.0
 11
218.08975
 21
10.868668
 31
0.0
  0
LINE
  8
0
  6
CONTINUOUS
 10
215.377142
 20
7.914648
 30
0.0
 11
218.38217
 21
10.905765
 31
0.0
  0
LINE
  8
0
  6
CONTINUOUS
 10
215.384016
 20
8.048476
 30
0.0
 11
218.238777
 21
10.89002
 31
0.0
  0
LINE
  8
0
  6
CONTINUOUS
 10
215.396464
 20
8.187851
 30
0.0
 11
218.08975
 21
10.868668
 31
0.0
  0
LINE
  8
0
  6
CONTINUOUS
 10
215.377142
 20
7.914648
 30
0.0
 11
218.38217
 21
10.905765
 31
0.0
  0
LINE
  8
0
  6
CONTINUOUS
 10
215.384016
 20
8.048476
 30
0.0
 11
218.238777
 21
10.89002
 31
0.0
  0
LINE
  8
0
  6
CONTINUOUS
 10
215.529135
 20
8.700868
 30
0.0
 11
217.587863
 21
10.750065
 31
0.0
  0
LINE
  8
0
  6
CONTINUOUS
 10
215.426468
 20
8.344706
 30
0.0
 11
217.933447
 21
10.840079
 31
0.0
  0
LINE
  8
0
  6
CONTINUOUS
 10
215.471152
 20
8.516168
 30
0.0
 11
217.767439
 21
10.801824
 31
0.0
  0
LINE
  8
0
  6
CONTINUOUS
 10
215.529135
 20
8.700868
 30
0.0
 11
217.587863
 21
10.750065
 31
0.0
  0
LINE
  8
0
  6
CONTINUOUS
 10
215.426468
 20
8.344706
 30
0.0
 11
217.933447
 21
10.840079
 31
0.0
  0
LINE
  8
0
  6
CONTINUOUS
 10
215.471152
 20
8.516168
 30
0.0
 11
217.767439
 21
10.801824
 31
0.0
  0
LINE
  8
0
  6
CONTINUOUS
 10
215.881347
 20
9.4324
 30
0.0
 11
216.853771
 21
10.400322
 31
0.0
  0
LINE
  8
0
  6
CONTINUOUS
 10
215.605982
 20
8.904339
 30
0.0
 11
217.388065
 21
10.678172
 31
0.0
  0
LINE
  8
0
  6
CONTINUOUS
 10
215.712927
 20
9.137774
 30
0.0
 11
217.154774
 21
10.572946
 31
0.0
  0
LINE
  8
0
  6
CONTINUOUS
 10
215.881347
 20
9.4324
 30
0.0
 11
216.853771
 21
10.400322
 31
0.0
  0
LINE
  8
0
  6
CONTINUOUS
 10
215.605982
 20
8.904339
 30
0.0
 11
217.388065
 21
10.678172
 31
0.0
  0
LINE
  8
0
  6
CONTINUOUS
 10
215.712927
 20
9.137774
 30
0.0
 11
217.154774
 21
10.572946
 31
0.0
  0
LINE
  8
0
  6
CONTINUOUS
 10
213.645382
 20
5.682804
 30
0.0
 11
214.351113
 21
6.385267
 31
0.0
  0
LINE
  8
0
  6
CONTINUOUS
 10
213.683593
 20
5.466868
 30
0.0
 11
214.468551
 21
6.248192
 31
0.0
  0
LINE
  8
0
  6
CONTINUOUS
 10
213.678872
 20
5.589154
 30
0.0
 11
214.412632
 21
6.319517
 31
0.0
  0
LINE
  8
0
  6
CONTINUOUS
 10
213.645382
 20
5.682804
 30
0.0
 11
214.351113
 21
6.385267
 31
0.0
  0
LINE
  8
0
  6
CONTINUOUS
 10
213.683593
 20
5.466868
 30
0.0
 11
214.468551
 21
6.248192
 31
0.0
  0
LINE
  8
0
  6
CONTINUOUS
 10
213.678872
 20
5.589154
 30
0.0
 11
214.412632
 21
6.319517
 31
0.0
  0
LINE
  8
0
  6
CONTINUOUS
 10
213.455376
 20
5.874819
 30
0.0
 11
214.138281
 21
6.554562
 31
0.0
  0
LINE
  8
0
  6
CONTINUOUS
 10
213.592933
 20
5.757769
 30
0.0
 11
214.284401
 21
6.446036
 31
0.0
  0
LINE
  8
0
  6
CONTINUOUS
 10
213.528257
 20
5.820378
 30
0.0
 11
214.213287
 21
6.502237
 31
0.0
  0
LINE
  8
0
  6
CONTINUOUS
 10
213.455376
 20
5.874819
 30
0.0
 11
214.138281
 21
6.554562
 31
0.0
  0
LINE
  8
0
  6
CONTINUOUS
 10
213.592933
 20
5.757769
 30
0.0
 11
214.284401
 21
6.446036
 31
0.0
  0
LINE
  8
0
  6
CONTINUOUS
 10
213.528257
 20
5.820378
 30
0.0
 11
214.213287
 21
6.502237
 31
0.0
  0
LINE
  8
0
  6
CONTINUOUS
 10
213.208745
 20
6.010260
 30
0.0
 11
213.8953
 21
6.693637
 31
0.0
  0
LINE
  8
0
  6
CONTINUOUS
 10
213.376847
 20
5.923614
 30
0.0
 11
214.059965
 21
6.603570
 31
0.0
  0
LINE
  8
0
  6
CONTINUOUS
 10
213.294271
 20
5.968405
 30
0.0
 11
213.978819
 21
6.649784
 31
0.0
  0
LINE
  8
0
  6
CONTINUOUS
 10
213.208745
 20
6.010260
 30
0.0
 11
213.8953
 21
6.693637
 31
0.0
  0
LINE
  8
0
  6
CONTINUOUS
 10
213.376847
 20
5.923614
 30
0.0
 11
214.059965
 21
6.603570
 31
0.0
  0
LINE
  8
0
  6
CONTINUOUS
 10
213.294271
 20
5.968405
 30
0.0
 11
213.978819
 21
6.649784
 31
0.0
  0
LINE
  8
0
  6
CONTINUOUS
 10
213.121008
 20
6.04992
 30
0.0
 11
213.80978
 21
6.735502
 31
0.0
  0
LINE
  8
0
  6
CONTINUOUS
 10
213.121008
 20
6.04992
 30
0.0
 11
213.80978
 21
6.735502
 31
0.0
  0
LINE
  8
0
  6
CONTINUOUS
 10
212.940878
 20
6.124593
 30
0.0
 11
213.633972
 21
6.814479
 31
0.0
  0
LINE
  8
0
  6
CONTINUOUS
 10
213.031593
 20
6.087903
 30
0.0
 11
213.722583
 21
6.775695
 31
0.0
  0
LINE
  8
0
  6
CONTINUOUS
 10
212.940878
 20
6.124593
 30
0.0
 11
213.633972
 21
6.814479
 31
0.0
  0
LINE
  8
0
  6
CONTINUOUS
 10
213.031593
 20
6.087903
 30
0.0
 11
213.722583
 21
6.775695
 31
0.0
  0
LINE
  8
0
  6
CONTINUOUS
 10
212.670884
 20
6.236799
 30
0.0
 11
213.361716
 21
6.924433
 31
0.0
  0
LINE
  8
0
  6
CONTINUOUS
 10
212.850069
 20
6.161185
 30
0.0
 11
213.544171
 21
6.852074
 31
0.0
  0
LINE
  8
0
  6
CONTINUOUS
 10
212.760029
 20
6.198547
 30
0.0
 11
213.453359
 21
6.888667
 31
0.0
  0
LINE
  8
0
  6
CONTINUOUS
 10
212.670884
 20
6.236799
 30
0.0
 11
213.361716
 21
6.924433
 31
0.0
  0
LINE
  8
0
  6
CONTINUOUS
 10
212.850069
 20
6.161185
 30
0.0
 11
213.544171
 21
6.852074
 31
0.0
  0
LINE
  8
0
  6
CONTINUOUS
 10
212.760029
 20
6.198547
 30
0.0
 11
213.453359
 21
6.888667
 31
0.0
  0
LINE
  8
0
  6
CONTINUOUS
 10
212.582418
 20
6.276248
 30
0.0
 11
213.26988
 21
6.960527
 31
0.0
  0
LINE
  8
0
  6
CONTINUOUS
 10
212.495523
 20
6.31674
 30
0.0
 11
213.179286
 21
6.997338
 31
0.0
  0
LINE
  8
0
  6
CONTINUOUS
 10
212.582418
 20
6.276248
 30
0.0
 11
213.26988
 21
6.960527
 31
0.0
  0
LINE
  8
0
  6
CONTINUOUS
 10
212.495523
 20
6.31674
 30
0.0
 11
213.179286
 21
6.997338
 31
0.0
  0
LINE
  8
0
  6
CONTINUOUS
 10
213.760593
 20
7.575953
 30
0.0
 11
214.375249
 21
8.187764
 31
0.0
  0
LINE
  8
0
  6
CONTINUOUS
 10
213.927851
 20
7.615452
 30
0.0
 11
214.428669
 21
8.113952
 31
0.0
  0
LINE
  8
0
  6
CONTINUOUS
 10
213.760593
 20
7.575953
 30
0.0
 11
214.375249
 21
8.187764
 31
0.0
  0
LINE
  8
0
  6
CONTINUOUS
 10
213.927851
 20
7.615452
 30
0.0
 11
214.428669
 21
8.113952
 31
0.0
  0
LINE
  8
0
  6
CONTINUOUS
 10
213.702712
 20
7.645325
 30
0.0
 11
214.316461
 21
8.256233
 31
0.0
  0
LINE
  8
0
  6
CONTINUOUS
 10
213.702712
 20
7.645325
 30
0.0
 11
214.316461
 21
8.256233
 31
0.0
  0
LINE
  8
0
  6
CONTINUOUS
 10
213.508532
 20
7.832561
 30
0.0
 11
214.117835
 21
8.439043
 31
0.0
  0
LINE
  8
0
  6
CONTINUOUS
 10
213.647984
 20
7.717398
 30
0.0
 11
214.254153
 21
8.32076
 31
0.0
  0
LINE
  8
0
  6
CONTINUOUS
 10
213.583125
 20
7.779825
 30
0.0
 11
214.188103
 21
8.382001
 31
0.0
  0
LINE
  8
0
  6
CONTINUOUS
 10
213.508532
 20
7.832561
 30
0.0
 11
214.117835
 21
8.439043
 31
0.0
  0
LINE
  8
0
  6
CONTINUOUS
 10
213.647984
 20
7.717398
 30
0.0
 11
214.254153
 21
8.32076
 31
0.0
  0
LINE
  8
0
  6
CONTINUOUS
 10
213.583125
 20
7.779825
 30
0.0
 11
214.188103
 21
8.382001
 31
0.0
  0
LINE
  8
0
  6
CONTINUOUS
 10
213.424340
 20
7.875707
 30
0.0
 11
214.041115
 21
8.489626
 31
0.0
  0
LINE
  8
0
  6
CONTINUOUS
 10
213.329946
 20
7.908735
 30
0.0
 11
213.959205
 21
8.53508
 31
0.0
  0
LINE
  8
0
  6
CONTINUOUS
 10
213.424340
 20
7.875707
 30
0.0
 11
214.041115
 21
8.489626
 31
0.0
  0
LINE
  8
0
  6
CONTINUOUS
 10
213.329946
 20
7.908735
 30
0.0
 11
213.959205
 21
8.53508
 31
0.0
  0
LINE
  8
0
  6
CONTINUOUS
 10
213.223928
 20
7.930192
 30
0.0
 11
213.87313
 21
8.576388
 31
0.0
  0
LINE
  8
0
  6
CONTINUOUS
 10
213.223928
 20
7.930192
 30
0.0
 11
213.87313
 21
8.576388
 31
0.0
  0
LINE
  8
0
  6
CONTINUOUS
 10
213.103038
 20
7.937098
 30
0.0
 11
213.781705
 21
8.612623
 31
0.0
  0
LINE
  8
0
  6
CONTINUOUS
 10
212.963669
 20
7.925359
 30
0.0
 11
213.684394
 21
8.642748
 31
0.0
  0
LINE
  8
0
  6
CONTINUOUS
 10
213.103038
 20
7.937098
 30
0.0
 11
213.781705
 21
8.612623
 31
0.0
  0
LINE
  8
0
  6
CONTINUOUS
 10
212.963669
 20
7.925359
 30
0.0
 11
213.684394
 21
8.642748
 31
0.0
  0
LINE
  8
0
  6
CONTINUOUS
 10
212.777681
 20
7.867217
 30
0.0
 11
213.580436
 21
8.666256
 31
0.0
  0
LINE
  8
0
  6
CONTINUOUS
 10
212.777681
 20
7.867217
 30
0.0
 11
213.580436
 21
8.666256
 31
0.0
  0
LINE
  8
0
  6
CONTINUOUS
 10
211.758067
 20
6.852323
 30
0.0
 11
212.59606
 21
7.686437
 31
0.0
  0
LINE
  8
0
  6
CONTINUOUS
 10
211.758067
 20
6.852323
 30
0.0
 11
212.59606
 21
7.686437
 31
0.0
  0
LINE
  8
0
  6
CONTINUOUS
 10
211.943234
 20
6.655428
 30
0.0
 11
212.633690
 21
7.342686
 31
0.0
  0
LINE
  8
0
  6
CONTINUOUS
 10
211.943234
 20
6.655428
 30
0.0
 11
212.633690
 21
7.342686
 31
0.0
  0
LINE
  8
0
  6
CONTINUOUS
 10
211.876654
 20
6.716392
 30
0.0
 11
212.58359
 21
7.420055
 31
0.0
  0
LINE
  8
0
  6
CONTINUOUS
 10
211.814805
 20
6.781814
 30
0.0
 11
212.562954
 21
7.526499
 31
0.0
  0
LINE
  8
0
  6
CONTINUOUS
 10
211.876654
 20
6.716392
 30
0.0
 11
212.58359
 21
7.420055
 31
0.0
  0
LINE
  8
0
  6
CONTINUOUS
 10
211.814805
 20
6.781814
 30
0.0
 11
212.562954
 21
7.526499
 31
0.0
  0
LINE
  8
0
  6
CONTINUOUS
 10
212.164837
 20
6.495087
 30
0.0
 11
212.837252
 21
7.164389
 31
0.0
  0
LINE
  8
0
  6
CONTINUOUS
 10
212.244534
 20
6.447431
 30
0.0
 11
212.917991
 21
7.117769
 31
0.0
  0
LINE
  8
0
  6
CONTINUOUS
 10
212.164837
 20
6.495087
 30
0.0
 11
212.837252
 21
7.164389
 31
0.0
  0
LINE
  8
0
  6
CONTINUOUS
 10
212.244534
 20
6.447431
 30
0.0
 11
212.917991
 21
7.117769
 31
0.0
  0
LINE
  8
0
  6
CONTINUOUS
 10
212.087777
 20
6.545332
 30
0.0
 11
212.762216
 21
7.216648
 31
0.0
  0
LINE
  8
0
  6
CONTINUOUS
 10
212.013741
 20
6.598623
 30
0.0
 11
212.694315
 21
7.276046
 31
0.0
  0
LINE
  8
0
  6
CONTINUOUS
 10
212.087777
 20
6.545332
 30
0.0
 11
212.762216
 21
7.216648
 31
0.0
  0
LINE
  8
0
  6
CONTINUOUS
 10
212.013741
 20
6.598623
 30
0.0
 11
212.694315
 21
7.276046
 31
0.0
  0
LINE
  8
0
  6
CONTINUOUS
 10
211.621893
 20
7.097267
 30
0.0
 11
213.230693
 21
8.698619
 31
0.0
  0
LINE
  8
0
  6
CONTINUOUS
 10
211.707045
 20
6.928055
 30
0.0
 11
213.470155
 21
8.683002
 31
0.0
  0
LINE
  8
0
  6
CONTINUOUS
 10
211.66163
 20
7.009835
 30
0.0
 11
213.353164
 21
8.693538
 31
0.0
  0
LINE
  8
0
  6
CONTINUOUS
 10
211.621893
 20
7.097267
 30
0.0
 11
213.230693
 21
8.698619
 31
0.0
  0
LINE
  8
0
  6
CONTINUOUS
 10
211.707045
 20
6.928055
 30
0.0
 11
213.470155
 21
8.683002
 31
0.0
  0
LINE
  8
0
  6
CONTINUOUS
 10
211.66163
 20
7.009835
 30
0.0
 11
213.353164
 21
8.693538
 31
0.0
  0
LINE
  8
0
  6
CONTINUOUS
 10
211.572971
 20
7.429481
 30
0.0
 11
212.835136
 21
8.685803
 31
0.0
  0
LINE
  8
0
  6
CONTINUOUS
 10
211.590943
 20
7.1934
 30
0.0
 11
213.103797
 21
8.69925
 31
0.0
  0
LINE
  8
0
  6
CONTINUOUS
 10
211.576037
 20
7.305548
 30
0.0
 11
212.972519
 21
8.695565
 31
0.0
  0
LINE
  8
0
  6
CONTINUOUS
 10
211.572971
 20
7.429481
 30
0.0
 11
212.835136
 21
8.685803
 31
0.0
  0
LINE
  8
0
  6
CONTINUOUS
 10
211.590943
 20
7.1934
 30
0.0
 11
213.103797
 21
8.69925
 31
0.0
  0
LINE
  8
0
  6
CONTINUOUS
 10
211.576037
 20
7.305548
 30
0.0
 11
212.972519
 21
8.695565
 31
0.0
  0
LINE
  8
0
  6
CONTINUOUS
 10
211.575515
 20
7.559038
 30
0.0
 11
212.688279
 21
8.666650
 31
0.0
  0
LINE
  8
0
  6
CONTINUOUS
 10
211.575515
 20
7.559038
 30
0.0
 11
212.688279
 21
8.666650
 31
0.0
  0
LINE
  8
0
  6
CONTINUOUS
 10
211.628181
 20
7.865429
 30
0.0
 11
212.327152
 21
8.561164
 31
0.0
  0
LINE
  8
0
  6
CONTINUOUS
 10
211.588503
 20
7.698951
 30
0.0
 11
212.525217
 21
8.631328
 31
0.0
  0
LINE
  8
0
  6
CONTINUOUS
 10
211.628181
 20
7.865429
 30
0.0
 11
212.327152
 21
8.561164
 31
0.0
  0
LINE
  8
0
  6
CONTINUOUS
 10
211.588503
 20
7.698951
 30
0.0
 11
212.525217
 21
8.631328
 31
0.0
  0
LINE
  8
0
  6
CONTINUOUS
 10
209.351706
 20
6.488348
 30
0.0
 11
211.288622
 21
8.416297
 31
0.0
  0
LINE
  8
0
  6
CONTINUOUS
 10
209.351706
 20
6.488348
 30
0.0
 11
211.288622
 21
8.416297
 31
0.0
  0
LINE
  8
0
  6
CONTINUOUS
 10
209.670313
 20
7.186327
 30
0.0
 11
211.057415
 21
8.567008
 31
0.0
  0
LINE
  8
0
  6
CONTINUOUS
 10
209.45669
 20
6.719723
 30
0.0
 11
211.300570
 21
8.555066
 31
0.0
  0
LINE
  8
0
  6
CONTINUOUS
 10
209.562985
 20
6.952511
 30
0.0
 11
211.183129
 21
8.565154
 31
0.0
  0
LINE
  8
0
  6
CONTINUOUS
 10
209.670313
 20
7.186327
 30
0.0
 11
211.057415
 21
8.567008
 31
0.0
  0
LINE
  8
0
  6
CONTINUOUS
 10
209.45669
 20
6.719723
 30
0.0
 11
211.300570
 21
8.555066
 31
0.0
  0
LINE
  8
0
  6
CONTINUOUS
 10
209.562985
 20
6.952511
 30
0.0
 11
211.183129
 21
8.565154
 31
0.0
  0
LINE
  8
0
  6
CONTINUOUS
 10
209.996438
 20
7.892402
 30
0.0
 11
210.669811
 21
8.562658
 31
0.0
  0
LINE
  8
0
  6
CONTINUOUS
 10
209.779056
 20
7.422057
 30
0.0
 11
210.928695
 21
8.566374
 31
0.0
  0
LINE
  8
0
  6
CONTINUOUS
 10
209.887747
 20
7.657230
 30
0.0
 11
210.79939
 21
8.564652
 31
0.0
  0
LINE
  8
0
  6
CONTINUOUS
 10
209.996438
 20
7.892402
 30
0.0
 11
210.669811
 21
8.562658
 31
0.0
  0
LINE
  8
0
  6
CONTINUOUS
 10
209.779056
 20
7.422057
 30
0.0
 11
210.928695
 21
8.566374
 31
0.0
  0
LINE
  8
0
  6
CONTINUOUS
 10
209.887747
 20
7.657230
 30
0.0
 11
210.79939
 21
8.564652
 31
0.0
  0
LINE
  8
0
  6
CONTINUOUS
 10
210.105016
 20
8.12733
 30
0.0
 11
210.540366
 21
8.560665
 31
0.0
  0
LINE
  8
0
  6
CONTINUOUS
 10
210.213707
 20
8.362503
 30
0.0
 11
210.410787
 21
8.55867
 31
0.0
  0
LINE
  8
0
  6
CONTINUOUS
 10
210.105016
 20
8.12733
 30
0.0
 11
210.540366
 21
8.560665
 31
0.0
  0
LINE
  8
0
  6
CONTINUOUS
 10
210.213707
 20
8.362503
 30
0.0
 11
210.410787
 21
8.55867
 31
0.0
  0
LINE
  8
0
  6
CONTINUOUS
 10
209.248416
 20
6.258551
 30
0.0
 11
211.177035
 21
8.178241
 31
0.0
  0
LINE
  8
0
  6
CONTINUOUS
 10
209.248416
 20
6.258551
 30
0.0
 11
211.177035
 21
8.178241
 31
0.0
  0
LINE
  8
0
  6
CONTINUOUS
 10
209.149654
 20
6.033262
 30
0.0
 11
211.062549
 21
7.937301
 31
0.0
  0
LINE
  8
0
  6
CONTINUOUS
 10
209.149654
 20
6.033262
 30
0.0
 11
211.062549
 21
7.937301
 31
0.0
  0
LINE
  8
0
  6
CONTINUOUS
 10
209.149654
 20
6.033262
 30
0.0
 11
211.062549
 21
7.937301
 31
0.0
  0
LINE
  8
0
  6
CONTINUOUS
 10
207.736755
 20
6.783948
 30
0.0
 11
208.48748
 21
7.531197
 31
0.0
  0
LINE
  8
0
  6
CONTINUOUS
 10
207.809589
 20
6.602474
 30
0.0
 11
208.553314
 21
7.342757
 31
0.0
  0
LINE
  8
0
  6
CONTINUOUS
 10
207.773161
 20
6.6932
 30
0.0
 11
208.520438
 21
7.437017
 31
0.0
  0
LINE
  8
0
  6
CONTINUOUS
 10
207.736755
 20
6.783948
 30
0.0
 11
208.48748
 21
7.531197
 31
0.0
  0
LINE
  8
0
  6
CONTINUOUS
 10
207.809589
 20
6.602474
 30
0.0
 11
208.553314
 21
7.342757
 31
0.0
  0
LINE
  8
0
  6
CONTINUOUS
 10
207.773161
 20
6.6932
 30
0.0
 11
208.520438
 21
7.437017
 31
0.0
  0
LINE
  8
0
  6
CONTINUOUS
 10
207.627815
 20
7.056339
 30
0.0
 11
208.388118
 21
7.813122
 31
0.0
  0
LINE
  8
0
  6
CONTINUOUS
 10
207.700426
 20
6.874644
 30
0.0
 11
208.454473
 21
7.6252
 31
0.0
  0
LINE
  8
0
  6
CONTINUOUS
 10
207.6641
 20
6.965471
 30
0.0
 11
208.421344
 21
7.719209
 31
0.0
  0
LINE
  8
0
  6
CONTINUOUS
 10
207.627815
 20
7.056339
 30
0.0
 11
208.388118
 21
7.813122
 31
0.0
  0
LINE
  8
0
  6
CONTINUOUS
 10
207.700426
 20
6.874644
 30
0.0
 11
208.454473
 21
7.6252
 31
0.0
  0
LINE
  8
0
  6
CONTINUOUS
 10
207.6641
 20
6.965471
 30
0.0
 11
208.421344
 21
7.719209
 31
0.0
  0
LINE
  8
0
  6
CONTINUOUS
 10
207.519022
 20
7.329706
 30
0.0
 11
208.287538
 21
8.094664
 31
0.0
  0
LINE
  8
0
  6
CONTINUOUS
 10
207.591373
 20
7.147752
 30
0.0
 11
208.354601
 21
7.907447
 31
0.0
  0
LINE
  8
0
  6
CONTINUOUS
 10
207.555175
 20
7.238706
 30
0.0
 11
208.321144
 21
8.001129
 31
0.0
  0
LINE
  8
0
  6
CONTINUOUS
 10
207.519022
 20
7.329706
 30
0.0
 11
208.287538
 21
8.094664
 31
0.0
  0
LINE
  8
0
  6
CONTINUOUS
 10
207.591373
 20
7.147752
 30
0.0
 11
208.354601
 21
7.907447
 31
0.0
  0
LINE
  8
0
  6
CONTINUOUS
 10
207.555175
 20
7.238706
 30
0.0
 11
208.321144
 21
8.001129
 31
0.0
  0
LINE
  8
0
  6
CONTINUOUS
 10
207.411323
 20
7.60185
 30
0.0
 11
208.185678
 21
8.372620
 31
0.0
  0
LINE
  8
0
  6
CONTINUOUS
 10
207.483375
 20
7.419599
 30
0.0
 11
208.254173
 21
8.186828
 31
0.0
  0
LINE
  8
0
  6
CONTINUOUS
 10
207.447322
 20
7.510697
 30
0.0
 11
208.220124
 21
8.279922
 31
0.0
  0
LINE
  8
0
  6
CONTINUOUS
 10
207.411323
 20
7.60185
 30
0.0
 11
208.185678
 21
8.372620
 31
0.0
  0
LINE
  8
0
  6
CONTINUOUS
 10
207.483375
 20
7.419599
 30
0.0
 11
208.254173
 21
8.186828
 31
0.0
  0
LINE
  8
0
  6
CONTINUOUS
 10
207.447322
 20
7.510697
 30
0.0
 11
208.220124
 21
8.279922
 31
0.0
  0
LINE
  8
0
  6
CONTINUOUS
 10
207.303719
 20
7.875707
 30
0.0
 11
207.993739
 21
8.562533
 31
0.0
  0
LINE
  8
0
  6
CONTINUOUS
 10
207.375383
 20
7.69307
 30
0.0
 11
208.150438
 21
8.464536
 31
0.0
  0
LINE
  8
0
  6
CONTINUOUS
 10
207.339513
 20
7.784351
 30
0.0
 11
208.103995
 21
8.545293
 31
0.0
  0
LINE
  8
0
  6
CONTINUOUS
 10
207.303719
 20
7.875707
 30
0.0
 11
207.993739
 21
8.562533
 31
0.0
  0
LINE
  8
0
  6
CONTINUOUS
 10
207.375383
 20
7.69307
 30
0.0
 11
208.150438
 21
8.464536
 31
0.0
  0
LINE
  8
0
  6
CONTINUOUS
 10
207.339513
 20
7.784351
 30
0.0
 11
208.103995
 21
8.545293
 31
0.0
  0
LINE
  8
0
  6
CONTINUOUS
 10
207.196871
 20
8.150614
 30
0.0
 11
207.619591
 21
8.571377
 31
0.0
  0
LINE
  8
0
  6
CONTINUOUS
 10
207.267929
 20
7.967373
 30
0.0
 11
207.87159
 21
8.568240
 31
0.0
  0
LINE
  8
0
  6
CONTINUOUS
 10
207.232332
 20
8.058926
 30
0.0
 11
207.746381
 21
8.570595
 31
0.0
  0
LINE
  8
0
  6
CONTINUOUS
 10
207.196871
 20
8.150614
 30
0.0
 11
207.619591
 21
8.571377
 31
0.0
  0
LINE
  8
0
  6
CONTINUOUS
 10
207.267929
 20
7.967373
 30
0.0
 11
207.87159
 21
8.568240
 31
0.0
  0
LINE
  8
0
  6
CONTINUOUS
 10
207.232332
 20
8.058926
 30
0.0
 11
207.746381
 21
8.570595
 31
0.0
  0
LINE
  8
0
  6
CONTINUOUS
 10
207.091931
 20
8.427832
 30
0.0
 11
207.233614
 21
8.568858
 31
0.0
  0
LINE
  8
0
  6
CONTINUOUS
 10
207.161396
 20
8.243005
 30
0.0
 11
207.491289
 21
8.571371
 31
0.0
  0
LINE
  8
0
  6
CONTINUOUS
 10
207.126399
 20
8.335156
 30
0.0
 11
207.363232
 21
8.570892
 31
0.0
  0
LINE
  8
0
  6
CONTINUOUS
 10
207.091931
 20
8.427832
 30
0.0
 11
207.233614
 21
8.568858
 31
0.0
  0
LINE
  8
0
  6
CONTINUOUS
 10
207.161396
 20
8.243005
 30
0.0
 11
207.491289
 21
8.571371
 31
0.0
  0
LINE
  8
0
  6
CONTINUOUS
 10
207.126399
 20
8.335156
 30
0.0
 11
207.363232
 21
8.570892
 31
0.0
  0
LINE
  8
0
  6
CONTINUOUS
 10
207.062345
 20
8.524935
 30
0.0
 11
207.093254
 21
8.5557
 31
0.0
  0
LINE
  8
0
  6
CONTINUOUS
 10
207.062345
 20
8.524935
 30
0.0
 11
207.093254
 21
8.5557
 31
0.0
  0
LINE
  8
0
  6
CONTINUOUS
 10
204.546385
 20
9.957025
 30
0.0
 11
205.414133
 21
10.820755
 31
0.0
  0
LINE
  8
0
  6
CONTINUOUS
 10
204.682583
 20
9.965607
 30
0.0
 11
205.510666
 21
10.789856
 31
0.0
  0
LINE
  8
0
  6
CONTINUOUS
 10
204.546385
 20
9.957025
 30
0.0
 11
205.414133
 21
10.820755
 31
0.0
  0
LINE
  8
0
  6
CONTINUOUS
 10
204.682583
 20
9.965607
 30
0.0
 11
205.510666
 21
10.789856
 31
0.0
  0
LINE
  8
0
  6
CONTINUOUS
 10
204.931125
 20
9.958777
 30
0.0
 11
205.692571
 21
10.716698
 31
0.0
  0
LINE
  8
0
  6
CONTINUOUS
 10
205.033207
 20
9.933401
 30
0.0
 11
205.777901
 21
10.674648
 31
0.0
  0
LINE
  8
0
  6
CONTINUOUS
 10
204.811063
 20
9.966256
 30
0.0
 11
205.603573
 21
10.755097
 31
0.0
  0
LINE
  8
0
  6
CONTINUOUS
 10
204.931125
 20
9.958777
 30
0.0
 11
205.692571
 21
10.716698
 31
0.0
  0
LINE
  8
0
  6
CONTINUOUS
 10
205.033207
 20
9.933401
 30
0.0
 11
205.777901
 21
10.674648
 31
0.0
  0
LINE
  8
0
  6
CONTINUOUS
 10
204.811063
 20
9.966256
 30
0.0
 11
205.603573
 21
10.755097
 31
0.0
  0
LINE
  8
0
  6
CONTINUOUS
 10
205.207803
 20
9.853257
 30
0.0
 11
205.937627
 21
10.579702
 31
0.0
  0
LINE
  8
0
  6
CONTINUOUS
 10
205.122493
 20
9.895327
 30
0.0
 11
205.859569
 21
10.628990
 31
0.0
  0
LINE
  8
0
  6
CONTINUOUS
 10
205.207803
 20
9.853257
 30
0.0
 11
205.937627
 21
10.579702
 31
0.0
  0
LINE
  8
0
  6
CONTINUOUS
 10
205.122493
 20
9.895327
 30
0.0
 11
205.859569
 21
10.628990
 31
0.0
  0
LINE
  8
0
  6
CONTINUOUS
 10
205.880443
 20
9.506826
 30
0.0
 11
206.423526
 21
10.047395
 31
0.0
  0
LINE
  8
0
  6
CONTINUOUS
 10
206.137331
 20
9.635539
 30
0.0
 11
206.466426
 21
9.963111
 31
0.0
  0
LINE
  8
0
  6
CONTINUOUS
 10
205.880443
 20
9.506826
 30
0.0
 11
206.423526
 21
10.047395
 31
0.0
  0
LINE
  8
0
  6
CONTINUOUS
 10
206.137331
 20
9.635539
 30
0.0
 11
206.466426
 21
9.963111
 31
0.0
  0
LINE
  8
0
  6
CONTINUOUS
 10
205.545816
 20
9.554699
 30
0.0
 11
206.271766
 21
10.277287
 31
0.0
  0
LINE
  8
0
  6
CONTINUOUS
 10
205.658288
 20
9.41268
 30
0.0
 11
206.376994
 21
10.128059
 31
0.0
  0
LINE
  8
0
  6
CONTINUOUS
 10
205.602294
 20
9.483929
 30
0.0
 11
206.326591
 21
10.204874
 31
0.0
  0
LINE
  8
0
  6
CONTINUOUS
 10
205.545816
 20
9.554699
 30
0.0
 11
206.271766
 21
10.277287
 31
0.0
  0
LINE
  8
0
  6
CONTINUOUS
 10
205.658288
 20
9.41268
 30
0.0
 11
206.376994
 21
10.128059
 31
0.0
  0
LINE
  8
0
  6
CONTINUOUS
 10
205.602294
 20
9.483929
 30
0.0
 11
206.326591
 21
10.204874
 31
0.0
  0
LINE
  8
0
  6
CONTINUOUS
 10
205.361935
 20
9.753144
 30
0.0
 11
206.082495
 21
10.470367
 31
0.0
  0
LINE
  8
0
  6
CONTINUOUS
 10
205.487817
 20
9.624473
 30
0.0
 11
206.212492
 21
10.345793
 31
0.0
  0
LINE
  8
0
  6
CONTINUOUS
 10
205.427414
 20
9.691335
 30
0.0
 11
206.149434
 21
10.410011
 31
0.0
  0
LINE
  8
0
  6
CONTINUOUS
 10
205.361935
 20
9.753144
 30
0.0
 11
206.082495
 21
10.470367
 31
0.0
  0
LINE
  8
0
  6
CONTINUOUS
 10
205.487817
 20
9.624473
 30
0.0
 11
206.212492
 21
10.345793
 31
0.0
  0
LINE
  8
0
  6
CONTINUOUS
 10
205.427414
 20
9.691335
 30
0.0
 11
206.149434
 21
10.410011
 31
0.0
  0
LINE
  8
0
  6
CONTINUOUS
 10
205.288859
 20
9.806953
 30
0.0
 11
206.012030
 21
10.526776
 31
0.0
  0
LINE
  8
0
  6
CONTINUOUS
 10
205.288859
 20
9.806953
 30
0.0
 11
206.012030
 21
10.526776
 31
0.0
  0
LINE
  8
0
  6
CONTINUOUS
 10
204.376997
 20
9.915405
 30
0.0
 11
205.313906
 21
10.847977
 31
0.0
  0
LINE
  8
0
  6
CONTINUOUS
 10
204.376997
 20
9.915405
 30
0.0
 11
205.313906
 21
10.847977
 31
0.0
  0
LINE
  8
0
  6
CONTINUOUS
 10
205.545186
 20
5.871346
 30
0.0
 11
206.576653
 21
6.898038
 31
0.0
  0
LINE
  8
0
  6
CONTINUOUS
 10
205.341598
 20
6.685602
 30
0.0
 11
206.139735
 21
7.480044
 31
0.0
  0
LINE
  8
0
  6
CONTINUOUS
 10
205.459487
 20
6.548976
 30
0.0
 11
206.271788
 21
7.357516
 31
0.0
  0
LINE
  8
0
  6
CONTINUOUS
 10
205.402900
 20
6.619636
 30
0.0
 11
206.207217
 21
7.420229
 31
0.0
  0
LINE
  8
0
  6
CONTINUOUS
 10
205.341598
 20
6.685602
 30
0.0
 11
206.139735
 21
7.480044
 31
0.0
  0
LINE
  8
0
  6
CONTINUOUS
 10
205.459487
 20
6.548976
 30
0.0
 11
206.271788
 21
7.357516
 31
0.0
  0
LINE
  8
0
  6
CONTINUOUS
 10
205.402900
 20
6.619636
 30
0.0
 11
206.207217
 21
7.420229
 31
0.0
  0
LINE
  8
0
  6
CONTINUOUS
 10
205.277343
 20
6.748197
 30
0.0
 11
206.069908
 21
7.537092
 31
0.0
  0
LINE
  8
0
  6
CONTINUOUS
 10
205.277343
 20
6.748197
 30
0.0
 11
206.069908
 21
7.537092
 31
0.0
  0
LINE
  8
0
  6
CONTINUOUS
 10
205.508651
 20
6.470210
 30
0.0
 11
206.333426
 21
7.291167
 31
0.0
  0
LINE
  8
0
  6
CONTINUOUS
 10
205.568382
 20
6.275695
 30
0.0
 11
206.444604
 21
7.14786
 31
0.0
  0
LINE
  8
0
  6
CONTINUOUS
 10
205.545928
 20
6.38033
 30
0.0
 11
206.391051
 21
7.22154
 31
0.0
  0
LINE
  8
0
  6
CONTINUOUS
 10
205.508651
 20
6.470210
 30
0.0
 11
206.333426
 21
7.291167
 31
0.0
  0
LINE
  8
0
  6
CONTINUOUS
 10
205.568382
 20
6.275695
 30
0.0
 11
206.444604
 21
7.14786
 31
0.0
  0
LINE
  8
0
  6
CONTINUOUS
 10
205.545928
 20
6.38033
 30
0.0
 11
206.391051
 21
7.22154
 31
0.0
  0
LINE
  8
0
  6
CONTINUOUS
 10
205.136322
 20
6.861798
 30
0.0
 11
205.923153
 21
7.644987
 31
0.0
  0
LINE
  8
0
  6
CONTINUOUS
 10
205.208981
 20
6.807135
 30
0.0
 11
205.997549
 21
7.592053
 31
0.0
  0
LINE
  8
0
  6
CONTINUOUS
 10
205.136322
 20
6.861798
 30
0.0
 11
205.923153
 21
7.644987
 31
0.0
  0
LINE
  8
0
  6
CONTINUOUS
 10
205.208981
 20
6.807135
 30
0.0
 11
205.997549
 21
7.592053
 31
0.0
  0
LINE
  8
0
  6
CONTINUOUS
 10
204.900217
 20
7.007339
 30
0.0
 11
205.690186
 21
7.793651
 31
0.0
  0
LINE
  8
0
  6
CONTINUOUS
 10
205.060221
 20
6.912633
 30
0.0
 11
205.847197
 21
7.695965
 31
0.0
  0
LINE
  8
0
  6
CONTINUOUS
 10
204.981159
 20
6.960922
 30
0.0
 11
205.769401
 21
7.745515
 31
0.0
  0
LINE
  8
0
  6
CONTINUOUS
 10
204.900217
 20
7.007339
 30
0.0
 11
205.690186
 21
7.793651
 31
0.0
  0
LINE
  8
0
  6
CONTINUOUS
 10
205.060221
 20
6.912633
 30
0.0
 11
205.847197
 21
7.695965
 31
0.0
  0
LINE
  8
0
  6
CONTINUOUS
 10
204.981159
 20
6.960922
 30
0.0
 11
205.769401
 21
7.745515
 31
0.0
  0
LINE
  8
0
  6
CONTINUOUS
 10
204.651345
 20
7.140386
 30
0.0
 11
205.445656
 21
7.931020
 31
0.0
  0
LINE
  8
0
  6
CONTINUOUS
 10
204.81812
 20
7.05242
 30
0.0
 11
205.609832
 21
7.840466
 31
0.0
  0
LINE
  8
0
  6
CONTINUOUS
 10
204.735033
 20
7.096702
 30
0.0
 11
205.528241
 21
7.886237
 31
0.0
  0
LINE
  8
0
  6
CONTINUOUS
 10
204.651345
 20
7.140386
 30
0.0
 11
205.445656
 21
7.931020
 31
0.0
  0
LINE
  8
0
  6
CONTINUOUS
 10
204.81812
 20
7.05242
 30
0.0
 11
205.609832
 21
7.840466
 31
0.0
  0
LINE
  8
0
  6
CONTINUOUS
 10
204.735033
 20
7.096702
 30
0.0
 11
205.528241
 21
7.886237
 31
0.0
  0
LINE
  8
0
  6
CONTINUOUS
 10
204.398105
 20
7.269461
 30
0.0
 11
205.192853
 21
8.060529
 31
0.0
  0
LINE
  8
0
  6
CONTINUOUS
 10
204.567113
 20
7.183716
 30
0.0
 11
205.362064
 21
7.974987
 31
0.0
  0
LINE
  8
0
  6
CONTINUOUS
 10
204.482708
 20
7.226686
 30
0.0
 11
205.277809
 21
8.018106
 31
0.0
  0
LINE
  8
0
  6
CONTINUOUS
 10
204.398105
 20
7.269461
 30
0.0
 11
205.192853
 21
8.060529
 31
0.0
  0
LINE
  8
0
  6
CONTINUOUS
 10
204.567113
 20
7.183716
 30
0.0
 11
205.362064
 21
7.974987
 31
0.0
  0
LINE
  8
0
  6
CONTINUOUS
 10
204.482708
 20
7.226686
 30
0.0
 11
205.277809
 21
8.018106
 31
0.0
  0
LINE
  8
0
  6
CONTINUOUS
 10
204.313795
 20
7.312501
 30
0.0
 11
205.107335
 21
8.102367
 31
0.0
  0
LINE
  8
0
  6
CONTINUOUS
 10
204.313795
 20
7.312501
 30
0.0
 11
205.107335
 21
8.102367
 31
0.0
  0
LINE
  8
0
  6
CONTINUOUS
 10
204.229994
 20
7.356073
 30
0.0
 11
205.022011
 21
8.144423
 31
0.0
  0
LINE
  8
0
  6
CONTINUOUS
 10
204.229994
 20
7.356073
 30
0.0
 11
205.022011
 21
8.144423
 31
0.0
  0
LINE
  8
0
  6
CONTINUOUS
 10
205.576225
 20
6.156211
 30
0.0
 11
206.493771
 21
7.069509
 31
0.0
  0
LINE
  8
0
  6
CONTINUOUS
 10
205.571919
 20
6.024940
 30
0.0
 11
206.537882
 21
6.986431
 31
0.0
  0
LINE
  8
0
  6
CONTINUOUS
 10
205.576225
 20
6.156211
 30
0.0
 11
206.493771
 21
7.069509
 31
0.0
  0
LINE
  8
0
  6
CONTINUOUS
 10
205.545186
 20
5.871346
 30
0.0
 11
206.576653
 21
6.898038
 31
0.0
  0
LINE
  8
0
  6
CONTINUOUS
 10
205.571919
 20
6.024940
 30
0.0
 11
206.537882
 21
6.986431
 31
0.0
  0
LINE
  8
0
  6
CONTINUOUS
 10
229.265086
 20
9.804924
 30
0.0
 11
230.198247
 21
10.733766
 31
0.0
  0
LINE
  8
0
  6
CONTINUOUS
 10
229.265086
 20
9.804924
 30
0.0
 11
230.198247
 21
10.733766
 31
0.0
  0
LINE
  8
0
  6
CONTINUOUS
 10
229.519154
 20
9.804279
 30
0.0
 11
230.441645
 21
10.7225
 31
0.0
  0
LINE
  8
0
  6
CONTINUOUS
 10
229.643674
 20
9.801238
 30
0.0
 11
230.560601
 21
10.71392
 31
0.0
  0
LINE
  8
0
  6
CONTINUOUS
 10
229.392935
 20
9.805630
 30
0.0
 11
230.320508
 21
10.728908
 31
0.0
  0
LINE
  8
0
  6
CONTINUOUS
 10
229.519154
 20
9.804279
 30
0.0
 11
230.441645
 21
10.7225
 31
0.0
  0
LINE
  8
0
  6
CONTINUOUS
 10
229.643674
 20
9.801238
 30
0.0
 11
230.560601
 21
10.71392
 31
0.0
  0
LINE
  8
0
  6
CONTINUOUS
 10
229.392935
 20
9.805630
 30
0.0
 11
230.320508
 21
10.728908
 31
0.0
  0
LINE
  8
0
  6
CONTINUOUS
 10
229.767396
 20
9.796685
 30
0.0
 11
230.677217
 21
10.702294
 31
0.0
  0
LINE
  8
0
  6
CONTINUOUS
 10
230.688784
 20
9.697615
 30
0.0
 11
231.484597
 21
10.489743
 31
0.0
  0
LINE
  8
0
  6
CONTINUOUS
 10
230.879294
 20
9.634882
 30
0.0
 11
231.656079
 21
10.408071
 31
0.0
  0
LINE
  8
0
  6
CONTINUOUS
 10
230.785862
 20
9.668868
 30
0.0
 11
231.571138
 21
10.450509
 31
0.0
  0
LINE
  8
0
  6
CONTINUOUS
 10
230.879294
 20
9.634882
 30
0.0
 11
231.656079
 21
10.408071
 31
0.0
  0
LINE
  8
0
  6
CONTINUOUS
 10
230.785862
 20
9.668868
 30
0.0
 11
231.571138
 21
10.450509
 31
0.0
  0
LINE
  8
0
  6
CONTINUOUS
 10
229.889038
 20
9.790779
 30
0.0
 11
230.789413
 21
10.686986
 31
0.0
  0
LINE
  8
0
  6
CONTINUOUS
 10
230.009329
 20
9.783528
 30
0.0
 11
230.897569
 21
10.667656
 31
0.0
  0
LINE
  8
0
  6
CONTINUOUS
 10
229.889038
 20
9.790779
 30
0.0
 11
230.789413
 21
10.686986
 31
0.0
  0
LINE
  8
0
  6
CONTINUOUS
 10
230.009329
 20
9.783528
 30
0.0
 11
230.897569
 21
10.667656
 31
0.0
  0
LINE
  8
0
  6
CONTINUOUS
 10
229.767396
 20
9.796685
 30
0.0
 11
230.677217
 21
10.702294
 31
0.0
  0
LINE
  8
0
  6
CONTINUOUS
 10
230.245878
 20
9.764707
 30
0.0
 11
231.104849
 21
10.619701
 31
0.0
  0
LINE
  8
0
  6
CONTINUOUS
 10
230.361462
 20
9.752771
 30
0.0
 11
231.204385
 21
10.591792
 31
0.0
  0
LINE
  8
0
  6
CONTINUOUS
 10
230.12851
 20
9.774867
 30
0.0
 11
231.002507
 21
10.644818
 31
0.0
  0
LINE
  8
0
  6
CONTINUOUS
 10
230.245878
 20
9.764707
 30
0.0
 11
231.104849
 21
10.619701
 31
0.0
  0
LINE
  8
0
  6
CONTINUOUS
 10
230.361462
 20
9.752771
 30
0.0
 11
231.204385
 21
10.591792
 31
0.0
  0
LINE
  8
0
  6
CONTINUOUS
 10
230.12851
 20
9.774867
 30
0.0
 11
231.002507
 21
10.644818
 31
0.0
  0
LINE
  8
0
  6
CONTINUOUS
 10
230.584709
 20
9.721006
 30
0.0
 11
231.394146
 21
10.526696
 31
0.0
  0
LINE
  8
0
  6
CONTINUOUS
 10
230.474767
 20
9.738558
 30
0.0
 11
231.300781
 21
10.560748
 31
0.0
  0
LINE
  8
0
  6
CONTINUOUS
 10
230.584709
 20
9.721006
 30
0.0
 11
231.394146
 21
10.526696
 31
0.0
  0
LINE
  8
0
  6
CONTINUOUS
 10
230.688784
 20
9.697615
 30
0.0
 11
231.484597
 21
10.489743
 31
0.0
  0
LINE
  8
0
  6
CONTINUOUS
 10
230.474767
 20
9.738558
 30
0.0
 11
231.300781
 21
10.560748
 31
0.0
  0
LINE
  8
0
  6
CONTINUOUS
 10
229.134815
 20
9.802242
 30
0.0
 11
230.074486
 21
10.737562
 31
0.0
  0
LINE
  8
0
  6
CONTINUOUS
 10
229.134815
 20
9.802242
 30
0.0
 11
230.074486
 21
10.737562
 31
0.0
  0
LINE
  8
0
  6
CONTINUOUS
 10
229.004396
 20
9.799412
 30
0.0
 11
229.949957
 21
10.740595
 31
0.0
  0
LINE
  8
0
  6
CONTINUOUS
 10
229.004396
 20
9.799412
 30
0.0
 11
229.949957
 21
10.740595
 31
0.0
  0
LINE
  8
0
  6
CONTINUOUS
 10
228.874391
 20
9.796591
 30
0.0
 11
229.825278
 21
10.743076
 31
0.0
  0
LINE
  8
0
  6
CONTINUOUS
 10
228.874391
 20
9.796591
 30
0.0
 11
229.825278
 21
10.743076
 31
0.0
  0
LINE
  8
0
  6
CONTINUOUS
 10
230.011707
 20
4.454997
 30
0.0
 11
233.1256
 21
7.554475
 31
0.0
  0
LINE
  8
0
  6
CONTINUOUS
 10
230.144912
 20
4.460601
 30
0.0
 11
233.122821
 21
7.424724
 31
0.0
  0
LINE
  8
0
  6
CONTINUOUS
 10
230.011707
 20
4.454997
 30
0.0
 11
233.1256
 21
7.554475
 31
0.0
  0
LINE
  8
0
  6
CONTINUOUS
 10
230.144912
 20
4.460601
 30
0.0
 11
233.122821
 21
7.424724
 31
0.0
  0
LINE
  8
0
  6
CONTINUOUS
 10
230.415462
 20
4.476396
 30
0.0
 11
233.104707
 21
7.153191
 31
0.0
  0
LINE
  8
0
  6
CONTINUOUS
 10
230.554577
 20
4.487882
 30
0.0
 11
233.087928
 21
7.009505
 31
0.0
  0
LINE
  8
0
  6
CONTINUOUS
 10
230.278998
 20
4.467549
 30
0.0
 11
233.116077
 21
7.291494
 31
0.0
  0
LINE
  8
0
  6
CONTINUOUS
 10
230.415462
 20
4.476396
 30
0.0
 11
233.104707
 21
7.153191
 31
0.0
  0
LINE
  8
0
  6
CONTINUOUS
 10
230.554577
 20
4.487882
 30
0.0
 11
233.087928
 21
7.009505
 31
0.0
  0
LINE
  8
0
  6
CONTINUOUS
 10
230.278998
 20
4.467549
 30
0.0
 11
233.116077
 21
7.291494
 31
0.0
  0
LINE
  8
0
  6
CONTINUOUS
 10
230.846707
 20
4.524439
 30
0.0
 11
233.033317
 21
6.700926
 31
0.0
  0
LINE
  8
0
  6
CONTINUOUS
 10
231.00502
 20
4.555034
 30
0.0
 11
232.991755
 21
6.532571
 31
0.0
  0
LINE
  8
0
  6
CONTINUOUS
 10
230.69784
 20
4.503246
 30
0.0
 11
233.064608
 21
6.859056
 31
0.0
  0
LINE
  8
0
  6
CONTINUOUS
 10
230.846707
 20
4.524439
 30
0.0
 11
233.033317
 21
6.700926
 31
0.0
  0
LINE
  8
0
  6
CONTINUOUS
 10
231.00502
 20
4.555034
 30
0.0
 11
232.991755
 21
6.532571
 31
0.0
  0
LINE
  8
0
  6
CONTINUOUS
 10
230.69784
 20
4.503246
 30
0.0
 11
233.064608
 21
6.859056
 31
0.0
  0
LINE
  8
0
  6
CONTINUOUS
 10
231.380636
 20
4.674978
 30
0.0
 11
232.86026
 21
6.147753
 31
0.0
  0
LINE
  8
0
  6
CONTINUOUS
 10
231.620107
 20
4.786356
 30
0.0
 11
232.748747
 21
5.909771
 31
0.0
  0
LINE
  8
0
  6
CONTINUOUS
 10
231.179262
 20
4.601522
 30
0.0
 11
232.936292
 21
6.350418
 31
0.0
  0
LINE
  8
0
  6
CONTINUOUS
 10
231.380636
 20
4.674978
 30
0.0
 11
232.86026
 21
6.147753
 31
0.0
  0
LINE
  8
0
  6
CONTINUOUS
 10
231.620107
 20
4.786356
 30
0.0
 11
232.748747
 21
5.909771
 31
0.0
  0
LINE
  8
0
  6
CONTINUOUS
 10
231.179262
 20
4.601522
 30
0.0
 11
232.936292
 21
6.350418
 31
0.0
  0
LINE
  8
0
  6
CONTINUOUS
 10
230.968095
 20
9.596288
 30
0.0
 11
231.738367
 21
10.362994
 31
0.0
  0
LINE
  8
0
  6
CONTINUOUS
 10
230.968095
 20
9.596288
 30
0.0
 11
231.738367
 21
10.362994
 31
0.0
  0
LINE
  8
0
  6
CONTINUOUS
 10
231.133206
 20
9.505962
 30
0.0
 11
231.895679
 21
10.264906
 31
0.0
  0
LINE
  8
0
  6
CONTINUOUS
 10
231.209452
 20
9.454871
 30
0.0
 11
231.970387
 21
10.212283
 31
0.0
  0
LINE
  8
0
  6
CONTINUOUS
 10
231.052973
 20
9.553086
 30
0.0
 11
231.818507
 21
10.315076
 31
0.0
  0
LINE
  8
0
  6
CONTINUOUS
 10
231.133206
 20
9.505962
 30
0.0
 11
231.895679
 21
10.264906
 31
0.0
  0
LINE
  8
0
  6
CONTINUOUS
 10
231.209452
 20
9.454871
 30
0.0
 11
231.970387
 21
10.212283
 31
0.0
  0
LINE
  8
0
  6
CONTINUOUS
 10
231.052973
 20
9.553086
 30
0.0
 11
231.818507
 21
10.315076
 31
0.0
  0
LINE
  8
0
  6
CONTINUOUS
 10
231.350502
 20
9.341426
 30
0.0
 11
232.112524
 21
10.099920
 31
0.0
  0
LINE
  8
0
  6
CONTINUOUS
 10
231.415613
 20
9.27925
 30
0.0
 11
232.180104
 21
10.040203
 31
0.0
  0
LINE
  8
0
  6
CONTINUOUS
 10
231.281793
 20
9.400020
 30
0.0
 11
232.042605
 21
10.15731
 31
0.0
  0
LINE
  8
0
  6
CONTINUOUS
 10
231.350502
 20
9.341426
 30
0.0
 11
232.112524
 21
10.099920
 31
0.0
  0
LINE
  8
0
  6
CONTINUOUS
 10
231.415613
 20
9.27925
 30
0.0
 11
232.180104
 21
10.040203
 31
0.0
  0
LINE
  8
0
  6
CONTINUOUS
 10
231.281793
 20
9.400020
 30
0.0
 11
232.042605
 21
10.15731
 31
0.0
  0
LINE
  8
0
  6
CONTINUOUS
 10
231.534676
 20
9.145360
 30
0.0
 11
232.307608
 21
9.914714
 31
0.0
  0
LINE
  8
0
  6
CONTINUOUS
 10
231.589496
 20
9.072942
 30
0.0
 11
232.368371
 21
9.848211
 31
0.0
  0
LINE
  8
0
  6
CONTINUOUS
 10
231.476473
 20
9.214412
 30
0.0
 11
232.244586
 21
9.978969
 31
0.0
  0
LINE
  8
0
  6
CONTINUOUS
 10
231.534676
 20
9.145360
 30
0.0
 11
232.307608
 21
9.914714
 31
0.0
  0
LINE
  8
0
  6
CONTINUOUS
 10
231.589496
 20
9.072942
 30
0.0
 11
232.368371
 21
9.848211
 31
0.0
  0
LINE
  8
0
  6
CONTINUOUS
 10
231.476473
 20
9.214412
 30
0.0
 11
232.244586
 21
9.978969
 31
0.0
  0
LINE
  8
0
  6
CONTINUOUS
 10
231.640819
 20
8.997439
 30
0.0
 11
232.426713
 21
9.779695
 31
0.0
  0
LINE
  8
0
  6
CONTINUOUS
 10
231.640819
 20
8.997439
 30
0.0
 11
232.426713
 21
9.779695
 31
0.0
  0
LINE
  8
0
  6
CONTINUOUS
 10
231.688995
 20
8.918408
 30
0.0
 11
232.483012
 21
9.708749
 31
0.0
  0
LINE
  8
0
  6
CONTINUOUS
 10
231.688995
 20
8.918408
 30
0.0
 11
232.483012
 21
9.708749
 31
0.0
  0
LINE
  8
0
  6
CONTINUOUS
 10
231.610335
 20
6.17321
 30
0.0
 11
233.124844
 21
7.680707
 31
0.0
  0
LINE
  8
0
  6
CONTINUOUS
 10
231.610335
 20
6.17321
 30
0.0
 11
233.124844
 21
7.680707
 31
0.0
  0
LINE
  8
0
  6
CONTINUOUS
 10
237.023738
 20
15.804123
 30
0.0
 11
237.023738
 21
-0.603703
 31
0.0
  0
LINE
  8
0
  6
CONTINUOUS
 10
183.023738
 20
15.804123
 30
0.0
 11
183.023738
 21
-0.603703
 31
0.0
  0
TEXT
  8
0
  6
CONTINUOUS
 10
241.549968
 20
11.397449
 30
0.0
 40
3.0
  1
TITLE
  7
STANDARD
 72
     4
 11
263.264254
 21
11.797449
  0
ENDBLK
  0
BLOCK
  8
SCD_DRAW
  2
FD_FeederSink
 70
     0
 10
0.0
 20
0.0
 30
0.0
  0
POLYLINE
  8
SCD_DRAW
  6
CONTINUOUS
210
0.0
220
0.0
230
-1.0
 66
     1
 10
0.0
 20
0.0
 30
0.0
 70
     1
  0
VERTEX
  8
0
 10
15.0
 20
3.0
 30
0.0
  0
VERTEX
  8
0
 10
-12.0
 20
3.0
 30
0.0
  0
VERTEX
  8
0
 10
-15.0
 20
0.0
 30
0.0
  0
VERTEX
  8
0
 10
-12.0
 20
-3.0
 30
0.0
  0
VERTEX
  8
0
 10
15.0
 20
-3.0
 30
-0.0
  0
SEQEND
  0
ATTDEF
  8
SCD_DRAW
 10
0.0
 20
-6.5
 30
0.0
 40
3.0
  1
tag
  3

  2
Tag
 70
     0
 73
    50
  7
STANDARD
 71
     0
 72
     0
 11
0.0
 21
0.0
 31
0.0
  0
ENDBLK
  0
BLOCK
  8
SCD_DRAW
  2
MS_Tie-1
 70
     0
 10
0.0
 20
0.0
 30
0.0
  0
POLYLINE
  8
SCD_DRAW
  6
CONTINUOUS
210
0.0
220
0.0
230
-1.0
 66
     1
 10
0.0
 20
0.0
 30
0.0
 70
     1
  0
VERTEX
  8
0
 10
2.5
 20
2.5
 30
0.0
  0
VERTEX
  8
0
 10
-2.5
 20
2.5
 30
0.0
  0
VERTEX
  8
0
 10
-2.5
 20
-2.5
 30
0.0
  0
VERTEX
  8
0
 10
2.5
 20
-2.5
 30
-0.0
  0
SEQEND
  0
ATTDEF
  8
SCD_DRAW
 10
0.0
 20
-6.0
 30
0.0
 40
3.0
  1
tag
  3

  2
Tag
 70
     0
 73
    50
  7
STANDARD
 71
     0
 72
     0
 11
0.0
 21
0.0
 31
0.0
  0
ENDBLK
  0
BLOCK
  8
SCD_DRAW
  2
TK_Smelter_Flash
 70
     0
 10
0.0
 20
0.0
 30
0.0
  0
LINE
  8
0
  6
CONTINUOUS
 10
-21.21
 20
-13.070154
 30
0.0
 11
20.785071
 21
-13.070154
 31
0.0
  0
LINE
  8
0
  6
CONTINUOUS
 10
-10.211291
 20
-4.613909
 30
0.0
 11
9.786362
 21
-4.613909
 31
0.0
  0
LINE
  8
0
  6
CONTINUOUS
 10
-20.210117
 20
11.118007
 30
0.0
 11
-20.210117
 21
-12.070271
 31
0.0
  0
LINE
  8
0
  6
CONTINUOUS
 10
18.785306
 20
-10.070506
 30
0.0
 11
18.785306
 21
-10.070506
 31
0.0
  0
LINE
  8
0
  6
CONTINUOUS
 10
19.785188
 20
11.118007
 30
0.0
 11
19.785188
 21
-12.070271
 31
0.0
  0
LINE
  8
0
  6
CONTINUOUS
 10
19.785188
 20
-12.070271
 30
0.0
 11
-20.210117
 21
-12.070271
 31
0.0
  0
LINE
  8
0
  6
CONTINUOUS
 10
-21.21
 20
-13.070154
 30
0.0
 11
-21.21
 21
-5.58544
 31
0.0
  0
LINE
  8
0
  6
CONTINUOUS
 10
-20.210117
 20
-5.58544
 30
0.0
 11
-21.21
 21
-5.58544
 31
0.0
  0
LINE
  8
0
  6
CONTINUOUS
 10
20.785071
 20
-13.070154
 30
0.0
 11
20.785071
 21
-5.58544
 31
0.0
  0
LINE
  8
0
  6
CONTINUOUS
 10
19.785188
 20
-5.58544
 30
0.0
 11
20.785071
 21
-5.58544
 31
0.0
  0
LINE
  8
0
  6
CONTINUOUS
 10
-14.748574
 20
-12.070271
 30
0.0
 11
-13.752301
 21
-13.070154
 31
0.0
  0
LINE
  8
0
  6
CONTINUOUS
 10
-16.160073
 20
-12.070271
 30
0.0
 11
-15.163799
 21
-13.070154
 31
0.0
  0
LINE
  8
0
  6
CONTINUOUS
 10
-13.337077
 20
-12.070271
 30
0.0
 11
-12.340803
 21
-13.070154
 31
0.0
  0
LINE
  8
0
  6
CONTINUOUS
 10
-21.21
 20
-8.418662
 30
0.0
 11
-20.210117
 21
-9.422167
 31
0.0
  0
LINE
  8
0
  6
CONTINUOUS
 10
-21.21
 20
-9.835274
 30
0.0
 11
-20.210117
 21
-10.838778
 31
0.0
  0
LINE
  8
0
  6
CONTINUOUS
 10
-21.21
 20
-11.251884
 30
0.0
 11
-19.398293
 21
-13.070154
 31
0.0
  0
LINE
  8
0
  6
CONTINUOUS
 10
-21.21
 20
-12.668495
 30
0.0
 11
-20.809791
 21
-13.070154
 31
0.0
  0
LINE
  8
0
  6
CONTINUOUS
 10
-11.925579
 20
-12.070271
 30
0.0
 11
-10.929306
 21
-13.070154
 31
0.0
  0
LINE
  8
0
  6
CONTINUOUS
 10
-10.51408
 20
-12.070271
 30
0.0
 11
-9.517807
 21
-13.070154
 31
0.0
  0
LINE
  8
0
  6
CONTINUOUS
 10
-9.102583
 20
-12.070271
 30
0.0
 11
-7.878214
 21
-13.299075
 31
0.0
  0
LINE
  8
0
  6
CONTINUOUS
 10
-7.691085
 20
-12.070271
 30
0.0
 11
-6.694812
 21
-13.070154
 31
0.0
  0
LINE
  8
0
  6
CONTINUOUS
 10
-6.279587
 20
-12.070271
 30
0.0
 11
-5.283313
 21
-13.070154
 31
0.0
  0
LINE
  8
0
  6
CONTINUOUS
 10
-4.868089
 20
-12.070271
 30
0.0
 11
-3.871815
 21
-13.070154
 31
0.0
  0
LINE
  8
0
  6
CONTINUOUS
 10
-3.456591
 20
-12.070271
 30
0.0
 11
-2.460318
 21
-13.070154
 31
0.0
  0
LINE
  8
0
  6
CONTINUOUS
 10
-2.045093
 20
-12.070271
 30
0.0
 11
-1.048819
 21
-13.070154
 31
0.0
  0
LINE
  8
0
  6
CONTINUOUS
 10
-0.633595
 20
-12.070271
 30
0.0
 11
0.362679
 21
-13.070154
 31
0.0
  0
LINE
  8
0
  6
CONTINUOUS
 10
0.777903
 20
-12.070271
 30
0.0
 11
1.774176
 21
-13.070154
 31
0.0
  0
LINE
  8
0
  6
CONTINUOUS
 10
2.189401
 20
-12.070271
 30
0.0
 11
3.185675
 21
-13.070154
 31
0.0
  0
LINE
  8
0
  6
CONTINUOUS
 10
3.600899
 20
-12.070271
 30
0.0
 11
4.597173
 21
-13.070154
 31
0.0
  0
LINE
  8
0
  6
CONTINUOUS
 10
5.012397
 20
-12.070271
 30
0.0
 11
6.008670
 21
-13.070154
 31
0.0
  0
LINE
  8
0
  6
CONTINUOUS
 10
6.423895
 20
-12.070271
 30
0.0
 11
7.420169
 21
-13.070154
 31
0.0
  0
LINE
  8
0
  6
CONTINUOUS
 10
7.835393
 20
-12.070271
 30
0.0
 11
8.831667
 21
-13.070154
 31
0.0
  0
LINE
  8
0
  6
CONTINUOUS
 10
9.246891
 20
-12.070271
 30
0.0
 11
10.243164
 21
-13.070154
 31
0.0
  0
LINE
  8
0
  6
CONTINUOUS
 10
10.658388
 20
-12.070271
 30
0.0
 11
11.654663
 21
-13.070154
 31
0.0
  0
LINE
  8
0
  6
CONTINUOUS
 10
12.069887
 20
-12.070271
 30
0.0
 11
13.066161
 21
-13.070154
 31
0.0
  0
LINE
  8
0
  6
CONTINUOUS
 10
13.481385
 20
-12.070271
 30
0.0
 11
14.477658
 21
-13.070154
 31
0.0
  0
LINE
  8
0
  6
CONTINUOUS
 10
14.892882
 20
-12.070271
 30
0.0
 11
15.889157
 21
-13.070154
 31
0.0
  0
LINE
  8
0
  6
CONTINUOUS
 10
16.304381
 20
-12.070271
 30
0.0
 11
17.300655
 21
-13.070154
 31
0.0
  0
LINE
  8
0
  6
CONTINUOUS
 10
17.715879
 20
-12.070271
 30
0.0
 11
18.712152
 21
-13.070154
 31
0.0
  0
LINE
  8
0
  6
CONTINUOUS
 10
19.127376
 20
-12.070271
 30
0.0
 11
20.123651
 21
-13.070154
 31
0.0
  0
LINE
  8
0
  6
CONTINUOUS
 10
19.785188
 20
-11.313855
 30
0.0
 11
20.785071
 21
-12.317359
 31
0.0
  0
LINE
  8
0
  6
CONTINUOUS
 10
19.785188
 20
-9.897243
 30
0.0
 11
20.785071
 21
-10.900749
 31
0.0
  0
LINE
  8
0
  6
CONTINUOUS
 10
19.785188
 20
-8.480633
 30
0.0
 11
20.785071
 21
-9.484137
 31
0.0
  0
LINE
  8
0
  6
CONTINUOUS
 10
19.785188
 20
-7.064022
 30
0.0
 11
20.785071
 21
-8.067526
 31
0.0
  0
LINE
  8
0
  6
CONTINUOUS
 10
19.785188
 20
-5.64741
 30
0.0
 11
20.785071
 21
-6.650915
 31
0.0
  0
LINE
  8
0
  6
CONTINUOUS
 10
-17.571571
 20
-12.070271
 30
0.0
 11
-16.575297
 21
-13.070154
 31
0.0
  0
LINE
  8
0
  6
CONTINUOUS
 10
-18.983068
 20
-12.070271
 30
0.0
 11
-17.986795
 21
-13.070154
 31
0.0
  0
LINE
  8
0
  6
CONTINUOUS
 10
-21.21
 20
-7.002051
 30
0.0
 11
-20.210117
 21
-8.005555
 31
0.0
  0
LINE
  8
0
  6
CONTINUOUS
 10
-21.21
 20
-5.58544
 30
0.0
 11
-20.210117
 21
-6.588945
 31
0.0
  0
LINE
  8
0
  6
CONTINUOUS
 10
-20.210117
 20
11.118007
 30
0.0
 11
-10.211291
 21
11.118007
 31
0.0
  0
LINE
  8
0
  6
CONTINUOUS
 10
-10.211291
 20
11.118007
 30
0.0
 11
-10.211291
 21
-4.613909
 31
0.0
  0
LINE
  8
0
  6
CONTINUOUS
 10
9.786362
 20
11.118007
 30
0.0
 11
9.786362
 21
-4.613909
 31
0.0
  0
LINE
  8
0
  6
CONTINUOUS
 10
-20.210117
 20
-7.429094
 30
0.0
 11
19.785188
 21
-7.429094
 31
0.0
  0
LINE
  8
0
  6
CONTINUOUS
 10
9.786362
 20
11.118007
 30
0.0
 11
19.785188
 21
11.118007
 31
0.0
  0
LINE
  8
0
  6
CONTINUOUS
 10
9.786362
 20
13.270795
 30
0.0
 11
19.785188
 21
13.270795
 31
0.0
  0
LINE
  8
0
  6
CONTINUOUS
 10
9.786362
 20
13.270795
 30
0.0
 11
8.36943
 21
11.859638
 31
0.0
  0
LINE
  8
0
  6
CONTINUOUS
 10
19.785108
 20
13.299075
 30
0.0
 11
21.21
 21
11.895956
 31
0.0
  0
ATTDEF
  8
0
 10
-0.0
 20
-18.299075
 30
0.0
 40
2.5
  1
*
  3
Tag 
  2
Tag
 70
     0
 73
    50
  7
STANDARD
 71
     0
 72
     0
 11
0.0
 21
0.0
 31
0.0
  0
ENDBLK
  0
BLOCK
  8
SCD_DRAW
  2
TK_Converter
 70
     0
 10
0.0
 20
0.0
 30
0.0
  0
ARC
  8
0
  6
CONTINUOUS
210
0.0
220
0.0
230
1.0
 10
0.189092
 20
0.017521
 30
0.0
 40
11.844088
 50
172.120178
 51
348.880663
  0
LINE
  8
0
  6
CONTINUOUS
 10
-9.564818
 20
6.736426
 30
0.0
 11
-10.269645
 21
7.250225
 31
0.0
  0
LINE
  8
0
  6
CONTINUOUS
 10
-11.480334
 20
-2.009034
 30
0.0
 11
11.858517
 21
-2.009034
 31
0.0
  0
LINE
  8
0
  6
CONTINUOUS
 10
-10.817794
 20
-6.466914
 30
0.0
 11
-6.376695
 21
-10.927929
 31
0.0
  0
LINE
  8
0
  6
CONTINUOUS
 10
-11.969946
 20
-3.892208
 30
0.0
 11
-10.200029
 21
-5.670061
 31
0.0
  0
LINE
  8
0
  6
CONTINUOUS
 10
-12.413330
 20
-2.029447
 30
0.0
 11
-11.194197
 21
-3.254047
 31
0.0
  0
LINE
  8
0
  6
CONTINUOUS
 10
-12.564208
 20
-0.460505
 30
0.0
 11
-11.561506
 21
-1.467704
 31
0.0
  0
LINE
  8
0
  6
CONTINUOUS
 10
2.713385
 20
-11.554444
 30
0.0
 11
3.424002
 21
-12.268247
 31
0.0
  0
LINE
  8
0
  6
CONTINUOUS
 10
3.825775
 20
-11.254433
 30
0.0
 11
4.494556
 21
-11.926214
 31
0.0
  0
LINE
  8
0
  6
CONTINUOUS
 10
4.853536
 20
-10.869415
 30
0.0
 11
5.490757
 21
-11.509494
 31
0.0
  0
LINE
  8
0
  6
CONTINUOUS
 10
5.806788
 20
-10.409555
 30
0.0
 11
6.420031
 21
-11.025547
 31
0.0
  0
LINE
  8
0
  6
CONTINUOUS
 10
6.692213
 20
-9.881562
 30
0.0
 11
7.287413
 21
-10.479431
 31
0.0
  0
LINE
  8
0
  6
CONTINUOUS
 10
-9.699594
 20
8.00114
 30
0.0
 11
-9.085352
 21
7.384143
 31
0.0
  0
LINE
  8
0
  6
CONTINUOUS
 10
-9.034413
 20
8.750363
 30
0.0
 11
-8.428998
 21
8.142234
 31
0.0
  0
LINE
  8
0
  6
CONTINUOUS
 10
-8.313448
 20
9.443553
 30
0.0
 11
-7.71288
 21
8.840292
 31
0.0
  0
LINE
  8
0
  6
CONTINUOUS
 10
-7.536467
 20
10.080476
 30
0.0
 11
-6.936835
 21
9.478155
 31
0.0
  0
LINE
  8
0
  6
CONTINUOUS
 10
-6.702157
 20
10.659813
 30
0.0
 11
-6.099379
 21
10.054332
 31
0.0
  0
LINE
  8
0
  6
CONTINUOUS
 10
-5.807991
 20
11.179025
 30
0.0
 11
-5.19753
 21
10.565826
 31
0.0
  0
LINE
  8
0
  6
CONTINUOUS
 10
-4.849958
 20
11.634084
 30
0.0
 11
-4.226438
 21
11.007768
 31
0.0
  0
LINE
  8
0
  6
CONTINUOUS
 10
-3.822073
 20
12.018978
 30
0.0
 11
-3.178696
 21
11.372715
 31
0.0
  0
LINE
  8
0
  6
CONTINUOUS
 10
-2.715522
 20
12.324852
 30
0.0
 11
-2.043057
 21
11.649371
 31
0.0
  0
LINE
  8
0
  6
CONTINUOUS
 10
1.558449
 20
12.28388
 30
0.0
 11
2.139867
 21
11.699854
 31
0.0
  0
LINE
  8
0
  6
CONTINUOUS
 10
2.929576
 20
12.323992
 30
0.0
 11
4.025621
 21
11.223032
 31
0.0
  0
LINE
  8
0
  6
CONTINUOUS
 10
5.003732
 20
11.657923
 30
0.0
 11
6.826231
 21
9.827252
 31
0.0
  0
LINE
  8
0
  6
CONTINUOUS
 10
11.529104
 20
-3.401039
 30
0.0
 11
12.140312
 21
-4.014988
 31
0.0
  0
LINE
  8
0
  6
CONTINUOUS
 10
11.987094
 20
-1.026306
 30
0.0
 11
12.670066
 21
-1.712341
 31
0.0
  0
LINE
  8
0
  6
CONTINUOUS
 10
11.880036
 20
1.916008
 30
0.0
 11
12.734598
 21
1.057613
 31
0.0
  0
LINE
  8
0
  6
CONTINUOUS
 10
12.028527
 20
0.349462
 30
0.0
 11
12.776339
 21
-0.401703
 31
0.0
  0
LINE
  8
0
  6
CONTINUOUS
 10
11.159472
 20
-4.447137
 30
0.0
 11
11.750823
 21
-5.041141
 31
0.0
  0
LINE
  8
0
  6
CONTINUOUS
 10
11.411655
 20
3.803876
 30
0.0
 11
12.475532
 21
2.735229
 31
0.0
  0
LINE
  8
0
  6
CONTINUOUS
 10
10.197665
 20
-6.315794
 30
0.0
 11
10.768275
 21
-6.888962
 31
0.0
  0
LINE
  8
0
  6
CONTINUOUS
 10
10.71319
 20
-5.416242
 30
0.0
 11
11.291483
 21
-5.997128
 31
0.0
  0
LINE
  8
0
  6
CONTINUOUS
 10
9.617748
 20
-7.150663
 30
0.0
 11
10.185211
 21
-7.720672
 31
0.0
  0
LINE
  8
0
  6
CONTINUOUS
 10
7.514143
 20
-9.28979
 30
0.0
 11
8.096217
 21
-9.874474
 31
0.0
  0
LINE
  8
0
  6
CONTINUOUS
 10
8.976418
 20
-7.923846
 30
0.0
 11
9.544818
 21
-8.494795
 31
0.0
  0
LINE
  8
0
  6
CONTINUOUS
 10
8.275163
 20
-8.636834
 30
0.0
 11
8.848409
 21
-9.212651
 31
0.0
  0
LINE
  8
0
  6
CONTINUOUS
 10
1.50071
 20
-11.753718
 30
0.0
 11
2.268078
 21
-12.524527
 31
0.0
  0
LINE
  8
0
  6
CONTINUOUS
 10
0.162143
 20
-11.826536
 30
0.0
 11
1.009892
 21
-12.678087
 31
0.0
  0
LINE
  8
0
  6
CONTINUOUS
 10
-1.348694
 20
-11.726313
 30
0.0
 11
-0.37816
 21
-12.701199
 31
0.0
  0
LINE
  8
0
  6
CONTINUOUS
 10
-3.133376
 20
-11.351016
 30
0.0
 11
-1.946411
 21
-12.543303
 31
0.0
  0
LINE
  8
0
  6
CONTINUOUS
 10
-5.544918
 20
-10.346048
 30
0.0
 11
-3.807169
 21
-12.091589
 31
0.0
  0
LINE
  8
0
  6
CONTINUOUS
 10
10.02842
 20
6.610703
 30
0.0
 11
11.81875
 21
4.812344
 31
0.0
  0
LINE
  8
0
  6
CONTINUOUS
 10
7.694966
 20
10.002847
 30
0.0
 11
10.648907
 21
6.966852
 31
0.0
  0
LINE
  8
0
  6
CONTINUOUS
 10
-1.723708
 20
12.510031
 30
0.0
 11
-1.723708
 21
11.706132
 31
0.0
  0
LINE
  8
0
  6
CONTINUOUS
 10
1.558449
 20
11.782184
 30
0.0
 11
1.558449
 21
12.559067
 31
0.0
  0
LINE
  8
0
  6
CONTINUOUS
 10
-11.761527
 20
6.741834
 30
0.0
 11
-9.56109
 21
6.741834
 31
0.0
  0
LINE
  8
0
  6
CONTINUOUS
 10
-10.046498
 20
5.976978
 30
0.0
 11
-12.166201
 21
5.976978
 31
0.0
  0
LINE
  8
0
  6
CONTINUOUS
 10
-13.068527
 20
3.575615
 30
0.0
 11
-11.548587
 21
1.693785
 31
0.0
  0
LINE
  8
0
  6
CONTINUOUS
 10
-13.306084
 20
2.536698
 30
0.0
 11
-11.764867
 21
0.628525
 31
0.0
  0
ARC
  8
0
  6
CONTINUOUS
210
-0.0
220
0.0
230
1.0
 10
0.105144
 20
-0.033883
 30
0.0
 40
12.676533
 50
173.003594
 51
443.416834
  0
ARC
  8
0
  6
CONTINUOUS
210
0.0
220
0.0
230
1.0
 10
-0.037505
 20
0.049344
 30
0.0
 40
13.499708
 50
150.280735
 51
153.953944
  0
ARC
  8
0
  6
CONTINUOUS
210
0.0
220
0.0
230
1.0
 10
-0.037505
 20
0.049344
 30
0.0
 40
13.499708
 50
164.858078
 51
169.382451
  0
ARC
  8
0
  6
CONTINUOUS
210
0.0
220
0.0
230
1.0
 10
0.189092
 20
0.017521
 30
0.0
 40
11.844088
 50
99.293869
 51
145.407514
  0
ARC
  8
0
  6
CONTINUOUS
210
0.0
220
0.0
230
1.0
 10
0.105144
 20
-0.033883
 30
0.0
 40
12.676533
 50
98.295048
 51
147.689403
  0
LINE
  8
0
  6
CONTINUOUS
 10
11.810838
 20
-2.266648
 30
0.0
 11
12.451135
 21
-2.909816
 31
0.0
  0
ARC
  8
0
  6
CONTINUOUS
210
0.0
220
-0.0
230
1.0
 10
0.189092
 20
0.017521
 30
0.0
 40
11.844088
 50
348.880663
 51
443.360886
  0
ARC
  8
0
  6
CONTINUOUS
210
0.0
220
0.0
230
1.0
 10
0.189092
 20
0.017521
 30
0.0
 40
11.844088
 50
145.407514
 51
149.790797
  0
LINE
  8
0
  6
CONTINUOUS
 10
-9.56109
 20
6.741834
 30
0.0
 11
-10.286575
 21
6.741834
 31
0.0
  0
ATTDEF
  8
0
 10
0.0
 20
-17.771128
 30
0.0
 40
3.0
  1
*
  3
Tag 
  2
Tag
 70
     0
  7
STANDARD
 71
     0
 72
     0
 11
0.0
 21
0.0
 31
0.0
  0
ENDBLK
  0
BLOCK
  8
SCD_DRAW
  2
CN_TSC_CA
 70
     0
 10
0.0
 20
0.0
 30
0.0
  0
ARC
  8
0
  6
CONTINUOUS
210
-0.0
220
0.0
230
-1.0
 10
-2.060439
 20
1.660292
 30
0.0
 40
0.609375
 50
202.619865
 51
337.380135
  0
ARC
  8
0
  6
CONTINUOUS
210
-0.0
220
0.0
230
1.0
 10
-2.064561
 20
1.660292
 30
0.0
 40
0.609375
 50
202.619865
 51
337.380135
  0
ARC
  8
0
  6
CONTINUOUS
210
0.0
220
0.0
230
-1.0
 10
2.545834
 20
0.0
 30
0.0
 40
5.204166
 50
309.770330
 51
410.22967
  0
ARC
  8
0
  6
CONTINUOUS
210
0.0
220
-0.0
230
-1.0
 10
-2.545834
 20
-0.0
 30
0.0
 40
5.204166
 50
129.770330
 51
230.22967
  0
LINE
  8
0
  6
CONTINUOUS
 10
-2.064561
 20
3.675917
 30
0.0
 11
-2.627061
 21
1.425917
 31
0.0
  0
LINE
  8
0
  6
CONTINUOUS
 10
-2.627061
 20
1.425917
 30
0.0
 11
-1.502061
 21
1.425917
 31
0.0
  0
LINE
  8
0
  6
CONTINUOUS
 10
-1.502061
 20
1.425917
 30
0.0
 11
-2.064561
 21
3.675917
 31
0.0
  0
LINE
  8
0
  6
CONTINUOUS
 10
-2.064561
 20
3.675917
 30
0.0
 11
2.060439
 21
3.675917
 31
0.0
  0
LINE
  8
0
  6
CONTINUOUS
 10
2.060439
 20
3.675917
 30
0.0
 11
2.622939
 21
1.425917
 31
0.0
  0
LINE
  8
0
  6
CONTINUOUS
 10
2.622939
 20
1.425917
 30
0.0
 11
1.497939
 21
1.425917
 31
0.0
  0
LINE
  8
0
  6
CONTINUOUS
 10
1.497939
 20
1.425917
 30
0.0
 11
2.060439
 21
3.675917
 31
0.0
  0
LINE
  8
0
  6
CONTINUOUS
 10
-1.033311
 20
0.406705
 30
0.0
 11
1.029189
 21
0.406705
 31
0.0
  0
LINE
  8
0
  6
CONTINUOUS
 10
-0.002061
 20
0.406705
 30
0.0
 11
-0.002061
 21
3.87819
 31
0.0
  0
LINE
  8
0
  6
CONTINUOUS
 10
5.9375
 20
-4.0
 30
0.0
 11
-5.9375
 21
-4.0
 31
0.0
  0
LINE
  8
0
  6
CONTINUOUS
 10
-5.9375
 20
4.0
 30
0.0
 11
5.9375
 21
4.0
 31
0.0
  0
LINE
  8
0
  6
CONTINUOUS
 10
-0.578789
 20
-0.907323
 30
0.0
 11
-0.75736
 21
-0.550180
 31
0.0
  0
LINE
  8
0
  6
CONTINUOUS
 10
-0.75736
 20
-0.550180
 30
0.0
 11
-1.114503
 21
-0.193038
 31
0.0
  0
LINE
  8
0
  6
CONTINUOUS
 10
-1.114503
 20
-0.193038
 30
0.0
 11
-1.471646
 21
-0.014466
 31
0.0
  0
LINE
  8
0
  6
CONTINUOUS
 10
-1.471646
 20
-0.014466
 30
0.0
 11
-2.185932
 21
-0.014466
 31
0.0
  0
LINE
  8
0
  6
CONTINUOUS
 10
-2.185932
 20
-0.014466
 30
0.0
 11
-2.543074
 21
-0.193038
 31
0.0
  0
LINE
  8
0
  6
CONTINUOUS
 10
-2.543074
 20
-0.193038
 30
0.0
 11
-2.900217
 21
-0.550180
 31
0.0
  0
LINE
  8
0
  6
CONTINUOUS
 10
-2.900217
 20
-0.550180
 30
0.0
 11
-3.078789
 21
-0.907323
 31
0.0
  0
LINE
  8
0
  6
CONTINUOUS
 10
-3.078789
 20
-0.907323
 30
0.0
 11
-3.25736
 21
-1.443038
 31
0.0
  0
LINE
  8
0
  6
CONTINUOUS
 10
-3.25736
 20
-1.443038
 30
0.0
 11
-3.25736
 21
-2.335895
 31
0.0
  0
LINE
  8
0
  6
CONTINUOUS
 10
-3.25736
 20
-2.335895
 30
0.0
 11
-3.078789
 21
-2.871609
 31
0.0
  0
LINE
  8
0
  6
CONTINUOUS
 10
-3.078789
 20
-2.871609
 30
0.0
 11
-2.900217
 21
-3.228752
 31
0.0
  0
LINE
  8
0
  6
CONTINUOUS
 10
-2.900217
 20
-3.228752
 30
0.0
 11
-2.543074
 21
-3.585895
 31
0.0
  0
LINE
  8
0
  6
CONTINUOUS
 10
-2.543074
 20
-3.585895
 30
0.0
 11
-2.185932
 21
-3.764466
 31
0.0
  0
LINE
  8
0
  6
CONTINUOUS
 10
-2.185932
 20
-3.764466
 30
0.0
 11
-1.471646
 21
-3.764466
 31
0.0
  0
LINE
  8
0
  6
CONTINUOUS
 10
-1.471646
 20
-3.764466
 30
0.0
 11
-1.114503
 21
-3.585895
 31
0.0
  0
LINE
  8
0
  6
CONTINUOUS
 10
-1.114503
 20
-3.585895
 30
0.0
 11
-0.75736
 21
-3.228752
 31
0.0
  0
LINE
  8
0
  6
CONTINUOUS
 10
-0.75736
 20
-3.228752
 30
0.0
 11
-0.578789
 21
-2.871609
 31
0.0
  0
LINE
  8
0
  6
CONTINUOUS
 10
0.492640
 20
-3.764466
 30
0.0
 11
1.921211
 21
-0.014466
 31
0.0
  0
LINE
  8
0
  6
CONTINUOUS
 10
1.921211
 20
-0.014466
 30
0.0
 11
3.349783
 21
-3.764466
 31
0.0
  0
LINE
  8
0
  6
CONTINUOUS
 10
1.028354
 20
-2.514466
 30
0.0
 11
2.814068
 21
-2.514466
 31
0.0
  0
ATTDEF
  8
0
 10
-0.0
 20
-9.0
 30
0.0
 40
3.0
  1
*
  3
Tag 
  2
Tag
 70
     0
 73
    50
  7
STANDARD
 71
     0
 72
     0
 11
0.0
 21
0.0
 31
0.0
  0
ENDBLK
  0
BLOCK
  8
SCD_DRAW
  2
LnkBlk__2
 70
     0
 10
0.0
 20
0.0
 30
0.0
  0
POLYLINE
  8
SCD_DRAW
  6
CONTINUOUS
210
-0.0
220
0.0
230
1.0
 66
     1
 10
0.0
 20
0.0
 30
0.0
 70
     1
  0
VERTEX
  8
0
 10
-3.746
 20
0.002
 30
0.0
  0
VERTEX
  8
0
 10
-1.246
 20
-0.498
 30
0.0
  0
VERTEX
  8
0
 10
-1.246
 20
0.502000
 30
0.0
  0
VERTEX
  8
0
 10
-3.746
 20
0.002
 30
0.0
  0
VERTEX
  8
0
 10
-1.746
 20
-0.198
 30
0.0
  0
VERTEX
  8
0
 10
-1.746
 20
0.202
 30
0.0
  0
SEQEND
  0
POLYLINE
  8
SCD_DRAW
  6
CONTINUOUS
 66
     1
 10
0.0
 20
0.0
 30
0.0
 70
     8
  0
VERTEX
  8
0
 10
3.754
 20
0.002
 30
0.0
 70
    32
  0
VERTEX
  8
0
 10
-3.746
 20
0.002
 30
0.0
 70
    32
  0
SEQEND
  0
ATTDEF
  8
SCD_DRAW
 10
0.0
 20
0.0
 30
0.0
 40
2.8
  1
*
  3
Tag 
  2
Tag
 70
     1
 73
    50
  7
STANDARD
 71
     0
 72
     0
 11
0.0
 21
0.0
 31
0.0
  0
ENDBLK
  0
BLOCK
  8
SCD_DRAW
  2
LnkBlk__3
 70
     0
 10
0.0
 20
0.0
 30
0.0
  0
POLYLINE
  8
SCD_DRAW
  6
CONTINUOUS
210
-0.0
220
0.0
230
1.0
 66
     1
 10
0.0
 20
0.0
 30
0.0
 70
     1
  0
VERTEX
  8
0
 10
-3.746
 20
0.002
 30
0.0
  0
VERTEX
  8
0
 10
-1.246
 20
-0.498
 30
0.0
  0
VERTEX
  8
0
 10
-1.246
 20
0.502000
 30
0.0
  0
VERTEX
  8
0
 10
-3.746
 20
0.002
 30
0.0
  0
VERTEX
  8
0
 10
-1.746
 20
-0.198
 30
0.0
  0
VERTEX
  8
0
 10
-1.746
 20
0.202
 30
0.0
  0
SEQEND
  0
POLYLINE
  8
SCD_DRAW
  6
CONTINUOUS
 66
     1
 10
0.0
 20
0.0
 30
0.0
 70
     8
  0
VERTEX
  8
0
 10
3.754
 20
0.002
 30
0.0
 70
    32
  0
VERTEX
  8
0
 10
-3.746
 20
0.002
 30
0.0
 70
    32
  0
SEQEND
  0
ATTDEF
  8
SCD_DRAW
 10
0.0
 20
0.0
 30
0.0
 40
2.8
  1
*
  3
Tag 
  2
Tag
 70
     1
 73
    50
  7
STANDARD
 71
     0
 72
     0
 11
0.0
 21
0.0
 31
0.0
  0
ENDBLK
  0
BLOCK
  8
SCD_DRAW
  2
LnkBlk__4
 70
     0
 10
0.0
 20
0.0
 30
0.0
  0
POLYLINE
  8
SCD_DRAW
  6
CONTINUOUS
210
-0.0
220
0.0
230
1.0
 66
     1
 10
0.0
 20
0.0
 30
0.0
 70
     1
  0
VERTEX
  8
0
 10
-3.996
 20
0.002
 30
0.0
  0
VERTEX
  8
0
 10
-1.496
 20
-0.498
 30
0.0
  0
VERTEX
  8
0
 10
-1.496
 20
0.502000
 30
0.0
  0
VERTEX
  8
0
 10
-3.996
 20
0.002
 30
0.0
  0
VERTEX
  8
0
 10
-1.996
 20
-0.198
 30
0.0
  0
VERTEX
  8
0
 10
-1.996
 20
0.202
 30
0.0
  0
SEQEND
  0
POLYLINE
  8
SCD_DRAW
  6
CONTINUOUS
 66
     1
 10
0.0
 20
0.0
 30
0.0
 70
     8
  0
VERTEX
  8
0
 10
4.004000
 20
0.002
 30
0.0
 70
    32
  0
VERTEX
  8
0
 10
-3.996
 20
0.002
 30
0.0
 70
    32
  0
SEQEND
  0
ATTDEF
  8
SCD_DRAW
 10
0.0
 20
0.0
 30
0.0
 40
2.8
  1
*
  3
Tag 
  2
Tag
 70
     1
 73
    50
  7
STANDARD
 71
     0
 72
     0
 11
0.0
 21
0.0
 31
0.0
  0
ENDBLK
  0
BLOCK
  8
SCD_DRAW
  2
LnkBlk__5
 70
     0
 10
0.0
 20
0.0
 30
0.0
  0
POLYLINE
  8
SCD_DRAW
  6
CONTINUOUS
210
-0.0
220
0.0
230
1.0
 66
     1
 10
0.0
 20
0.0
 30
0.0
 70
     1
  0
VERTEX
  8
0
 10
-3.996
 20
0.002
 30
0.0
  0
VERTEX
  8
0
 10
-1.496
 20
-0.498
 30
0.0
  0
VERTEX
  8
0
 10
-1.496
 20
0.502000
 30
0.0
  0
VERTEX
  8
0
 10
-3.996
 20
0.002
 30
0.0
  0
VERTEX
  8
0
 10
-1.996
 20
-0.198
 30
0.0
  0
VERTEX
  8
0
 10
-1.996
 20
0.202
 30
0.0
  0
SEQEND
  0
POLYLINE
  8
SCD_DRAW
  6
CONTINUOUS
 66
     1
 10
0.0
 20
0.0
 30
0.0
 70
     8
  0
VERTEX
  8
0
 10
4.004000
 20
0.002
 30
0.0
 70
    32
  0
VERTEX
  8
0
 10
-3.996
 20
0.002
 30
0.0
 70
    32
  0
SEQEND
  0
ATTDEF
  8
SCD_DRAW
 10
0.0
 20
0.0
 30
0.0
 40
2.8
  1
*
  3
Tag 
  2
Tag
 70
     1
 73
    50
  7
STANDARD
 71
     0
 72
     0
 11
0.0
 21
0.0
 31
0.0
  0
ENDBLK
  0
BLOCK
  8
SCD_DRAW
  2
LnkBlk__10
 70
     0
 10
0.0
 20
0.0
 30
0.0
  0
POLYLINE
  8
SCD_DRAW
  6
CONTINUOUS
210
0.0
220
-0.0
230
1.0
 66
     1
 10
0.0
 20
0.0
 30
0.0
 70
     1
  0
VERTEX
  8
0
 10
0.004
 20
-4.998
 30
0.0
  0
VERTEX
  8
0
 10
0.504
 20
-2.498
 30
0.0
  0
VERTEX
  8
0
 10
-0.496
 20
-2.498
 30
0.0
  0
VERTEX
  8
0
 10
0.004
 20
-4.998
 30
0.0
  0
VERTEX
  8
0
 10
0.204
 20
-2.998
 30
0.0
  0
VERTEX
  8
0
 10
-0.196
 20
-2.998
 30
0.0
  0
SEQEND
  0
POLYLINE
  8
SCD_DRAW
  6
CONTINUOUS
 66
     1
 10
0.0
 20
0.0
 30
0.0
 70
     8
  0
VERTEX
  8
0
 10
0.004
 20
5.002000
 30
0.0
 70
    32
  0
VERTEX
  8
0
 10
0.004
 20
-4.998
 30
0.0
 70
    32
  0
SEQEND
  0
ATTDEF
  8
SCD_DRAW
 10
0.0
 20
0.0
 30
0.0
 40
2.8
  1
*
  3
Tag 
  2
Tag
 70
     1
 73
    50
  7
STANDARD
 71
     0
 72
     0
 11
0.0
 21
0.0
 31
0.0
  0
ENDBLK
  0
BLOCK
  8
SCD_DRAW
  2
LnkBlk__12
 70
     0
 10
0.0
 20
0.0
 30
0.0
  0
POLYLINE
  8
SCD_DRAW
  6
CONTINUOUS
210
0.0
220
0.0
230
1.0
 66
     1
 10
0.0
 20
0.0
 30
0.0
 70
     1
  0
VERTEX
  8
0
 10
0.004
 20
30.682
 30
0.0
  0
VERTEX
  8
0
 10
-2.496
 20
31.182
 30
0.0
  0
VERTEX
  8
0
 10
-2.496
 20
30.182
 30
0.0
  0
VERTEX
  8
0
 10
0.004
 20
30.682
 30
0.0
  0
VERTEX
  8
0
 10
-1.996
 20
30.882
 30
0.0
  0
VERTEX
  8
0
 10
-1.996
 20
30.482
 30
0.0
  0
SEQEND
  0
POLYLINE
  8
SCD_DRAW
  6
CONTINUOUS
210
0.0
220
-0.0
230
1.0
 66
     1
 10
0.0
 20
0.0
 30
0.0
 70
     1
  0
VERTEX
  8
0
 10
0.004
 20
-9.258000
 30
0.0
  0
VERTEX
  8
0
 10
0.504
 20
-6.758
 30
0.0
  0
VERTEX
  8
0
 10
-0.496
 20
-6.758
 30
0.0
  0
VERTEX
  8
0
 10
0.004
 20
-9.258000
 30
0.0
  0
VERTEX
  8
0
 10
0.204
 20
-7.258
 30
0.0
  0
VERTEX
  8
0
 10
-0.196
 20
-7.258
 30
0.0
  0
SEQEND
  0
POLYLINE
  8
SCD_DRAW
  6
CONTINUOUS
210
0.0
220
0.0
230
-1.0
 66
     1
 10
0.0
 20
0.0
 30
0.0
 70
     0
  0
VERTEX
  8
0
 10
8.386
 20
30.682
 30
0.0
  0
VERTEX
  8
0
 10
-0.004
 20
30.682
 30
0.0
  0
VERTEX
  8
0
 10
-0.004
 20
12.262
 30
0.0
  0
SEQEND
  0
POLYLINE
  8
SCD_DRAW
  6
CONTINUOUS
 66
     1
 10
0.0
 20
0.0
 30
0.0
 70
     8
  0
VERTEX
  8
0
 10
0.004
 20
9.262
 30
0.0
 70
    32
  0
VERTEX
  8
0
 10
0.004
 20
-9.258000
 30
0.0
 70
    32
  0
SEQEND
  0
ATTDEF
  8
SCD_DRAW
 10
0.0
 20
0.0
 30
0.0
 40
2.8
  1
*
  3
Tag 
  2
Tag
 70
     1
 73
    50
  7
STANDARD
 71
     0
 72
     0
 11
0.0
 21
0.0
 31
0.0
  0
ENDBLK
  0
BLOCK
  8
SCD_DRAW
  2
LnkBlk__13
 70
     0
 10
0.0
 20
0.0
 30
0.0
  0
POLYLINE
  8
SCD_DRAW
  6
CONTINUOUS
210
0.0
220
0.0
230
1.0
 66
     1
 10
0.0
 20
0.0
 30
0.0
 70
     1
  0
VERTEX
  8
0
 10
0.004
 20
9.812
 30
0.0
  0
VERTEX
  8
0
 10
-2.496
 20
10.312000
 30
0.0
  0
VERTEX
  8
0
 10
-2.496
 20
9.312
 30
0.0
  0
VERTEX
  8
0
 10
0.004
 20
9.812
 30
0.0
  0
VERTEX
  8
0
 10
-1.996
 20
10.012
 30
0.0
  0
VERTEX
  8
0
 10
-1.996
 20
9.612
 30
0.0
  0
SEQEND
  0
POLYLINE
  8
SCD_DRAW
  6
CONTINUOUS
210
0.0
220
-0.0
230
1.0
 66
     1
 10
0.0
 20
0.0
 30
0.0
 70
     1
  0
VERTEX
  8
0
 10
0.004
 20
-9.818
 30
0.0
  0
VERTEX
  8
0
 10
0.504
 20
-7.318
 30
0.0
  0
VERTEX
  8
0
 10
-0.496
 20
-7.318
 30
0.0
  0
VERTEX
  8
0
 10
0.004
 20
-9.818
 30
0.0
  0
VERTEX
  8
0
 10
0.204
 20
-7.818
 30
0.0
  0
VERTEX
  8
0
 10
-0.196
 20
-7.818
 30
0.0
  0
SEQEND
  0
POLYLINE
  8
SCD_DRAW
  6
CONTINUOUS
210
0.0
220
0.0
230
-1.0
 66
     1
 10
0.0
 20
0.0
 30
0.0
 70
     0
  0
VERTEX
  8
0
 10
8.856
 20
9.812
 30
0.0
  0
VERTEX
  8
0
 10
-0.004
 20
9.812
 30
0.0
  0
VERTEX
  8
0
 10
-0.004
 20
-9.818
 30
0.0
  0
SEQEND
  0
ATTDEF
  8
SCD_DRAW
 10
0.0
 20
0.0
 30
0.0
 40
2.8
  1
*
  3
Tag 
  2
Tag
 70
     1
 73
    50
  7
STANDARD
 71
     0
 72
     0
 11
0.0
 21
0.0
 31
0.0
  0
ENDBLK
  0
BLOCK
  8
SCD_DRAW
  2
LnkBlk__14
 70
     0
 10
0.0
 20
0.0
 30
0.0
  0
POLYLINE
  8
SCD_DRAW
  6
CONTINUOUS
210
0.0
220
0.0
230
1.0
 66
     1
 10
0.0
 20
0.0
 30
0.0
 70
     1
  0
VERTEX
  8
0
 10
0.004
 20
12.322
 30
0.0
  0
VERTEX
  8
0
 10
-2.496
 20
12.822
 30
0.0
  0
VERTEX
  8
0
 10
-2.496
 20
11.822
 30
0.0
  0
VERTEX
  8
0
 10
0.004
 20
12.322
 30
0.0
  0
VERTEX
  8
0
 10
-1.996
 20
12.522
 30
0.0
  0
VERTEX
  8
0
 10
-1.996
 20
12.122
 30
0.0
  0
SEQEND
  0
POLYLINE
  8
SCD_DRAW
  6
CONTINUOUS
210
0.0
220
-0.0
230
1.0
 66
     1
 10
0.0
 20
0.0
 30
0.0
 70
     1
  0
VERTEX
  8
0
 10
0.004
 20
-12.318
 30
0.0
  0
VERTEX
  8
0
 10
0.504
 20
-9.818
 30
0.0
  0
VERTEX
  8
0
 10
-0.496
 20
-9.818
 30
0.0
  0
VERTEX
  8
0
 10
0.004
 20
-12.318
 30
0.0
  0
VERTEX
  8
0
 10
0.204
 20
-10.318
 30
0.0
  0
VERTEX
  8
0
 10
-0.196
 20
-10.318
 30
0.0
  0
SEQEND
  0
POLYLINE
  8
SCD_DRAW
  6
CONTINUOUS
210
0.0
220
0.0
230
-1.0
 66
     1
 10
0.0
 20
0.0
 30
0.0
 70
     0
  0
VERTEX
  8
0
 10
9.646000
 20
12.322
 30
0.0
  0
VERTEX
  8
0
 10
-0.004
 20
12.322
 30
0.0
  0
VERTEX
  8
0
 10
-0.004
 20
-12.318
 30
0.0
  0
SEQEND
  0
ATTDEF
  8
SCD_DRAW
 10
0.0
 20
0.0
 30
0.0
 40
2.8
  1
*
  3
Tag 
  2
Tag
 70
     1
 73
    50
  7
STANDARD
 71
     0
 72
     0
 11
0.0
 21
0.0
 31
0.0
  0
ENDBLK
  0
BLOCK
  8
SCD_DRAW
  2
LnkBlk__17
 70
     0
 10
0.0
 20
0.0
 30
0.0
  0
POLYLINE
  8
SCD_DRAW
  6
CONTINUOUS
210
0.0
220
0.0
230
1.0
 66
     1
 10
0.0
 20
0.0
 30
0.0
 70
     1
  0
VERTEX
  8
0
 10
0.004
 20
4.502000
 30
0.0
  0
VERTEX
  8
0
 10
-0.496
 20
2.002000
 30
0.0
  0
VERTEX
  8
0
 10
0.504
 20
2.002000
 30
0.0
  0
VERTEX
  8
0
 10
0.004
 20
4.502000
 30
0.0
  0
VERTEX
  8
0
 10
-0.196
 20
2.502000
 30
0.0
  0
VERTEX
  8
0
 10
0.204
 20
2.502000
 30
0.0
  0
SEQEND
  0
POLYLINE
  8
SCD_DRAW
  6
CONTINUOUS
 66
     1
 10
0.0
 20
0.0
 30
0.0
 70
     8
  0
VERTEX
  8
0
 10
0.004
 20
-4.498
 30
0.0
 70
    32
  0
VERTEX
  8
0
 10
0.004
 20
4.502000
 30
0.0
 70
    32
  0
SEQEND
  0
ATTDEF
  8
SCD_DRAW
 10
0.0
 20
0.0
 30
0.0
 40
2.8
  1
*
  3
Tag 
  2
Tag
 70
     1
 73
    50
  7
STANDARD
 71
     0
 72
     0
 11
0.0
 21
0.0
 31
0.0
  0
ENDBLK
  0
BLOCK
  8
SCD_DRAW
  2
LnkBlk__18
 70
     0
 10
0.0
 20
0.0
 30
0.0
  0
POLYLINE
  8
SCD_DRAW
  6
CONTINUOUS
210
0.0
220
0.0
230
1.0
 66
     1
 10
0.0
 20
0.0
 30
0.0
 70
     1
  0
VERTEX
  8
0
 10
0.004
 20
4.782
 30
0.0
  0
VERTEX
  8
0
 10
-0.496
 20
2.282
 30
0.0
  0
VERTEX
  8
0
 10
0.504
 20
2.282
 30
0.0
  0
VERTEX
  8
0
 10
0.004
 20
4.782
 30
0.0
  0
VERTEX
  8
0
 10
-0.196
 20
2.782
 30
0.0
  0
VERTEX
  8
0
 10
0.204
 20
2.782
 30
0.0
  0
SEQEND
  0
POLYLINE
  8
SCD_DRAW
  6
CONTINUOUS
 66
     1
 10
0.0
 20
0.0
 30
0.0
 70
     8
  0
VERTEX
  8
0
 10
0.004
 20
-4.788
 30
0.0
 70
    32
  0
VERTEX
  8
0
 10
0.004
 20
4.782
 30
0.0
 70
    32
  0
SEQEND
  0
ATTDEF
  8
SCD_DRAW
 10
0.0
 20
0.0
 30
0.0
 40
2.8
  1
*
  3
Tag 
  2
Tag
 70
     1
 73
    50
  7
STANDARD
 71
     0
 72
     0
 11
0.0
 21
0.0
 31
0.0
  0
ENDBLK
  0
BLOCK
  8
SCD_DRAW
  2
LnkBlk__19
 70
     0
 10
0.0
 20
0.0
 30
0.0
  0
POLYLINE
  8
SCD_DRAW
  6
CONTINUOUS
210
0.0
220
0.0
230
1.0
 66
     1
 10
0.0
 20
0.0
 30
0.0
 70
     1
  0
VERTEX
  8
0
 10
0.004
 20
5.102
 30
0.0
  0
VERTEX
  8
0
 10
-0.496
 20
2.602
 30
0.0
  0
VERTEX
  8
0
 10
0.504
 20
2.602
 30
0.0
  0
VERTEX
  8
0
 10
0.004
 20
5.102
 30
0.0
  0
VERTEX
  8
0
 10
-0.196
 20
3.102
 30
0.0
  0
VERTEX
  8
0
 10
0.204
 20
3.102
 30
0.0
  0
SEQEND
  0
POLYLINE
  8
SCD_DRAW
  6
CONTINUOUS
 66
     1
 10
0.0
 20
0.0
 30
0.0
 70
     8
  0
VERTEX
  8
0
 10
0.004
 20
-5.098
 30
0.0
 70
    32
  0
VERTEX
  8
0
 10
0.004
 20
5.102
 30
0.0
 70
    32
  0
SEQEND
  0
ATTDEF
  8
SCD_DRAW
 10
0.0
 20
0.0
 30
0.0
 40
2.8
  1
*
  3
Tag 
  2
Tag
 70
     1
 73
    50
  7
STANDARD
 71
     0
 72
     0
 11
0.0
 21
0.0
 31
0.0
  0
ENDBLK
  0
BLOCK
  8
SCD_DRAW
  2
LnkBlk__20
 70
     0
 10
0.0
 20
0.0
 30
0.0
  0
POLYLINE
  8
SCD_DRAW
  6
CONTINUOUS
210
0.0
220
0.0
230
1.0
 66
     1
 10
0.0
 20
0.0
 30
0.0
 70
     1
  0
VERTEX
  8
0
 10
0.004
 20
4.992
 30
0.0
  0
VERTEX
  8
0
 10
-0.496
 20
2.492
 30
0.0
  0
VERTEX
  8
0
 10
0.504
 20
2.492
 30
0.0
  0
VERTEX
  8
0
 10
0.004
 20
4.992
 30
0.0
  0
VERTEX
  8
0
 10
-0.196
 20
2.992
 30
0.0
  0
VERTEX
  8
0
 10
0.204
 20
2.992
 30
0.0
  0
SEQEND
  0
POLYLINE
  8
SCD_DRAW
  6
CONTINUOUS
 66
     1
 10
0.0
 20
0.0
 30
0.0
 70
     8
  0
VERTEX
  8
0
 10
0.004
 20
-4.998
 30
0.0
 70
    32
  0
VERTEX
  8
0
 10
0.004
 20
4.992
 30
0.0
 70
    32
  0
SEQEND
  0
ATTDEF
  8
SCD_DRAW
 10
0.0
 20
0.0
 30
0.0
 40
2.8
  1
*
  3
Tag 
  2
Tag
 70
     1
 73
    50
  7
STANDARD
 71
     0
 72
     0
 11
0.0
 21
0.0
 31
0.0
  0
ENDBLK
  0
BLOCK
  8
SCD_DRAW
  2
LnkBlk__21
 70
     0
 10
0.0
 20
0.0
 30
0.0
  0
POLYLINE
  8
SCD_DRAW
  6
CONTINUOUS
210
0.0
220
0.0
230
1.0
 66
     1
 10
0.0
 20
0.0
 30
0.0
 70
     1
  0
VERTEX
  8
0
 10
22.684
 20
0.002
 30
0.0
  0
VERTEX
  8
0
 10
20.184
 20
0.502000
 30
0.0
  0
VERTEX
  8
0
 10
20.184
 20
-0.498
 30
0.0
  0
VERTEX
  8
0
 10
22.684
 20
0.002
 30
0.0
  0
VERTEX
  8
0
 10
20.684
 20
0.202
 30
0.0
  0
VERTEX
  8
0
 10
20.684
 20
-0.198
 30
0.0
  0
SEQEND
  0
POLYLINE
  8
SCD_DRAW
  6
CONTINUOUS
 66
     1
 10
0.0
 20
0.0
 30
0.0
 70
     8
  0
VERTEX
  8
0
 10
-22.686000
 20
0.002
 30
0.0
 70
    32
  0
VERTEX
  8
0
 10
22.684
 20
0.002
 30
0.0
 70
    32
  0
SEQEND
  0
ATTDEF
  8
SCD_DRAW
 10
0.0
 20
0.0
 30
0.0
 40
2.8
  1
*
  3
Tag 
  2
Tag
 70
     1
 73
    50
  7
STANDARD
 71
     0
 72
     0
 11
0.0
 21
0.0
 31
0.0
  0
ENDBLK
  0
BLOCK
  8
SCD_DRAW
  2
LnkBlk__22
 70
     0
 10
0.0
 20
0.0
 30
0.0
  0
POLYLINE
  8
SCD_DRAW
  6
CONTINUOUS
210
0.0
220
0.0
230
1.0
 66
     1
 10
0.0
 20
0.0
 30
0.0
 70
     1
  0
VERTEX
  8
0
 10
3.754
 20
0.002
 30
0.0
  0
VERTEX
  8
0
 10
1.254
 20
0.502000
 30
0.0
  0
VERTEX
  8
0
 10
1.254
 20
-0.498
 30
0.0
  0
VERTEX
  8
0
 10
3.754
 20
0.002
 30
0.0
  0
VERTEX
  8
0
 10
1.754000
 20
0.202
 30
0.0
  0
VERTEX
  8
0
 10
1.754000
 20
-0.198
 30
0.0
  0
SEQEND
  0
POLYLINE
  8
SCD_DRAW
  6
CONTINUOUS
 66
     1
 10
0.0
 20
0.0
 30
0.0
 70
     8
  0
VERTEX
  8
0
 10
-3.746
 20
0.002
 30
0.0
 70
    32
  0
VERTEX
  8
0
 10
3.754
 20
0.002
 30
0.0
 70
    32
  0
SEQEND
  0
ATTDEF
  8
SCD_DRAW
 10
0.0
 20
0.0
 30
0.0
 40
2.8
  1
*
  3
Tag 
  2
Tag
 70
     1
 73
    50
  7
STANDARD
 71
     0
 72
     0
 11
0.0
 21
0.0
 31
0.0
  0
ENDBLK
  0
BLOCK
  8
SCD_DRAW
  2
LnkBlk__23
 70
     0
 10
0.0
 20
0.0
 30
0.0
  0
POLYLINE
  8
SCD_DRAW
  6
CONTINUOUS
210
0.0
220
-0.0
230
1.0
 66
     1
 10
0.0
 20
0.0
 30
0.0
 70
     1
  0
VERTEX
  8
0
 10
0.004
 20
-9.248
 30
0.0
  0
VERTEX
  8
0
 10
0.504
 20
-6.748
 30
0.0
  0
VERTEX
  8
0
 10
-0.496
 20
-6.748
 30
0.0
  0
VERTEX
  8
0
 10
0.004
 20
-9.248
 30
0.0
  0
VERTEX
  8
0
 10
0.204
 20
-7.248
 30
0.0
  0
VERTEX
  8
0
 10
-0.196
 20
-7.248
 30
0.0
  0
SEQEND
  0
POLYLINE
  8
SCD_DRAW
  6
CONTINUOUS
 66
     1
 10
0.0
 20
0.0
 30
0.0
 70
     8
  0
VERTEX
  8
0
 10
0.004
 20
9.252
 30
0.0
 70
    32
  0
VERTEX
  8
0
 10
0.004
 20
-9.248
 30
0.0
 70
    32
  0
SEQEND
  0
ATTDEF
  8
SCD_DRAW
 10
0.0
 20
0.0
 30
0.0
 40
2.8
  1
*
  3
Tag 
  2
Tag
 70
     1
 73
    50
  7
STANDARD
 71
     0
 72
     0
 11
0.0
 21
0.0
 31
0.0
  0
ENDBLK
  0
BLOCK
  8
SCD_DRAW
  2
LnkBlk__24
 70
     0
 10
0.0
 20
0.0
 30
0.0
  0
POLYLINE
  8
SCD_DRAW
  6
CONTINUOUS
210
0.0
220
0.0
230
1.0
 66
     1
 10
0.0
 20
0.0
 30
0.0
 70
     1
  0
VERTEX
  8
0
 10
46.304000
 20
0.002
 30
0.0
  0
VERTEX
  8
0
 10
43.804000
 20
0.502000
 30
0.0
  0
VERTEX
  8
0
 10
43.804000
 20
-0.498
 30
0.0
  0
VERTEX
  8
0
 10
46.304000
 20
0.002
 30
0.0
  0
VERTEX
  8
0
 10
44.304000
 20
0.202
 30
0.0
  0
VERTEX
  8
0
 10
44.304000
 20
-0.198
 30
0.0
  0
SEQEND
  0
POLYLINE
  8
SCD_DRAW
  6
CONTINUOUS
210
0.0
220
-0.0
230
1.0
 66
     1
 10
0.0
 20
0.0
 30
0.0
 70
     1
  0
VERTEX
  8
0
 10
46.304000
 20
-20.008000
 30
0.0
  0
VERTEX
  8
0
 10
46.804000
 20
-17.508000
 30
0.0
  0
VERTEX
  8
0
 10
45.804000
 20
-17.508000
 30
0.0
  0
VERTEX
  8
0
 10
46.304000
 20
-20.008000
 30
0.0
  0
VERTEX
  8
0
 10
46.504
 20
-18.008000
 30
0.0
  0
VERTEX
  8
0
 10
46.104
 20
-18.008000
 30
0.0
  0
SEQEND
  0
POLYLINE
  8
SCD_DRAW
  6
CONTINUOUS
210
0.0
220
0.0
230
-1.0
 66
     1
 10
0.0
 20
0.0
 30
0.0
 70
     0
  0
VERTEX
  8
0
 10
46.296000
 20
0.002
 30
0.0
  0
VERTEX
  8
0
 10
-46.304000
 20
0.002
 30
0.0
  0
VERTEX
  8
0
 10
-46.304000
 20
-20.008000
 30
0.0
  0
SEQEND
  0
ATTDEF
  8
SCD_DRAW
 10
0.0
 20
0.0
 30
0.0
 40
2.8
  1
*
  3
Tag 
  2
Tag
 70
     1
 73
    50
  7
STANDARD
 71
     0
 72
     0
 11
0.0
 21
0.0
 31
0.0
  0
ENDBLK
  0
BLOCK
  8
SCD_DRAW
  2
LnkBlk__25
 70
     0
 10
0.0
 20
0.0
 30
0.0
  0
POLYLINE
  8
SCD_DRAW
  6
CONTINUOUS
210
0.0
220
-0.0
230
1.0
 66
     1
 10
0.0
 20
0.0
 30
0.0
 70
     1
  0
VERTEX
  8
0
 10
-25.496
 20
-17.098
 30
0.0
  0
VERTEX
  8
0
 10
-24.996
 20
-14.598000
 30
0.0
  0
VERTEX
  8
0
 10
-25.996
 20
-14.598000
 30
0.0
  0
VERTEX
  8
0
 10
-25.496
 20
-17.098
 30
0.0
  0
VERTEX
  8
0
 10
-25.296
 20
-15.098000
 30
0.0
  0
VERTEX
  8
0
 10
-25.696000
 20
-15.098000
 30
0.0
  0
SEQEND
  0
POLYLINE
  8
SCD_DRAW
  6
CONTINUOUS
210
0.0
220
0.0
230
1.0
 66
     1
 10
0.0
 20
0.0
 30
0.0
 70
     1
  0
VERTEX
  8
0
 10
0.004
 20
-17.098
 30
0.0
  0
VERTEX
  8
0
 10
-2.496
 20
-16.598
 30
0.0
  0
VERTEX
  8
0
 10
-2.496
 20
-17.598
 30
0.0
  0
VERTEX
  8
0
 10
0.004
 20
-17.098
 30
0.0
  0
VERTEX
  8
0
 10
-1.996
 20
-16.898
 30
0.0
  0
VERTEX
  8
0
 10
-1.996
 20
-17.298
 30
0.0
  0
SEQEND
  0
POLYLINE
  8
SCD_DRAW
  6
CONTINUOUS
210
0.0
220
0.0
230
1.0
 66
     1
 10
0.0
 20
0.0
 30
0.0
 70
     1
  0
VERTEX
  8
0
 10
0.004
 20
17.092
 30
0.0
  0
VERTEX
  8
0
 10
-0.496
 20
14.592000
 30
0.0
  0
VERTEX
  8
0
 10
0.504
 20
14.592000
 30
0.0
  0
VERTEX
  8
0
 10
0.004
 20
17.092
 30
0.0
  0
VERTEX
  8
0
 10
-0.196
 20
15.092000
 30
0.0
  0
VERTEX
  8
0
 10
0.204
 20
15.092000
 30
0.0
  0
SEQEND
  0
POLYLINE
  8
SCD_DRAW
  6
CONTINUOUS
210
0.0
220
0.0
230
1.0
 66
     1
 10
0.0
 20
0.0
 30
0.0
 70
     1
  0
VERTEX
  8
0
 10
19.974
 20
17.092
 30
0.0
  0
VERTEX
  8
0
 10
17.474
 20
17.592
 30
0.0
  0
VERTEX
  8
0
 10
17.474
 20
16.592
 30
0.0
  0
VERTEX
  8
0
 10
19.974
 20
17.092
 30
0.0
  0
VERTEX
  8
0
 10
17.974
 20
17.292000
 30
0.0
  0
VERTEX
  8
0
 10
17.974
 20
16.892
 30
0.0
  0
SEQEND
  0
POLYLINE
  8
SCD_DRAW
  6
CONTINUOUS
210
0.0
220
0.0
230
1.0
 66
     1
 10
0.0
 20
0.0
 30
0.0
 70
     0
  0
VERTEX
  8
0
 10
-25.496
 20
-5.598
 30
0.0
  0
VERTEX
  8
0
 10
-25.496
 20
-17.098
 30
0.0
  0
VERTEX
  8
0
 10
0.004
 20
-17.098
 30
0.0
  0
VERTEX
  8
0
 10
0.004
 20
17.092
 30
0.0
  0
VERTEX
  8
0
 10
19.974
 20
17.092
 30
0.0
  0
SEQEND
  0
ATTDEF
  8
SCD_DRAW
 10
0.0
 20
0.0
 30
0.0
 40
2.8
  1
*
  3
Tag 
  2
Tag
 70
     1
 73
    50
  7
STANDARD
 71
     0
 72
     0
 11
0.0
 21
0.0
 31
0.0
  0
ENDBLK
  0
BLOCK
  8
SCD_DRAW
  2
LnkBlk__26
 70
     0
 10
0.0
 20
0.0
 30
0.0
  0
POLYLINE
  8
SCD_DRAW
  6
CONTINUOUS
210
0.0
220
-0.0
230
1.0
 66
     1
 10
0.0
 20
0.0
 30
0.0
 70
     1
  0
VERTEX
  8
0
 10
-28.696000
 20
-19.998
 30
0.0
  0
VERTEX
  8
0
 10
-28.196000
 20
-17.498
 30
0.0
  0
VERTEX
  8
0
 10
-29.196000
 20
-17.498
 30
0.0
  0
VERTEX
  8
0
 10
-28.696000
 20
-19.998
 30
0.0
  0
VERTEX
  8
0
 10
-28.496
 20
-17.998
 30
0.0
  0
VERTEX
  8
0
 10
-28.896000
 20
-17.998
 30
0.0
  0
SEQEND
  0
POLYLINE
  8
SCD_DRAW
  6
CONTINUOUS
210
0.0
220
0.0
230
1.0
 66
     1
 10
0.0
 20
0.0
 30
0.0
 70
     1
  0
VERTEX
  8
0
 10
0.004
 20
-19.998
 30
0.0
  0
VERTEX
  8
0
 10
-2.496
 20
-19.498
 30
0.0
  0
VERTEX
  8
0
 10
-2.496
 20
-20.498
 30
0.0
  0
VERTEX
  8
0
 10
0.004
 20
-19.998
 30
0.0
  0
VERTEX
  8
0
 10
-1.996
 20
-19.798
 30
0.0
  0
VERTEX
  8
0
 10
-1.996
 20
-20.198
 30
0.0
  0
SEQEND
  0
POLYLINE
  8
SCD_DRAW
  6
CONTINUOUS
210
0.0
220
0.0
230
1.0
 66
     1
 10
0.0
 20
0.0
 30
0.0
 70
     1
  0
VERTEX
  8
0
 10
0.004
 20
20.002
 30
0.0
  0
VERTEX
  8
0
 10
-0.496
 20
17.502
 30
0.0
  0
VERTEX
  8
0
 10
0.504
 20
17.502
 30
0.0
  0
VERTEX
  8
0
 10
0.004
 20
20.002
 30
0.0
  0
VERTEX
  8
0
 10
-0.196
 20
18.002
 30
0.0
  0
VERTEX
  8
0
 10
0.204
 20
18.002
 30
0.0
  0
SEQEND
  0
POLYLINE
  8
SCD_DRAW
  6
CONTINUOUS
210
0.0
220
0.0
230
1.0
 66
     1
 10
0.0
 20
0.0
 30
0.0
 70
     1
  0
VERTEX
  8
0
 10
21.824
 20
20.002
 30
0.0
  0
VERTEX
  8
0
 10
19.324
 20
20.502
 30
0.0
  0
VERTEX
  8
0
 10
19.324
 20
19.502
 30
0.0
  0
VERTEX
  8
0
 10
21.824
 20
20.002
 30
0.0
  0
VERTEX
  8
0
 10
19.824
 20
20.202
 30
0.0
  0
VERTEX
  8
0
 10
19.824
 20
19.802
 30
0.0
  0
SEQEND
  0
POLYLINE
  8
SCD_DRAW
  6
CONTINUOUS
210
0.0
220
-0.0
230
1.0
 66
     1
 10
0.0
 20
0.0
 30
0.0
 70
     1
  0
VERTEX
  8
0
 10
21.824
 20
4.502000
 30
0.0
  0
VERTEX
  8
0
 10
22.324
 20
7.002000
 30
0.0
  0
VERTEX
  8
0
 10
21.324
 20
7.002000
 30
0.0
  0
VERTEX
  8
0
 10
21.824
 20
4.502000
 30
0.0
  0
VERTEX
  8
0
 10
22.024
 20
6.502000
 30
0.0
  0
VERTEX
  8
0
 10
21.624000
 20
6.502000
 30
0.0
  0
SEQEND
  0
POLYLINE
  8
SCD_DRAW
  6
CONTINUOUS
210
0.0
220
0.0
230
1.0
 66
     1
 10
0.0
 20
0.0
 30
0.0
 70
     0
  0
VERTEX
  8
0
 10
-28.696000
 20
-8.008000
 30
0.0
  0
VERTEX
  8
0
 10
-28.696000
 20
-19.998
 30
0.0
  0
VERTEX
  8
0
 10
0.004
 20
-19.998
 30
0.0
  0
VERTEX
  8
0
 10
0.004
 20
20.002
 30
0.0
  0
VERTEX
  8
0
 10
21.824
 20
20.002
 30
0.0
  0
VERTEX
  8
0
 10
21.824
 20
4.502000
 30
0.0
  0
SEQEND
  0
ATTDEF
  8
SCD_DRAW
 10
0.0
 20
0.0
 30
0.0
 40
2.8
  1
*
  3
Tag 
  2
Tag
 70
     1
 73
    50
  7
STANDARD
 71
     0
 72
     0
 11
0.0
 21
0.0
 31
0.0
  0
ENDBLK
  0
BLOCK
  8
SCD_DRAW
  2
LnkBlk__29
 70
     0
 10
0.0
 20
0.0
 30
0.0
  0
POLYLINE
  8
SCD_DRAW
  6
CONTINUOUS
210
0.0
220
0.0
230
1.0
 66
     1
 10
0.0
 20
0.0
 30
0.0
 70
     1
  0
VERTEX
  8
0
 10
9.804
 20
0.002
 30
0.0
  0
VERTEX
  8
0
 10
7.304
 20
0.502000
 30
0.0
  0
VERTEX
  8
0
 10
7.304
 20
-0.498
 30
0.0
  0
VERTEX
  8
0
 10
9.804
 20
0.002
 30
0.0
  0
VERTEX
  8
0
 10
7.804
 20
0.202
 30
0.0
  0
VERTEX
  8
0
 10
7.804
 20
-0.198
 30
0.0
  0
SEQEND
  0
POLYLINE
  8
SCD_DRAW
  6
CONTINUOUS
210
0.0
220
0.0
230
1.0
 66
     1
 10
0.0
 20
0.0
 30
0.0
 70
     1
  0
VERTEX
  8
0
 10
9.804
 20
35.492
 30
0.0
  0
VERTEX
  8
0
 10
9.304
 20
32.992
 30
0.0
  0
VERTEX
  8
0
 10
10.304
 20
32.992
 30
0.0
  0
VERTEX
  8
0
 10
9.804
 20
35.492
 30
0.0
  0
VERTEX
  8
0
 10
9.604000
 20
33.492
 30
0.0
  0
VERTEX
  8
0
 10
10.004000
 20
33.492
 30
0.0
  0
SEQEND
  0
POLYLINE
  8
SCD_DRAW
  6
CONTINUOUS
210
0.0
220
0.0
230
1.0
 66
     1
 10
0.0
 20
0.0
 30
0.0
 70
     0
  0
VERTEX
  8
0
 10
-9.796
 20
0.002
 30
0.0
  0
VERTEX
  8
0
 10
9.804
 20
0.002
 30
0.0
  0
VERTEX
  8
0
 10
9.804
 20
9.082
 30
0.0
  0
SEQEND
  0
POLYLINE
  8
SCD_DRAW
  6
CONTINUOUS
 66
     1
 10
0.0
 20
0.0
 30
0.0
 70
     8
  0
VERTEX
  8
0
 10
9.804
 20
12.082
 30
0.0
 70
    32
  0
VERTEX
  8
0
 10
9.804
 20
18.992000
 30
0.0
 70
    32
  0
SEQEND
  0
POLYLINE
  8
SCD_DRAW
  6
CONTINUOUS
 66
     1
 10
0.0
 20
0.0
 30
0.0
 70
     8
  0
VERTEX
  8
0
 10
9.804
 20
21.992000
 30
0.0
 70
    32
  0
VERTEX
  8
0
 10
9.804
 20
35.492
 30
0.0
 70
    32
  0
SEQEND
  0
ATTDEF
  8
SCD_DRAW
 10
0.0
 20
0.0
 30
0.0
 40
2.8
  1
*
  3
Tag 
  2
Tag
 70
     1
 73
    50
  7
STANDARD
 71
     0
 72
     0
 11
0.0
 21
0.0
 31
0.0
  0
ENDBLK
  0
BLOCK
  8
SCD_DRAW
  2
LnkBlk__30
 70
     0
 10
0.0
 20
0.0
 30
0.0
  0
POLYLINE
  8
SCD_DRAW
  6
CONTINUOUS
210
0.0
220
0.0
230
1.0
 66
     1
 10
0.0
 20
0.0
 30
0.0
 70
     1
  0
VERTEX
  8
0
 10
0.004
 20
-23.538
 30
0.0
  0
VERTEX
  8
0
 10
-2.496
 20
-23.038
 30
0.0
  0
VERTEX
  8
0
 10
-2.496
 20
-24.038
 30
0.0
  0
VERTEX
  8
0
 10
0.004
 20
-23.538
 30
0.0
  0
VERTEX
  8
0
 10
-1.996
 20
-23.338
 30
0.0
  0
VERTEX
  8
0
 10
-1.996
 20
-23.738
 30
0.0
  0
SEQEND
  0
POLYLINE
  8
SCD_DRAW
  6
CONTINUOUS
210
0.0
220
0.0
230
1.0
 66
     1
 10
0.0
 20
0.0
 30
0.0
 70
     1
  0
VERTEX
  8
0
 10
0.004
 20
11.452
 30
0.0
  0
VERTEX
  8
0
 10
-0.496
 20
8.952
 30
0.0
  0
VERTEX
  8
0
 10
0.504
 20
8.952
 30
0.0
  0
VERTEX
  8
0
 10
0.004
 20
11.452
 30
0.0
  0
VERTEX
  8
0
 10
-0.196
 20
9.452
 30
0.0
  0
VERTEX
  8
0
 10
0.204
 20
9.452
 30
0.0
  0
SEQEND
  0
POLYLINE
  8
SCD_DRAW
  6
CONTINUOUS
210
0.0
220
0.0
230
1.0
 66
     1
 10
0.0
 20
0.0
 30
0.0
 70
     0
  0
VERTEX
  8
0
 10
-18.496
 20
-23.538
 30
0.0
  0
VERTEX
  8
0
 10
0.004
 20
-23.538
 30
0.0
  0
VERTEX
  8
0
 10
0.004
 20
-14.458000
 30
0.0
  0
SEQEND
  0
POLYLINE
  8
SCD_DRAW
  6
CONTINUOUS
 66
     1
 10
0.0
 20
0.0
 30
0.0
 70
     8
  0
VERTEX
  8
0
 10
0.004
 20
-11.458
 30
0.0
 70
    32
  0
VERTEX
  8
0
 10
0.004
 20
11.452
 30
0.0
 70
    32
  0
SEQEND
  0
ATTDEF
  8
SCD_DRAW
 10
0.0
 20
0.0
 30
0.0
 40
2.8
  1
*
  3
Tag 
  2
Tag
 70
     1
 73
    50
  7
STANDARD
 71
     0
 72
     0
 11
0.0
 21
0.0
 31
0.0
  0
ENDBLK
  0
BLOCK
  8
SCD_DRAW
  2
LnkBlk__31
 70
     0
 10
0.0
 20
0.0
 30
0.0
  0
POLYLINE
  8
SCD_DRAW
  6
CONTINUOUS
210
0.0
220
0.0
230
1.0
 66
     1
 10
0.0
 20
0.0
 30
0.0
 70
     1
  0
VERTEX
  8
0
 10
0.004
 20
-17.448
 30
0.0
  0
VERTEX
  8
0
 10
-2.496
 20
-16.948
 30
0.0
  0
VERTEX
  8
0
 10
-2.496
 20
-17.948
 30
0.0
  0
VERTEX
  8
0
 10
0.004
 20
-17.448
 30
0.0
  0
VERTEX
  8
0
 10
-1.996
 20
-17.248
 30
0.0
  0
VERTEX
  8
0
 10
-1.996
 20
-17.648
 30
0.0
  0
SEQEND
  0
POLYLINE
  8
SCD_DRAW
  6
CONTINUOUS
210
0.0
220
0.0
230
1.0
 66
     1
 10
0.0
 20
0.0
 30
0.0
 70
     1
  0
VERTEX
  8
0
 10
0.004
 20
17.442000
 30
0.0
  0
VERTEX
  8
0
 10
-0.496
 20
14.942000
 30
0.0
  0
VERTEX
  8
0
 10
0.504
 20
14.942000
 30
0.0
  0
VERTEX
  8
0
 10
0.004
 20
17.442000
 30
0.0
  0
VERTEX
  8
0
 10
-0.196
 20
15.442000
 30
0.0
  0
VERTEX
  8
0
 10
0.204
 20
15.442000
 30
0.0
  0
SEQEND
  0
POLYLINE
  8
SCD_DRAW
  6
CONTINUOUS
210
0.0
220
0.0
230
1.0
 66
     1
 10
0.0
 20
0.0
 30
0.0
 70
     0
  0
VERTEX
  8
0
 10
-18.676
 20
-17.448
 30
0.0
  0
VERTEX
  8
0
 10
0.004
 20
-17.448
 30
0.0
  0
VERTEX
  8
0
 10
0.004
 20
17.442000
 30
0.0
  0
SEQEND
  0
ATTDEF
  8
SCD_DRAW
 10
0.0
 20
0.0
 30
0.0
 40
2.8
  1
*
  3
Tag 
  2
Tag
 70
     1
 73
    50
  7
STANDARD
 71
     0
 72
     0
 11
0.0
 21
0.0
 31
0.0
  0
ENDBLK
  0
BLOCK
  8
SCD_DRAW
  2
LnkBlk__35
 70
     0
 10
0.0
 20
0.0
 30
0.0
  0
POLYLINE
  8
SCD_DRAW
  6
CONTINUOUS
210
-0.0
220
0.0
230
1.0
 66
     1
 10
0.0
 20
0.0
 30
0.0
 70
     1
  0
VERTEX
  8
0
 10
-39.776
 20
0.002
 30
0.0
  0
VERTEX
  8
0
 10
-37.276
 20
-0.498
 30
0.0
  0
VERTEX
  8
0
 10
-37.276
 20
0.502000
 30
0.0
  0
VERTEX
  8
0
 10
-39.776
 20
0.002
 30
0.0
  0
VERTEX
  8
0
 10
-37.776
 20
-0.198
 30
0.0
  0
VERTEX
  8
0
 10
-37.776
 20
0.202
 30
0.0
  0
SEQEND
  0
POLYLINE
  8
SCD_DRAW
  6
CONTINUOUS
 66
     1
 10
0.0
 20
0.0
 30
0.0
 70
     8
  0
VERTEX
  8
0
 10
39.784
 20
0.002
 30
0.0
 70
    32
  0
VERTEX
  8
0
 10
-39.776
 20
0.002
 30
0.0
 70
    32
  0
SEQEND
  0
ATTDEF
  8
SCD_DRAW
 10
0.0
 20
0.0
 30
0.0
 40
2.8
  1
*
  3
Tag 
  2
Tag
 70
     1
 73
    50
  7
STANDARD
 71
     0
 72
     0
 11
0.0
 21
0.0
 31
0.0
  0
ENDBLK
  0
BLOCK
  8
SCD_DRAW
  2
LnkBlk__36
 70
     0
 10
0.0
 20
0.0
 30
0.0
  0
POLYLINE
  8
SCD_DRAW
  6
CONTINUOUS
210
-0.0
220
0.0
230
1.0
 66
     1
 10
0.0
 20
0.0
 30
0.0
 70
     1
  0
VERTEX
  8
0
 10
64.874
 20
21.102000
 30
0.0
  0
VERTEX
  8
0
 10
67.374
 20
20.602000
 30
0.0
  0
VERTEX
  8
0
 10
67.374
 20
21.602000
 30
0.0
  0
VERTEX
  8
0
 10
64.874
 20
21.102000
 30
0.0
  0
VERTEX
  8
0
 10
66.874
 20
20.902000
 30
0.0
  0
VERTEX
  8
0
 10
66.874
 20
21.302
 30
0.0
  0
SEQEND
  0
POLYLINE
  8
SCD_DRAW
  6
CONTINUOUS
210
0.0
220
-0.0
230
1.0
 66
     1
 10
0.0
 20
0.0
 30
0.0
 70
     1
  0
VERTEX
  8
0
 10
64.874
 20
0.002
 30
0.0
  0
VERTEX
  8
0
 10
65.374
 20
2.502000
 30
0.0
  0
VERTEX
  8
0
 10
64.374
 20
2.502000
 30
0.0
  0
VERTEX
  8
0
 10
64.874
 20
0.002
 30
0.0
  0
VERTEX
  8
0
 10
65.074
 20
2.002000
 30
0.0
  0
VERTEX
  8
0
 10
64.674
 20
2.002000
 30
0.0
  0
SEQEND
  0
POLYLINE
  8
SCD_DRAW
  6
CONTINUOUS
210
-0.0
220
0.0
230
1.0
 66
     1
 10
0.0
 20
0.0
 30
0.0
 70
     1
  0
VERTEX
  8
0
 10
-64.866000
 20
0.002
 30
0.0
  0
VERTEX
  8
0
 10
-62.366000
 20
-0.498
 30
0.0
  0
VERTEX
  8
0
 10
-62.366000
 20
0.502000
 30
0.0
  0
VERTEX
  8
0
 10
-64.866000
 20
0.002
 30
0.0
  0
VERTEX
  8
0
 10
-62.866000
 20
-0.198
 30
0.0
  0
VERTEX
  8
0
 10
-62.866000
 20
0.202
 30
0.0
  0
SEQEND
  0
POLYLINE
  8
SCD_DRAW
  6
CONTINUOUS
210
0.0
220
0.0
230
1.0
 66
     1
 10
0.0
 20
0.0
 30
0.0
 70
     1
  0
VERTEX
  8
0
 10
-64.866000
 20
17.612
 30
0.0
  0
VERTEX
  8
0
 10
-65.366000
 20
15.112
 30
0.0
  0
VERTEX
  8
0
 10
-64.366000
 20
15.112
 30
0.0
  0
VERTEX
  8
0
 10
-64.866000
 20
17.612
 30
0.0
  0
VERTEX
  8
0
 10
-65.066
 20
15.612
 30
0.0
  0
VERTEX
  8
0
 10
-64.666000
 20
15.612
 30
0.0
  0
SEQEND
  0
POLYLINE
  8
SCD_DRAW
  6
CONTINUOUS
210
0.0
220
0.0
230
1.0
 66
     1
 10
0.0
 20
0.0
 30
0.0
 70
     0
  0
VERTEX
  8
0
 10
74.824
 20
21.102000
 30
0.0
  0
VERTEX
  8
0
 10
64.874
 20
21.102000
 30
0.0
  0
VERTEX
  8
0
 10
64.874
 20
0.002
 30
0.0
  0
VERTEX
  8
0
 10
-64.866000
 20
0.002
 30
0.0
  0
VERTEX
  8
0
 10
-64.866000
 20
17.612
 30
0.0
  0
SEQEND
  0
ATTDEF
  8
SCD_DRAW
 10
0.0
 20
0.0
 30
0.0
 40
2.8
  1
*
  3
Tag 
  2
Tag
 70
     1
 73
    50
  7
STANDARD
 71
     0
 72
     0
 11
0.0
 21
0.0
 31
0.0
  0
ENDBLK
  0
BLOCK
  8
SCD_DRAW
  2
LnkBlk__37
 70
     0
 10
0.0
 20
0.0
 30
0.0
  0
POLYLINE
  8
SCD_DRAW
  6
CONTINUOUS
210
-0.0
220
0.0
230
1.0
 66
     1
 10
0.0
 20
0.0
 30
0.0
 70
     1
  0
VERTEX
  8
0
 10
73.154
 20
31.312
 30
0.0
  0
VERTEX
  8
0
 10
75.654
 20
30.812
 30
0.0
  0
VERTEX
  8
0
 10
75.654
 20
31.812
 30
0.0
  0
VERTEX
  8
0
 10
73.154
 20
31.312
 30
0.0
  0
VERTEX
  8
0
 10
75.154
 20
31.112
 30
0.0
  0
VERTEX
  8
0
 10
75.154
 20
31.512
 30
0.0
  0
SEQEND
  0
POLYLINE
  8
SCD_DRAW
  6
CONTINUOUS
210
0.0
220
-0.0
230
1.0
 66
     1
 10
0.0
 20
0.0
 30
0.0
 70
     1
  0
VERTEX
  8
0
 10
73.154
 20
0.002
 30
0.0
  0
VERTEX
  8
0
 10
73.654
 20
2.502000
 30
0.0
  0
VERTEX
  8
0
 10
72.654
 20
2.502000
 30
0.0
  0
VERTEX
  8
0
 10
73.154
 20
0.002
 30
0.0
  0
VERTEX
  8
0
 10
73.354
 20
2.002000
 30
0.0
  0
VERTEX
  8
0
 10
72.954
 20
2.002000
 30
0.0
  0
SEQEND
  0
POLYLINE
  8
SCD_DRAW
  6
CONTINUOUS
210
-0.0
220
0.0
230
1.0
 66
     1
 10
0.0
 20
0.0
 30
0.0
 70
     1
  0
VERTEX
  8
0
 10
-73.146
 20
0.002
 30
0.0
  0
VERTEX
  8
0
 10
-70.646
 20
-0.498
 30
0.0
  0
VERTEX
  8
0
 10
-70.646
 20
0.502000
 30
0.0
  0
VERTEX
  8
0
 10
-73.146
 20
0.002
 30
0.0
  0
VERTEX
  8
0
 10
-71.146
 20
-0.198
 30
0.0
  0
VERTEX
  8
0
 10
-71.146
 20
0.202
 30
0.0
  0
SEQEND
  0
POLYLINE
  8
SCD_DRAW
  6
CONTINUOUS
210
0.0
220
0.0
230
1.0
 66
     1
 10
0.0
 20
0.0
 30
0.0
 70
     1
  0
VERTEX
  8
0
 10
-73.146
 20
38.912
 30
0.0
  0
VERTEX
  8
0
 10
-73.646
 20
36.412
 30
0.0
  0
VERTEX
  8
0
 10
-72.646
 20
36.412
 30
0.0
  0
VERTEX
  8
0
 10
-73.146
 20
38.912
 30
0.0
  0
VERTEX
  8
0
 10
-73.346
 20
36.912
 30
0.0
  0
VERTEX
  8
0
 10
-72.946
 20
36.912
 30
0.0
  0
SEQEND
  0
POLYLINE
  8
SCD_DRAW
  6
CONTINUOUS
210
0.0
220
0.0
230
1.0
 66
     1
 10
0.0
 20
0.0
 30
0.0
 70
     1
  0
VERTEX
  8
0
 10
-37.846
 20
38.912
 30
0.0
  0
VERTEX
  8
0
 10
-40.346
 20
39.412
 30
0.0
  0
VERTEX
  8
0
 10
-40.346
 20
38.412
 30
0.0
  0
VERTEX
  8
0
 10
-37.846
 20
38.912
 30
0.0
  0
VERTEX
  8
0
 10
-39.846
 20
39.112
 30
0.0
  0
VERTEX
  8
0
 10
-39.846
 20
38.712
 30
0.0
  0
SEQEND
  0
POLYLINE
  8
SCD_DRAW
  6
CONTINUOUS
210
0.0
220
0.0
230
1.0
 66
     1
 10
0.0
 20
0.0
 30
0.0
 70
     0
  0
VERTEX
  8
0
 10
87.114000
 20
31.312
 30
0.0
  0
VERTEX
  8
0
 10
73.154
 20
31.312
 30
0.0
  0
VERTEX
  8
0
 10
73.154
 20
0.002
 30
0.0
  0
VERTEX
  8
0
 10
-73.146
 20
0.002
 30
0.0
  0
VERTEX
  8
0
 10
-73.146
 20
8.412
 30
0.0
  0
SEQEND
  0
POLYLINE
  8
SCD_DRAW
  6
CONTINUOUS
 66
     1
 10
0.0
 20
0.0
 30
0.0
 70
     8
  0
VERTEX
  8
0
 10
-73.146
 20
11.412
 30
0.0
 70
    32
  0
VERTEX
  8
0
 10
-73.146
 20
29.642000
 30
0.0
 70
    32
  0
SEQEND
  0
POLYLINE
  8
SCD_DRAW
  6
CONTINUOUS
210
0.0
220
0.0
230
-1.0
 66
     1
 10
0.0
 20
0.0
 30
0.0
 70
     0
  0
VERTEX
  8
0
 10
73.146
 20
32.642000
 30
0.0
  0
VERTEX
  8
0
 10
73.146
 20
38.912
 30
0.0
  0
VERTEX
  8
0
 10
37.846
 20
38.912
 30
0.0
  0
SEQEND
  0
ATTDEF
  8
SCD_DRAW
 10
0.0
 20
0.0
 30
0.0
 40
2.8
  1
*
  3
Tag 
  2
Tag
 70
     1
 73
    50
  7
STANDARD
 71
     0
 72
     0
 11
0.0
 21
0.0
 31
0.0
  0
ENDBLK
  0
BLOCK
  8
SCD_DRAW
  2
LnkBlk__38
 70
     0
 10
0.0
 20
0.0
 30
0.0
  0
POLYLINE
  8
SCD_DRAW
  6
CONTINUOUS
210
0.0
220
0.0
230
1.0
 66
     1
 10
0.0
 20
0.0
 30
0.0
 70
     1
  0
VERTEX
  8
0
 10
0.004
 20
41.162
 30
0.0
  0
VERTEX
  8
0
 10
-0.496
 20
38.662
 30
0.0
  0
VERTEX
  8
0
 10
0.504
 20
38.662
 30
0.0
  0
VERTEX
  8
0
 10
0.004
 20
41.162
 30
0.0
  0
VERTEX
  8
0
 10
-0.196
 20
39.162
 30
0.0
  0
VERTEX
  8
0
 10
0.204
 20
39.162
 30
0.0
  0
SEQEND
  0
POLYLINE
  8
SCD_DRAW
  6
CONTINUOUS
210
0.0
220
0.0
230
1.0
 66
     1
 10
0.0
 20
0.0
 30
0.0
 70
     1
  0
VERTEX
  8
0
 10
8.444
 20
41.162
 30
0.0
  0
VERTEX
  8
0
 10
5.944
 20
41.662
 30
0.0
  0
VERTEX
  8
0
 10
5.944
 20
40.662
 30
0.0
  0
VERTEX
  8
0
 10
8.444
 20
41.162
 30
0.0
  0
VERTEX
  8
0
 10
6.444
 20
41.362
 30
0.0
  0
VERTEX
  8
0
 10
6.444
 20
40.962
 30
0.0
  0
SEQEND
  0
POLYLINE
  8
SCD_DRAW
  6
CONTINUOUS
 66
     1
 10
0.0
 20
0.0
 30
0.0
 70
     8
  0
VERTEX
  8
0
 10
0.004
 20
-15.498
 30
0.0
 70
    32
  0
VERTEX
  8
0
 10
0.004
 20
15.502
 30
0.0
 70
    32
  0
SEQEND
  0
POLYLINE
  8
SCD_DRAW
  6
CONTINUOUS
210
0.0
220
0.0
230
-1.0
 66
     1
 10
0.0
 20
0.0
 30
0.0
 70
     0
  0
VERTEX
  8
0
 10
-0.004
 20
18.502
 30
0.0
  0
VERTEX
  8
0
 10
-0.004
 20
41.162
 30
0.0
  0
VERTEX
  8
0
 10
-8.444
 20
41.162
 30
0.0
  0
SEQEND
  0
ATTDEF
  8
SCD_DRAW
 10
0.0
 20
0.0
 30
0.0
 40
2.8
  1
*
  3
Tag 
  2
Tag
 70
     1
 73
    50
  7
STANDARD
 71
     0
 72
     0
 11
0.0
 21
0.0
 31
0.0
  0
ENDBLK
  0
BLOCK
  8
SCD_DRAW
  2
TEAR_ASSOCGRF
 70
     0
 10
0.0
 20
0.0
 30
0.0
  0
POLYLINE
  8
SCD_DRAW
  6
CONTINUOUS
210
0.0
220
0.0
230
-1.0
 66
     1
 10
0.0
 20
0.0
 30
0.0
 70
     1
  0
VERTEX
  8
0
 10
3.0
 20
2.0
 30
0.0
  0
VERTEX
  8
0
 10
2.0
 20
2.0
 30
0.0
  0
VERTEX
  8
0
 10
0.0
 20
0.0
 30
0.0
  0
VERTEX
  8
0
 10
2.0
 20
-2.0
 30
-0.0
  0
VERTEX
  8
0
 10
3.0
 20
-2.0
 30
-0.0
  0
VERTEX
  8
0
 10
1.0
 20
0.0
 30
0.0
  0
SEQEND
  0
POLYLINE
  8
SCD_DRAW
  6
CONTINUOUS
210
0.0
220
0.0
230
-1.0
 66
     1
 10
0.0
 20
0.0
 30
0.0
 70
     1
  0
VERTEX
  8
0
 10
1.0
 20
2.0
 30
0.0
  0
VERTEX
  8
0
 10
0.0
 20
2.0
 30
0.0
  0
VERTEX
  8
0
 10
-2.0
 20
0.0
 30
0.0
  0
VERTEX
  8
0
 10
-0.0
 20
-2.0
 30
0.0
  0
VERTEX
  8
0
 10
1.0
 20
-2.0
 30
-0.0
  0
VERTEX
  8
0
 10
-1.0
 20
0.0
 30
0.0
  0
SEQEND
  0
ENDBLK
  0
BLOCK
  8
SCD_DRAW
  2
CN_GControl
 70
     0
 10
0.0
 20
0.0
 30
0.0
  0
POLYLINE
  8
SCD_DRAW
  6
CONTINUOUS
210
0.0
220
0.0
230
-1.0
 66
     1
 10
0.0
 20
0.0
 30
0.0
 70
     1
  0
VERTEX
  8
0
 10
3.2
 20
-3.2
 30
-0.0
  0
VERTEX
  8
0
 10
3.2
 20
3.2
 30
0.0
  0
VERTEX
  8
0
 10
-3.2
 20
3.2
 30
0.0
  0
VERTEX
  8
0
 10
-3.2
 20
-3.2
 30
0.0
  0
SEQEND
  0
POLYLINE
  8
SCD_DRAW
  6
CONTINUOUS
 66
     1
 10
0.0
 20
0.0
 30
0.0
 70
     8
  0
VERTEX
  8
0
 10
-3.2
 20
0.0
 30
0.0
 70
    32
  0
VERTEX
  8
0
 10
3.2
 20
0.0
 30
0.0
 70
    32
  0
SEQEND
  0
POLYLINE
  8
SCD_DRAW
  6
CONTINUOUS
 66
     1
 10
0.0
 20
0.0
 30
0.0
 70
     8
  0
VERTEX
  8
0
 10
0.0
 20
-3.2
 30
0.0
 70
    32
  0
VERTEX
  8
0
 10
0.0
 20
3.2
 30
0.0
 70
    32
  0
SEQEND
  0
ATTDEF
  8
SCD_DRAW
 10
0.0
 20
-6.7
 30
0.0
 40
3.0
  1
tag
  3

  2
Tag
 70
     0
 73
    50
  7
STANDARD
 71
     0
 72
     0
 11
0.0
 21
0.0
 31
0.0
  0
ENDBLK
  0
BLOCK
  8
SCD_DRAW
  2
LnkBlk__41
 70
     0
 10
0.0
 20
0.0
 30
0.0
  0
POLYLINE
  8
SCD_DRAW
  6
CONTINUOUS
210
0.0
220
-0.0
230
1.0
 66
     1
 10
0.0
 20
0.0
 30
0.0
 70
     1
  0
VERTEX
  8
0
 10
-43.16
 20
-0.08
 30
0.0
  0
VERTEX
  8
0
 10
-42.66
 20
2.42
 30
0.0
  0
VERTEX
  8
0
 10
-43.66
 20
2.42
 30
0.0
  0
VERTEX
  8
0
 10
-43.16
 20
-0.08
 30
0.0
  0
VERTEX
  8
0
 10
-42.96
 20
1.92
 30
0.0
  0
VERTEX
  8
0
 10
-43.36
 20
1.92
 30
0.0
  0
SEQEND
  0
POLYLINE
  8
SCD_DRAW
  6
CONTINUOUS
210
0.0
220
0.0
230
1.0
 66
     1
 10
0.0
 20
0.0
 30
0.0
 70
     1
  0
VERTEX
  8
0
 10
43.33
 20
-0.08
 30
0.0
  0
VERTEX
  8
0
 10
40.830000
 20
0.42
 30
0.0
  0
VERTEX
  8
0
 10
40.830000
 20
-0.58
 30
0.0
  0
VERTEX
  8
0
 10
43.33
 20
-0.08
 30
0.0
  0
VERTEX
  8
0
 10
41.33
 20
0.12
 30
0.0
  0
VERTEX
  8
0
 10
41.33
 20
-0.28
 30
0.0
  0
SEQEND
  0
POLYLINE
  8
SCD_DRAW
  6
CONTINUOUS
210
0.0
220
0.0
230
1.0
 66
     1
 10
0.0
 20
0.0
 30
0.0
 70
     0
  0
VERTEX
  8
0
 10
-43.16
 20
12.32
 30
0.0
  0
VERTEX
  8
0
 10
-43.16
 20
-0.08
 30
0.0
  0
VERTEX
  8
0
 10
43.33
 20
-0.08
 30
0.0
  0
SEQEND
  0
ATTDEF
  8
SCD_DRAW
 10
0.0
 20
0.0
 30
0.0
 40
2.8
  1
*
  3
Tag 
  2
Tag
 70
     1
 73
    50
  7
STANDARD
 71
     0
 72
     0
 11
0.0
 21
0.0
 31
0.0
  0
ENDBLK
  0
BLOCK
  8
SCD_DRAW
  2
LnkBlk__43
 70
     0
 10
0.0
 20
0.0
 30
0.0
  0
POLYLINE
  8
SCD_DRAW
  6
CONTINUOUS
210
0.0
220
0.0
230
1.0
 66
     1
 10
0.0
 20
0.0
 30
0.0
 70
     1
  0
VERTEX
  8
0
 10
27.35
 20
0.0
 30
0.0
  0
VERTEX
  8
0
 10
24.85
 20
0.5
 30
0.0
  0
VERTEX
  8
0
 10
24.85
 20
-0.5
 30
0.0
  0
VERTEX
  8
0
 10
27.35
 20
0.0
 30
0.0
  0
VERTEX
  8
0
 10
25.35
 20
0.2
 30
0.0
  0
VERTEX
  8
0
 10
25.35
 20
-0.2
 30
0.0
  0
SEQEND
  0
POLYLINE
  8
SCD_DRAW
  6
CONTINUOUS
210
0.0
220
-0.0
230
1.0
 66
     1
 10
0.0
 20
0.0
 30
0.0
 70
     1
  0
VERTEX
  8
0
 10
27.35
 20
-27.36
 30
0.0
  0
VERTEX
  8
0
 10
27.85
 20
-24.86
 30
0.0
  0
VERTEX
  8
0
 10
26.85
 20
-24.86
 30
0.0
  0
VERTEX
  8
0
 10
27.35
 20
-27.36
 30
0.0
  0
VERTEX
  8
0
 10
27.55
 20
-25.36
 30
0.0
  0
VERTEX
  8
0
 10
27.15
 20
-25.36
 30
0.0
  0
SEQEND
  0
POLYLINE
  8
SCD_DRAW
  6
CONTINUOUS
210
0.0
220
0.0
230
-1.0
 66
     1
 10
0.0
 20
0.0
 30
0.0
 70
     0
  0
VERTEX
  8
0
 10
27.25
 20
0.0
 30
0.0
  0
VERTEX
  8
0
 10
-27.35
 20
0.0
 30
0.0
  0
VERTEX
  8
0
 10
-27.35
 20
-27.36
 30
0.0
  0
SEQEND
  0
ATTDEF
  8
SCD_DRAW
 10
0.0
 20
0.0
 30
0.0
 40
2.8
  1
*
  3
Tag 
  2
Tag
 70
     1
 73
    50
  7
STANDARD
 71
     0
 72
     0
 11
0.0
 21
0.0
 31
0.0
  0
ENDBLK
  0
BLOCK
  8
SCD_DRAW
  2
LnkBlk__44
 70
     0
 10
0.0
 20
0.0
 30
0.0
  0
POLYLINE
  8
SCD_DRAW
  6
CONTINUOUS
210
0.0
220
0.0
230
1.0
 66
     1
 10
0.0
 20
0.0
 30
0.0
 70
     1
  0
VERTEX
  8
0
 10
26.94
 20
-0.1
 30
0.0
  0
VERTEX
  8
0
 10
24.44
 20
0.4
 30
0.0
  0
VERTEX
  8
0
 10
24.44
 20
-0.6
 30
0.0
  0
VERTEX
  8
0
 10
26.94
 20
-0.1
 30
0.0
  0
VERTEX
  8
0
 10
24.94
 20
0.1
 30
0.0
  0
VERTEX
  8
0
 10
24.94
 20
-0.3
 30
0.0
  0
SEQEND
  0
POLYLINE
  8
SCD_DRAW
  6
CONTINUOUS
 66
     1
 10
0.0
 20
0.0
 30
0.0
 70
     8
  0
VERTEX
  8
0
 10
-26.776
 20
-0.1
 30
0.0
 70
    32
  0
VERTEX
  8
0
 10
26.94
 20
-0.1
 30
0.0
 70
    32
  0
SEQEND
  0
ATTDEF
  8
SCD_DRAW
 10
0.0
 20
0.0
 30
0.0
 40
2.8
  1
*
  3
Tag 
  2
Tag
 70
     1
 73
    50
  7
STANDARD
 71
     0
 72
     0
 11
0.0
 21
0.0
 31
0.0
  0
ENDBLK
  0
BLOCK
  8
SCD_DRAW
  2
LnkBlk__45
 70
     0
 10
0.0
 20
0.0
 30
0.0
  0
POLYLINE
  8
SCD_DRAW
  6
CONTINUOUS
210
0.0
220
0.0
230
1.0
 66
     1
 10
0.0
 20
0.0
 30
0.0
 70
     1
  0
VERTEX
  8
0
 10
26.13
 20
0.03
 30
0.0
  0
VERTEX
  8
0
 10
23.63
 20
0.53
 30
0.0
  0
VERTEX
  8
0
 10
23.63
 20
-0.470000
 30
0.0
  0
VERTEX
  8
0
 10
26.13
 20
0.03
 30
0.0
  0
VERTEX
  8
0
 10
24.13
 20
0.23
 30
0.0
  0
VERTEX
  8
0
 10
24.13
 20
-0.17
 30
0.0
  0
SEQEND
  0
POLYLINE
  8
SCD_DRAW
  6
CONTINUOUS
 66
     1
 10
0.0
 20
0.0
 30
0.0
 70
     8
  0
VERTEX
  8
0
 10
-26.276
 20
0.03
 30
0.0
 70
    32
  0
VERTEX
  8
0
 10
26.13
 20
0.03
 30
0.0
 70
    32
  0
SEQEND
  0
ATTDEF
  8
SCD_DRAW
 10
0.0
 20
0.0
 30
0.0
 40
2.8
  1
*
  3
Tag 
  2
Tag
 70
     1
 73
    50
  7
STANDARD
 71
     0
 72
     0
 11
0.0
 21
0.0
 31
0.0
  0
ENDBLK
  0
BLOCK
  8
SCD_DRAW
  2
FD_MakeupSource
 70
     0
 10
0.0
 20
0.0
 30
0.0
  0
POLYLINE
  8
SCD_DRAW
  6
CONTINUOUS
210
0.0
220
0.0
230
-1.0
 66
     1
 10
0.0
 20
0.0
 30
0.0
 70
     0
  0
VERTEX
  8
0
 10
2.5
 20
3.0
 30
0.0
  0
VERTEX
  8
0
 10
-3.5
 20
3.0
 30
0.0
  0
VERTEX
  8
0
 10
-5.5
 20
0.0
 30
0.0
  0
VERTEX
  8
0
 10
-3.5
 20
-3.0
 30
0.0
  0
VERTEX
  8
0
 10
2.5
 20
-3.0
 30
-0.0
  0
SEQEND
  0
ARC
  8
SCD_DRAW
  6
CONTINUOUS
210
0.0
220
0.0
230
-1.0
 10
2.5
 20
0.0
 30
0.0
 40
3.0
 50
270.0
 51
450.0
  0
ATTDEF
  8
SCD_DRAW
 10
0.0
 20
-6.5
 30
0.0
 40
3.0
  1
tag
  3

  2
Tag
 70
     0
 73
    50
  7
STANDARD
 71
     0
 72
     0
 11
0.0
 21
0.0
 31
0.0
  0
ENDBLK
  0
BLOCK
  8
SCD_DRAW
  2
SRCLNK_ASSOCGRF
 70
     0
 10
0.0
 20
0.0
 30
0.0
  0
POLYLINE
  8
SCD_DRAW
  6
CONTINUOUS
 66
     1
 10
0.0
 20
0.0
 30
0.0
 70
     8
  0
VERTEX
  8
0
 10
-10.0
 20
0.0
 30
0.0
 70
    32
  0
VERTEX
  8
0
 10
0.0
 20
0.0
 30
0.0
 70
    32
  0
SEQEND
  0
POLYLINE
  8
SCD_DRAW
  6
CONTINUOUS
 66
     1
 10
0.0
 20
0.0
 30
0.0
 70
     8
  0
VERTEX
  8
0
 10
-10.0
 20
1.5
 30
0.0
 70
    32
  0
VERTEX
  8
0
 10
-10.0
 20
-1.5
 30
0.0
 70
    32
  0
SEQEND
  0
POLYLINE
  8
SCD_DRAW
  6
CONTINUOUS
210
0.0
220
0.0
230
1.0
 66
     1
 10
0.0
 20
0.0
 30
0.0
 70
     1
  0
VERTEX
  8
0
 10
0.0
 20
0.0
 30
0.0
  0
VERTEX
  8
0
 10
-2.0
 20
0.3
 30
0.0
  0
VERTEX
  8
0
 10
-2.0
 20
-0.3
 30
0.0
  0
SEQEND
  0
POLYLINE
  8
SCD_DRAW
  6
CONTINUOUS
210
0.0
220
0.0
230
1.0
 66
     1
 10
0.0
 20
0.0
 30
0.0
 70
     1
  0
VERTEX
  8
0
 10
0.0
 20
0.0
 30
0.0
  0
VERTEX
  8
0
 10
-2.6
 20
0.5
 30
0.0
  0
VERTEX
  8
0
 10
-2.6
 20
-0.5
 30
0.0
  0
SEQEND
  0
ENDBLK
  0
BLOCK
  8
SCD_DRAW
  2
LnkBlk__46
 70
     0
 10
0.0
 20
0.0
 30
0.0
  0
POLYLINE
  8
SCD_DRAW
  6
CONTINUOUS
210
-0.0
220
0.0
230
1.0
 66
     1
 10
0.0
 20
0.0
 30
0.0
 70
     1
  0
VERTEX
  8
0
 10
-161.670000
 20
95.52
 30
0.0
  0
VERTEX
  8
0
 10
-159.170000
 20
95.02
 30
0.0
  0
VERTEX
  8
0
 10
-159.170000
 20
96.02
 30
0.0
  0
VERTEX
  8
0
 10
-161.670000
 20
95.52
 30
0.0
  0
VERTEX
  8
0
 10
-159.670000
 20
95.32
 30
0.0
  0
VERTEX
  8
0
 10
-159.670000
 20
95.72
 30
0.0
  0
SEQEND
  0
POLYLINE
  8
SCD_DRAW
  6
CONTINUOUS
210
0.0
220
-0.0
230
1.0
 66
     1
 10
0.0
 20
0.0
 30
0.0
 70
     1
  0
VERTEX
  8
0
 10
-161.670000
 20
0.04
 30
0.0
  0
VERTEX
  8
0
 10
-161.170000
 20
2.54
 30
0.0
  0
VERTEX
  8
0
 10
-162.170000
 20
2.54
 30
0.0
  0
VERTEX
  8
0
 10
-161.670000
 20
0.04
 30
0.0
  0
VERTEX
  8
0
 10
-161.47
 20
2.04
 30
0.0
  0
VERTEX
  8
0
 10
-161.87
 20
2.04
 30
0.0
  0
SEQEND
  0
POLYLINE
  8
SCD_DRAW
  6
CONTINUOUS
210
0.0
220
0.0
230
1.0
 66
     1
 10
0.0
 20
0.0
 30
0.0
 70
     1
  0
VERTEX
  8
0
 10
161.63
 20
0.04
 30
0.0
  0
VERTEX
  8
0
 10
159.13
 20
0.54
 30
0.0
  0
VERTEX
  8
0
 10
159.13
 20
-0.46
 30
0.0
  0
VERTEX
  8
0
 10
161.63
 20
0.04
 30
0.0
  0
VERTEX
  8
0
 10
159.63
 20
0.24
 30
0.0
  0
VERTEX
  8
0
 10
159.63
 20
-0.16
 30
0.0
  0
SEQEND
  0
POLYLINE
  8
SCD_DRAW
  6
CONTINUOUS
210
0.0
220
0.0
230
1.0
 66
     1
 10
0.0
 20
0.0
 30
0.0
 70
     0
  0
VERTEX
  8
0
 10
-140.2
 20
95.52
 30
0.0
  0
VERTEX
  8
0
 10
-161.670000
 20
95.52
 30
0.0
  0
VERTEX
  8
0
 10
-161.670000
 20
0.04
 30
0.0
  0
VERTEX
  8
0
 10
161.63
 20
0.04
 30
0.0
  0
SEQEND
  0
ATTDEF
  8
SCD_DRAW
 10
0.0
 20
0.0
 30
0.0
 40
2.8
  1
*
  3
Tag 
  2
Tag
 70
     1
 73
    50
  7
STANDARD
 71
     0
 72
     0
 11
0.0
 21
0.0
 31
0.0
  0
ENDBLK
  0
BLOCK
  8
SCD_DRAW
  2
ANNBLK_130
 70
     0
 10
0.0
 20
0.0
 30
0.0
  0
LINE
  8
SCD_ANN
  6
CONTINUOUS
 10
264.457143
 20
0.0
 30
0.0
 11
264.457143
 21
-15.6
 31
0.0
  0
LINE
  8
SCD_ANN
  6
CONTINUOUS
 10
236.8
 20
0.0
 30
0.0
 11
236.8
 21
-15.6
 31
0.0
  0
LINE
  8
SCD_ANN
  6
CONTINUOUS
 10
209.142857
 20
0.0
 30
0.0
 11
209.142857
 21
-15.6
 31
0.0
  0
LINE
  8
SCD_ANN
  6
CONTINUOUS
 10
181.485714
 20
0.0
 30
0.0
 11
181.485714
 21
-15.6
 31
0.0
  0
LINE
  8
SCD_ANN
  6
CONTINUOUS
 10
153.828571
 20
0.0
 30
0.0
 11
153.828571
 21
-15.6
 31
0.0
  0
LINE
  8
SCD_ANN
  6
CONTINUOUS
 10
126.171429
 20
0.0
 30
0.0
 11
126.171429
 21
-15.6
 31
0.0
  0
LINE
  8
SCD_ANN
  6
CONTINUOUS
 10
98.514286
 20
0.0
 30
0.0
 11
98.514286
 21
-15.6
 31
0.0
  0
LINE
  8
SCD_ANN
  6
CONTINUOUS
 10
70.857143
 20
0.0
 30
0.0
 11
70.857143
 21
-15.6
 31
0.0
  0
LINE
  8
SCD_ANN
  6
CONTINUOUS
 10
43.2
 20
0.0
 30
0.0
 11
43.2
 21
-15.6
 31
0.0
  0
LINE
  8
SCD_ANN
  6
CONTINUOUS
 10
0.0
 20
0.0
 30
0.0
 11
0.0
 21
-15.6
 31
0.0
  0
LINE
  8
SCD_ANN
  6
CONTINUOUS
 10
0.0
 20
-15.6
 30
0.0
 11
264.457143
 21
-15.6
 31
0.0
  0
LINE
  8
SCD_ANN
  6
CONTINUOUS
 10
0.0
 20
-10.4
 30
0.0
 11
264.457143
 21
-10.4
 31
0.0
  0
LINE
  8
SCD_ANN
  6
CONTINUOUS
 10
0.0
 20
-5.2
 30
0.0
 11
264.457143
 21
-5.2
 31
0.0
  0
LINE
  8
SCD_ANN
  6
CONTINUOUS
 10
0.0
 20
-0.0
 30
0.0
 11
264.457143
 21
-0.0
 31
0.0
  0
ENDBLK
  0
BLOCK
  8
SCD_DRAW
  2
ANNBLK_131
 70
     0
 10
0.0
 20
0.0
 30
0.0
  0
LINE
  8
SCD_ANN
  6
CONTINUOUS
 10
56.8
 20
0.0
 30
0.0
 11
56.8
 21
-36.4
 31
0.0
  0
LINE
  8
SCD_ANN
  6
CONTINUOUS
 10
30.514286
 20
0.0
 30
0.0
 11
30.514286
 21
-36.4
 31
0.0
  0
LINE
  8
SCD_ANN
  6
CONTINUOUS
 10
0.0
 20
0.0
 30
0.0
 11
0.0
 21
-36.4
 31
0.0
  0
LINE
  8
SCD_ANN
  6
CONTINUOUS
 10
0.0
 20
-36.4
 30
0.0
 11
56.8
 21
-36.4
 31
0.0
  0
LINE
  8
SCD_ANN
  6
CONTINUOUS
 10
0.0
 20
-31.2
 30
0.0
 11
56.8
 21
-31.2
 31
0.0
  0
LINE
  8
SCD_ANN
  6
CONTINUOUS
 10
0.0
 20
-26.0
 30
0.0
 11
56.8
 21
-26.0
 31
0.0
  0
LINE
  8
SCD_ANN
  6
CONTINUOUS
 10
0.0
 20
-20.8
 30
0.0
 11
56.8
 21
-20.8
 31
0.0
  0
LINE
  8
SCD_ANN
  6
CONTINUOUS
 10
0.0
 20
-15.6
 30
0.0
 11
56.8
 21
-15.6
 31
0.0
  0
LINE
  8
SCD_ANN
  6
CONTINUOUS
 10
0.0
 20
-10.4
 30
0.0
 11
56.8
 21
-10.4
 31
0.0
  0
LINE
  8
SCD_ANN
  6
CONTINUOUS
 10
0.0
 20
-5.2
 30
0.0
 11
56.8
 21
-5.2
 31
0.0
  0
LINE
  8
SCD_ANN
  6
CONTINUOUS
 10
0.0
 20
-0.0
 30
0.0
 11
56.8
 21
-0.0
 31
0.0
  0
ENDBLK
  0
BLOCK
  8
SCD_DRAW
  2
ANNBLK_132
 70
     0
 10
0.0
 20
0.0
 30
0.0
  0
LINE
  8
SCD_ANN
  6
CONTINUOUS
 10
158.628571
 20
0.0
 30
0.0
 11
158.628571
 21
-41.6
 31
0.0
  0
LINE
  8
SCD_ANN
  6
CONTINUOUS
 10
129.371429
 20
0.0
 30
0.0
 11
129.371429
 21
-41.6
 31
0.0
  0
LINE
  8
SCD_ANN
  6
CONTINUOUS
 10
100.114286
 20
0.0
 30
0.0
 11
100.114286
 21
-41.6
 31
0.0
  0
LINE
  8
SCD_ANN
  6
CONTINUOUS
 10
70.857143
 20
0.0
 30
0.0
 11
70.857143
 21
-41.6
 31
0.0
  0
LINE
  8
SCD_ANN
  6
CONTINUOUS
 10
41.6
 20
0.0
 30
0.0
 11
41.6
 21
-41.6
 31
0.0
  0
LINE
  8
SCD_ANN
  6
CONTINUOUS
 10
0.0
 20
0.0
 30
0.0
 11
0.0
 21
-41.6
 31
0.0
  0
LINE
  8
SCD_ANN
  6
CONTINUOUS
 10
0.0
 20
-41.6
 30
0.0
 11
158.628571
 21
-41.6
 31
0.0
  0
LINE
  8
SCD_ANN
  6
CONTINUOUS
 10
0.0
 20
-36.4
 30
0.0
 11
158.628571
 21
-36.4
 31
0.0
  0
LINE
  8
SCD_ANN
  6
CONTINUOUS
 10
0.0
 20
-31.2
 30
0.0
 11
158.628571
 21
-31.2
 31
0.0
  0
LINE
  8
SCD_ANN
  6
CONTINUOUS
 10
0.0
 20
-26.0
 30
0.0
 11
158.628571
 21
-26.0
 31
0.0
  0
LINE
  8
SCD_ANN
  6
CONTINUOUS
 10
0.0
 20
-20.8
 30
0.0
 11
158.628571
 21
-20.8
 31
0.0
  0
LINE
  8
SCD_ANN
  6
CONTINUOUS
 10
0.0
 20
-15.6
 30
0.0
 11
158.628571
 21
-15.6
 31
0.0
  0
LINE
  8
SCD_ANN
  6
CONTINUOUS
 10
0.0
 20
-10.4
 30
0.0
 11
158.628571
 21
-10.4
 31
0.0
  0
LINE
  8
SCD_ANN
  6
CONTINUOUS
 10
0.0
 20
-5.2
 30
0.0
 11
158.628571
 21
-5.2
 31
0.0
  0
LINE
  8
SCD_ANN
  6
CONTINUOUS
 10
0.0
 20
-0.0
 30
0.0
 11
158.628571
 21
-0.0
 31
0.0
  0
ENDBLK
  0
BLOCK
  8
SCD_DRAW
  2
ANNBLK_133
 70
     0
 10
0.0
 20
0.0
 30
0.0
  0
LINE
  8
SCD_ANN
  6
CONTINUOUS
 10
65.371429
 20
0.0
 30
0.0
 11
65.371429
 21
-20.8
 31
0.0
  0
LINE
  8
SCD_ANN
  6
CONTINUOUS
 10
39.428571
 20
0.0
 30
0.0
 11
39.428571
 21
-20.8
 31
0.0
  0
LINE
  8
SCD_ANN
  6
CONTINUOUS
 10
0.0
 20
0.0
 30
0.0
 11
0.0
 21
-20.8
 31
0.0
  0
LINE
  8
SCD_ANN
  6
CONTINUOUS
 10
0.0
 20
-20.8
 30
0.0
 11
65.371429
 21
-20.8
 31
0.0
  0
LINE
  8
SCD_ANN
  6
CONTINUOUS
 10
0.0
 20
-15.6
 30
0.0
 11
65.371429
 21
-15.6
 31
0.0
  0
LINE
  8
SCD_ANN
  6
CONTINUOUS
 10
0.0
 20
-10.4
 30
0.0
 11
65.371429
 21
-10.4
 31
0.0
  0
LINE
  8
SCD_ANN
  6
CONTINUOUS
 10
0.0
 20
-5.2
 30
0.0
 11
65.371429
 21
-5.2
 31
0.0
  0
LINE
  8
SCD_ANN
  6
CONTINUOUS
 10
0.0
 20
-0.0
 30
0.0
 11
65.371429
 21
-0.0
 31
0.0
  0
ENDBLK
  0
BLOCK
  8
SCD_DRAW
  2
ANNBLK_134
 70
     0
 10
0.0
 20
0.0
 30
0.0
  0
LINE
  8
SCD_ANN
  6
CONTINUOUS
 10
177.942857
 20
0.0
 30
0.0
 11
177.942857
 21
-41.6
 31
0.0
  0
LINE
  8
SCD_ANN
  6
CONTINUOUS
 10
148.457143
 20
0.0
 30
0.0
 11
148.457143
 21
-41.6
 31
0.0
  0
LINE
  8
SCD_ANN
  6
CONTINUOUS
 10
118.971429
 20
0.0
 30
0.0
 11
118.971429
 21
-41.6
 31
0.0
  0
LINE
  8
SCD_ANN
  6
CONTINUOUS
 10
89.485714
 20
0.0
 30
0.0
 11
89.485714
 21
-41.6
 31
0.0
  0
LINE
  8
SCD_ANN
  6
CONTINUOUS
 10
60.0
 20
0.0
 30
0.0
 11
60.0
 21
-41.6
 31
0.0
  0
LINE
  8
SCD_ANN
  6
CONTINUOUS
 10
30.514286
 20
0.0
 30
0.0
 11
30.514286
 21
-41.6
 31
0.0
  0
LINE
  8
SCD_ANN
  6
CONTINUOUS
 10
0.0
 20
0.0
 30
0.0
 11
0.0
 21
-41.6
 31
0.0
  0
LINE
  8
SCD_ANN
  6
CONTINUOUS
 10
0.0
 20
-41.6
 30
0.0
 11
177.942857
 21
-41.6
 31
0.0
  0
LINE
  8
SCD_ANN
  6
CONTINUOUS
 10
0.0
 20
-36.4
 30
0.0
 11
177.942857
 21
-36.4
 31
0.0
  0
LINE
  8
SCD_ANN
  6
CONTINUOUS
 10
0.0
 20
-31.2
 30
0.0
 11
177.942857
 21
-31.2
 31
0.0
  0
LINE
  8
SCD_ANN
  6
CONTINUOUS
 10
0.0
 20
-26.0
 30
0.0
 11
177.942857
 21
-26.0
 31
0.0
  0
LINE
  8
SCD_ANN
  6
CONTINUOUS
 10
0.0
 20
-20.8
 30
0.0
 11
177.942857
 21
-20.8
 31
0.0
  0
LINE
  8
SCD_ANN
  6
CONTINUOUS
 10
0.0
 20
-15.6
 30
0.0
 11
177.942857
 21
-15.6
 31
0.0
  0
LINE
  8
SCD_ANN
  6
CONTINUOUS
 10
0.0
 20
-10.4
 30
0.0
 11
177.942857
 21
-10.4
 31
0.0
  0
LINE
  8
SCD_ANN
  6
CONTINUOUS
 10
0.0
 20
-5.2
 30
0.0
 11
177.942857
 21
-5.2
 31
0.0
  0
LINE
  8
SCD_ANN
  6
CONTINUOUS
 10
0.0
 20
-0.0
 30
0.0
 11
177.942857
 21
-0.0
 31
0.0
  0
ENDBLK
  0
ENDSEC
  0
SECTION
  2
ENTITIES
  0
INSERT
  8
SCD_DRAW
 62
    10
 66
     1
  2
CN_ChemAppModelCfg
 10
25.0
 20
285.0
 30
0.0
  0
ATTRIB
  8
SCD_DRAW
 10
29.28
 20
282.95
 30
0.0
 40
3.0
  1
KWA_Cu_Smelting_CST
  2
Tag
 70
     0
 73
    50
  7
STANDARD
 71
     0
 72
     0
 11
0.0
 21
0.0
 31
0.0
  0
SEQEND
  0
INSERT
  8
SCD_DRAW
 62
    10
  2
FM_A3_Rectangle_Logo
 10
0.42
 20
0.45
 30
0.0
  0
INSERT
  8
SCD_DRAW
 62
    10
 66
     1
  2
FD_FeederSink
 10
395.0
 20
155.0
 30
0.0
 41
0.8
 42
0.8
 43
0.8
  0
ATTRIB
  8
SCD_DRAW
 10
383.0
 20
158.5
 30
0.0
 40
3.0
  1
Blister
  2
Tag
 70
     1
 73
    50
  7
STANDARD
 71
     0
 72
     0
 11
0.0
 21
0.0
 31
0.0
  0
SEQEND
  0
INSERT
  8
SCD_DRAW
 62
    10
 66
     1
  2
TK_Smelter_Flash
 10
96.72
 20
210.96
 30
0.0
 41
0.75
 42
0.75
 43
0.75
  0
ATTRIB
  8
SCD_DRAW
 10
89.22
 20
196.236
 30
0.0
 40
3.0
  1
Fce_001
  2
Tag
 70
     1
 73
    50
  7
STANDARD
 71
     0
 72
     0
 11
0.0
 21
0.0
 31
0.0
  0
SEQEND
  0
INSERT
  8
SCD_DRAW
 62
    10
 66
     1
  2
FD_FeederSink
 10
21.72
 20
230.46
 30
0.0
 41
0.75
 42
0.75
 43
0.75
  0
ATTRIB
  8
SCD_DRAW
 10
11.72
 20
224.585
 30
0.0
 40
3.0
  1
Fce_Flux
  2
Tag
 70
     1
 73
    50
  7
STANDARD
 71
     0
 72
     0
 11
0.0
 21
0.0
 31
0.0
  0
SEQEND
  0
INSERT
  8
SCD_DRAW
 62
    10
 66
     1
  2
FD_FeederSink
 10
21.72
 20
240.46
 30
0.0
 41
0.75
 42
0.75
 43
0.75
  0
ATTRIB
  8
SCD_DRAW
 10
2.22
 20
243.96
 30
0.0
 40
3.0
  1
Fce_O2Air
  2
Tag
 70
     1
 73
    50
  7
STANDARD
 71
     0
 72
     0
 11
0.0
 21
0.0
 31
0.0
  0
SEQEND
  0
INSERT
  8
SCD_DRAW
 62
    10
 66
     1
  2
FD_FeederSink
 10
395.22
 20
110.46
 30
0.0
 41
0.8
 42
0.8
 43
0.8
 50
360.0
  0
ATTRIB
  8
SCD_DRAW
 10
382.72
 20
113.96
 30
0.0
 40
3.0
  1
Fce_Slag
  2
Tag
 70
     1
 73
    50
  7
STANDARD
 71
     0
 72
     0
 11
0.0
 21
0.0
 31
0.0
  0
SEQEND
  0
INSERT
  8
SCD_DRAW
 62
    10
 66
     1
  2
FD_FeederSink
 10
395.22
 20
235.46
 30
0.0
 41
0.8
 42
0.8
 43
0.8
  0
ATTRIB
  8
SCD_DRAW
 10
382.72
 20
239.46
 30
0.0
 40
3.0
  1
Offgas
  2
Tag
 70
     1
 73
    50
  7
STANDARD
 71
     0
 72
     0
 11
0.0
 21
0.0
 31
0.0
  0
SEQEND
  0
INSERT
  8
SCD_DRAW
 62
    10
 66
     1
  2
TK_Converter
 10
166.72
 20
175.46
 30
0.0
 41
0.75
 42
0.75
 43
0.75
  0
ATTRIB
  8
SCD_DRAW
 10
171.22
 20
185.46
 30
0.0
 40
3.0
  1
PS_001
  2
Tag
 70
     1
 73
    50
  7
STANDARD
 71
     0
 72
     0
 11
0.0
 21
0.0
 31
0.0
  0
SEQEND
  0
INSERT
  8
SCD_DRAW
 62
    10
 66
     1
  2
FD_FeederSink
 10
136.72
 20
220.46
 30
0.0
 41
0.75
 42
0.75
 43
0.75
  0
ATTRIB
  8
SCD_DRAW
 10
125.22
 20
224.96
 30
0.0
 40
3.0
  1
PS_001_Flux
  2
Tag
 70
     1
 73
    50
  7
STANDARD
 71
     0
 72
     0
 11
0.0
 21
0.0
 31
0.0
  0
SEQEND
  0
INSERT
  8
SCD_DRAW
 62
    10
 66
     1
  2
FD_FeederSink
 10
136.72
 20
130.460000
 30
0.0
 41
0.75
 42
0.75
 43
0.75
  0
ATTRIB
  8
SCD_DRAW
 10
125.22
 20
123.46
 30
0.0
 40
3.0
  1
PS_001_O2Air
  2
Tag
 70
     1
 73
    50
  7
STANDARD
 71
     0
 72
     0
 11
0.0
 21
0.0
 31
0.0
  0
SEQEND
  0
INSERT
  8
SCD_DRAW
 62
    10
 66
     1
  2
TK_Converter
 10
226.72
 20
175.46
 30
0.0
 41
0.75
 42
0.75
 43
0.75
  0
ATTRIB
  8
SCD_DRAW
 10
230.22
 20
186.46
 30
0.0
 40
3.0
  1
PS_002
  2
Tag
 70
     1
 73
    50
  7
STANDARD
 71
     0
 72
     0
 11
0.0
 21
0.0
 31
0.0
  0
SEQEND
  0
INSERT
  8
SCD_DRAW
 62
    10
 66
     1
  2
FD_FeederSink
 10
196.72
 20
220.46
 30
0.0
 41
0.75
 42
0.75
 43
0.75
  0
ATTRIB
  8
SCD_DRAW
 10
184.22
 20
224.96
 30
0.0
 40
3.0
  1
PS_002_Flux
  2
Tag
 70
     1
 73
    50
  7
STANDARD
 71
     0
 72
     0
 11
0.0
 21
0.0
 31
0.0
  0
SEQEND
  0
INSERT
  8
SCD_DRAW
 62
    10
 66
     1
  2
FD_FeederSink
 10
196.72
 20
130.460000
 30
0.0
 41
0.75
 42
0.75
 43
0.75
  0
ATTRIB
  8
SCD_DRAW
 10
185.22
 20
123.46
 30
0.0
 40
3.0
  1
PS_002_O2Air
  2
Tag
 70
     1
 73
    50
  7
STANDARD
 71
     0
 72
     0
 11
0.0
 21
0.0
 31
0.0
  0
SEQEND
  0
INSERT
  8
SCD_DRAW
 62
    10
 66
     1
  2
TK_Converter
 10
291.720000
 20
175.46
 30
0.0
 41
0.75
 42
0.75
 43
0.75
  0
ATTRIB
  8
SCD_DRAW
 10
298.220000
 20
183.96
 30
0.0
 40
3.0
  1
PS_003
  2
Tag
 70
     1
 73
    50
  7
STANDARD
 71
     0
 72
     0
 11
0.0
 21
0.0
 31
0.0
  0
SEQEND
  0
INSERT
  8
SCD_DRAW
 62
    10
 66
     1
  2
FD_FeederSink
 10
261.720000
 20
220.46
 30
0.0
 41
0.75
 42
0.75
 43
0.75
  0
ATTRIB
  8
SCD_DRAW
 10
250.22
 20
224.96
 30
0.0
 40
3.0
  1
PS_003_Flux
  2
Tag
 70
     1
 73
    50
  7
STANDARD
 71
     0
 72
     0
 11
0.0
 21
0.0
 31
0.0
  0
SEQEND
  0
INSERT
  8
SCD_DRAW
 62
    10
 66
     1
  2
FD_FeederSink
 10
262.220000
 20
130.460000
 30
0.0
 41
0.75
 42
0.75
 43
0.75
  0
ATTRIB
  8
SCD_DRAW
 10
250.72
 20
123.46
 30
0.0
 40
3.0
  1
PS_003_O2Air
  2
Tag
 70
     1
 73
    50
  7
STANDARD
 71
     0
 72
     0
 11
0.0
 21
0.0
 31
0.0
  0
SEQEND
  0
INSERT
  8
SCD_DRAW
 62
    10
 66
     1
  2
MS_Tie-1
 10
83.72
 20
205.46
 30
0.0
 41
0.625
 42
0.625
 43
0.625
  0
ATTRIB
  8
SCD_DRAW
 10
76.291
 20
198.46
 30
0.0
 40
3.0
  1
S_X_001
  2
Tag
 70
     1
 73
    50
  7
STANDARD
 71
     0
 72
     0
 11
0.0
 21
0.0
 31
0.0
  0
SEQEND
  0
INSERT
  8
SCD_DRAW
 62
    10
 66
     1
  2
MS_Tie-1
 10
156.72
 20
170.46
 30
0.0
 41
0.625
 42
0.625
 43
0.625
  0
ATTRIB
  8
SCD_DRAW
 10
149.291
 20
163.460000
 30
0.0
 40
3.0
  1
S_X_002
  2
Tag
 70
     1
 73
    50
  7
STANDARD
 71
     0
 72
     0
 11
0.0
 21
0.0
 31
0.0
  0
SEQEND
  0
INSERT
  8
SCD_DRAW
 62
    10
 66
     1
  2
MS_Tie-1
 10
216.72
 20
170.46
 30
0.0
 41
0.625
 42
0.625
 43
0.625
  0
ATTRIB
  8
SCD_DRAW
 10
209.291
 20
163.460000
 30
0.0
 40
3.0
  1
S_X_003
  2
Tag
 70
     1
 73
    50
  7
STANDARD
 71
     0
 72
     0
 11
0.0
 21
0.0
 31
0.0
  0
SEQEND
  0
INSERT
  8
SCD_DRAW
 62
    10
 66
     1
  2
MS_Tie-1
 10
86.72
 20
230.46
 30
0.0
 41
0.625
 42
0.625
 43
0.625
  0
ATTRIB
  8
SCD_DRAW
 10
79.291
 20
223.46
 30
0.0
 40
3.0
  1
S_X_012
  2
Tag
 70
     1
 73
    50
  7
STANDARD
 71
     0
 72
     0
 11
0.0
 21
0.0
 31
0.0
  0
SEQEND
  0
INSERT
  8
SCD_DRAW
 62
    10
 66
     1
  2
CN_TSC_CA
 10
105.54
 20
246.24
 30
0.0
  0
ATTRIB
  8
SCD_DRAW
 10
96.04
 20
237.74
 30
0.0
 40
3.0
  1
TSC_Fce_001
  2
Tag
 70
     0
 73
    50
  7
STANDARD
 71
     0
 72
     0
 11
0.0
 21
0.0
 31
0.0
  0
SEQEND
  0
INSERT
  8
SCD_DRAW
 62
    10
 66
     1
  2
CN_TSC_CA
 10
160.22
 20
245.46
 30
0.0
  0
ATTRIB
  8
SCD_DRAW
 10
151.72
 20
236.96
 30
0.0
 40
3.0
  1
TSC_PS_001
  2
Tag
 70
     0
 73
    50
  7
STANDARD
 71
     0
 72
     0
 11
0.0
 21
0.0
 31
0.0
  0
SEQEND
  0
INSERT
  8
SCD_DRAW
 62
    10
 66
     1
  2
CN_TSC_CA
 10
225.22
 20
245.46
 30
0.0
  0
ATTRIB
  8
SCD_DRAW
 10
217.22
 20
237.46
 30
0.0
 40
3.0
  1
TSC_PS_002
  2
Tag
 70
     0
 73
    50
  7
STANDARD
 71
     0
 72
     0
 11
0.0
 21
0.0
 31
0.0
  0
SEQEND
  0
INSERT
  8
SCD_DRAW
 62
    10
 66
     1
  2
CN_TSC_CA
 10
285.220000
 20
245.46
 30
0.0
  0
ATTRIB
  8
SCD_DRAW
 10
275.720000
 20
236.96
 30
0.0
 40
3.0
  1
TSC_PS_003
  2
Tag
 70
     0
 73
    50
  7
STANDARD
 71
     0
 72
     0
 11
0.0
 21
0.0
 31
0.0
  0
SEQEND
  0
INSERT
  8
SCD_DRAW
 62
    10
 66
     1
  2
MS_Tie-1
 10
281.720000
 20
170.46
 30
0.0
 41
0.625
 42
0.625
 43
0.625
  0
ATTRIB
  8
SCD_DRAW
 10
274.291
 20
163.460000
 30
0.0
 40
3.0
  1
X_004
  2
Tag
 70
     1
 73
    50
  7
STANDARD
 71
     0
 72
     0
 11
0.0
 21
0.0
 31
0.0
  0
SEQEND
  0
INSERT
  8
SCD_DRAW
 62
    10
 66
     1
  2
MS_Tie-1
 10
335.22
 20
235.46
 30
0.0
  0
ATTRIB
  8
SCD_DRAW
 10
327.791
 20
228.46
 30
0.0
 40
3.0
  1
X_009
  2
Tag
 70
     1
 73
    50
  7
STANDARD
 71
     0
 72
     0
 11
0.0
 21
0.0
 31
0.0
  0
SEQEND
  0
INSERT
  8
SCD_DRAW
 62
    10
 66
     1
  2
MS_Tie-1
 10
76.72
 20
170.46
 30
0.0
 41
0.625
 42
0.625
 43
0.625
  0
ATTRIB
  8
SCD_DRAW
 10
69.291
 20
163.460000
 30
0.0
 40
3.0
  1
X_010
  2
Tag
 70
     1
 73
    50
  7
STANDARD
 71
     0
 72
     0
 11
0.0
 21
0.0
 31
0.0
  0
SEQEND
  0
INSERT
  8
SCD_DRAW
 62
    10
 66
     1
  2
MS_Tie-1
 10
121.72
 20
200.46
 30
0.0
 41
0.625
 42
0.625
 43
0.625
  0
ATTRIB
  8
SCD_DRAW
 10
114.291000
 20
193.46
 30
0.0
 40
3.0
  1
X_011
  2
Tag
 70
     1
 73
    50
  7
STANDARD
 71
     0
 72
     0
 11
0.0
 21
0.0
 31
0.0
  0
SEQEND
  0
INSERT
  8
SCD_DRAW
 62
    15
 66
     1
  2
LnkBlk__2
 10
86.53
 20
205.390000
 30
0.0
  0
ATTRIB
  8
SCD_DRAW
 10
79.530333
 20
206.890000
 30
0.0
 40
2.8
  1
P_01_Fce_001
  2
Tag
 70
     1
 73
    50
  7
STANDARD
 71
     0
 72
     0
 11
0.0
 21
0.0
 31
0.0
  0
SEQEND
  0
INSERT
  8
SCD_DRAW
 62
    15
 66
     1
  2
LnkBlk__3
 10
161.47
 20
170.46
 30
0.0
  0
ATTRIB
  8
SCD_DRAW
 10
154.47
 20
170.46
 30
0.0
 40
2.8
  1
P_01_PS_001
  2
Tag
 70
     1
 73
    50
  7
STANDARD
 71
     0
 72
     0
 11
0.0
 21
0.0
 31
0.0
  0
SEQEND
  0
INSERT
  8
SCD_DRAW
 62
    15
 66
     1
  2
LnkBlk__4
 10
221.72
 20
170.46
 30
0.0
  0
ATTRIB
  8
SCD_DRAW
 10
206.12
 20
170.46
 30
0.0
 40
2.8
  1
P_01_PS_002
  2
Tag
 70
     1
 73
    50
  7
STANDARD
 71
     0
 72
     0
 11
0.0
 21
0.0
 31
0.0
  0
SEQEND
  0
INSERT
  8
SCD_DRAW
 62
    15
 66
     1
  2
LnkBlk__5
 10
287.720000
 20
170.46
 30
0.0
  0
ATTRIB
  8
SCD_DRAW
 10
272.12
 20
170.46
 30
0.0
 40
2.8
  1
P_01_PS_003
  2
Tag
 70
     1
 73
    50
  7
STANDARD
 71
     0
 72
     0
 11
0.0
 21
0.0
 31
0.0
  0
SEQEND
  0
INSERT
  8
SCD_DRAW
 62
    15
 66
     1
  2
LnkBlk__10
 10
86.72
 20
223.96
 30
0.0
  0
ATTRIB
  8
SCD_DRAW
 10
68.053333
 20
223.96
 30
0.0
 40
2.8
  1
P_Feed_Fce_001
  2
Tag
 70
     1
 73
    50
  7
STANDARD
 71
     0
 72
     0
 11
0.0
 21
0.0
 31
0.0
  0
SEQEND
  0
INSERT
  8
SCD_DRAW
 62
    15
 66
     1
  2
LnkBlk__12
 10
156.72
 20
189.72
 30
0.0
  0
ATTRIB
  8
SCD_DRAW
 10
139.653333
 20
189.72
 30
0.0
 40
2.8
  1
P_Flux_PS_001
  2
Tag
 70
     1
 73
    50
  7
STANDARD
 71
     0
 72
     0
 11
0.0
 21
0.0
 31
0.0
  0
SEQEND
  0
INSERT
  8
SCD_DRAW
 62
    15
 66
     1
  2
LnkBlk__13
 10
216.770000
 20
210.59
 30
0.0
  0
ATTRIB
  8
SCD_DRAW
 10
199.703333
 20
210.59
 30
0.0
 40
2.8
  1
P_Flux_PS_002
  2
Tag
 70
     1
 73
    50
  7
STANDARD
 71
     0
 72
     0
 11
0.0
 21
0.0
 31
0.0
  0
SEQEND
  0
INSERT
  8
SCD_DRAW
 62
    15
 66
     1
  2
LnkBlk__14
 10
281.98
 20
208.08
 30
0.0
  0
ATTRIB
  8
SCD_DRAW
 10
264.913333
 20
208.08
 30
0.0
 40
2.8
  1
P_Flux_PS_003
  2
Tag
 70
     1
 73
    50
  7
STANDARD
 71
     0
 72
     0
 11
0.0
 21
0.0
 31
0.0
  0
SEQEND
  0
INSERT
  8
SCD_DRAW
 62
    15
 66
     1
  2
LnkBlk__17
 10
107.72
 20
225.46
 30
0.0
  0
ATTRIB
  8
SCD_DRAW
 10
90.12
 20
225.46
 30
0.0
 40
2.8
  1
P_Gas_Fce_001
  2
Tag
 70
     1
 73
    50
  7
STANDARD
 71
     0
 72
     0
 11
0.0
 21
0.0
 31
0.0
  0
SEQEND
  0
INSERT
  8
SCD_DRAW
 62
    15
 66
     1
  2
LnkBlk__18
 10
166.72
 20
189.75
 30
0.0
  0
ATTRIB
  8
SCD_DRAW
 10
149.986667
 20
189.75
 30
0.0
 40
2.8
  1
P_Gas_PS_001
  2
Tag
 70
     1
 73
    50
  7
STANDARD
 71
     0
 72
     0
 11
0.0
 21
0.0
 31
0.0
  0
SEQEND
  0
INSERT
  8
SCD_DRAW
 62
    15
 66
     1
  2
LnkBlk__19
 10
226.56
 20
190.06
 30
0.0
  0
ATTRIB
  8
SCD_DRAW
 10
209.826667
 20
190.06
 30
0.0
 40
2.8
  1
P_Gas_PS_002
  2
Tag
 70
     1
 73
    50
  7
STANDARD
 71
     0
 72
     0
 11
0.0
 21
0.0
 31
0.0
  0
SEQEND
  0
INSERT
  8
SCD_DRAW
 62
    15
 66
     1
  2
LnkBlk__20
 10
292.02
 20
189.96
 30
0.0
  0
ATTRIB
  8
SCD_DRAW
 10
275.286667
 20
189.96
 30
0.0
 40
2.8
  1
P_Gas_PS_003
  2
Tag
 70
     1
 73
    50
  7
STANDARD
 71
     0
 72
     0
 11
0.0
 21
0.0
 31
0.0
  0
SEQEND
  0
INSERT
  8
SCD_DRAW
 62
    15
 66
     1
  2
LnkBlk__21
 10
360.26
 20
235.38
 30
0.0
  0
ATTRIB
  8
SCD_DRAW
 10
350.326667
 20
235.38
 30
0.0
 40
2.8
  1
P_Gas_Total_001
  2
Tag
 70
     1
 73
    50
  7
STANDARD
 71
     0
 72
     0
 11
0.0
 21
0.0
 31
0.0
  0
SEQEND
  0
INSERT
  8
SCD_DRAW
 62
    15
 66
     1
  2
LnkBlk__22
 10
116.47
 20
201.96
 30
0.0
  0
ATTRIB
  8
SCD_DRAW
 10
97.003333
 20
201.96
 30
0.0
 40
2.8
  1
P_Matte_Fce_001
  2
Tag
 70
     1
 73
    50
  7
STANDARD
 71
     0
 72
     0
 11
0.0
 21
0.0
 31
0.0
  0
SEQEND
  0
INSERT
  8
SCD_DRAW
 62
    15
 66
     1
  2
LnkBlk__23
 10
121.72
 20
188.71
 30
0.0
  0
ATTRIB
  8
SCD_DRAW
 10
92.32
 20
188.71
 30
0.0
 40
2.8
  1
P_Matte_Fce_001_PS_001
  2
Tag
 70
     1
 73
    50
  7
STANDARD
 71
     0
 72
     0
 11
0.0
 21
0.0
 31
0.0
  0
SEQEND
  0
INSERT
  8
SCD_DRAW
 62
    15
 66
     1
  2
LnkBlk__24
 10
170.69
 20
200.48
 30
0.0
  0
ATTRIB
  8
SCD_DRAW
 10
141.290000
 20
200.48
 30
0.0
 40
2.8
  1
P_Matte_Fce_001_PS_002
  2
Tag
 70
     1
 73
    50
  7
STANDARD
 71
     0
 72
     0
 11
0.0
 21
0.0
 31
0.0
  0
SEQEND
  0
INSERT
  8
SCD_DRAW
 62
    15
 66
     1
  2
LnkBlk__25
 10
196.72
 20
173.06
 30
0.0
  0
ATTRIB
  8
SCD_DRAW
 10
178.12
 20
173.06
 30
0.0
 40
2.8
  1
P_Matte_PS_001
  2
Tag
 70
     1
 73
    50
  7
STANDARD
 71
     0
 72
     0
 11
0.0
 21
0.0
 31
0.0
  0
SEQEND
  0
INSERT
  8
SCD_DRAW
 62
    15
 66
     1
  2
LnkBlk__26
 10
259.9
 20
175.46
 30
0.0
  0
ATTRIB
  8
SCD_DRAW
 10
241.3
 20
175.46
 30
0.0
 40
2.8
  1
P_Matte_PS_002
  2
Tag
 70
     1
 73
    50
  7
STANDARD
 71
     0
 72
     0
 11
0.0
 21
0.0
 31
0.0
  0
SEQEND
  0
INSERT
  8
SCD_DRAW
 62
    15
 66
     1
  2
LnkBlk__29
 10
156.920000
 20
129.97
 30
0.0
  0
ATTRIB
  8
SCD_DRAW
 10
138.586667
 20
129.97
 30
0.0
 40
2.8
  1
P_O2Air_PS_001
  2
Tag
 70
     1
 73
    50
  7
STANDARD
 71
     0
 72
     0
 11
0.0
 21
0.0
 31
0.0
  0
SEQEND
  0
INSERT
  8
SCD_DRAW
 62
    15
 66
     1
  2
LnkBlk__30
 10
226.72
 20
153.51
 30
0.0
  0
ATTRIB
  8
SCD_DRAW
 10
208.386667
 20
153.51
 30
0.0
 40
2.8
  1
P_O2Air_PS_002
  2
Tag
 70
     1
 73
    50
  7
STANDARD
 71
     0
 72
     0
 11
0.0
 21
0.0
 31
0.0
  0
SEQEND
  0
INSERT
  8
SCD_DRAW
 62
    15
 66
     1
  2
LnkBlk__31
 10
292.220000
 20
148.02
 30
0.0
  0
ATTRIB
  8
SCD_DRAW
 10
273.886667
 20
148.02
 30
0.0
 40
2.8
  1
P_O2Air_PS_003
  2
Tag
 70
     1
 73
    50
  7
STANDARD
 71
     0
 72
     0
 11
0.0
 21
0.0
 31
0.0
  0
SEQEND
  0
INSERT
  8
SCD_DRAW
 62
    15
 66
     1
  2
LnkBlk__35
 10
117.94
 20
171.69
 30
0.0
  0
ATTRIB
  8
SCD_DRAW
 10
100.606667
 20
171.69
 30
0.0
 40
2.8
  1
P_Slag_PS_001
  2
Tag
 70
     1
 73
    50
  7
STANDARD
 71
     0
 72
     0
 11
0.0
 21
0.0
 31
0.0
  0
SEQEND
  0
INSERT
  8
SCD_DRAW
 62
    15
 66
     1
  2
LnkBlk__36
 10
141.830000
 20
150.460000
 30
0.0
  0
ATTRIB
  8
SCD_DRAW
 10
124.496667
 20
150.460000
 30
0.0
 40
2.8
  1
P_Slag_PS_002
  2
Tag
 70
     1
 73
    50
  7
STANDARD
 71
     0
 72
     0
 11
0.0
 21
0.0
 31
0.0
  0
SEQEND
  0
INSERT
  8
SCD_DRAW
 62
    15
 66
     1
  2
LnkBlk__37
 10
194.57
 20
140.55
 30
0.0
  0
ATTRIB
  8
SCD_DRAW
 10
177.236667
 20
140.55
 30
0.0
 40
2.8
  1
P_Slag_PS_003
  2
Tag
 70
     1
 73
    50
  7
STANDARD
 71
     0
 72
     0
 11
0.0
 21
0.0
 31
0.0
  0
SEQEND
  0
INSERT
  8
SCD_DRAW
 62
    15
 66
     1
  2
LnkBlk__38
 10
76.72
 20
187.96
 30
0.0
  0
ATTRIB
  8
SCD_DRAW
 10
59.786667
 20
187.96
 30
0.0
 40
2.8
  1
P_Slag_PS_Fce
  2
Tag
 70
     1
 73
    50
  7
STANDARD
 71
     0
 72
     0
 11
0.0
 21
0.0
 31
0.0
  0
SEQEND
  0
INSERT
  8
SCD_DRAW
 62
    10
 66
     1
  2
FD_FeederSink
 10
21.5
 20
260.0
 30
0.0
 41
0.75
 42
0.75
 43
0.75
  0
ATTRIB
  8
SCD_DRAW
 10
12.0
 20
254.125
 30
0.0
 40
3.0
  1
Dry_Con
  2
Tag
 70
     1
 73
    50
  7
STANDARD
 71
     0
 72
     0
 11
0.0
 21
0.0
 31
0.0
  0
SEQEND
  0
INSERT
  8
SCD_DRAW
 62
    11
 66
     1
  2
TEAR_ASSOCGRF
 10
164.224000
 20
170.462000
 30
0.0
 41
0.5
 42
0.5
 43
0.5
 50
180.0
  0
ATTRIB
  8
SCD_DRAW
 10
164.224000
 20
170.462000
 30
0.0
 40
2.8
  1
Flng_060#
  2
Tag
 70
     1
 73
    50
  7
STANDARD
 71
     0
 72
     0
 11
0.0
 21
0.0
 31
0.0
  0
ATTRIB
  8
SCD_DRAW
 10
164.224000
 20
170.462000
 30
0.0
 40
2.8
  1
P_01_PS_001
  2
AssocTag
 70
     1
 73
    50
  7
STANDARD
 71
     0
 72
     0
 11
0.0
 21
0.0
 31
0.0
  0
SEQEND
  0
INSERT
  8
SCD_DRAW
 62
    11
 66
     1
  2
TEAR_ASSOCGRF
 10
224.724000
 20
170.462000
 30
0.0
 41
0.5
 42
0.5
 43
0.5
 50
180.0
  0
ATTRIB
  8
SCD_DRAW
 10
224.724000
 20
170.462000
 30
0.0
 40
2.8
  1
Flng_062#
  2
Tag
 70
     1
 73
    50
  7
STANDARD
 71
     0
 72
     0
 11
0.0
 21
0.0
 31
0.0
  0
ATTRIB
  8
SCD_DRAW
 10
224.724000
 20
170.462000
 30
0.0
 40
2.8
  1
P_01_PS_002
  2
AssocTag
 70
     1
 73
    50
  7
STANDARD
 71
     0
 72
     0
 11
0.0
 21
0.0
 31
0.0
  0
SEQEND
  0
INSERT
  8
SCD_DRAW
 62
    10
 66
     1
  2
CN_GControl
 10
350.0
 20
285.0
 30
0.0
  0
ATTRIB
  8
SCD_DRAW
 10
353.5
 20
283.56
 30
0.0
 40
3.0
  1
GC_Smelter
  2
Tag
 70
     0
 73
    50
  7
STANDARD
 71
     0
 72
     0
 11
0.0
 21
0.0
 31
0.0
  0
SEQEND
  0
INSERT
  8
SCD_DRAW
 62
    15
 66
     1
  2
LnkBlk__41
 10
339.5
 20
155.0
 30
0.0
  0
ATTRIB
  8
SCD_DRAW
 10
320.1
 20
155.0
 30
0.0
 40
2.8
  1
P_Blister_PS_003
  2
Tag
 70
     1
 73
    50
  7
STANDARD
 71
     0
 72
     0
 11
0.0
 21
0.0
 31
0.0
  0
SEQEND
  0
INSERT
  8
SCD_DRAW
 62
    15
 66
     1
  2
LnkBlk__43
 10
60.0
 20
260.0
 30
0.0
  0
ATTRIB
  8
SCD_DRAW
 10
53.0
 20
260.0
 30
0.0
 40
2.8
  1
P_001
  2
Tag
 70
     1
 73
    50
  7
STANDARD
 71
     0
 72
     0
 11
0.0
 21
0.0
 31
0.0
  0
SEQEND
  0
INSERT
  8
SCD_DRAW
 62
    15
 66
     1
  2
LnkBlk__44
 10
59.5
 20
240.0
 30
0.0
  0
ATTRIB
  8
SCD_DRAW
 10
40.3
 20
240.0
 30
0.0
 40
2.8
  1
P_O2Air_Fce_001
  2
Tag
 70
     1
 73
    50
  7
STANDARD
 71
     0
 72
     0
 11
0.0
 21
0.0
 31
0.0
  0
SEQEND
  0
INSERT
  8
SCD_DRAW
 62
    15
 66
     1
  2
LnkBlk__45
 10
58.5
 20
230.5
 30
0.0
  0
ATTRIB
  8
SCD_DRAW
 10
40.566667
 20
230.5
 30
0.0
 40
2.8
  1
P_Flux_Fce_001
  2
Tag
 70
     1
 73
    50
  7
STANDARD
 71
     0
 72
     0
 11
0.0
 21
0.0
 31
0.0
  0
SEQEND
  0
INSERT
  8
SCD_DRAW
 62
    10
 66
     1
  2
FD_MakeupSource
 10
150.0
 20
285.0
 30
0.0
  0
ATTRIB
  8
SCD_DRAW
 10
157.210000
 20
283.25
 30
0.0
 40
3.0
  1
Flux_Source
  2
Tag
 70
     0
 73
    50
  7
STANDARD
 71
     0
 72
     0
 11
0.0
 21
0.0
 31
0.0
  0
SEQEND
  0
INSERT
  8
SCD_DRAW
 62
    11
 66
     1
  2
SRCLNK_ASSOCGRF
 10
10.47
 20
195.46
 30
0.0
  0
ATTRIB
  8
SCD_DRAW
 10
10.47
 20
199.46
 30
0.0
 40
2.8
  1
SrcD_001
  2
Tag
 70
     1
 73
    50
  7
STANDARD
 71
     0
 72
     0
 11
0.0
 21
0.0
 31
0.0
  0
ATTRIB
  8
SCD_DRAW
 10
10.47
 20
199.46
 30
0.0
 40
2.8
  1
Fce_Flux
  2
AssocTag
 70
     1
 73
    50
  7
STANDARD
 71
     0
 72
     0
 11
0.0
 21
0.0
 31
0.0
  0
ATTRIB
  8
SCD_DRAW
 10
0.0
 20
0.0
 30
0.0
 40
1.0
  1
1
  2
HideInsert
 70
     1
 73
    50
  7
STANDARD
 71
     0
 72
     0
 11
0.0
 21
0.0
 31
0.0
  0
SEQEND
  0
INSERT
  8
SCD_DRAW
 62
    11
 66
     1
  2
SRCLNK_ASSOCGRF
 10
125.47
 20
185.46
 30
0.0
  0
ATTRIB
  8
SCD_DRAW
 10
125.47
 20
189.46
 30
0.0
 40
2.8
  1
SrcD_002
  2
Tag
 70
     1
 73
    50
  7
STANDARD
 71
     0
 72
     0
 11
0.0
 21
0.0
 31
0.0
  0
ATTRIB
  8
SCD_DRAW
 10
125.47
 20
189.46
 30
0.0
 40
2.8
  1
PS_001_Flux
  2
AssocTag
 70
     1
 73
    50
  7
STANDARD
 71
     0
 72
     0
 11
0.0
 21
0.0
 31
0.0
  0
ATTRIB
  8
SCD_DRAW
 10
0.0
 20
0.0
 30
0.0
 40
1.0
  1
1
  2
HideInsert
 70
     1
 73
    50
  7
STANDARD
 71
     0
 72
     0
 11
0.0
 21
0.0
 31
0.0
  0
SEQEND
  0
INSERT
  8
SCD_DRAW
 62
    11
 66
     1
  2
SRCLNK_ASSOCGRF
 10
185.47
 20
185.46
 30
0.0
  0
ATTRIB
  8
SCD_DRAW
 10
185.47
 20
189.46
 30
0.0
 40
2.8
  1
SrcD_003
  2
Tag
 70
     1
 73
    50
  7
STANDARD
 71
     0
 72
     0
 11
0.0
 21
0.0
 31
0.0
  0
ATTRIB
  8
SCD_DRAW
 10
185.47
 20
189.46
 30
0.0
 40
2.8
  1
PS_002_Flux
  2
AssocTag
 70
     1
 73
    50
  7
STANDARD
 71
     0
 72
     0
 11
0.0
 21
0.0
 31
0.0
  0
ATTRIB
  8
SCD_DRAW
 10
0.0
 20
0.0
 30
0.0
 40
1.0
  1
1
  2
HideInsert
 70
     1
 73
    50
  7
STANDARD
 71
     0
 72
     0
 11
0.0
 21
0.0
 31
0.0
  0
SEQEND
  0
INSERT
  8
SCD_DRAW
 62
    11
 66
     1
  2
SRCLNK_ASSOCGRF
 10
250.47
 20
185.46
 30
0.0
  0
ATTRIB
  8
SCD_DRAW
 10
250.47
 20
189.46
 30
0.0
 40
2.8
  1
SrcD_004
  2
Tag
 70
     1
 73
    50
  7
STANDARD
 71
     0
 72
     0
 11
0.0
 21
0.0
 31
0.0
  0
ATTRIB
  8
SCD_DRAW
 10
250.47
 20
189.46
 30
0.0
 40
2.8
  1
PS_003_Flux
  2
AssocTag
 70
     1
 73
    50
  7
STANDARD
 71
     0
 72
     0
 11
0.0
 21
0.0
 31
0.0
  0
ATTRIB
  8
SCD_DRAW
 10
0.0
 20
0.0
 30
0.0
 40
1.0
  1
1
  2
HideInsert
 70
     1
 73
    50
  7
STANDARD
 71
     0
 72
     0
 11
0.0
 21
0.0
 31
0.0
  0
SEQEND
  0
TEXT
  8
SCD_DRAW
 62
     8
 10
15.0
 20
4.5
 30
0.0
 40
6.0
  1
Uses ChemApp for SysCAD TCE
 41
0.8
  7
ROMANS
  0
TEXT
  8
SCD_DRAW
 62
     8
 10
256.5
 20
4.0
 30
0.0
 40
6.0
  1
Demo Copper Smelter Part2
 41
0.8
  7
ROMANS
  0
TEXT
  8
SCD_DRAW
 62
     8
 10
330.69
 20
226.2
 30
0.0
 40
3.0
  1
(ALL VENTS REPORT HERE)
 41
0.8
  7
ROMANS
  0
TEXT
  8
SCD_DRAW
 62
     8
 10
300.720000
 20
178.96
 30
0.0
 40
3.0
  1
COPPER
 41
0.8
  7
ROMANS
  0
TEXT
  8
SCD_DRAW
 62
     8
 10
301.720000
 20
174.96
 30
0.0
 40
3.0
  1
BLOW
 41
0.8
  7
ROMANS
  0
TEXT
  8
SCD_DRAW
 62
     8
 10
236.58
 20
175.13
 30
0.0
 40
3.0
  1
BLOW
 41
0.8
  7
ROMANS
  0
TEXT
  8
SCD_DRAW
 62
     8
 10
176.66
 20
174.52
 30
0.0
 40
3.0
  1
BLOW
 41
0.8
  7
ROMANS
  0
TEXT
  8
SCD_DRAW
 62
     8
 10
234.72
 20
180.46
 30
0.0
 40
3.0
  1
SLAG
 41
0.8
  7
ROMANS
  0
TEXT
  8
SCD_DRAW
 62
     8
 10
176.72
 20
178.96
 30
0.0
 40
3.0
  1
SLAG
 41
0.8
  7
ROMANS
  0
TEXT
  8
SCD_DRAW
 62
     8
 10
297.220000
 20
183.96
 30
0.0
 40
3.0
  1
CONVERTER
 41
0.8
  7
ROMANS
  0
TEXT
  8
SCD_DRAW
 62
     8
 10
229.72
 20
185.05
 30
0.0
 40
3.0
  1
CONVERTER
 41
0.8
  7
ROMANS
  0
TEXT
  8
SCD_DRAW
 62
     8
 10
171.66
 20
183.7
 30
0.0
 40
3.0
  1
CONVERTER
 41
0.8
  7
ROMANS
  0
TEXT
  8
SCD_DRAW
 62
     8
 10
89.22
 20
195.96
 30
0.0
 40
3.0
  1
FURNACE
 41
0.8
  7
ROMANS
  0
TEXT
  8
SCD_DRAW
 62
     8
 10
250.0
 20
134.0
 30
0.0
 40
3.0
  1
O2 ENRICHED AIR
 41
0.8
  7
ROMANS
  0
TEXT
  8
SCD_DRAW
 62
     8
 10
185.5
 20
134.0
 30
0.0
 40
3.0
  1
O2 ENRICHED AIR
 41
0.8
  7
ROMANS
  0
TEXT
  8
SCD_DRAW
 62
     8
 10
125.0
 20
134.0
 30
0.0
 40
3.0
  1
O2 ENRICHED AIR
 41
0.8
  7
ROMANS
  0
TEXT
  8
SCD_DRAW
 62
     8
 10
10.22
 20
244.96
 30
0.0
 40
3.0
  1
O2 ENRICHED AIR
 41
0.8
  7
ROMANS
  0
TEXT
  8
SCD_DRAW
 62
     8
 10
250.5
 20
223.5
 30
0.0
 40
3.0
  1
FLUX
 41
0.8
  7
ROMANS
  0
TEXT
  8
SCD_DRAW
 62
     8
 10
185.5
 20
224.0
 30
0.0
 40
3.0
  1
FLUX
 41
0.8
  7
ROMANS
  0
TEXT
  8
SCD_DRAW
 62
     8
 10
125.5
 20
224.5
 30
0.0
 40
3.0
  1
FLUX
 41
0.8
  7
ROMANS
  0
TEXT
  8
SCD_DRAW
 62
     8
 10
10.5
 20
234.0
 30
0.0
 40
3.0
  1
FLUX
 41
0.8
  7
ROMANS
  0
TEXT
  8
SCD_DRAW
 62
     8
 10
141.76
 20
167.35
 30
0.0
 40
3.0
  1
SLAG
 41
0.8
  7
ROMANS
  0
TEXT
  8
SCD_DRAW
 62
     8
 10
268.220000
 20
165.46
 30
0.0
 40
3.0
  1
SLAG
 41
0.8
  7
ROMANS
  0
TEXT
  8
SCD_DRAW
 62
     8
 10
62.0
 20
207.5
 30
0.0
 40
3.0
  1
SLAG
 41
0.8
  7
ROMANS
  0
TEXT
  8
SCD_DRAW
 62
     8
 10
114.22
 20
203.96
 30
0.0
 40
3.0
  1
MATTE
 41
0.8
  7
ROMANS
  0
TEXT
  8
SCD_DRAW
 62
     8
 10
298.5
 20
156.0
 30
0.0
 40
3.0
  1
BLISTER
 41
0.8
  7
ROMANS
  0
TEXT
  8
SCD_DRAW
 62
     8
 10
233.22
 20
155.960000
 30
0.0
 40
3.0
  1
WHITE METAL
 41
0.8
  7
ROMANS
  0
TEXT
  8
SCD_DRAW
 62
     8
 10
172.72
 20
156.960000
 30
0.0
 40
3.0
  1
MATTE
 41
0.8
  7
ROMANS
  0
TEXT
  8
SCD_DRAW
 62
     8
 10
207.22
 20
164.96
 30
0.0
 40
3.0
  1
SLAG
 41
0.8
  7
ROMANS
  0
TEXT
  8
SCD_DRAW
 62
     8
 10
293.220000
 20
191.96
 30
0.0
 40
3.0
  1
VENT
 41
0.8
  7
ROMANS
  0
TEXT
  8
SCD_DRAW
 62
     8
 10
228.22
 20
192.46
 30
0.0
 40
3.0
  1
VENT
 41
0.8
  7
ROMANS
  0
TEXT
  8
SCD_DRAW
 62
     8
 10
167.72
 20
192.96
 30
0.0
 40
3.0
  1
VENT
 41
0.8
  7
ROMANS
  0
TEXT
  8
SCD_DRAW
 62
     8
 10
108.72
 20
228.96
 30
0.0
 40
3.0
  1
VENT
 41
0.8
  7
ROMANS
  0
TEXT
  8
SCD_DRAW
 62
     8
 10
339.89
 20
238.69
 30
0.0
 40
3.0
  1
OFF GAS COLLECTION
 41
0.8
  7
ROMANS
  0
TEXT
  8
SCD_DRAW
 62
     8
 10
10.5
 20
264.0
 30
0.0
 40
3.0
  1
DRY CONCENTRATE
 41
0.8
  7
ROMANS
  0
TEXT
  8
SCD_DRAW
 62
     8
 10
376.516858
 20
158.84888
 30
0.0
 40
3.0
  1
BLISTER COPPER
 41
0.8
  7
ROMANS
  0
TEXT
  8
SCD_DRAW
 62
     8
 10
379.109539
 20
113.844114
 30
0.0
 40
3.0
  1
FURNACE SLAG
 41
0.8
  7
ROMANS
  0
TEXT
  8
SCD_DRAW
 62
     8
 10
383.165624
 20
239.795036
 30
0.0
 40
3.0
  1
OFF GAS
 41
0.8
  7
ROMANS
  0
INSERT
  8
SCD_ANN
 62
    15
 66
     1
  2
LnkBlk__46
 10
221.2
 20
109.9
 30
0.0
  0
ATTRIB
  8
SCD_ANN
 10
203.0
 20
109.9
 30
0.0
 40
2.8
  1
P_Slag_Fce_001
  2
Tag
 70
     1
 73
    50
  7
STANDARD
 71
     0
 72
     0
 11
0.0
 21
0.0
 31
0.0
  0
SEQEND
  0
INSERT
  8
SCD_ANN
 66
     1
  2
ANNBLK_130
 10
6.296929
 20
45.819234
 30
0.0
  0
ATTRIB
  8
SCD_ANN
 10
24.296929
 20
42.219234
 30
0.0
 40
3.0
  1
   
  2
ANNOT0
 70
     0
 73
    50
 41
0.8
  7
STANDARD
 71
     0
 72
     0
 11
0.0
 21
0.0
 31
0.0
  0
ATTRIB
  8
SCD_ANN
 10
6.296929
 20
37.019234
 30
0.0
 40
3.0
  1
 MassFrac_SiO2(s)(%) 
  2
ANNOT1
 70
     0
 73
    50
 41
0.8
  7
STANDARD
 71
     0
 72
     0
 11
0.0
 21
0.0
 31
0.0
  0
ATTRIB
  8
SCD_ANN
 10
8.239786
 20
31.819234
 30
0.0
 40
3.0
  1
 MoleFrac_O2(g)(%) 
  2
ANNOT2
 70
     0
 73
    50
 41
0.8
  7
STANDARD
 71
     0
 72
     0
 11
0.0
 21
0.0
 31
0.0
  0
ATTRIB
  8
SCD_ANN
 10
52.068358
 20
42.219234
 30
0.0
 40
3.0
  1
 Furn_Flux 
  2
ANNOT3
 70
     0
 73
    50
 41
0.8
  7
STANDARD
 71
     0
 72
     0
 11
0.0
 21
0.0
 31
0.0
  0
ATTRIB
  8
SCD_ANN
 10
54.639786
 20
37.019234
 30
0.0
 40
3.0
  1
 100.00 
  2
ANNOT4
 70
     0
 73
    50
 41
0.8
  7
STANDARD
 71
     0
 72
     0
 11
0.0
 21
0.0
 31
0.0
  0
ATTRIB
  8
SCD_ANN
 10
59.782643
 20
31.819234
 30
0.0
 40
3.0
  1
 0 
  2
ANNOT5
 70
     0
 73
    50
 41
0.8
  7
STANDARD
 71
     0
 72
     0
 11
0.0
 21
0.0
 31
0.0
  0
ATTRIB
  8
SCD_ANN
 10
78.239786
 20
42.219234
 30
0.0
 40
3.0
  1
 Conv1_Flux 
  2
ANNOT6
 70
     0
 73
    50
 41
0.8
  7
STANDARD
 71
     0
 72
     0
 11
0.0
 21
0.0
 31
0.0
  0
ATTRIB
  8
SCD_ANN
 10
82.296929
 20
37.019234
 30
0.0
 40
3.0
  1
 100.00 
  2
ANNOT7
 70
     0
 73
    50
 41
0.8
  7
STANDARD
 71
     0
 72
     0
 11
0.0
 21
0.0
 31
0.0
  0
ATTRIB
  8
SCD_ANN
 10
87.439786
 20
31.819234
 30
0.0
 40
3.0
  1
 0 
  2
ANNOT8
 70
     0
 73
    50
 41
0.8
  7
STANDARD
 71
     0
 72
     0
 11
0.0
 21
0.0
 31
0.0
  0
ATTRIB
  8
SCD_ANN
 10
105.896929
 20
42.219234
 30
0.0
 40
3.0
  1
 Conv2_Flux 
  2
ANNOT9
 70
     0
 73
    50
 41
0.8
  7
STANDARD
 71
     0
 72
     0
 11
0.0
 21
0.0
 31
0.0
  0
ATTRIB
  8
SCD_ANN
 10
109.954072
 20
37.019234
 30
0.0
 40
3.0
  1
 100.00 
  2
ANNOT10
 70
     0
 73
    50
 41
0.8
  7
STANDARD
 71
     0
 72
     0
 11
0.0
 21
0.0
 31
0.0
  0
ATTRIB
  8
SCD_ANN
 10
115.096929
 20
31.819234
 30
0.0
 40
3.0
  1
 0 
  2
ANNOT11
 70
     0
 73
    50
 41
0.8
  7
STANDARD
 71
     0
 72
     0
 11
0.0
 21
0.0
 31
0.0
  0
ATTRIB
  8
SCD_ANN
 10
133.554072
 20
42.219234
 30
0.0
 40
3.0
  1
 Conv3_Flux 
  2
ANNOT12
 70
     0
 73
    50
 41
0.8
  7
STANDARD
 71
     0
 72
     0
 11
0.0
 21
0.0
 31
0.0
  0
ATTRIB
  8
SCD_ANN
 10
137.611215
 20
37.019234
 30
0.0
 40
3.0
  1
 100.00 
  2
ANNOT13
 70
     0
 73
    50
 41
0.8
  7
STANDARD
 71
     0
 72
     0
 11
0.0
 21
0.0
 31
0.0
  0
ATTRIB
  8
SCD_ANN
 10
142.754072
 20
31.819234
 30
0.0
 40
3.0
  1
 0 
  2
ANNOT14
 70
     0
 73
    50
 41
0.8
  7
STANDARD
 71
     0
 72
     0
 11
0.0
 21
0.0
 31
0.0
  0
ATTRIB
  8
SCD_ANN
 10
161.611215
 20
42.219234
 30
0.0
 40
3.0
  1
 Furn_O2Air 
  2
ANNOT15
 70
     0
 73
    50
 41
0.8
  7
STANDARD
 71
     0
 72
     0
 11
0.0
 21
0.0
 31
0.0
  0
ATTRIB
  8
SCD_ANN
 10
170.411215
 20
37.019234
 30
0.0
 40
3.0
  1
 0 
  2
ANNOT16
 70
     0
 73
    50
 41
0.8
  7
STANDARD
 71
     0
 72
     0
 11
0.0
 21
0.0
 31
0.0
  0
ATTRIB
  8
SCD_ANN
 10
166.411215
 20
31.819234
 30
0.0
 40
3.0
  1
 95.00 
  2
ANNOT17
 70
     0
 73
    50
 41
0.8
  7
STANDARD
 71
     0
 72
     0
 11
0.0
 21
0.0
 31
0.0
  0
ATTRIB
  8
SCD_ANN
 10
187.782643
 20
42.219234
 30
0.0
 40
3.0
  1
 Conv1_O2Air 
  2
ANNOT18
 70
     0
 73
    50
 41
0.8
  7
STANDARD
 71
     0
 72
     0
 11
0.0
 21
0.0
 31
0.0
  0
ATTRIB
  8
SCD_ANN
 10
198.068358
 20
37.019234
 30
0.0
 40
3.0
  1
 0 
  2
ANNOT19
 70
     0
 73
    50
 41
0.8
  7
STANDARD
 71
     0
 72
     0
 11
0.0
 21
0.0
 31
0.0
  0
ATTRIB
  8
SCD_ANN
 10
194.068358
 20
31.819234
 30
0.0
 40
3.0
  1
 23.00 
  2
ANNOT20
 70
     0
 73
    50
 41
0.8
  7
STANDARD
 71
     0
 72
     0
 11
0.0
 21
0.0
 31
0.0
  0
ATTRIB
  8
SCD_ANN
 10
215.439786
 20
42.219234
 30
0.0
 40
3.0
  1
 Conv2_O2Air 
  2
ANNOT21
 70
     0
 73
    50
 41
0.8
  7
STANDARD
 71
     0
 72
     0
 11
0.0
 21
0.0
 31
0.0
  0
ATTRIB
  8
SCD_ANN
 10
225.725500
 20
37.019234
 30
0.0
 40
3.0
  1
 0 
  2
ANNOT22
 70
     0
 73
    50
 41
0.8
  7
STANDARD
 71
     0
 72
     0
 11
0.0
 21
0.0
 31
0.0
  0
ATTRIB
  8
SCD_ANN
 10
221.725500
 20
31.819234
 30
0.0
 40
3.0
  1
 23.00 
  2
ANNOT23
 70
     0
 73
    50
 41
0.8
  7
STANDARD
 71
     0
 72
     0
 11
0.0
 21
0.0
 31
0.0
  0
ATTRIB
  8
SCD_ANN
 10
243.096929
 20
42.219234
 30
0.0
 40
3.0
  1
 Conv3_O2Air 
  2
ANNOT24
 70
     0
 73
    50
 41
0.8
  7
STANDARD
 71
     0
 72
     0
 11
0.0
 21
0.0
 31
0.0
  0
ATTRIB
  8
SCD_ANN
 10
253.382643
 20
37.019234
 30
0.0
 40
3.0
  1
 0 
  2
ANNOT25
 70
     0
 73
    50
 41
0.8
  7
STANDARD
 71
     0
 72
     0
 11
0.0
 21
0.0
 31
0.0
  0
ATTRIB
  8
SCD_ANN
 10
249.382643
 20
31.819234
 30
0.0
 40
3.0
  1
 24.00 
  2
ANNOT26
 70
     0
 73
    50
 41
0.8
  7
STANDARD
 71
     0
 72
     0
 11
0.0
 21
0.0
 31
0.0
  0
ATTRIB
  8
SCD_ANN
 10
-126.160214
 20
44.819234
 30
0.0
 40
3.0
  1
 P_Flux_Fce_001 P_Flux_PS_001 P_Flux_PS_002 P_Flux_PS_003 P_O2Air_Fce_001 P_O2Air_PS_001 P_O2Air_PS_002 P_O2Air_PS_003
  2
ANNOT_TAGS
 70
     1
 73
    50
 41
0.8
  7
STANDARD
 71
     0
 72
     0
 11
0.0
 21
0.0
 31
0.0
  0
ATTRIB
  8
SCD_ANN
 10
-87.417357
 20
44.819234
 30
0.0
 40
3.0
  1
 Furn_Flux Conv1_Flux Conv2_Flux Conv3_Flux Furn_O2Air Conv1_O2Air Conv2_O2Air Conv3_O2Air
  2
ANNOT_TAGLBLS
 70
     1
 73
    50
 41
0.8
  7
STANDARD
 71
     0
 72
     0
 11
0.0
 21
0.0
 31
0.0
  0
ATTRIB
  8
SCD_ANN
 10
-19.988785
 20
44.819234
 30
0.0
 40
3.0
  1
 Qo.MF.SiO2(s) Qo.MlF.O2(g)
  2
ANNOT_VARS
 70
     1
 73
    50
 41
0.8
  7
STANDARD
 71
     0
 72
     0
 11
0.0
 21
0.0
 31
0.0
  0
ATTRIB
  8
SCD_ANN
 10
-26.617357
 20
44.819234
 30
0.0
 40
3.0
  1
 MassFrac_SiO2(s) MoleFrac_O2(g)
  2
ANNOT_VARLBLS
 70
     1
 73
    50
 41
0.8
  7
STANDARD
 71
     0
 72
     0
 11
0.0
 21
0.0
 31
0.0
  0
ATTRIB
  8
SCD_ANN
 10
-3.8745
 20
44.819234
 30
0.0
 40
3.0
  1
 *.## *.##
  2
ANNOT_TAGFMTS
 70
     1
 73
    50
 41
0.8
  7
STANDARD
 71
     0
 72
     0
 11
0.0
 21
0.0
 31
0.0
  0
ATTRIB
  8
SCD_ANN
 10
1.154072
 20
44.819234
 30
0.0
 40
3.0
  1
 % %
  2
ANNOT_TAGCNVS
 70
     1
 73
    50
 41
0.8
  7
STANDARD
 71
     0
 72
     0
 11
0.0
 21
0.0
 31
0.0
  0
SEQEND
  0
INSERT
  8
SCD_ANN
 66
     1
  2
ANNBLK_131
 10
5.0
 20
95.0
 30
0.0
  0
ATTRIB
  8
SCD_ANN
 10
16.657143
 20
91.4
 30
0.0
 40
3.0
  1
   
  2
ANNOT0
 70
     0
 73
    50
 41
0.8
  7
STANDARD
 71
     0
 72
     0
 11
0.0
 21
0.0
 31
0.0
  0
ATTRIB
  8
SCD_ANN
 10
5.0
 20
86.2
 30
0.0
 40
3.0
  1
 MassFlow(t/h) 
  2
ANNOT1
 70
     0
 73
    50
 41
0.8
  7
STANDARD
 71
     0
 72
     0
 11
0.0
 21
0.0
 31
0.0
  0
ATTRIB
  8
SCD_ANN
 10
14.142857
 20
81.0
 30
0.0
 40
3.0
  1
 T(C) 
  2
ANNOT2
 70
     0
 73
    50
 41
0.8
  7
STANDARD
 71
     0
 72
     0
 11
0.0
 21
0.0
 31
0.0
  0
ATTRIB
  8
SCD_ANN
 10
5.685714
 20
75.8
 30
0.0
 40
3.0
  1
 CuFeS2(s)(%) 
  2
ANNOT3
 70
     0
 73
    50
 41
0.8
  7
STANDARD
 71
     0
 72
     0
 11
0.0
 21
0.0
 31
0.0
  0
ATTRIB
  8
SCD_ANN
 10
7.971429
 20
70.6
 30
0.0
 40
3.0
  1
 FeS2(s)(%) 
  2
ANNOT4
 70
     0
 73
    50
 41
0.8
  7
STANDARD
 71
     0
 72
     0
 11
0.0
 21
0.0
 31
0.0
  0
ATTRIB
  8
SCD_ANN
 10
8.314286
 20
65.4
 30
0.0
 40
3.0
  1
 SiO2(s)(%) 
  2
ANNOT5
 70
     0
 73
    50
 41
0.8
  7
STANDARD
 71
     0
 72
     0
 11
0.0
 21
0.0
 31
0.0
  0
ATTRIB
  8
SCD_ANN
 10
9.171429
 20
60.2
 30
0.0
 40
3.0
  1
 H2O(l)(%) 
  2
ANNOT6
 70
     0
 73
    50
 41
0.8
  7
STANDARD
 71
     0
 72
     0
 11
0.0
 21
0.0
 31
0.0
  0
ATTRIB
  8
SCD_ANN
 10
35.514286
 20
91.4
 30
0.0
 40
3.0
  1
 Concentrate 
  2
ANNOT7
 70
     0
 73
    50
 41
0.8
  7
STANDARD
 71
     0
 72
     0
 11
0.0
 21
0.0
 31
0.0
  0
ATTRIB
  8
SCD_ANN
 10
41.114286
 20
86.2
 30
0.0
 40
3.0
  1
 10.94 
  2
ANNOT8
 70
     0
 73
    50
 41
0.8
  7
STANDARD
 71
     0
 72
     0
 11
0.0
 21
0.0
 31
0.0
  0
ATTRIB
  8
SCD_ANN
 10
41.114286
 20
81.0
 30
0.0
 40
3.0
  1
 25.00 
  2
ANNOT9
 70
     0
 73
    50
 41
0.8
  7
STANDARD
 71
     0
 72
     0
 11
0.0
 21
0.0
 31
0.0
  0
ATTRIB
  8
SCD_ANN
 10
41.114286
 20
75.8
 30
0.0
 40
3.0
  1
 61.33 
  2
ANNOT10
 70
     0
 73
    50
 41
0.8
  7
STANDARD
 71
     0
 72
     0
 11
0.0
 21
0.0
 31
0.0
  0
ATTRIB
  8
SCD_ANN
 10
41.114286
 20
70.6
 30
0.0
 40
3.0
  1
 24.28 
  2
ANNOT11
 70
     0
 73
    50
 41
0.8
  7
STANDARD
 71
     0
 72
     0
 11
0.0
 21
0.0
 31
0.0
  0
ATTRIB
  8
SCD_ANN
 10
41.114286
 20
65.4
 30
0.0
 40
3.0
  1
 12.38 
  2
ANNOT12
 70
     0
 73
    50
 41
0.8
  7
STANDARD
 71
     0
 72
     0
 11
0.0
 21
0.0
 31
0.0
  0
ATTRIB
  8
SCD_ANN
 10
42.257143
 20
60.2
 30
0.0
 40
3.0
  1
 2.00 
  2
ANNOT13
 70
     0
 73
    50
 41
0.8
  7
STANDARD
 71
     0
 72
     0
 11
0.0
 21
0.0
 31
0.0
  0
ATTRIB
  8
SCD_ANN
 10
-2.2
 20
94.0
 30
0.0
 40
3.0
  1
 P_001
  2
ANNOT_TAGS
 70
     1
 73
    50
 41
0.8
  7
STANDARD
 71
     0
 72
     0
 11
0.0
 21
0.0
 31
0.0
  0
ATTRIB
  8
SCD_ANN
 10
-6.942857
 20
94.0
 30
0.0
 40
3.0
  1
 Concentrate
  2
ANNOT_TAGLBLS
 70
     1
 73
    50
 41
0.8
  7
STANDARD
 71
     0
 72
     0
 11
0.0
 21
0.0
 31
0.0
  0
ATTRIB
  8
SCD_ANN
 10
-63.857143
 20
94.0
 30
0.0
 40
3.0
  1
 Qo.Qm Qo.T Qo.MF.CuFeS2(s) Qo.MF.FeS2(s) Qo.MF.SiO2(s) Qo.MF.H2O(l)
  2
ANNOT_VARS
 70
     1
 73
    50
 41
0.8
  7
STANDARD
 71
     0
 72
     0
 11
0.0
 21
0.0
 31
0.0
  0
ATTRIB
  8
SCD_ANN
 10
-39.742857
 20
94.0
 30
0.0
 40
3.0
  1
 MassFlow T CuFeS2(s) FeS2(s) SiO2(s) H2O(l)
  2
ANNOT_VARLBLS
 70
     1
 73
    50
 41
0.8
  7
STANDARD
 71
     0
 72
     0
 11
0.0
 21
0.0
 31
0.0
  0
ATTRIB
  8
SCD_ANN
 10
-25.514286
 20
94.0
 30
0.0
 40
3.0
  1
 *.## *.## *.## *.## *.## *.##
  2
ANNOT_TAGFMTS
 70
     1
 73
    50
 41
0.8
  7
STANDARD
 71
     0
 72
     0
 11
0.0
 21
0.0
 31
0.0
  0
ATTRIB
  8
SCD_ANN
 10
-11.914286
 20
94.0
 30
0.0
 40
3.0
  1
 t/h C % % % %
  2
ANNOT_TAGCNVS
 70
     1
 73
    50
 41
0.8
  7
STANDARD
 71
     0
 72
     0
 11
0.0
 21
0.0
 31
0.0
  0
SEQEND
  0
INSERT
  8
SCD_ANN
 66
     1
  2
ANNBLK_132
 10
66.35
 20
95.0
 30
0.0
  0
ATTRIB
  8
SCD_ANN
 10
83.55
 20
91.4
 30
0.0
 40
3.0
  1
   
  2
ANNOT0
 70
     0
 73
    50
 41
0.8
  7
STANDARD
 71
     0
 72
     0
 11
0.0
 21
0.0
 31
0.0
  0
ATTRIB
  8
SCD_ANN
 10
71.892857
 20
86.2
 30
0.0
 40
3.0
  1
 MassFlow(t/h) 
  2
ANNOT1
 70
     0
 73
    50
 41
0.8
  7
STANDARD
 71
     0
 72
     0
 11
0.0
 21
0.0
 31
0.0
  0
ATTRIB
  8
SCD_ANN
 10
81.035714
 20
81.0
 30
0.0
 40
3.0
  1
 T(C) 
  2
ANNOT2
 70
     0
 73
    50
 41
0.8
  7
STANDARD
 71
     0
 72
     0
 11
0.0
 21
0.0
 31
0.0
  0
ATTRIB
  8
SCD_ANN
 10
79.492857
 20
75.8
 30
0.0
 40
3.0
  1
 Cu(%) 
  2
ANNOT3
 70
     0
 73
    50
 41
0.8
  7
STANDARD
 71
     0
 72
     0
 11
0.0
 21
0.0
 31
0.0
  0
ATTRIB
  8
SCD_ANN
 10
79.721429
 20
70.6
 30
0.0
 40
3.0
  1
 Fe(%) 
  2
ANNOT4
 70
     0
 73
    50
 41
0.8
  7
STANDARD
 71
     0
 72
     0
 11
0.0
 21
0.0
 31
0.0
  0
ATTRIB
  8
SCD_ANN
 10
73.092857
 20
65.4
 30
0.0
 40
3.0
  1
 Fe_slag(t/h) 
  2
ANNOT5
 70
     0
 73
    50
 41
0.8
  7
STANDARD
 71
     0
 72
     0
 11
0.0
 21
0.0
 31
0.0
  0
ATTRIB
  8
SCD_ANN
 10
71.15
 20
60.2
 30
0.0
 40
3.0
  1
 SiO2_slag(t/h) 
  2
ANNOT6
 70
     0
 73
    50
 41
0.8
  7
STANDARD
 71
     0
 72
     0
 11
0.0
 21
0.0
 31
0.0
  0
ATTRIB
  8
SCD_ANN
 10
66.35
 20
55.0
 30
0.0
 40
3.0
  1
 Fe_To_Silica(kg/kg) 
  2
ANNOT7
 70
     0
 73
    50
 41
0.8
  7
STANDARD
 71
     0
 72
     0
 11
0.0
 21
0.0
 31
0.0
  0
ATTRIB
  8
SCD_ANN
 10
107.95
 20
91.4
 30
0.0
 40
3.0
  1
 Furnace_Slag 
  2
ANNOT8
 70
     0
 73
    50
 41
0.8
  7
STANDARD
 71
     0
 72
     0
 11
0.0
 21
0.0
 31
0.0
  0
ATTRIB
  8
SCD_ANN
 10
116.178571
 20
86.2
 30
0.0
 40
3.0
  1
 6.49 
  2
ANNOT9
 70
     0
 73
    50
 41
0.8
  7
STANDARD
 71
     0
 72
     0
 11
0.0
 21
0.0
 31
0.0
  0
ATTRIB
  8
SCD_ANN
 10
112.75
 20
81.0
 30
0.0
 40
3.0
  1
 1250.00 
  2
ANNOT10
 70
     0
 73
    50
 41
0.8
  7
STANDARD
 71
     0
 72
     0
 11
0.0
 21
0.0
 31
0.0
  0
ATTRIB
  8
SCD_ANN
 10
116.178571
 20
75.8
 30
0.0
 40
3.0
  1
 0.47 
  2
ANNOT11
 70
     0
 73
    50
 41
0.8
  7
STANDARD
 71
     0
 72
     0
 11
0.0
 21
0.0
 31
0.0
  0
ATTRIB
  8
SCD_ANN
 10
115.035714
 20
70.6
 30
0.0
 40
3.0
  1
 50.46 
  2
ANNOT12
 70
     0
 73
    50
 41
0.8
  7
STANDARD
 71
     0
 72
     0
 11
0.0
 21
0.0
 31
0.0
  0
ATTRIB
  8
SCD_ANN
 10
116.178571
 20
65.4
 30
0.0
 40
3.0
  1
 3.28 
  2
ANNOT13
 70
     0
 73
    50
 41
0.8
  7
STANDARD
 71
     0
 72
     0
 11
0.0
 21
0.0
 31
0.0
  0
ATTRIB
  8
SCD_ANN
 10
116.178571
 20
60.2
 30
0.0
 40
3.0
  1
 2.18 
  2
ANNOT14
 70
     0
 73
    50
 41
0.8
  7
STANDARD
 71
     0
 72
     0
 11
0.0
 21
0.0
 31
0.0
  0
ATTRIB
  8
SCD_ANN
 10
116.178571
 20
55.0
 30
0.0
 40
3.0
  1
 1.50 
  2
ANNOT15
 70
     0
 73
    50
 41
0.8
  7
STANDARD
 71
     0
 72
     0
 11
0.0
 21
0.0
 31
0.0
  0
ATTRIB
  8
SCD_ANN
 10
138.864286
 20
91.4
 30
0.0
 40
3.0
  1
 Conv1_Slag 
  2
ANNOT16
 70
     0
 73
    50
 41
0.8
  7
STANDARD
 71
     0
 72
     0
 11
0.0
 21
0.0
 31
0.0
  0
ATTRIB
  8
SCD_ANN
 10
145.435714
 20
86.2
 30
0.0
 40
3.0
  1
 0.44 
  2
ANNOT17
 70
     0
 73
    50
 41
0.8
  7
STANDARD
 71
     0
 72
     0
 11
0.0
 21
0.0
 31
0.0
  0
ATTRIB
  8
SCD_ANN
 10
142.007143
 20
81.0
 30
0.0
 40
3.0
  1
 1250.00 
  2
ANNOT18
 70
     0
 73
    50
 41
0.8
  7
STANDARD
 71
     0
 72
     0
 11
0.0
 21
0.0
 31
0.0
  0
ATTRIB
  8
SCD_ANN
 10
145.435714
 20
75.8
 30
0.0
 40
3.0
  1
 0.84 
  2
ANNOT19
 70
     0
 73
    50
 41
0.8
  7
STANDARD
 71
     0
 72
     0
 11
0.0
 21
0.0
 31
0.0
  0
ATTRIB
  8
SCD_ANN
 10
144.292857
 20
70.6
 30
0.0
 40
3.0
  1
 53.19 
  2
ANNOT20
 70
     0
 73
    50
 41
0.8
  7
STANDARD
 71
     0
 72
     0
 11
0.0
 21
0.0
 31
0.0
  0
ATTRIB
  8
SCD_ANN
 10
145.435714
 20
65.4
 30
0.0
 40
3.0
  1
 0.23 
  2
ANNOT21
 70
     0
 73
    50
 41
0.8
  7
STANDARD
 71
     0
 72
     0
 11
0.0
 21
0.0
 31
0.0
  0
ATTRIB
  8
SCD_ANN
 10
145.435714
 20
60.2
 30
0.0
 40
3.0
  1
 0.13 
  2
ANNOT22
 70
     0
 73
    50
 41
0.8
  7
STANDARD
 71
     0
 72
     0
 11
0.0
 21
0.0
 31
0.0
  0
ATTRIB
  8
SCD_ANN
 10
145.435714
 20
55.0
 30
0.0
 40
3.0
  1
 1.80 
  2
ANNOT23
 70
     0
 73
    50
 41
0.8
  7
STANDARD
 71
     0
 72
     0
 11
0.0
 21
0.0
 31
0.0
  0
ATTRIB
  8
SCD_ANN
 10
168.121429
 20
91.4
 30
0.0
 40
3.0
  1
 Conv2_Slag 
  2
ANNOT24
 70
     0
 73
    50
 41
0.8
  7
STANDARD
 71
     0
 72
     0
 11
0.0
 21
0.0
 31
0.0
  0
ATTRIB
  8
SCD_ANN
 10
174.692857
 20
86.2
 30
0.0
 40
3.0
  1
 0.33 
  2
ANNOT25
 70
     0
 73
    50
 41
0.8
  7
STANDARD
 71
     0
 72
     0
 11
0.0
 21
0.0
 31
0.0
  0
ATTRIB
  8
SCD_ANN
 10
171.264286
 20
81.0
 30
0.0
 40
3.0
  1
 1250.00 
  2
ANNOT26
 70
     0
 73
    50
 41
0.8
  7
STANDARD
 71
     0
 72
     0
 11
0.0
 21
0.0
 31
0.0
  0
ATTRIB
  8
SCD_ANN
 10
174.692857
 20
75.8
 30
0.0
 40
3.0
  1
 1.72 
  2
ANNOT27
 70
     0
 73
    50
 41
0.8
  7
STANDARD
 71
     0
 72
     0
 11
0.0
 21
0.0
 31
0.0
  0
ATTRIB
  8
SCD_ANN
 10
173.55
 20
70.6
 30
0.0
 40
3.0
  1
 52.55 
  2
ANNOT28
 70
     0
 73
    50
 41
0.8
  7
STANDARD
 71
     0
 72
     0
 11
0.0
 21
0.0
 31
0.0
  0
ATTRIB
  8
SCD_ANN
 10
174.692857
 20
65.4
 30
0.0
 40
3.0
  1
 0.18 
  2
ANNOT29
 70
     0
 73
    50
 41
0.8
  7
STANDARD
 71
     0
 72
     0
 11
0.0
 21
0.0
 31
0.0
  0
ATTRIB
  8
SCD_ANN
 10
174.692857
 20
60.2
 30
0.0
 40
3.0
  1
 0.10 
  2
ANNOT30
 70
     0
 73
    50
 41
0.8
  7
STANDARD
 71
     0
 72
     0
 11
0.0
 21
0.0
 31
0.0
  0
ATTRIB
  8
SCD_ANN
 10
174.692857
 20
55.0
 30
0.0
 40
3.0
  1
 1.80 
  2
ANNOT31
 70
     0
 73
    50
 41
0.8
  7
STANDARD
 71
     0
 72
     0
 11
0.0
 21
0.0
 31
0.0
  0
ATTRIB
  8
SCD_ANN
 10
197.378571
 20
91.4
 30
0.0
 40
3.0
  1
 Conv3_Slag 
  2
ANNOT32
 70
     0
 73
    50
 41
0.8
  7
STANDARD
 71
     0
 72
     0
 11
0.0
 21
0.0
 31
0.0
  0
ATTRIB
  8
SCD_ANN
 10
203.95
 20
86.2
 30
0.0
 40
3.0
  1
 0.11 
  2
ANNOT33
 70
     0
 73
    50
 41
0.8
  7
STANDARD
 71
     0
 72
     0
 11
0.0
 21
0.0
 31
0.0
  0
ATTRIB
  8
SCD_ANN
 10
200.521429
 20
81.0
 30
0.0
 40
3.0
  1
 1250.00 
  2
ANNOT34
 70
     0
 73
    50
 41
0.8
  7
STANDARD
 71
     0
 72
     0
 11
0.0
 21
0.0
 31
0.0
  0
ATTRIB
  8
SCD_ANN
 10
202.807143
 20
75.8
 30
0.0
 40
3.0
  1
 18.08 
  2
ANNOT35
 70
     0
 73
    50
 41
0.8
  7
STANDARD
 71
     0
 72
     0
 11
0.0
 21
0.0
 31
0.0
  0
ATTRIB
  8
SCD_ANN
 10
202.807143
 20
70.6
 30
0.0
 40
3.0
  1
 40.02 
  2
ANNOT36
 70
     0
 73
    50
 41
0.8
  7
STANDARD
 71
     0
 72
     0
 11
0.0
 21
0.0
 31
0.0
  0
ATTRIB
  8
SCD_ANN
 10
203.95
 20
65.4
 30
0.0
 40
3.0
  1
 0.04 
  2
ANNOT37
 70
     0
 73
    50
 41
0.8
  7
STANDARD
 71
     0
 72
     0
 11
0.0
 21
0.0
 31
0.0
  0
ATTRIB
  8
SCD_ANN
 10
203.95
 20
60.2
 30
0.0
 40
3.0
  1
 0.03 
  2
ANNOT38
 70
     0
 73
    50
 41
0.8
  7
STANDARD
 71
     0
 72
     0
 11
0.0
 21
0.0
 31
0.0
  0
ATTRIB
  8
SCD_ANN
 10
203.95
 20
55.0
 30
0.0
 40
3.0
  1
 1.53 
  2
ANNOT39
 70
     0
 73
    50
 41
0.8
  7
STANDARD
 71
     0
 72
     0
 11
0.0
 21
0.0
 31
0.0
  0
ATTRIB
  8
SCD_ANN
 10
1.378571
 20
94.0
 30
0.0
 40
3.0
  1
 P_Slag_Fce_001 P_Slag_PS_001 P_Slag_PS_002 P_Slag_PS_003
  2
ANNOT_TAGS
 70
     1
 73
    50
 41
0.8
  7
STANDARD
 71
     0
 72
     0
 11
0.0
 21
0.0
 31
0.0
  0
ATTRIB
  8
SCD_ANN
 10
17.607143
 20
94.0
 30
0.0
 40
3.0
  1
 Furnace_Slag Conv1_Slag Conv2_Slag Conv3_Slag
  2
ANNOT_TAGLBLS
 70
     1
 73
    50
 41
0.8
  7
STANDARD
 71
     0
 72
     0
 11
0.0
 21
0.0
 31
0.0
  0
ATTRIB
  8
SCD_ANN
 10
-5.078571
 20
94.0
 30
0.0
 40
3.0
  1
 Qo.Qm Qo.T Qo.ElF.Cu Qo.ElF.Fe MP.Fe_slag MP.SiO2_slag MP.Fe_To_Silica
  2
ANNOT_VARS
 70
     1
 73
    50
 41
0.8
  7
STANDARD
 71
     0
 72
     0
 11
0.0
 21
0.0
 31
0.0
  0
ATTRIB
  8
SCD_ANN
 10
17.035714
 20
94.0
 30
0.0
 40
3.0
  1
 MassFlow T Cu Fe Fe_slag SiO2_slag Fe_To_Silica
  2
ANNOT_VARLBLS
 70
     1
 73
    50
 41
0.8
  7
STANDARD
 71
     0
 72
     0
 11
0.0
 21
0.0
 31
0.0
  0
ATTRIB
  8
SCD_ANN
 10
30.75
 20
94.0
 30
0.0
 40
3.0
  1
 *.## *.## *.## *.## *.## *.## *.##
  2
ANNOT_TAGFMTS
 70
     1
 73
    50
 41
0.8
  7
STANDARD
 71
     0
 72
     0
 11
0.0
 21
0.0
 31
0.0
  0
ATTRIB
  8
SCD_ANN
 10
39.55
 20
94.0
 30
0.0
 40
3.0
  1
 t/h C % % t/h t/h kg/kg
  2
ANNOT_TAGCNVS
 70
     1
 73
    50
 41
0.8
  7
STANDARD
 71
     0
 72
     0
 11
0.0
 21
0.0
 31
0.0
  0
SEQEND
  0
INSERT
  8
SCD_ANN
 66
     1
  2
ANNBLK_133
 10
275.0
 20
295.0
 30
0.0
  0
ATTRIB
  8
SCD_ANN
 10
291.114286
 20
291.4
 30
0.0
 40
3.0
  1
   
  2
ANNOT0
 70
     0
 73
    50
 41
0.8
  7
STANDARD
 71
     0
 72
     0
 11
0.0
 21
0.0
 31
0.0
  0
ATTRIB
  8
SCD_ANN
 10
282.885714
 20
286.2
 30
0.0
 40
3.0
  1
 Cu_rec(%) 
  2
ANNOT1
 70
     0
 73
    50
 41
0.8
  7
STANDARD
 71
     0
 72
     0
 11
0.0
 21
0.0
 31
0.0
  0
ATTRIB
  8
SCD_ANN
 10
276.142857
 20
281.0
 30
0.0
 40
3.0
  1
 O2_to_Cu(kg/kg) 
  2
ANNOT2
 70
     0
 73
    50
 41
0.8
  7
STANDARD
 71
     0
 72
     0
 11
0.0
 21
0.0
 31
0.0
  0
ATTRIB
  8
SCD_ANN
 10
275.0
 20
275.8
 30
0.0
 40
3.0
  1
 Flux_to_Cu(kg/kg) 
  2
ANNOT3
 70
     0
 73
    50
 41
0.8
  7
STANDARD
 71
     0
 72
     0
 11
0.0
 21
0.0
 31
0.0
  0
ATTRIB
  8
SCD_ANN
 10
314.428571
 20
291.4
 30
0.0
 40
3.0
  1
 GC_Smelter 
  2
ANNOT4
 70
     0
 73
    50
 41
0.8
  7
STANDARD
 71
     0
 72
     0
 11
0.0
 21
0.0
 31
0.0
  0
ATTRIB
  8
SCD_ANN
 10
319.857143
 20
286.2
 30
0.0
 40
3.0
  1
 98.67 
  2
ANNOT5
 70
     0
 73
    50
 41
0.8
  7
STANDARD
 71
     0
 72
     0
 11
0.0
 21
0.0
 31
0.0
  0
ATTRIB
  8
SCD_ANN
 10
321.0
 20
281.0
 30
0.0
 40
3.0
  1
 2.07 
  2
ANNOT6
 70
     0
 73
    50
 41
0.8
  7
STANDARD
 71
     0
 72
     0
 11
0.0
 21
0.0
 31
0.0
  0
ATTRIB
  8
SCD_ANN
 10
321.0
 20
275.8
 30
0.0
 40
3.0
  1
 0.36 
  2
ANNOT7
 70
     0
 73
    50
 41
0.8
  7
STANDARD
 71
     0
 72
     0
 11
0.0
 21
0.0
 31
0.0
  0
ATTRIB
  8
SCD_ANN
 10
263.228571
 20
294.0
 30
0.0
 40
3.0
  1
 GC_Smelter
  2
ANNOT_TAGS
 70
     1
 73
    50
 41
0.8
  7
STANDARD
 71
     0
 72
     0
 11
0.0
 21
0.0
 31
0.0
  0
ATTRIB
  8
SCD_ANN
 10
263.228571
 20
294.0
 30
0.0
 40
3.0
  1
 GC_Smelter
  2
ANNOT_TAGLBLS
 70
     1
 73
    50
 41
0.8
  7
STANDARD
 71
     0
 72
     0
 11
0.0
 21
0.0
 31
0.0
  0
ATTRIB
  8
SCD_ANN
 10
245.4
 20
294.0
 30
0.0
 40
3.0
  1
 Cu_rec O2_to_Cu Flux_to_Cu
  2
ANNOT_VARS
 70
     1
 73
    50
 41
0.8
  7
STANDARD
 71
     0
 72
     0
 11
0.0
 21
0.0
 31
0.0
  0
ATTRIB
  8
SCD_ANN
 10
245.4
 20
294.0
 30
0.0
 40
3.0
  1
 Cu_rec O2_to_Cu Flux_to_Cu
  2
ANNOT_VARLBLS
 70
     1
 73
    50
 41
0.8
  7
STANDARD
 71
     0
 72
     0
 11
0.0
 21
0.0
 31
0.0
  0
ATTRIB
  8
SCD_ANN
 10
259.742857
 20
294.0
 30
0.0
 40
3.0
  1
 *.## *.## *.##
  2
ANNOT_TAGFMTS
 70
     1
 73
    50
 41
0.8
  7
STANDARD
 71
     0
 72
     0
 11
0.0
 21
0.0
 31
0.0
  0
ATTRIB
  8
SCD_ANN
 10
259.285714
 20
294.0
 30
0.0
 40
3.0
  1
 % kg/kg kg/kg
  2
ANNOT_TAGCNVS
 70
     1
 73
    50
 41
0.8
  7
STANDARD
 71
     0
 72
     0
 11
0.0
 21
0.0
 31
0.0
  0
SEQEND
  0
INSERT
  8
SCD_ANN
 66
     1
  2
ANNBLK_134
 10
230.0
 20
95.0
 30
0.0
  0
ATTRIB
  8
SCD_ANN
 10
241.657143
 20
91.4
 30
0.0
 40
3.0
  1
   
  2
ANNOT0
 70
     0
 73
    50
 41
0.8
  7
STANDARD
 71
     0
 72
     0
 11
0.0
 21
0.0
 31
0.0
  0
ATTRIB
  8
SCD_ANN
 10
230.0
 20
86.2
 30
0.0
 40
3.0
  1
 MassFlow(t/h) 
  2
ANNOT1
 70
     0
 73
    50
 41
0.8
  7
STANDARD
 71
     0
 72
     0
 11
0.0
 21
0.0
 31
0.0
  0
ATTRIB
  8
SCD_ANN
 10
239.142857
 20
81.0
 30
0.0
 40
3.0
  1
 T(C) 
  2
ANNOT2
 70
     0
 73
    50
 41
0.8
  7
STANDARD
 71
     0
 72
     0
 11
0.0
 21
0.0
 31
0.0
  0
ATTRIB
  8
SCD_ANN
 10
235.942857
 20
75.8
 30
0.0
 40
3.0
  1
 Cu(t/h) 
  2
ANNOT3
 70
     0
 73
    50
 41
0.8
  7
STANDARD
 71
     0
 72
     0
 11
0.0
 21
0.0
 31
0.0
  0
ATTRIB
  8
SCD_ANN
 10
236.171429
 20
70.6
 30
0.0
 40
3.0
  1
 Fe(t/h) 
  2
ANNOT4
 70
     0
 73
    50
 41
0.8
  7
STANDARD
 71
     0
 72
     0
 11
0.0
 21
0.0
 31
0.0
  0
ATTRIB
  8
SCD_ANN
 10
237.6
 20
65.4
 30
0.0
 40
3.0
  1
 Cu(%) 
  2
ANNOT5
 70
     0
 73
    50
 41
0.8
  7
STANDARD
 71
     0
 72
     0
 11
0.0
 21
0.0
 31
0.0
  0
ATTRIB
  8
SCD_ANN
 10
237.828571
 20
60.2
 30
0.0
 40
3.0
  1
 Fe(%) 
  2
ANNOT6
 70
     0
 73
    50
 41
0.8
  7
STANDARD
 71
     0
 72
     0
 11
0.0
 21
0.0
 31
0.0
  0
ATTRIB
  8
SCD_ANN
 10
238.742857
 20
55.0
 30
0.0
 40
3.0
  1
 S(%) 
  2
ANNOT7
 70
     0
 73
    50
 41
0.8
  7
STANDARD
 71
     0
 72
     0
 11
0.0
 21
0.0
 31
0.0
  0
ATTRIB
  8
SCD_ANN
 10
262.114286
 20
91.4
 30
0.0
 40
3.0
  1
 Concentrate 
  2
ANNOT8
 70
     0
 73
    50
 41
0.8
  7
STANDARD
 71
     0
 72
     0
 11
0.0
 21
0.0
 31
0.0
  0
ATTRIB
  8
SCD_ANN
 10
267.714286
 20
86.2
 30
0.0
 40
3.0
  1
 10.94 
  2
ANNOT9
 70
     0
 73
    50
 41
0.8
  7
STANDARD
 71
     0
 72
     0
 11
0.0
 21
0.0
 31
0.0
  0
ATTRIB
  8
SCD_ANN
 10
267.714286
 20
81.0
 30
0.0
 40
3.0
  1
 25.00 
  2
ANNOT10
 70
     0
 73
    50
 41
0.8
  7
STANDARD
 71
     0
 72
     0
 11
0.0
 21
0.0
 31
0.0
  0
ATTRIB
  8
SCD_ANN
 10
268.857143
 20
75.8
 30
0.0
 40
3.0
  1
 2.32 
  2
ANNOT11
 70
     0
 73
    50
 41
0.8
  7
STANDARD
 71
     0
 72
     0
 11
0.0
 21
0.0
 31
0.0
  0
ATTRIB
  8
SCD_ANN
 10
268.857143
 20
70.6
 30
0.0
 40
3.0
  1
 3.28 
  2
ANNOT12
 70
     0
 73
    50
 41
0.8
  7
STANDARD
 71
     0
 72
     0
 11
0.0
 21
0.0
 31
0.0
  0
ATTRIB
  8
SCD_ANN
 10
267.714286
 20
65.4
 30
0.0
 40
3.0
  1
 21.24 
  2
ANNOT13
 70
     0
 73
    50
 41
0.8
  7
STANDARD
 71
     0
 72
     0
 11
0.0
 21
0.0
 31
0.0
  0
ATTRIB
  8
SCD_ANN
 10
267.714286
 20
60.2
 30
0.0
 40
3.0
  1
 29.97 
  2
ANNOT14
 70
     0
 73
    50
 41
0.8
  7
STANDARD
 71
     0
 72
     0
 11
0.0
 21
0.0
 31
0.0
  0
ATTRIB
  8
SCD_ANN
 10
267.714286
 20
55.0
 30
0.0
 40
3.0
  1
 34.41 
  2
ANNOT15
 70
     0
 73
    50
 41
0.8
  7
STANDARD
 71
     0
 72
     0
 11
0.0
 21
0.0
 31
0.0
  0
ATTRIB
  8
SCD_ANN
 10
293.028571
 20
91.4
 30
0.0
 40
3.0
  1
 Fce_Matte 
  2
ANNOT16
 70
     0
 73
    50
 41
0.8
  7
STANDARD
 71
     0
 72
     0
 11
0.0
 21
0.0
 31
0.0
  0
ATTRIB
  8
SCD_ANN
 10
298.342857
 20
86.2
 30
0.0
 40
3.0
  1
 3.54 
  2
ANNOT17
 70
     0
 73
    50
 41
0.8
  7
STANDARD
 71
     0
 72
     0
 11
0.0
 21
0.0
 31
0.0
  0
ATTRIB
  8
SCD_ANN
 10
294.914286
 20
81.0
 30
0.0
 40
3.0
  1
 1250.00 
  2
ANNOT18
 70
     0
 73
    50
 41
0.8
  7
STANDARD
 71
     0
 72
     0
 11
0.0
 21
0.0
 31
0.0
  0
ATTRIB
  8
SCD_ANN
 10
298.342857
 20
75.8
 30
0.0
 40
3.0
  1
 2.30 
  2
ANNOT19
 70
     0
 73
    50
 41
0.8
  7
STANDARD
 71
     0
 72
     0
 11
0.0
 21
0.0
 31
0.0
  0
ATTRIB
  8
SCD_ANN
 10
298.342857
 20
70.6
 30
0.0
 40
3.0
  1
 0.41 
  2
ANNOT20
 70
     0
 73
    50
 41
0.8
  7
STANDARD
 71
     0
 72
     0
 11
0.0
 21
0.0
 31
0.0
  0
ATTRIB
  8
SCD_ANN
 10
297.2
 20
65.4
 30
0.0
 40
3.0
  1
 65.00 
  2
ANNOT21
 70
     0
 73
    50
 41
0.8
  7
STANDARD
 71
     0
 72
     0
 11
0.0
 21
0.0
 31
0.0
  0
ATTRIB
  8
SCD_ANN
 10
297.2
 20
60.2
 30
0.0
 40
3.0
  1
 11.51 
  2
ANNOT22
 70
     0
 73
    50
 41
0.8
  7
STANDARD
 71
     0
 72
     0
 11
0.0
 21
0.0
 31
0.0
  0
ATTRIB
  8
SCD_ANN
 10
297.2
 20
55.0
 30
0.0
 40
3.0
  1
 22.93 
  2
ANNOT23
 70
     0
 73
    50
 41
0.8
  7
STANDARD
 71
     0
 72
     0
 11
0.0
 21
0.0
 31
0.0
  0
ATTRIB
  8
SCD_ANN
 10
320.171429
 20
91.4
 30
0.0
 40
3.0
  1
 Conv1_Matte 
  2
ANNOT24
 70
     0
 73
    50
 41
0.8
  7
STANDARD
 71
     0
 72
     0
 11
0.0
 21
0.0
 31
0.0
  0
ATTRIB
  8
SCD_ANN
 10
327.828571
 20
86.2
 30
0.0
 40
3.0
  1
 2.37 
  2
ANNOT25
 70
     0
 73
    50
 41
0.8
  7
STANDARD
 71
     0
 72
     0
 11
0.0
 21
0.0
 31
0.0
  0
ATTRIB
  8
SCD_ANN
 10
324.4
 20
81.0
 30
0.0
 40
3.0
  1
 1250.00 
  2
ANNOT26
 70
     0
 73
    50
 41
0.8
  7
STANDARD
 71
     0
 72
     0
 11
0.0
 21
0.0
 31
0.0
  0
ATTRIB
  8
SCD_ANN
 10
327.828571
 20
75.8
 30
0.0
 40
3.0
  1
 1.74 
  2
ANNOT27
 70
     0
 73
    50
 41
0.8
  7
STANDARD
 71
     0
 72
     0
 11
0.0
 21
0.0
 31
0.0
  0
ATTRIB
  8
SCD_ANN
 10
327.828571
 20
70.6
 30
0.0
 40
3.0
  1
 0.12 
  2
ANNOT28
 70
     0
 73
    50
 41
0.8
  7
STANDARD
 71
     0
 72
     0
 11
0.0
 21
0.0
 31
0.0
  0
ATTRIB
  8
SCD_ANN
 10
326.685714
 20
65.4
 30
0.0
 40
3.0
  1
 73.48 
  2
ANNOT29
 70
     0
 73
    50
 41
0.8
  7
STANDARD
 71
     0
 72
     0
 11
0.0
 21
0.0
 31
0.0
  0
ATTRIB
  8
SCD_ANN
 10
327.828571
 20
60.2
 30
0.0
 40
3.0
  1
 5.00 
  2
ANNOT30
 70
     0
 73
    50
 41
0.8
  7
STANDARD
 71
     0
 72
     0
 11
0.0
 21
0.0
 31
0.0
  0
ATTRIB
  8
SCD_ANN
 10
326.685714
 20
55.0
 30
0.0
 40
3.0
  1
 21.29 
  2
ANNOT31
 70
     0
 73
    50
 41
0.8
  7
STANDARD
 71
     0
 72
     0
 11
0.0
 21
0.0
 31
0.0
  0
ATTRIB
  8
SCD_ANN
 10
349.657143
 20
91.4
 30
0.0
 40
3.0
  1
 Conv2_Matte 
  2
ANNOT32
 70
     0
 73
    50
 41
0.8
  7
STANDARD
 71
     0
 72
     0
 11
0.0
 21
0.0
 31
0.0
  0
ATTRIB
  8
SCD_ANN
 10
357.314286
 20
86.2
 30
0.0
 40
3.0
  1
 2.96 
  2
ANNOT33
 70
     0
 73
    50
 41
0.8
  7
STANDARD
 71
     0
 72
     0
 11
0.0
 21
0.0
 31
0.0
  0
ATTRIB
  8
SCD_ANN
 10
353.885714
 20
81.0
 30
0.0
 40
3.0
  1
 1250.00 
  2
ANNOT34
 70
     0
 73
    50
 41
0.8
  7
STANDARD
 71
     0
 72
     0
 11
0.0
 21
0.0
 31
0.0
  0
ATTRIB
  8
SCD_ANN
 10
357.314286
 20
75.8
 30
0.0
 40
3.0
  1
 2.31 
  2
ANNOT35
 70
     0
 73
    50
 41
0.8
  7
STANDARD
 71
     0
 72
     0
 11
0.0
 21
0.0
 31
0.0
  0
ATTRIB
  8
SCD_ANN
 10
357.314286
 20
70.6
 30
0.0
 40
3.0
  1
 0.04 
  2
ANNOT36
 70
     0
 73
    50
 41
0.8
  7
STANDARD
 71
     0
 72
     0
 11
0.0
 21
0.0
 31
0.0
  0
ATTRIB
  8
SCD_ANN
 10
356.171429
 20
65.4
 30
0.0
 40
3.0
  1
 78.02 
  2
ANNOT37
 70
     0
 73
    50
 41
0.8
  7
STANDARD
 71
     0
 72
     0
 11
0.0
 21
0.0
 31
0.0
  0
ATTRIB
  8
SCD_ANN
 10
357.314286
 20
60.2
 30
0.0
 40
3.0
  1
 1.50 
  2
ANNOT38
 70
     0
 73
    50
 41
0.8
  7
STANDARD
 71
     0
 72
     0
 11
0.0
 21
0.0
 31
0.0
  0
ATTRIB
  8
SCD_ANN
 10
356.171429
 20
55.0
 30
0.0
 40
3.0
  1
 20.35 
  2
ANNOT39
 70
     0
 73
    50
 41
0.8
  7
STANDARD
 71
     0
 72
     0
 11
0.0
 21
0.0
 31
0.0
  0
ATTRIB
  8
SCD_ANN
 10
378.457143
 20
91.4
 30
0.0
 40
3.0
  1
 Conv3_Blister 
  2
ANNOT40
 70
     0
 73
    50
 41
0.8
  7
STANDARD
 71
     0
 72
     0
 11
0.0
 21
0.0
 31
0.0
  0
ATTRIB
  8
SCD_ANN
 10
386.8
 20
86.2
 30
0.0
 40
3.0
  1
 2.31 
  2
ANNOT41
 70
     0
 73
    50
 41
0.8
  7
STANDARD
 71
     0
 72
     0
 11
0.0
 21
0.0
 31
0.0
  0
ATTRIB
  8
SCD_ANN
 10
383.371429
 20
81.0
 30
0.0
 40
3.0
  1
 1250.00 
  2
ANNOT42
 70
     0
 73
    50
 41
0.8
  7
STANDARD
 71
     0
 72
     0
 11
0.0
 21
0.0
 31
0.0
  0
ATTRIB
  8
SCD_ANN
 10
386.8
 20
75.8
 30
0.0
 40
3.0
  1
 2.29 
  2
ANNOT43
 70
     0
 73
    50
 41
0.8
  7
STANDARD
 71
     0
 72
     0
 11
0.0
 21
0.0
 31
0.0
  0
ATTRIB
  8
SCD_ANN
 10
386.8
 20
70.6
 30
0.0
 40
3.0
  1
 0.00 
  2
ANNOT44
 70
     0
 73
    50
 41
0.8
  7
STANDARD
 71
     0
 72
     0
 11
0.0
 21
0.0
 31
0.0
  0
ATTRIB
  8
SCD_ANN
 10
385.657143
 20
65.4
 30
0.0
 40
3.0
  1
 99.37 
  2
ANNOT45
 70
     0
 73
    50
 41
0.8
  7
STANDARD
 71
     0
 72
     0
 11
0.0
 21
0.0
 31
0.0
  0
ATTRIB
  8
SCD_ANN
 10
386.8
 20
60.2
 30
0.0
 40
3.0
  1
 0.01 
  2
ANNOT46
 70
     0
 73
    50
 41
0.8
  7
STANDARD
 71
     0
 72
     0
 11
0.0
 21
0.0
 31
0.0
  0
ATTRIB
  8
SCD_ANN
 10
386.8
 20
55.0
 30
0.0
 40
3.0
  1
 0.50 
  2
ANNOT47
 70
     0
 73
    50
 41
0.8
  7
STANDARD
 71
     0
 72
     0
 11
0.0
 21
0.0
 31
0.0
  0
ATTRIB
  8
SCD_ANN
 10
152.8
 20
94.0
 30
0.0
 40
3.0
  1
 P_001 P_Matte_Fce_001 P_Matte_PS_001 P_Matte_PS_002 P_Blister_PS_003
  2
ANNOT_TAGS
 70
     1
 73
    50
 41
0.8
  7
STANDARD
 71
     0
 72
     0
 11
0.0
 21
0.0
 31
0.0
  0
ATTRIB
  8
SCD_ANN
 10
168.285714
 20
94.0
 30
0.0
 40
3.0
  1
 Concentrate Fce_Matte Conv1_Matte Conv2_Matte Conv3_Blister
  2
ANNOT_TAGLBLS
 70
     1
 73
    50
 41
0.8
  7
STANDARD
 71
     0
 72
     0
 11
0.0
 21
0.0
 31
0.0
  0
ATTRIB
  8
SCD_ANN
 10
171.314286
 20
94.0
 30
0.0
 40
3.0
  1
 Qo.Qm Qo.T Qo.QEl.Cu Qo.QEl.Fe Qo.ElF.Cu Qo.ElF.Fe Qo.ElF.S
  2
ANNOT_VARS
 70
     1
 73
    50
 41
0.8
  7
STANDARD
 71
     0
 72
     0
 11
0.0
 21
0.0
 31
0.0
  0
ATTRIB
  8
SCD_ANN
 10
202.628571
 20
94.0
 30
0.0
 40
3.0
  1
 MassFlow T Cu Fe Cu Fe S
  2
ANNOT_VARLBLS
 70
     1
 73
    50
 41
0.8
  7
STANDARD
 71
     0
 72
     0
 11
0.0
 21
0.0
 31
0.0
  0
ATTRIB
  8
SCD_ANN
 10
194.4
 20
94.0
 30
0.0
 40
3.0
  1
 *.## *.## *.## *.## *.## *.## *.##
  2
ANNOT_TAGFMTS
 70
     1
 73
    50
 41
0.8
  7
STANDARD
 71
     0
 72
     0
 11
0.0
 21
0.0
 31
0.0
  0
ATTRIB
  8
SCD_ANN
 10
207.2
 20
94.0
 30
0.0
 40
3.0
  1
 t/h C t/h t/h % % %
  2
ANNOT_TAGCNVS
 70
     1
 73
    50
 41
0.8
  7
STANDARD
 71
     0
 72
     0
 11
0.0
 21
0.0
 31
0.0
  0
SEQEND
  0
ENDSEC
  0
EOF
